date,open,high,low,close
2023-09-11 17:00:00,0.64349997,0.6437,0.64249998,0.64319998
2023-09-11 21:00:00,0.64295,0.64420003,0.64200002,0.64209998
2023-09-12 01:00:00,0.64209998,0.64399999,0.64160001,0.64275002
2023-09-12 05:00:00,0.64279997,0.64405,0.64209998,0.64279997
2023-09-12 09:00:00,0.64279997,0.64300001,0.64120001,0.64160001
2023-09-12 13:00:00,0.6415,0.64279997,0.64085001,0.64195001
2023-09-12 17:00:00,0.64195001,0.64289999,0.64174998,0.64270002
2023-09-12 21:00:00,0.64230001,0.6433,0.6419,0.64225
2023-09-13 01:00:00,0.64225,0.64289999,0.63994998,0.64095002
2023-09-13 05:00:00,0.64109999,0.64170003,0.63994998,0.64125001
2023-09-13 09:00:00,0.64130002,0.64225,0.63810003,0.64109999
2023-09-13 13:00:00,0.64099997,0.64354998,0.64039999,0.64270002
2023-09-13 17:00:00,0.64275002,0.64335001,0.64120001,0.64219999
2023-09-13 21:00:00,0.64219999,0.64490002,0.6415,0.64469999
2023-09-14 01:00:00,0.64480001,0.64539999,0.64205003,0.64394999
2023-09-14 05:00:00,0.64389998,0.64480001,0.64284998,0.64340001
2023-09-14 09:00:00,0.64340001,0.6451,0.64195001,0.64410001
2023-09-14 13:00:00,0.64420003,0.64600003,0.64275002,0.64485002
2023-09-14 17:00:00,0.64480001,0.64499998,0.64300001,0.64399999
2023-09-14 21:00:00,0.64410001,0.64485002,0.64300001,0.64420003
2023-09-15 01:00:00,0.64410001,0.64744997,0.64380002,0.64725
2023-09-15 05:00:00,0.6473,0.6473,0.64494997,0.64499998
2023-09-15 09:00:00,0.64499998,0.6462,0.64405,0.64410001
2023-09-15 13:00:00,0.64410001,0.64574999,0.64310002,0.64375001
2023-09-15 17:00:00,0.6437,0.64394999,0.64240003,0.64319998
2023-09-17 21:00:00,0.6444,0.64450002,0.64270002,0.64410001
2023-09-18 01:00:00,0.64410001,0.64480001,0.64275002,0.64445001
2023-09-18 05:00:00,0.64450002,0.64494997,0.64305001,0.64380002
2023-09-18 09:00:00,0.64380002,0.64424998,0.64279997,0.64310002
2023-09-18 13:00:00,0.64310002,0.64450002,0.64170003,0.64385003
2023-09-18 17:00:00,0.64380002,0.64420003,0.64319998,0.64375001
2023-09-18 21:00:00,0.64375001,0.64485002,0.6433,0.6437
2023-09-19 01:00:00,0.64365,0.64399999,0.64289999,0.64380002
2023-09-19 05:00:00,0.64375001,0.64595002,0.64279997,0.6451
2023-09-19 09:00:00,0.64499998,0.64744997,0.64469999,0.64705002
2023-09-19 13:00:00,0.64700001,0.64725,0.64515001,0.6455
2023-09-19 17:00:00,0.6455,0.64609998,0.64529997,0.64539999
2023-09-19 21:00:00,0.64545,0.64660001,0.64539999,0.64574999
2023-09-20 01:00:00,0.64565003,0.64590001,0.64480001,0.64515001
2023-09-20 05:00:00,0.64515001,0.64674997,0.64485002,0.64665002
2023-09-20 09:00:00,0.64660001,0.64894998,0.64625001,0.64864999
2023-09-20 13:00:00,0.64859998,0.6512,0.64815003,0.65100002
2023-09-20 17:00:00,0.65100002,0.65104997,0.64399999,0.64459997
2023-09-20 21:00:00,0.64480001,0.6455,0.64209998,0.64244998
2023-09-21 01:00:00,0.64230001,0.64275002,0.64029998,0.64055002
2023-09-21 05:00:00,0.64060003,0.64219999,0.64020002,0.64064997
2023-09-21 09:00:00,0.64060003,0.64104998,0.63849998,0.63999999
2023-09-21 13:00:00,0.64020002,0.64284998,0.63950002,0.64179999
2023-09-21 17:00:00,0.64184999,0.64335001,0.64120001,0.64139998
2023-09-21 21:00:00,0.64160001,0.64200002,0.64029998,0.64099997
2023-09-22 01:00:00,0.64109999,0.64279997,0.64029998,0.6426
2023-09-22 05:00:00,0.64254999,0.64410001,0.64179999,0.64389998
2023-09-22 09:00:00,0.64380002,0.6462,0.64349997,0.64569998
2023-09-22 13:00:00,0.64569998,0.64655,0.64469999,0.64490002
2023-09-22 17:00:00,0.64494997,0.64525002,0.64359999,0.64410001
2023-09-24 21:00:00,0.64450002,0.64494997,0.6437,0.6444
2023-09-25 01:00:00,0.6444,0.64455003,0.64219999,0.64270002
2023-09-25 05:00:00,0.64275002,0.64295,0.64130002,0.64144999
2023-09-25 09:00:00,0.64160001,0.64365,0.64130002,0.64249998
2023-09-25 13:00:00,0.64244998,0.64305001,0.64039999,0.6419
2023-09-25 17:00:00,0.64179999,0.64279997,0.64174998,0.64240003
2023-09-25 21:00:00,0.64235002,0.64270002,0.6415,0.64200002
2023-09-26 01:00:00,0.64184999,0.64310002,0.6415,0.64184999
2023-09-26 05:00:00,0.6419,0.64209998,0.63875002,0.64095002
2023-09-26 09:00:00,0.64074999,0.6419,0.63985002,0.64174998
2023-09-26 13:00:00,0.64170003,0.64209998,0.6401,0.64064997
2023-09-26 17:00:00,0.64069998,0.64109999,0.63910002,0.63975
2023-09-26 21:00:00,0.63999999,0.64029998,0.63870001,0.639
2023-09-27 01:00:00,0.63910002,0.64095002,0.63765001,0.63840002
2023-09-27 05:00:00,0.6383,0.63865,0.63709998,0.63814998
2023-09-27 09:00:00,0.63819999,0.63824999,0.63609999,0.63765001
2023-09-27 13:00:00,0.6376,0.63880002,0.63529998,0.63555002
2023-09-27 17:00:00,0.63550001,0.63669997,0.63309997,0.63520002
2023-09-27 21:00:00,0.63534999,0.63620001,0.63440001,0.63599998
2023-09-28 01:00:00,0.63604999,0.63779998,0.63599998,0.63755
2023-09-28 05:00:00,0.63770002,0.63810003,0.63630003,0.63784999
2023-09-28 09:00:00,0.63779998,0.64045,0.63704997,0.63889998
2023-09-28 13:00:00,0.639,0.64324999,0.63870001,0.64230001
2023-09-28 17:00:00,0.64219999,0.64289999,0.64160001,0.64270002
2023-09-28 21:00:00,0.64275002,0.64310002,0.64200002,0.64230001
2023-09-29 01:00:00,0.64240003,0.6462,0.64230001,0.64569998
2023-09-29 05:00:00,0.64574999,0.64864999,0.6455,0.64805001
2023-09-29 09:00:00,0.64810002,0.65015,0.64780003,0.64929998
2023-09-29 13:00:00,0.64929998,0.64945,0.64399999,0.64415002
2023-09-29 17:00:00,0.64399999,0.64399999,0.64219999,0.64380002
2023-10-01 20:00:00,0.64340001,0.64429998,0.64214998,0.64380002
2023-10-02 00:00:00,0.64389998,0.64455003,0.64099997,0.64120001
2023-10-02 04:00:00,0.64120001,0.64265001,0.63940001,0.64109999
2023-10-02 08:00:00,0.64109999,0.6415,0.63919997,0.63945001
2023-10-02 12:00:00,0.63950002,0.63999999,0.63679999,0.63744998
2023-10-02 16:00:00,0.63749999,0.63770002,0.63620001,0.63644999
2023-10-02 20:00:00,0.63630003,0.63709998,0.63575,0.63615
2023-10-03 00:00:00,0.63620001,0.63639998,0.63370001,0.63459998
2023-10-03 04:00:00,0.63450003,0.63459998,0.63050002,0.6318
2023-10-03 08:00:00,0.63200003,0.63325,0.62959999,0.63045001
2023-10-03 12:00:00,0.6304,0.6318,0.62870002,0.62919998
2023-10-03 16:00:00,0.62910002,0.63080001,0.62849998,0.63024998
2023-10-03 20:00:00,0.63020003,0.63099998,0.62975001,0.63090003
2023-10-04 00:00:00,0.63080001,0.63160002,0.62870002,0.62980002
2023-10-04 04:00:00,0.62980002,0.63270003,0.62980002,0.63209999
2023-10-04 08:00:00,0.63209999,0.63335001,0.63150001,0.63209999
2023-10-04 12:00:00,0.63190001,0.63424999,0.63064998,0.6336
2023-10-04 16:00:00,0.63370001,0.634,0.63174999,0.6329
2023-10-04 20:00:00,0.6329,0.63325,0.6318,0.6329
2023-10-05 00:00:00,0.63279998,0.63779998,0.63239998,0.63725001
2023-10-05 04:00:00,0.63730001,0.63779998,0.63389999,0.63410002
2023-10-05 08:00:00,0.63410002,0.63520002,0.63309997,0.63489997
2023-10-05 12:00:00,0.63489997,0.63569999,0.63270003,0.63464999
2023-10-05 16:00:00,0.63475001,0.63739997,0.63450003,0.6372
2023-10-05 20:00:00,0.6372,0.63739997,0.63639998,0.63695002
2023-10-06 00:00:00,0.63700002,0.63819999,0.63639998,0.63739997
2023-10-06 04:00:00,0.63739997,0.63744998,0.6354,0.63679999
2023-10-06 08:00:00,0.63679999,0.63709998,0.63529998,0.63590002
2023-10-06 12:00:00,0.6358,0.63950002,0.63120002,0.63929999
2023-10-06 16:00:00,0.63924998,0.6401,0.63770002,0.63859999
2023-10-08 20:00:00,0.63639998,0.63700002,0.63440001,0.63695002
2023-10-09 00:00:00,0.63700002,0.63810003,0.63510001,0.63520002
2023-10-09 04:00:00,0.63520002,0.63634998,0.63419998,0.63559997
2023-10-09 08:00:00,0.6354,0.63690001,0.63529998,0.6365
2023-10-09 12:00:00,0.63630003,0.63865,0.63564998,0.63800001
2023-10-09 16:00:00,0.63789999,0.6415,0.63735002,0.64130002
2023-10-09 20:00:00,0.64130002,0.64235002,0.64090002,0.64209998
2023-10-10 00:00:00,0.64219999,0.6433,0.64109999,0.64155
2023-10-10 04:00:00,0.64139998,0.64155,0.63910002,0.63975
2023-10-10 08:00:00,0.63985002,0.64265001,0.639,0.63950002
2023-10-10 12:00:00,0.63950002,0.64314997,0.63910002,0.64305001
2023-10-10 16:00:00,0.64300001,0.64324999,0.64120001,0.64279997
2023-10-10 20:00:00,0.64289999,0.64359999,0.64270002,0.64314997
2023-10-11 00:00:00,0.64319998,0.64450002,0.64195001,0.64230001
2023-10-11 04:00:00,0.64230001,0.64345002,0.64099997,0.64179999
2023-10-11 08:00:00,0.64179999,0.64265001,0.64109999,0.64134997
2023-10-11 12:00:00,0.64139998,0.64279997,0.6401,0.64060003
2023-10-11 16:00:00,0.64069998,0.64120001,0.63880002,0.64104998
2023-10-11 20:00:00,0.64104998,0.64209998,0.64060003,0.64184999
2023-10-12 00:00:00,0.64179999,0.64279997,0.64109999,0.64200002
2023-10-12 04:00:00,0.64209998,0.64310002,0.64060003,0.64099997
2023-10-12 08:00:00,0.64099997,0.64174998,0.6401,0.64069998
2023-10-12 12:00:00,0.64060003,0.64090002,0.63284999,0.63319999
2023-10-12 16:00:00,0.63340002,0.63389999,0.63069999,0.63139999
2023-10-12 20:00:00,0.63139999,0.63190001,0.63104999,0.63160002
2023-10-13 00:00:00,0.63169998,0.63340002,0.63160002,0.63270003
2023-10-13 04:00:00,0.63270003,0.63279998,0.63099998,0.63274997
2023-10-13 08:00:00,0.63260001,0.63319999,0.63050002,0.6318
2023-10-13 12:00:00,0.63169998,0.63300002,0.62870002,0.62889999
2023-10-13 16:00:00,0.62889999,0.63020003,0.62889999,0.62980002
2023-10-15 20:00:00,0.63069999,0.63120002,0.62949997,0.6311
2023-10-16 00:00:00,0.63120002,0.63274997,0.63020003,0.63214999
2023-10-16 04:00:00,0.6322,0.63330001,0.6318,0.63274997
2023-10-16 08:00:00,0.63270003,0.63325,0.63164997,0.63284999
2023-10-16 12:00:00,0.63284999,0.63410002,0.6311,0.63384998
2023-10-16 16:00:00,0.63380003,0.63450003,0.63365,0.63435
2023-10-16 20:00:00,0.63429999,0.63440001,0.63340002,0.63375002
2023-10-17 00:00:00,0.63375002,0.63669997,0.63365,0.63534999
2023-10-17 04:00:00,0.63545001,0.63634998,0.63480002,0.6358
2023-10-17 08:00:00,0.6358,0.63665003,0.63419998,0.63620001
2023-10-17 12:00:00,0.63620001,0.63779998,0.63370001,0.6376
2023-10-17 16:00:00,0.63765001,0.63805002,0.63529998,0.63630003
2023-10-17 20:00:00,0.6365,0.63679999,0.63585001,0.63630003
2023-10-18 00:00:00,0.63620001,0.63819999,0.63510001,0.63749999
2023-10-18 04:00:00,0.63755,0.63935,0.63739997,0.63810003
2023-10-18 08:00:00,0.63819999,0.63854998,0.63639998,0.63679999
2023-10-18 12:00:00,0.63690001,0.63709998,0.63340002,0.63349998
2023-10-18 16:00:00,0.63349998,0.63550001,0.63279998,0.63365
2023-10-18 20:00:00,0.63365,0.63410002,0.6329,0.63335001
2023-10-19 00:00:00,0.63340002,0.63380003,0.62959999,0.63010001
2023-10-19 04:00:00,0.62994999,0.63115001,0.62970001,0.62989998
2023-10-19 08:00:00,0.62980002,0.63169998,0.62975001,0.63115001
2023-10-19 12:00:00,0.6311,0.63309997,0.63094997,0.63244998
2023-10-19 16:00:00,0.63230002,0.63569999,0.63129997,0.63330001
2023-10-19 20:00:00,0.63335001,0.63335001,0.63200003,0.63230002
2023-10-20 00:00:00,0.63244998,0.63249999,0.63050002,0.63200003
2023-10-20 04:00:00,0.63195002,0.63209999,0.63010001,0.63015002
2023-10-20 08:00:00,0.63010001,0.6318,0.62980002,0.63134998
2023-10-20 12:00:00,0.63120002,0.63255,0.62994999,0.6318
2023-10-20 16:00:00,0.63190001,0.63255,0.63094997,0.6311
2023-10-22 20:00:00,0.63155001,0.63230002,0.6311,0.63204998
2023-10-23 00:00:00,0.63200003,0.6322,0.63075,0.63115001
2023-10-23 04:00:00,0.6311,0.63200003,0.63010001,0.63045001
2023-10-23 08:00:00,0.63045001,0.63145,0.62889999,0.63115001
2023-10-23 12:00:00,0.63104999,0.63389999,0.63020003,0.6336
2023-10-23 16:00:00,0.6336,0.63489997,0.63300002,0.63330001
2023-10-23 20:00:00,0.63325,0.63419998,0.63309997,0.6336
2023-10-24 00:00:00,0.63370001,0.63625002,0.63354999,0.63569999
2023-10-24 04:00:00,0.6358,0.63800001,0.63510001,0.63639998
2023-10-24 08:00:00,0.63660002,0.63725001,0.63529998,0.63634998
2023-10-24 12:00:00,0.63639998,0.63660002,0.63440001,0.63489997
2023-10-24 16:00:00,0.63480002,0.63599998,0.63440001,0.6358
2023-10-24 20:00:00,0.6358,0.63620001,0.63510001,0.63609999
2023-10-25 00:00:00,0.63599998,0.63999999,0.6358,0.63810003
2023-10-25 04:00:00,0.63814998,0.63880002,0.63545001,0.63575
2023-10-25 08:00:00,0.63569999,0.63625002,0.63279998,0.63384998
2023-10-25 12:00:00,0.63380003,0.6347,0.63204998,0.63319999
2023-10-25 16:00:00,0.63319999,0.63335001,0.63050002,0.6311
2023-10-25 20:00:00,0.6311,0.63160002,0.62840003,0.62935001
2023-10-26 00:00:00,0.6293,0.62989998,0.62699997,0.62774998
2023-10-26 04:00:00,0.62779999,0.63090003,0.62730002,0.63080001
2023-10-26 08:00:00,0.63069999,0.63174999,0.62989998,0.63010001
2023-10-26 12:00:00,0.62994999,0.63300002,0.6293,0.63115001
2023-10-26 16:00:00,0.6311,0.63309997,0.63010001,0.6318
2023-10-26 20:00:00,0.63169998,0.6336,0.63160002,0.63340002
2023-10-27 00:00:00,0.63330001,0.63429999,0.63239998,0.634
2023-10-27 04:00:00,0.63389999,0.63510001,0.63305002,0.63429999
2023-10-27 08:00:00,0.63424999,0.6358,0.63365,0.63395
2023-10-27 12:00:00,0.63389999,0.63679999,0.63380003,0.63510001
2023-10-27 16:00:00,0.63510001,0.63534999,0.63309997,0.6336
2023-10-29 20:00:00,0.6336,0.63440001,0.63319999,0.63380003
2023-10-30 00:00:00,0.63384998,0.63599998,0.63370001,0.63545001
2023-10-30 04:00:00,0.63550001,0.6365,0.63489997,0.63564998
2023-10-30 08:00:00,0.6354,0.63789999,0.63510001,0.63749999
2023-10-30 12:00:00,0.63749999,0.63845003,0.63609999,0.6372
2023-10-30 16:00:00,0.63730001,0.63795,0.6365,0.6376
2023-10-30 20:00:00,0.63749999,0.63779998,0.6365,0.63679999
2023-10-31 00:00:00,0.63690001,0.63739997,0.63440001,0.63489997
2023-10-31 04:00:00,0.63489997,0.6365,0.63410002,0.63590002
2023-10-31 08:00:00,0.63590002,0.63744998,0.63520002,0.63634998
2023-10-31 12:00:00,0.63630003,0.63690001,0.63139999,0.63305002
2023-10-31 16:00:00,0.63309997,0.63454998,0.63230002,0.63419998
2023-10-31 20:00:00,0.63429999,0.63440001,0.63319999,0.63375002
2023-11-01 00:00:00,0.63370001,0.63435,0.6318,0.6336
2023-11-01 04:00:00,0.6336,0.63454998,0.63284999,0.63344997
2023-11-01 08:00:00,0.6336,0.63480002,0.63309997,0.63415003
2023-11-01 12:00:00,0.63424999,0.63945001,0.63410002,0.63620001
2023-11-01 16:00:00,0.63625002,0.63999999,0.6354,0.63915002
2023-11-01 20:00:00,0.63915002,0.64219999,0.6383,0.64219999
2023-11-02 00:00:00,0.64219999,0.64389998,0.64209998,0.6433
2023-11-02 04:00:00,0.64319998,0.64319998,0.64209998,0.64284998
2023-11-02 08:00:00,0.64270002,0.64475,0.64170003,0.6437
2023-11-02 12:00:00,0.64375001,0.64565003,0.64130002,0.64209998
2023-11-02 16:00:00,0.64209998,0.64324999,0.64120001,0.64310002
2023-11-02 20:00:00,0.64314997,0.6437,0.64270002,0.64279997
2023-11-03 00:00:00,0.64289999,0.64389998,0.64200002,0.64295
2023-11-03 04:00:00,0.64300001,0.64494997,0.64284998,0.64424998
2023-11-03 08:00:00,0.64424998,0.64475,0.64324999,0.64455003
2023-11-03 12:00:00,0.6444,0.6512,0.64415002,0.65034997
2023-11-03 16:00:00,0.65044999,0.65189999,0.64985001,0.65095001
2023-11-05 20:00:00,0.6512,0.65175003,0.65025002,0.65154999
2023-11-06 00:00:00,0.6516,0.65200001,0.65090001,0.6512
2023-11-06 04:00:00,0.6512,0.65200001,0.65039998,0.65060002
2023-11-06 08:00:00,0.65055001,0.65235001,0.65030003,0.65090001
2023-11-06 12:00:00,0.65090001,0.65100002,0.64920002,0.65020001
2023-11-06 16:00:00,0.65020001,0.65065002,0.64875001,0.64920002
2023-11-06 20:00:00,0.64910001,0.64999998,0.64850003,0.64889997
2023-11-07 00:00:00,0.64899999,0.65020001,0.6455,0.64609998
2023-11-07 04:00:00,0.64600003,0.64639997,0.64200002,0.64230001
2023-11-07 08:00:00,0.64240003,0.64380002,0.64090002,0.6419
2023-11-07 12:00:00,0.64179999,0.64249998,0.64039999,0.64209998
2023-11-07 16:00:00,0.64225,0.64380002,0.64109999,0.64319998
2023-11-07 20:00:00,0.64314997,0.64380002,0.64279997,0.64300001
2023-11-08 00:00:00,0.64305001,0.64499998,0.64219999,0.64365
2023-11-08 04:00:00,0.6437,0.6444,0.6426,0.64410001
2023-11-08 08:00:00,0.64410001,0.64445001,0.64200002,0.6433
2023-11-08 12:00:00,0.64335001,0.64354998,0.64069998,0.64160001
2023-11-08 16:00:00,0.6415,0.64225,0.63990003,0.63990003
2023-11-08 20:00:00,0.63999999,0.6408,0.6397,0.64069998
2023-11-09 00:00:00,0.6408,0.64179999,0.64020002,0.6408
2023-11-09 04:00:00,0.64074999,0.64209998,0.64074999,0.64144999
2023-11-09 08:00:00,0.6415,0.64165002,0.63919997,0.63980001
2023-11-09 12:00:00,0.63980001,0.64289999,0.63950002,0.64240003
2023-11-09 16:00:00,0.64249998,0.6426,0.63630003,0.63685
2023-11-09 20:00:00,0.63700002,0.63779998,0.63575,0.63620001
2023-11-10 00:00:00,0.63620001,0.63660002,0.63520002,0.63555002
2023-11-10 04:00:00,0.63550001,0.63679999,0.6354,0.63625002
2023-11-10 08:00:00,0.63620001,0.6365,0.63485003,0.63524997
2023-11-10 12:00:00,0.63510001,0.63655001,0.63389999,0.63494998
2023-11-10 16:00:00,0.63489997,0.63634998,0.63464999,0.63564998
2023-11-12 20:00:00,0.63520002,0.63690001,0.63510001,0.63644999
2023-11-13 00:00:00,0.63639998,0.63669997,0.63520002,0.63604999
2023-11-13 04:00:00,0.63604999,0.63775003,0.63585001,0.6372
2023-11-13 08:00:00,0.6372,0.63849998,0.63639998,0.63739997
2023-11-13 12:00:00,0.63749999,0.63784999,0.63620001,0.63779998
2023-11-13 16:00:00,0.63779998,0.63910002,0.6376,0.63800001
2023-11-13 20:00:00,0.63805002,0.63810003,0.63700002,0.63795
2023-11-14 00:00:00,0.63810003,0.63845003,0.63669997,0.63709998
2023-11-14 04:00:00,0.63714999,0.63770002,0.63630003,0.63709998
2023-11-14 08:00:00,0.63709998,0.63810003,0.63599998,0.63690001
2023-11-14 12:00:00,0.63690001,0.64864999,0.63669997,0.648
2023-11-14 16:00:00,0.64794999,0.65095001,0.64780003,0.65079999
2023-11-14 20:00:00,0.65069997,0.65125,0.6498,0.64985001
2023-11-15 00:00:00,0.64990002,0.65055001,0.64829999,0.65030003
2023-11-15 04:00:00,0.65034997,0.65114999,0.64929998,0.65085
2023-11-15 08:00:00,0.65100002,0.65324998,0.65009999,0.65289998
2023-11-15 12:00:00,0.65294999,0.65420002,0.64850003,0.65249997
2023-11-15 16:00:00,0.65259999,0.65324998,0.6505,0.65100002
2023-11-15 20:00:00,0.65100002,0.65219998,0.65039998,0.65130001
2023-11-16 00:00:00,0.6512,0.6516,0.64614999,0.64674997
2023-11-16 04:00:00,0.64679998,0.64845002,0.64639997,0.64810002
2023-11-16 08:00:00,0.64810002,0.65044999,0.64749998,0.64910001
2023-11-16 12:00:00,0.64894998,0.65090001,0.6473,0.64840001
2023-11-16 16:00:00,0.64829999,0.64889997,0.64609998,0.64709997
2023-11-16 20:00:00,0.64714998,0.6476,0.6462,0.64695001
2023-11-17 00:00:00,0.6469,0.6473,0.64574999,0.64660001
2023-11-17 04:00:00,0.64665002,0.64744997,0.64520001,0.64700001
2023-11-17 08:00:00,0.64695001,0.65125,0.64630002,0.65009999
2023-11-17 12:00:00,0.65009999,0.65095001,0.64880002,0.65030003
2023-11-17 16:00:00,0.65020001,0.65140003,0.64880002,0.65104997
2023-11-19 20:00:00,0.65144998,0.65200001,0.65034997,0.65109998
2023-11-20 00:00:00,0.65109998,0.65509999,0.65009999,0.65499997
2023-11-20 04:00:00,0.65490001,0.65630001,0.65439999,0.65530002
2023-11-20 08:00:00,0.65530002,0.65630001,0.65460002,0.65535003
2023-11-20 12:00:00,0.65535003,0.6559,0.6534,0.65460002
2023-11-20 16:00:00,0.65460002,0.65630001,0.65439999,0.65619999
2023-11-20 20:00:00,0.65625,0.65649998,0.65530002,0.65600002
2023-11-21 00:00:00,0.65600002,0.65850002,0.65570003,0.65834999
2023-11-21 04:00:00,0.6584,0.65869999,0.65614998,0.65724999
2023-11-21 08:00:00,0.6573,0.65834999,0.65570003,0.65679997
2023-11-21 12:00:00,0.65679997,0.65899998,0.65600002,0.65630001
2023-11-21 16:00:00,0.65619999,0.65710002,0.65439999,0.65574998
2023-11-21 20:00:00,0.65579998,0.65619999,0.65515,0.65579998
2023-11-22 00:00:00,0.65579998,0.65700001,0.65490001,0.65525001
2023-11-22 04:00:00,0.65539998,0.65570003,0.65270001,0.65399998
2023-11-22 08:00:00,0.65390003,0.65689999,0.65280002,0.65640002
2023-11-22 12:00:00,0.65640002,0.65700001,0.65219998,0.6534
2023-11-22 16:00:00,0.65335,0.65460002,0.653,0.65399998
2023-11-22 20:00:00,0.65404999,0.65464997,0.65380001,0.65429997
2023-11-23 00:00:00,0.65429997,0.65600002,0.65420002,0.65560001
2023-11-23 04:00:00,0.65565002,0.65750003,0.65509999,0.65719998
2023-11-23 08:00:00,0.65719998,0.65740001,0.65560001,0.65670002
2023-11-23 12:00:00,0.6566,0.65675002,0.65509999,0.65609998
2023-11-23 16:00:00,0.65619999,0.65640002,0.65579998,0.65605003
2023-11-23 20:00:00,0.65600002,0.6566,0.65539998,0.65600002
2023-11-24 00:00:00,0.65609998,0.65700001,0.65499997,0.65574998
2023-11-24 04:00:00,0.65579998,0.65700001,0.65549999,0.65609998
2023-11-24 08:00:00,0.65609998,0.6573,0.65579998,0.65714997
2023-11-24 12:00:00,0.65710002,0.6591,0.65605003,0.65869999
2023-11-24 16:00:00,0.65869999,0.65920001,0.65820003,0.65894997
2023-11-26 20:00:00,0.65834999,0.65880001,0.65745002,0.65810001
2023-11-27 00:00:00,0.65810001,0.6595,0.65700001,0.6573
2023-11-27 04:00:00,0.6573,0.65955001,0.6566,0.65834999
2023-11-27 08:00:00,0.65850002,0.66079998,0.6584,0.66044998
2023-11-27 12:00:00,0.66035002,0.66145003,0.65859997,0.65995002
2023-11-27 16:00:00,0.65990001,0.6613,0.65890002,0.66079998
2023-11-27 20:00:00,0.66079998,0.66140002,0.66030002,0.66140002
2023-11-28 00:00:00,0.66135001,0.66320002,0.66070002,0.66189998
2023-11-28 04:00:00,0.662,0.66245002,0.66060001,0.66079998
2023-11-28 08:00:00,0.66079998,0.66219997,0.65960002,0.66140002
2023-11-28 12:00:00,0.66140002,0.66505003,0.66060001,0.66420001
2023-11-28 16:00:00,0.66430002,0.66654998,0.66325003,0.66525
2023-11-28 20:00:00,0.6652,0.66579998,0.6638,0.66570002
2023-11-29 00:00:00,0.6656,0.66769999,0.66360003,0.6649
2023-11-29 04:00:00,0.66479999,0.66544998,0.66259998,0.6627
2023-11-29 08:00:00,0.66294998,0.66409999,0.6613,0.66224998
2023-11-29 12:00:00,0.66219997,0.66360003,0.66049999,0.66210002
2023-11-29 16:00:00,0.66210002,0.66339999,0.66049999,0.66219997
2023-11-29 20:00:00,0.66229999,0.66229999,0.66114998,0.66175002
2023-11-30 00:00:00,0.66184998,0.66404998,0.66149998,0.66374999
2023-11-30 04:00:00,0.66369998,0.66514999,0.66240001,0.66350001
2023-11-30 08:00:00,0.66360003,0.66415,0.6595,0.65995002
2023-11-30 12:00:00,0.65990001,0.66350001,0.65710002,0.66315001
2023-11-30 16:00:00,0.66299999,0.66329998,0.66000003,0.6609
2023-11-30 20:00:00,0.66084999,0.66109997,0.66000003,0.66065001
2023-12-01 00:00:00,0.66070002,0.66305,0.66004997,0.66039997
2023-12-01 04:00:00,0.66039997,0.66149998,0.66000003,0.66035002
2023-12-01 08:00:00,0.66039997,0.66355002,0.66035002,0.66184998
2023-12-01 12:00:00,0.66180003,0.66430002,0.66070002,0.66399997
2023-12-01 16:00:00,0.66390002,0.66750002,0.66305,0.66715002
2023-12-03 20:00:00,0.66689998,0.66909999,0.66645002,0.66820002
2023-12-04 00:00:00,0.66825002,0.6688,0.6656,0.66565001
2023-12-04 04:00:00,0.66570002,0.66640002,0.66369998,0.66390002
2023-12-04 08:00:00,0.66390002,0.66570002,0.66339999,0.6652
2023-12-04 12:00:00,0.66509998,0.66544998,0.66100001,0.66159999
2023-12-04 16:00:00,0.66154999,0.66254997,0.66039997,0.66159999
2023-12-04 20:00:00,0.66180003,0.6627,0.66109997,0.66175002
2023-12-05 00:00:00,0.66159999,0.66219997,0.65714997,0.65750003
2023-12-05 04:00:00,0.65750003,0.65859997,0.65689999,0.65724999
2023-12-05 08:00:00,0.6573,0.65829998,0.65560001,0.65614998
2023-12-05 12:00:00,0.65619999,0.65799999,0.65469998,0.65630001
2023-12-05 16:00:00,0.65630001,0.65675002,0.65439999,0.65515
2023-12-05 20:00:00,0.65515,0.6559,0.65485001,0.65544999
2023-12-06 00:00:00,0.65549999,0.65960002,0.65549999,0.65939999
2023-12-06 04:00:00,0.65944999,0.65979999,0.65750003,0.65930003
2023-12-06 08:00:00,0.65920001,0.65930003,0.65640002,0.65745002
2023-12-06 12:00:00,0.65740001,0.65920001,0.65710002,0.65810001
2023-12-06 16:00:00,0.65799999,0.65845001,0.6552,0.65530002
2023-12-06 20:00:00,0.65539998,0.65549999,0.65469998,0.65509999
2023-12-07 00:00:00,0.65509999,0.6559,0.65249997,0.65284997
2023-12-07 04:00:00,0.65284997,0.65644997,0.65259999,0.65609998
2023-12-07 08:00:00,0.65609998,0.6573,0.65544999,0.65665001
2023-12-07 12:00:00,0.65654999,0.65930003,0.65549999,0.65915
2023-12-07 16:00:00,0.65915,0.66210002,0.6591,0.66030002
2023-12-07 20:00:00,0.66039997,0.66070002,0.65920001,0.65944999
2023-12-08 00:00:00,0.6595,0.6613,0.65930003,0.66114998
2023-12-08 04:00:00,0.66105002,0.66205001,0.66030002,0.66100001
2023-12-08 08:00:00,0.66109997,0.66145003,0.6602,0.66055
2023-12-08 12:00:00,0.66060001,0.66105002,0.65579998,0.65855002
2023-12-08 16:00:00,0.65859997,0.65875,0.6559,0.65805
2023-12-10 20:00:00,0.65754998,0.65829998,0.65654999,0.65805
2023-12-11 00:00:00,0.65794998,0.65829998,0.65549999,0.65605003
2023-12-11 04:00:00,0.65609998,0.65675002,0.65509999,0.65539998
2023-12-11 08:00:00,0.65549999,0.6566,0.6552,0.65644997
2023-12-11 12:00:00,0.65644997,0.65689999,0.65499997,0.65630001
2023-12-11 16:00:00,0.65640002,0.65719998,0.65549999,0.6566
2023-12-11 20:00:00,0.6566,0.65710002,0.65630001,0.65649998
2023-12-12 00:00:00,0.65649998,0.65915,0.65630001,0.65894997
2023-12-12 04:00:00,0.65880001,0.66000003,0.65880001,0.65939999
2023-12-12 08:00:00,0.65939999,0.65960002,0.65820003,0.65890002
2023-12-12 12:00:00,0.65899998,0.6613,0.65399998,0.65600002
2023-12-12 16:00:00,0.65600002,0.6566,0.6548,0.65555
2023-12-12 20:00:00,0.65555,0.6566,0.65469998,0.65644997
2023-12-13 00:00:00,0.65649998,0.65679997,0.65490001,0.6552
2023-12-13 04:00:00,0.6552,0.65609998,0.65420002,0.65530002
2023-12-13 08:00:00,0.6552,0.6559,0.65485001,0.65565002
2023-12-13 12:00:00,0.65565002,0.65850002,0.6552,0.6584
2023-12-13 16:00:00,0.65834999,0.66729999,0.6566,0.66659999
2023-12-13 20:00:00,0.66649997,0.66734999,0.6652,0.66654998
2023-12-14 00:00:00,0.66659999,0.6728,0.66619998,0.67150003
2023-12-14 04:00:00,0.67150003,0.67275,0.67030001,0.67110002
2023-12-14 08:00:00,0.67110002,0.67199999,0.66900003,0.67110002
2023-12-14 12:00:00,0.67140001,0.67220002,0.66820002,0.67000002
2023-12-14 16:00:00,0.67000002,0.67205,0.66895002,0.66974998
2023-12-14 20:00:00,0.66970003,0.67040002,0.66939998,0.67030001
2023-12-15 00:00:00,0.67030001,0.67194998,0.66949999,0.6717
2023-12-15 04:00:00,0.6717,0.6724,0.66939998,0.671
2023-12-15 08:00:00,0.67095,0.67259997,0.67070001,0.67159998
2023-12-15 12:00:00,0.67159998,0.6724,0.6663,0.67210001
2023-12-15 16:00:00,0.67199999,0.6728,0.66930002,0.67065001
2023-12-17 20:00:00,0.67000002,0.67079997,0.66930002,0.66995001
2023-12-18 00:00:00,0.67000002,0.67199999,0.66930002,0.67164999
2023-12-18 04:00:00,0.67164999,0.6728,0.6706,0.67205
2023-12-18 08:00:00,0.67210001,0.67355001,0.67140001,0.67250001
2023-12-18 12:00:00,0.67245001,0.67339998,0.66904998,0.66925001
2023-12-18 16:00:00,0.66935003,0.67054999,0.66909999,0.67009997
2023-12-18 20:00:00,0.67014998,0.671,0.66979998,0.67035002
2023-12-19 00:00:00,0.67049998,0.67275,0.67030001,0.67189997
2023-12-19 04:00:00,0.67185003,0.67264998,0.6706,0.67135
2023-12-19 08:00:00,0.67129999,0.6735,0.67115003,0.67330003
2023-12-19 12:00:00,0.67320001,0.67745,0.67309999,0.67629999
2023-12-19 16:00:00,0.67640001,0.67680001,0.67570001,0.67594999
2023-12-19 20:00:00,0.67610002,0.67659998,0.67559999,0.67589998
2023-12-20 00:00:00,0.67589998,0.67729998,0.67479998,0.67680001
2023-12-20 04:00:00,0.67690003,0.67760003,0.67629999,0.6767
2023-12-20 08:00:00,0.67659998,0.67769998,0.67589998,0.67720002
2023-12-20 12:00:00,0.6771,0.67799997,0.67570001,0.67720002
2023-12-20 16:00:00,0.67715001,0.67745,0.6742,0.67449999
2023-12-20 20:00:00,0.67465001,0.67465001,0.6724,0.67400002
2023-12-21 00:00:00,0.67404997,0.67510003,0.67360002,0.67500001
2023-12-21 04:00:00,0.67495,0.67540002,0.67395002,0.67460001
2023-12-21 08:00:00,0.67449999,0.67584997,0.67379999,0.67565
2023-12-21 12:00:00,0.67570001,0.67909998,0.67549998,0.67860001
2023-12-21 16:00:00,0.67860001,0.68010002,0.67729998,0.68000001
2023-12-21 20:00:00,0.67989999,0.68040001,0.67940003,0.67965001
2023-12-22 00:00:00,0.6796,0.68000001,0.67750001,0.67750001
2023-12-22 04:00:00,0.67769998,0.6785,0.67739999,0.67830002
2023-12-22 08:00:00,0.67839998,0.68110001,0.67809999,0.68094999
2023-12-22 12:00:00,0.68099999,0.6825,0.6789,0.68049997
2023-12-22 16:00:00,0.68040001,0.68110001,0.67914999,0.6803
2023-12-25 12:00:00,0.68040001,0.68040001,0.68040001,0.68040001
2023-12-25 16:00:00,0.6803,0.68080002,0.67925,0.67984998
2023-12-25 20:00:00,0.67979997,0.68105,0.67905003,0.68040001
2023-12-26 00:00:00,0.68040001,0.68159997,0.68000001,0.68159997
2023-12-26 04:00:00,0.68159997,0.68180001,0.68040001,0.68045002
2023-12-26 08:00:00,0.68049997,0.68089998,0.67970002,0.6807
2023-12-26 12:00:00,0.68075001,0.68199998,0.68049997,0.6807
2023-12-26 16:00:00,0.68059999,0.6825,0.68059999,0.68239999
2023-12-26 20:00:00,0.6825,0.68295002,0.68199998,0.68239999
2023-12-27 00:00:00,0.68239999,0.68360001,0.68180001,0.68330002
2023-12-27 04:00:00,0.68330002,0.68409997,0.68260002,0.68290001
2023-12-27 08:00:00,0.68290001,0.68419999,0.68239999,0.68400002
2023-12-27 12:00:00,0.68400002,0.68510002,0.6832,0.685
2023-12-27 16:00:00,0.68489999,0.68519998,0.68360001,0.68414998
2023-12-27 20:00:00,0.68419999,0.68550003,0.68419999,0.68529999
2023-12-28 00:00:00,0.68529999,0.68720001,0.68489999,0.68594998
2023-12-28 04:00:00,0.68594998,0.68599999,0.68374997,0.68529999
2023-12-28 08:00:00,0.68519998,0.68540001,0.68239999,0.68374997
2023-12-28 12:00:00,0.68379998,0.68650001,0.6825,0.68610001
2023-12-28 16:00:00,0.68605,0.68610001,0.68279999,0.68349999
2023-12-28 20:00:00,0.68339998,0.68384999,0.68229997,0.68260002
2023-12-29 00:00:00,0.68255001,0.68465,0.68255001,0.68379998
2023-12-29 04:00:00,0.68384999,0.6846,0.6832,0.68330002
2023-12-29 08:00:00,0.68335003,0.68360001,0.67949998,0.67989999
2023-12-29 12:00:00,0.68000001,0.68300003,0.67809999,0.68239999
2023-12-29 16:00:00,0.68229997,0.6839,0.68080002,0.68150002
2024-01-01 16:00:00,0.68129998,0.68199998,0.68065,0.68180001
2024-01-01 20:00:00,0.68155003,0.6821,0.68059999,0.68099999
2024-01-02 00:00:00,0.68099999,0.68229997,0.68019998,0.68145001
2024-01-02 04:00:00,0.68150002,0.68395001,0.68129998,0.68199998
2024-01-02 08:00:00,0.6821,0.68344998,0.67949998,0.68005002
2024-01-02 12:00:00,0.68000001,0.68010002,0.67610002,0.67680001
2024-01-02 16:00:00,0.67680001,0.67809999,0.67605001,0.67619997
2024-01-02 20:00:00,0.67610002,0.6771,0.67570001,0.67659998
2024-01-03 00:00:00,0.67664999,0.6771,0.67510003,0.67659998
2024-01-03 04:00:00,0.67659998,0.6771,0.67549998,0.67570001
2024-01-03 08:00:00,0.67559999,0.67610002,0.6728,0.6728
2024-01-03 12:00:00,0.67299998,0.67400002,0.67019999,0.67119998
2024-01-03 16:00:00,0.67129999,0.67374998,0.6706,0.67299998
2024-01-03 20:00:00,0.67299998,0.67390001,0.67210001,0.6735
2024-01-04 00:00:00,0.67344999,0.67460001,0.67210001,0.67385
2024-01-04 04:00:00,0.67390001,0.67605001,0.6735,0.67540002
2024-01-04 08:00:00,0.67540002,0.67559999,0.67259997,0.67290002
2024-01-04 12:00:00,0.67285001,0.67330003,0.66970003,0.67110002
2024-01-04 16:00:00,0.67105001,0.6717,0.66960001,0.67030001
2024-01-04 20:00:00,0.67040002,0.67119998,0.67009997,0.67049998
2024-01-05 00:00:00,0.6706,0.67189997,0.6699,0.67030001
2024-01-05 04:00:00,0.67030001,0.671,0.66890001,0.6699
2024-01-05 08:00:00,0.66984999,0.67040002,0.66755003,0.66799998
2024-01-05 12:00:00,0.66820002,0.67479998,0.66409999,0.6735
2024-01-05 16:00:00,0.6735,0.67369998,0.67049998,0.67135
2024-01-07 20:00:00,0.67194998,0.67275,0.67110002,0.67159998
2024-01-08 00:00:00,0.67159998,0.6735,0.67000002,0.67030001
2024-01-08 04:00:00,0.67025,0.67150003,0.66939998,0.67049998
2024-01-08 08:00:00,0.67040002,0.67040002,0.66815001,0.66845
2024-01-08 12:00:00,0.66839999,0.67129999,0.66769999,0.67079997
2024-01-08 16:00:00,0.671,0.67234999,0.67049998,0.67220002
2024-01-08 20:00:00,0.67224997,0.67229998,0.67119998,0.6717
2024-01-09 00:00:00,0.67159998,0.67339998,0.67150003,0.67250001
2024-01-09 04:00:00,0.67250001,0.67250001,0.67000002,0.67070001
2024-01-09 08:00:00,0.67070001,0.67140001,0.66869998,0.66909999
2024-01-09 12:00:00,0.66909999,0.67019999,0.6681,0.66815001
2024-01-09 16:00:00,0.66839999,0.66925001,0.66769999,0.66839999
2024-01-09 20:00:00,0.66845,0.66890001,0.66799998,0.66850001
2024-01-10 00:00:00,0.66845,0.67084998,0.66829997,0.67009997
2024-01-10 04:00:00,0.67009997,0.67065001,0.66909999,0.67014998
2024-01-10 08:00:00,0.67009997,0.67135,0.66949999,0.67040002
2024-01-10 12:00:00,0.67054999,0.67129999,0.66860002,0.66960001
2024-01-10 16:00:00,0.66970003,0.67019999,0.66860002,0.67005002
2024-01-10 20:00:00,0.67014998,0.67040002,0.66939998,0.67025
2024-01-11 00:00:00,0.67019999,0.67250001,0.67009997,0.6724
2024-01-11 04:00:00,0.67229998,0.67255002,0.67129999,0.67159998
2024-01-11 08:00:00,0.67140001,0.67215002,0.67040002,0.67115003
2024-01-11 12:00:00,0.67110002,0.6724,0.66500002,0.66614997
2024-01-11 16:00:00,0.66610003,0.66885,0.66469997,0.66869998
2024-01-11 20:00:00,0.66874999,0.67000002,0.66750002,0.67000002
2024-01-12 00:00:00,0.67000002,0.67145002,0.66930002,0.67079997
2024-01-12 04:00:00,0.67079997,0.67079997,0.66914999,0.66960001
2024-01-12 08:00:00,0.66970003,0.67119998,0.66790003,0.66869998
2024-01-12 12:00:00,0.66869998,0.67295003,0.66775,0.67009997
2024-01-12 16:00:00,0.67009997,0.67079997,0.66820002,0.66874999
2024-01-14 20:00:00,0.66869998,0.66925001,0.6681,0.66895002
2024-01-15 00:00:00,0.66895002,0.67049998,0.6681,0.66955
2024-01-15 04:00:00,0.66949999,0.66949999,0.66670001,0.667
2024-01-15 08:00:00,0.667,0.66750002,0.6652,0.66640002
2024-01-15 12:00:00,0.66635001,0.66649997,0.66500002,0.66600001
2024-01-15 16:00:00,0.66605002,0.66635001,0.6656,0.66589999
2024-01-15 20:00:00,0.66589999,0.66645002,0.66500002,0.66505003
2024-01-16 00:00:00,0.66500002,0.66514999,0.66119999,0.66135001
2024-01-16 04:00:00,0.66135001,0.66254997,0.66100001,0.66180003
2024-01-16 08:00:00,0.66175002,0.66329998,0.6595,0.66049999
2024-01-16 12:00:00,0.66044998,0.66180003,0.65899998,0.66025001
2024-01-16 16:00:00,0.66030002,0.66100001,0.65759999,0.65845001
2024-01-16 20:00:00,0.65850002,0.65899998,0.65810001,0.65899998
2024-01-17 00:00:00,0.65890002,0.6595,0.65670002,0.65705001
2024-01-17 04:00:00,0.65700001,0.65740001,0.65469998,0.65530002
2024-01-17 08:00:00,0.65530002,0.65649998,0.65350002,0.65570003
2024-01-17 12:00:00,0.65574998,0.65654999,0.65249997,0.65310001
2024-01-17 16:00:00,0.65294999,0.65469998,0.65294999,0.65425003
2024-01-17 20:00:00,0.65434998,0.65560001,0.65390003,0.6552
2024-01-18 00:00:00,0.6552,0.65670002,0.65259999,0.65609998
2024-01-18 04:00:00,0.65609998,0.65679997,0.65485001,0.6559
2024-01-18 08:00:00,0.6559,0.65710002,0.65490001,0.65689999
2024-01-18 12:00:00,0.65700001,0.65750003,0.65429997,0.65570003
2024-01-18 16:00:00,0.65560001,0.65689999,0.6552,0.65595001
2024-01-18 20:00:00,0.65600002,0.65829998,0.6559,0.65820003
2024-01-19 00:00:00,0.65820003,0.65899998,0.65750003,0.65829998
2024-01-19 04:00:00,0.6584,0.65855002,0.65649998,0.65805
2024-01-19 08:00:00,0.65799999,0.6602,0.65740001,0.66000003
2024-01-19 12:00:00,0.65995002,0.6602,0.65710002,0.65834999
2024-01-19 16:00:00,0.65845001,0.65965003,0.65759999,0.6595
2024-01-21 20:00:00,0.65925002,0.66009998,0.65845001,0.6595
2024-01-22 00:00:00,0.6595,0.66140002,0.6591,0.65960002
2024-01-22 04:00:00,0.65960002,0.65990001,0.65820003,0.65920001
2024-01-22 08:00:00,0.65920001,0.65955001,0.65810001,0.65899998
2024-01-22 12:00:00,0.65899998,0.65985,0.65820003,0.65899998
2024-01-22 16:00:00,0.65899998,0.6591,0.65670002,0.65719998
2024-01-22 20:00:00,0.65724999,0.65789998,0.65649998,0.65705001
2024-01-23 00:00:00,0.65710002,0.6602,0.65700001,0.65960002
2024-01-23 04:00:00,0.65955001,0.6613,0.65930003,0.66000003
2024-01-23 08:00:00,0.66000003,0.66009998,0.65750003,0.65789998
2024-01-23 12:00:00,0.65780002,0.66004997,0.65619999,0.65644997
2024-01-23 16:00:00,0.65649998,0.65745002,0.65515,0.65710002
2024-01-23 20:00:00,0.65719998,0.65869999,0.65689999,0.65850002
2024-01-24 00:00:00,0.65859997,0.65859997,0.6566,0.65700001
2024-01-24 04:00:00,0.65700001,0.65899998,0.6566,0.65850002
2024-01-24 08:00:00,0.65850002,0.66100001,0.65850002,0.65985
2024-01-24 12:00:00,0.65985,0.66215003,0.65920001,0.66039997
2024-01-24 16:00:00,0.66039997,0.66095001,0.65759999,0.65810001
2024-01-24 20:00:00,0.65810001,0.65834999,0.6573,0.65759999
2024-01-25 00:00:00,0.65750003,0.65799999,0.6566,0.6577
2024-01-25 04:00:00,0.6577,0.65855002,0.65714997,0.6584
2024-01-25 08:00:00,0.65829998,0.65930003,0.65710002,0.65915
2024-01-25 12:00:00,0.65920001,0.66100001,0.65750003,0.65810001
2024-01-25 16:00:00,0.65815002,0.65869999,0.65705001,0.65810001
2024-01-25 20:00:00,0.65815002,0.65869999,0.65785003,0.65824997
2024-01-26 00:00:00,0.65820003,0.65939999,0.65759999,0.65925002
2024-01-26 04:00:00,0.65925002,0.65974998,0.65759999,0.65829998
2024-01-26 08:00:00,0.65834999,0.66025001,0.65789998,0.65979999
2024-01-26 12:00:00,0.65990001,0.66100001,0.65859997,0.65904999
2024-01-26 16:00:00,0.65915,0.65930003,0.65759999,0.65829998
2024-01-28 20:00:00,0.65764999,0.65829998,0.65700001,0.65775001
2024-01-29 00:00:00,0.65780002,0.6595,0.6573,0.65915
2024-01-29 04:00:00,0.6591,0.66044998,0.65869999,0.66000003
2024-01-29 08:00:00,0.65990001,0.66065001,0.65930003,0.65990001
2024-01-29 12:00:00,0.65995002,0.66055,0.65820003,0.65920001
2024-01-29 16:00:00,0.65925002,0.66009998,0.65880001,0.65979999
2024-01-29 20:00:00,0.65990001,0.66165,0.65969998,0.66140002
2024-01-30 00:00:00,0.66140002,0.66245002,0.66084999,0.66100001
2024-01-30 04:00:00,0.6609,0.66189998,0.66060001,0.66135001
2024-01-30 08:00:00,0.66140002,0.66154999,0.65939999,0.65944999
2024-01-30 12:00:00,0.65939999,0.66030002,0.65750003,0.65799999
2024-01-30 16:00:00,0.65799999,0.66060001,0.65759999,0.66039997
2024-01-30 20:00:00,0.66044998,0.66060001,0.65939999,0.6595
2024-01-31 00:00:00,0.6595,0.66000003,0.6559,0.65689999
2024-01-31 04:00:00,0.65695,0.65750003,0.65600002,0.6573
2024-01-31 08:00:00,0.65740001,0.6591,0.6573,0.65789998
2024-01-31 12:00:00,0.65794998,0.66229999,0.65775001,0.66119999
2024-01-31 16:00:00,0.66109997,0.66189998,0.6573,0.65969998
2024-01-31 20:00:00,0.65960002,0.65960002,0.65509999,0.65619999
2024-02-01 00:00:00,0.65630001,0.65789998,0.65600002,0.65670002
2024-02-01 04:00:00,0.65670002,0.65675002,0.65214998,0.65319997
2024-02-01 08:00:00,0.65329999,0.6534,0.65079999,0.65189999
2024-02-01 12:00:00,0.65195,0.65464997,0.65114999,0.65439999
2024-02-01 16:00:00,0.65445,0.65750003,0.65445,0.65719998
2024-02-01 20:00:00,0.65724999,0.6577,0.65695,0.65745002
2024-02-02 00:00:00,0.65750003,0.66000003,0.65740001,0.65944999
2024-02-02 04:00:00,0.65944999,0.66009998,0.65869999,0.65899998
2024-02-02 08:00:00,0.65899998,0.6609,0.65890002,0.66060001
2024-02-02 12:00:00,0.66060001,0.66109997,0.65069997,0.65189999
2024-02-02 16:00:00,0.65189999,0.65200001,0.65020001,0.65170002
2024-02-04 20:00:00,0.6516,0.65210003,0.64885002,0.6505
2024-02-05 00:00:00,0.65044999,0.65100002,0.64859998,0.65055001
2024-02-05 04:00:00,0.6505,0.65210003,0.65009999,0.65135002
2024-02-05 08:00:00,0.65130001,0.6516,0.64960003,0.65020001
2024-02-05 12:00:00,0.65020001,0.65020001,0.6469,0.64735001
2024-02-05 16:00:00,0.64719999,0.64910001,0.64705002,0.64824998
2024-02-05 20:00:00,0.64815003,0.64850003,0.64775002,0.64805001
2024-02-06 00:00:00,0.648,0.65090001,0.648,0.64999998
2024-02-06 04:00:00,0.65004998,0.65219998,0.6498,0.65079999
2024-02-06 08:00:00,0.65069997,0.65090001,0.6487,0.64960003
2024-02-06 12:00:00,0.64950001,0.65144998,0.64880002,0.65130001
2024-02-06 16:00:00,0.65130001,0.65254998,0.65069997,0.65179998
2024-02-06 20:00:00,0.65189999,0.65294999,0.65179998,0.65275002
2024-02-07 00:00:00,0.65280002,0.6541,0.65249997,0.65289998
2024-02-07 04:00:00,0.65294999,0.65380001,0.65240002,0.65294999
2024-02-07 08:00:00,0.65289998,0.65335,0.65170002,0.65265
2024-02-07 12:00:00,0.65270001,0.65345001,0.65195,0.65289998
2024-02-07 16:00:00,0.65289998,0.65305001,0.65149999,0.65179998
2024-02-07 20:00:00,0.65179998,0.65280002,0.65170002,0.65200001
2024-02-08 00:00:00,0.65200001,0.65324998,0.65200001,0.65245003
2024-02-08 04:00:00,0.65249997,0.65289998,0.65149999,0.65210003
2024-02-08 08:00:00,0.65219998,0.65219998,0.64929998,0.6498
2024-02-08 12:00:00,0.64969999,0.64999998,0.64810002,0.64859998
2024-02-08 16:00:00,0.6487,0.6498,0.64819998,0.64889997
2024-02-08 20:00:00,0.64899999,0.64999998,0.64889997,0.64999998
2024-02-09 00:00:00,0.64999998,0.64999998,0.6487,0.64929998
2024-02-09 04:00:00,0.64929998,0.65079999,0.64905,0.65039998
2024-02-09 08:00:00,0.65065002,0.65130001,0.64990002,0.65125
2024-02-09 12:00:00,0.65109998,0.6534,0.65079999,0.65200001
2024-02-09 16:00:00,0.65205002,0.65249997,0.65125,0.65200001
2024-02-09 20:00:00,0.65210003,0.65270001,0.65195,0.65240002
2024-02-11 20:00:00,0.65170002,0.65259999,0.65130001,0.65249997
2024-02-12 00:00:00,0.65245003,0.65310001,0.65149999,0.65195
2024-02-12 04:00:00,0.65195,0.65319997,0.65149999,0.65259999
2024-02-12 08:00:00,0.65259999,0.65259999,0.6512,0.65219998
2024-02-12 12:00:00,0.6523,0.65315002,0.65179998,0.653
2024-02-12 16:00:00,0.65305001,0.65434998,0.65249997,0.65280002
2024-02-12 20:00:00,0.65275002,0.65324998,0.65254998,0.65289998
2024-02-13 00:00:00,0.65289998,0.65310001,0.65170002,0.65184999
2024-02-13 04:00:00,0.65184999,0.65240002,0.65130001,0.65200001
2024-02-13 08:00:00,0.65210003,0.65254998,0.65100002,0.65214998
2024-02-13 12:00:00,0.65219998,0.65380001,0.64529997,0.64600003
2024-02-13 16:00:00,0.64600003,0.64655,0.64420003,0.6444
2024-02-13 20:00:00,0.64445001,0.64600003,0.64429998,0.64520001
2024-02-14 00:00:00,0.64534998,0.64639997,0.64459997,0.64604998
2024-02-14 04:00:00,0.64604998,0.64815003,0.64600003,0.6476
2024-02-14 08:00:00,0.64765,0.64810002,0.64679998,0.64775002
2024-02-14 12:00:00,0.64775002,0.64885002,0.64719999,0.6487
2024-02-14 16:00:00,0.64850003,0.64955002,0.64829999,0.64899999
2024-02-14 20:00:00,0.64910001,0.64999998,0.64885002,0.64999998
2024-02-15 00:00:00,0.64990002,0.65020001,0.64775002,0.64854997
2024-02-15 04:00:00,0.64845002,0.64999998,0.64829999,0.6494
2024-02-15 08:00:00,0.64929998,0.65039998,0.64920002,0.65004998
2024-02-15 12:00:00,0.64999998,0.653,0.64990002,0.65170002
2024-02-15 16:00:00,0.6516,0.65240002,0.65039998,0.65224999
2024-02-15 20:00:00,0.65224999,0.65289998,0.65189999,0.65254998
2024-02-16 00:00:00,0.65249997,0.65259999,0.65069997,0.65149999
2024-02-16 04:00:00,0.65140003,0.653,0.65109998,0.65219998
2024-02-16 08:00:00,0.6523,0.65265,0.65170002,0.65259999
2024-02-16 12:00:00,0.65254998,0.65305001,0.64969999,0.65249997
2024-02-16 16:00:00,0.65270001,0.65450001,0.65249997,0.65345001
2024-02-16 20:00:00,0.65335,0.65355003,0.653,0.6534
2024-02-18 20:00:00,0.65329999,0.65380001,0.65254998,0.65364999
2024-02-19 00:00:00,0.65369999,0.65515,0.65359998,0.65380001
2024-02-19 04:00:00,0.65380001,0.65474999,0.65359998,0.65429997
2024-02-19 08:00:00,0.65429997,0.65455002,0.65359998,0.65359998
2024-02-19 12:00:00,0.65364999,0.6541,0.6534,0.65355003
2024-02-19 16:00:00,0.65359998,0.65399998,0.65329999,0.65390003
2024-02-19 20:00:00,0.65390003,0.65439999,0.65289998,0.65319997
2024-02-20 00:00:00,0.653,0.65364999,0.65219998,0.65270001
2024-02-20 04:00:00,0.65270001,0.65375,0.65259999,0.65350002
2024-02-20 08:00:00,0.65350002,0.65619999,0.65310001,0.65560001
2024-02-20 12:00:00,0.65560001,0.65799999,0.65539998,0.65679997
2024-02-20 16:00:00,0.65679997,0.65700001,0.65490001,0.65504998
2024-02-20 20:00:00,0.65499997,0.65555,0.65469998,0.65530002
2024-02-21 00:00:00,0.65530002,0.6573,0.6548,0.65705001
2024-02-21 04:00:00,0.65700001,0.6573,0.65570003,0.65640002
2024-02-21 08:00:00,0.65635002,0.65665001,0.65499997,0.65525001
2024-02-21 12:00:00,0.65525001,0.65605003,0.65429997,0.65434998
2024-02-21 16:00:00,0.65434998,0.6552,0.65329999,0.65450001
2024-02-21 20:00:00,0.65460002,0.65549999,0.6541,0.65530002
2024-02-22 00:00:00,0.65544999,0.65614998,0.65420002,0.65504998
2024-02-22 04:00:00,0.65499997,0.6591,0.65469998,0.65890002
2024-02-22 08:00:00,0.65890002,0.65955001,0.65780002,0.65799999
2024-02-22 12:00:00,0.65799999,0.65820003,0.65420002,0.65439999
2024-02-22 16:00:00,0.65450001,0.65565002,0.65404999,0.65549999
2024-02-22 20:00:00,0.65544999,0.65625,0.6552,0.65584999
2024-02-23 00:00:00,0.6559,0.65745002,0.65499997,0.65695
2024-02-23 04:00:00,0.65689999,0.65759999,0.65649998,0.65750003
2024-02-23 08:00:00,0.65750003,0.65799999,0.65509999,0.65670002
2024-02-23 12:00:00,0.65670002,0.65810001,0.65570003,0.65609998
2024-02-23 16:00:00,0.65600002,0.65689999,0.65539998,0.65649998
2024-02-23 20:00:00,0.65649998,0.65654999,0.6559,0.65635002
2024-02-25 20:00:00,0.65679997,0.65679997,0.6559,0.65635002
2024-02-26 00:00:00,0.65640002,0.6566,0.65490001,0.6552
2024-02-26 04:00:00,0.65525001,0.65595001,0.65499997,0.65504998
2024-02-26 08:00:00,0.65509999,0.65544999,0.65420002,0.65504998
2024-02-26 12:00:00,0.6552,0.6559,0.65329999,0.65399998
2024-02-26 16:00:00,0.65394998,0.65399998,0.65310001,0.65350002
2024-02-26 20:00:00,0.65359998,0.65429997,0.6534,0.65394998
2024-02-27 00:00:00,0.65390003,0.65399998,0.65249997,0.65390003
2024-02-27 04:00:00,0.65385002,0.65555,0.65385002,0.6552
2024-02-27 08:00:00,0.6552,0.65584999,0.65439999,0.65495002
2024-02-27 12:00:00,0.65495002,0.65579998,0.65310001,0.65455002
2024-02-27 16:00:00,0.65460002,0.6552,0.65380001,0.65434998
2024-02-27 20:00:00,0.65429997,0.6548,0.6541,0.65429997
2024-02-28 00:00:00,0.65439999,0.65499997,0.65200001,0.65210003
2024-02-28 04:00:00,0.65219998,0.65235001,0.65060002,0.65079999
2024-02-28 08:00:00,0.65100002,0.65100002,0.64899999,0.65009999
2024-02-28 12:00:00,0.65004998,0.65034997,0.64910001,0.6494
2024-02-28 16:00:00,0.64929998,0.64999998,0.64889997,0.64920002
2024-02-28 20:00:00,0.64929998,0.65044999,0.64920002,0.64945
2024-02-29 00:00:00,0.64945,0.65200001,0.64910001,0.6516
2024-02-29 04:00:00,0.65154999,0.65219998,0.65069997,0.65144998
2024-02-29 08:00:00,0.65130001,0.65144998,0.6494,0.64990002
2024-02-29 12:00:00,0.64985001,0.65319997,0.64864999,0.65109998
2024-02-29 16:00:00,0.6512,0.65130001,0.64910001,0.6494
2024-02-29 20:00:00,0.6494,0.65020001,0.6494,0.65004998
2024-03-01 00:00:00,0.65009999,0.65140003,0.64969999,0.65130001
2024-03-01 04:00:00,0.65140003,0.65140003,0.65020001,0.65025002
2024-03-01 08:00:00,0.65030003,0.65100002,0.64899999,0.65069997
2024-03-01 12:00:00,0.65074998,0.65335,0.64899999,0.65335
2024-03-01 16:00:00,0.65319997,0.65345001,0.65240002,0.65315002
2024-03-01 20:00:00,0.65310001,0.65310001,0.65240002,0.65249997
2024-03-03 20:00:00,0.65265,0.653,0.65219998,0.65270001
2024-03-04 00:00:00,0.65270001,0.65355003,0.65189999,0.65224999
2024-03-04 04:00:00,0.6523,0.65275002,0.6516,0.65259999
2024-03-04 08:00:00,0.65254998,0.65275002,0.65149999,0.65224999
2024-03-04 12:00:00,0.6523,0.65254998,0.65095001,0.65195
2024-03-04 16:00:00,0.65195,0.65235001,0.65079999,0.65104997
2024-03-04 20:00:00,0.65100002,0.65130001,0.65039998,0.65069997
2024-03-05 00:00:00,0.65069997,0.6512,0.64974999,0.65025002
2024-03-05 04:00:00,0.65030003,0.65039998,0.64775002,0.64854997
2024-03-05 08:00:00,0.64850003,0.64974999,0.64789999,0.64929998
2024-03-05 12:00:00,0.64929998,0.65214998,0.64880002,0.65200001
2024-03-05 16:00:00,0.65210003,0.65210003,0.65009999,0.65034997
2024-03-05 20:00:00,0.65034997,0.65085,0.64999998,0.65034997
2024-03-06 00:00:00,0.65034997,0.65149999,0.64920002,0.65149999
2024-03-06 04:00:00,0.65149999,0.65254998,0.6512,0.65189999
2024-03-06 08:00:00,0.65179998,0.65275002,0.6512,0.65265
2024-03-06 12:00:00,0.65259999,0.65700001,0.65200001,0.65649998
2024-03-06 16:00:00,0.6566,0.65820003,0.65614998,0.65670002
2024-03-06 20:00:00,0.65649998,0.65675002,0.65609998,0.6566
2024-03-07 00:00:00,0.6566,0.6584,0.65640002,0.65824997
2024-03-07 04:00:00,0.65820003,0.65904999,0.65740001,0.65894997
2024-03-07 08:00:00,0.65904999,0.6609,0.65829998,0.66030002
2024-03-07 12:00:00,0.66030002,0.66184998,0.66014999,0.66149998
2024-03-07 16:00:00,0.66170001,0.66254997,0.6613,0.66215003
2024-03-07 20:00:00,0.66219997,0.66219997,0.66159999,0.66215003
2024-03-08 00:00:00,0.66210002,0.66299999,0.6613,0.66259998
2024-03-08 04:00:00,0.6627,0.66369998,0.66240001,0.66360003
2024-03-08 08:00:00,0.66369998,0.66485,0.66305,0.66460001
2024-03-08 12:00:00,0.66460001,0.66670001,0.66229999,0.66420001
2024-03-08 16:00:00,0.66420001,0.66420001,0.66149998,0.66254997
2024-03-08 20:00:00,0.66250002,0.66280001,0.66175002,0.66250002
2024-03-10 20:00:00,0.66250002,0.66264999,0.66180003,0.66240001
2024-03-11 00:00:00,0.66250002,0.6627,0.66074997,0.66125
2024-03-11 04:00:00,0.66119999,0.662,0.66049999,0.66184998
2024-03-11 08:00:00,0.66175002,0.66215003,0.66070002,0.66149998
2024-03-11 12:00:00,0.66149998,0.66165,0.65960002,0.66079998
2024-03-11 16:00:00,0.66074997,0.6613,0.66030002,0.66109997
2024-03-11 20:00:00,0.66109997,0.66170001,0.6609,0.66140002
2024-03-12 00:00:00,0.66149998,0.66219997,0.66100001,0.66170001
2024-03-12 04:00:00,0.66159999,0.66210002,0.66084999,0.662
2024-03-12 08:00:00,0.66180003,0.66215003,0.66100001,0.66154999
2024-03-12 12:00:00,0.66149998,0.66390002,0.6584,0.66000003
2024-03-12 16:00:00,0.66000003,0.66060001,0.6591,0.66039997
2024-03-12 20:00:00,0.66049999,0.6609,0.6602,0.66070002
2024-03-13 00:00:00,0.66070002,0.66165,0.66000003,0.66140002
2024-03-13 04:00:00,0.66135001,0.66189998,0.66070002,0.66140002
2024-03-13 08:00:00,0.66149998,0.66170001,0.66030002,0.6613
2024-03-13 12:00:00,0.66125,0.66245002,0.66060001,0.66219997
2024-03-13 16:00:00,0.66219997,0.66355002,0.662,0.66210002
2024-03-13 20:00:00,0.66219997,0.66289997,0.66184998,0.66275001
2024-03-14 00:00:00,0.66280001,0.66320002,0.66109997,0.66125
2024-03-14 04:00:00,0.6613,0.66215003,0.66095001,0.66189998
2024-03-14 08:00:00,0.66194999,0.66289997,0.66159999,0.66240001
2024-03-14 12:00:00,0.66229999,0.66299999,0.65695,0.6584
2024-03-14 16:00:00,0.6584,0.6591,0.6573,0.65824997
2024-03-14 20:00:00,0.65829998,0.65850002,0.65740001,0.65799999
2024-03-15 00:00:00,0.65789998,0.65799999,0.65574998,0.65649998
2024-03-15 04:00:00,0.65644997,0.65735,0.65579998,0.65584999
2024-03-15 08:00:00,0.6559,0.6573,0.6552,0.65695
2024-03-15 12:00:00,0.65689999,0.65745002,0.6559,0.65679997
2024-03-15 16:00:00,0.6566,0.65700001,0.65549999,0.65605003
2024-03-15 20:00:00,0.65609998,0.65630001,0.65600002,0.65609998
2024-03-17 20:00:00,0.65600002,0.65635002,0.65560001,0.65579998
2024-03-18 00:00:00,0.65579998,0.65700001,0.65539998,0.65630001
2024-03-18 04:00:00,0.65630001,0.65710002,0.65605003,0.65675002
2024-03-18 08:00:00,0.65670002,0.65745002,0.65640002,0.65724999
2024-03-18 12:00:00,0.65719998,0.65745002,0.65579998,0.65619999
2024-03-18 16:00:00,0.65609998,0.65609998,0.65499997,0.65570003
2024-03-18 20:00:00,0.65570003,0.65600002,0.65539998,0.65579998
2024-03-19 00:00:00,0.65579998,0.65644997,0.65319997,0.6541
2024-03-19 04:00:00,0.65420002,0.65429997,0.65130001,0.65189999
2024-03-19 08:00:00,0.65200001,0.65200001,0.65034997,0.65189999
2024-03-19 12:00:00,0.65200001,0.6534,0.65130001,0.65280002
2024-03-19 16:00:00,0.65280002,0.65359998,0.65254998,0.65324998
2024-03-19 20:00:00,0.65319997,0.65350002,0.65240002,0.65240002
2024-03-20 00:00:00,0.65249997,0.65420002,0.65200001,0.65359998
2024-03-20 04:00:00,0.65369999,0.65369999,0.65249997,0.653
2024-03-20 08:00:00,0.653,0.653,0.65109998,0.65195
2024-03-20 12:00:00,0.65200001,0.65319997,0.65144998,0.65284997
2024-03-20 16:00:00,0.65294999,0.65864998,0.65270001,0.65855002
2024-03-20 20:00:00,0.6584,0.66000003,0.65789998,0.66000003
2024-03-21 00:00:00,0.65990001,0.66285002,0.65894997,0.66235
2024-03-21 04:00:00,0.66240001,0.66345,0.66210002,0.66240001
2024-03-21 08:00:00,0.66229999,0.66240001,0.65969998,0.65990001
2024-03-21 12:00:00,0.66000003,0.66055,0.65609998,0.65700001
2024-03-21 16:00:00,0.65700001,0.65740001,0.6566,0.65695
2024-03-21 20:00:00,0.65689999,0.65759999,0.65679997,0.65714997
2024-03-22 00:00:00,0.65710002,0.6577,0.65259999,0.65270001
2024-03-22 04:00:00,0.65270001,0.65324998,0.65104997,0.65149999
2024-03-22 08:00:00,0.6516,0.65235001,0.65104997,0.65130001
2024-03-22 12:00:00,0.65130001,0.65310001,0.6512,0.65200001
2024-03-22 16:00:00,0.65200001,0.65214998,0.65104997,0.65130001
2024-03-22 20:00:00,0.65125,0.6516,0.6512,0.65149999
2024-03-24 20:00:00,0.65140003,0.65200001,0.65109998,0.65149999
2024-03-25 00:00:00,0.6516,0.65439999,0.65100002,0.65259999
2024-03-25 04:00:00,0.65270001,0.65310001,0.6516,0.65219998
2024-03-25 08:00:00,0.65219998,0.65350002,0.65210003,0.65324998
2024-03-25 12:00:00,0.65319997,0.65469998,0.65310001,0.65369999
2024-03-25 16:00:00,0.65359998,0.6541,0.65350002,0.65375
2024-03-25 20:00:00,0.65375,0.65439999,0.65350002,0.65380001
2024-03-26 00:00:00,0.65385002,0.65549999,0.65315002,0.65350002
2024-03-26 04:00:00,0.6534,0.65469998,0.65329999,0.65394998
2024-03-26 08:00:00,0.65390003,0.65600002,0.65350002,0.65530002
2024-03-26 12:00:00,0.65530002,0.65530002,0.65319997,0.65359998
2024-03-26 16:00:00,0.65364999,0.6541,0.65310001,0.65310001
2024-03-26 20:00:00,0.65310001,0.65390003,0.65310001,0.65390003
2024-03-27 00:00:00,0.65390003,0.65390003,0.65109998,0.65214998
2024-03-27 04:00:00,0.65210003,0.65329999,0.65210003,0.65280002
2024-03-27 08:00:00,0.65280002,0.65319997,0.65144998,0.6523
2024-03-27 12:00:00,0.65219998,0.65324998,0.65130001,0.65240002
2024-03-27 16:00:00,0.65245003,0.65335,0.65200001,0.65335
2024-03-27 20:00:00,0.65329999,0.65355003,0.65179998,0.65240002
2024-03-28 00:00:00,0.65235001,0.6541,0.65149999,0.65319997
2024-03-28 04:00:00,0.65319997,0.65355003,0.65034997,0.65055001
2024-03-28 08:00:00,0.65060002,0.65069997,0.64850003,0.64910001
2024-03-28 12:00:00,0.64889997,0.65259999,0.64880002,0.65240002
2024-03-28 16:00:00,0.65240002,0.65289998,0.65140003,0.65170002
2024-03-28 20:00:00,0.6516,0.65200001,0.6512,0.65154999
2024-03-29 00:00:00,0.6516,0.65245003,0.65109998,0.65125
2024-03-29 04:00:00,0.65114999,0.65144998,0.65044999,0.65085
2024-03-29 08:00:00,0.65100002,0.65154999,0.65079999,0.65144998
2024-03-29 12:00:00,0.65140003,0.65335,0.65090001,0.65224999
2024-03-29 16:00:00,0.65214998,0.65249997,0.65144998,0.65200001
2024-03-29 20:00:00,0.65200001,0.65254998,0.65100002,0.65219998
2024-03-31 20:00:00,0.65210003,0.65364999,0.65210003,0.65319997
2024-04-01 00:00:00,0.6534,0.65390003,0.65179998,0.65259999
2024-04-01 04:00:00,0.65265,0.65289998,0.65140003,0.65249997
2024-04-01 08:00:00,0.65249997,0.65289998,0.65149999,0.65154999
2024-04-01 12:00:00,0.65154999,0.65200001,0.64810002,0.64819998
2024-04-01 16:00:00,0.64829999,0.64889997,0.64819998,0.64880002
2024-04-01 20:00:00,0.64880002,0.64929998,0.64829999,0.64880002
2024-04-02 00:00:00,0.64889997,0.64990002,0.64850003,0.64875001
2024-04-02 04:00:00,0.64880002,0.65004998,0.64850003,0.64985001
2024-04-02 08:00:00,0.6498,0.6512,0.64974999,0.65069997
2024-04-02 12:00:00,0.65069997,0.65245003,0.64950001,0.65130001
2024-04-02 16:00:00,0.65125,0.6516,0.65069997,0.6516
2024-04-02 20:00:00,0.65154999,0.65219998,0.6512,0.65135002
2024-04-03 00:00:00,0.65130001,0.65205002,0.65039998,0.65200001
2024-04-03 04:00:00,0.65195,0.65254998,0.65079999,0.65095001
2024-04-03 08:00:00,0.65100002,0.65189999,0.65030003,0.65179998
2024-04-03 12:00:00,0.65179998,0.65609998,0.65109998,0.65570003
2024-04-03 16:00:00,0.65570003,0.65705001,0.65509999,0.65619999
2024-04-03 20:00:00,0.65625,0.65710002,0.65609998,0.65684998
2024-04-04 00:00:00,0.65679997,0.65829998,0.65649998,0.65815002
2024-04-04 04:00:00,0.65810001,0.65995002,0.65805,0.65925002
2024-04-04 08:00:00,0.65925002,0.66135001,0.6591,0.66025001
2024-04-04 12:00:00,0.6602,0.66194999,0.65979999,0.66145003
2024-04-04 16:00:00,0.66145003,0.66180003,0.65794998,0.65799999
2024-04-04 20:00:00,0.65810001,0.65930003,0.65799999,0.65880001
2024-04-05 00:00:00,0.65880001,0.65930003,0.65619999,0.65710002
2024-04-05 04:00:00,0.65710002,0.65845001,0.65679997,0.65829998
2024-04-05 08:00:00,0.65820003,0.65890002,0.6577,0.6584
2024-04-05 12:00:00,0.6584,0.65925002,0.65490001,0.65829998
2024-04-05 16:00:00,0.65829998,0.65875,0.65775001,0.65799999
2024-04-05 20:00:00,0.65799999,0.65829998,0.65780002,0.65780002
2024-04-07 21:00:00,0.65710002,0.65759999,0.65595001,0.65619999
2024-04-08 01:00:00,0.65609998,0.65899998,0.65600002,0.65789998
2024-04-08 05:00:00,0.65789998,0.65885001,0.65754998,0.65805
2024-04-08 09:00:00,0.65805,0.65930003,0.65785003,0.65915
2024-04-08 13:00:00,0.65930003,0.66109997,0.65930003,0.66000003
2024-04-08 17:00:00,0.66014999,0.66084999,0.65990001,0.66044998
2024-04-08 21:00:00,0.66030002,0.6609,0.66009998,0.66039997
2024-04-09 01:00:00,0.66049999,0.6613,0.65990001,0.66084999
2024-04-09 05:00:00,0.66084999,0.66125,0.65974998,0.66119999
2024-04-09 09:00:00,0.66109997,0.66360003,0.6609,0.66325003
2024-04-09 13:00:00,0.6631,0.66444999,0.66149998,0.66194999
2024-04-09 17:00:00,0.66184998,0.66299999,0.66159999,0.66289997
2024-04-09 21:00:00,0.66289997,0.66320002,0.66229999,0.66275001
2024-04-10 01:00:00,0.66275001,0.66299999,0.66170001,0.66215003
2024-04-10 05:00:00,0.66215003,0.66294998,0.66194999,0.66259998
2024-04-10 09:00:00,0.6627,0.6627,0.65469998,0.65549999
2024-04-10 13:00:00,0.65555,0.65555,0.64990002,0.65069997
2024-04-10 17:00:00,0.65069997,0.65219998,0.64990002,0.65130001
2024-04-10 21:00:00,0.65140003,0.65179998,0.65020001,0.65085
2024-04-11 01:00:00,0.65085,0.65219998,0.65060002,0.65195
2024-04-11 05:00:00,0.65200001,0.65310001,0.65140003,0.65219998
2024-04-11 09:00:00,0.65210003,0.65469998,0.6516,0.65450001
2024-04-11 13:00:00,0.65455002,0.65535003,0.65100002,0.6523
2024-04-11 17:00:00,0.65245003,0.65460002,0.65219998,0.65375
2024-04-11 21:00:00,0.6541,0.65429997,0.65329999,0.65399998
2024-04-12 01:00:00,0.65390003,0.65429997,0.65259999,0.65265
2024-04-12 05:00:00,0.65270001,0.65310001,0.65090001,0.65135002
2024-04-12 09:00:00,0.65135002,0.65154999,0.64749998,0.64770001
2024-04-12 13:00:00,0.64770001,0.648,0.64609998,0.6462
2024-04-12 17:00:00,0.64630002,0.64695001,0.64560002,0.6462
2024-04-14 21:00:00,0.6473,0.64810002,0.6469,0.64700001
2024-04-15 01:00:00,0.64719999,0.64889997,0.64595002,0.6487
2024-04-15 05:00:00,0.64859998,0.64929998,0.6476,0.64810002
2024-04-15 09:00:00,0.64819998,0.64889997,0.64639997,0.64789999
2024-04-15 13:00:00,0.64810002,0.64880002,0.64539999,0.64590001
2024-04-15 17:00:00,0.64590001,0.6462,0.64375001,0.64429998
2024-04-15 21:00:00,0.64405,0.64450002,0.64240003,0.64240003
2024-04-16 01:00:00,0.64249998,0.64279997,0.6408,0.64209998
2024-04-16 05:00:00,0.64219999,0.64295,0.64109999,0.64139998
2024-04-16 09:00:00,0.64139998,0.64275002,0.64099997,0.64170003
2024-04-16 13:00:00,0.64170003,0.6419,0.6397,0.64090002
2024-04-16 17:00:00,0.64090002,0.64200002,0.639,0.64020002
2024-04-16 21:00:00,0.64025003,0.6419,0.63999999,0.64139998
2024-04-17 01:00:00,0.64139998,0.64240003,0.64095002,0.64139998
2024-04-17 05:00:00,0.64139998,0.64319998,0.64020002,0.6426
2024-04-17 09:00:00,0.64275002,0.64305001,0.64179999,0.64230001
2024-04-17 13:00:00,0.64230001,0.64380002,0.64090002,0.64179999
2024-04-17 17:00:00,0.64179999,0.64459997,0.64170003,0.64349997
2024-04-17 21:00:00,0.64349997,0.64420003,0.64300001,0.64410001
2024-04-18 01:00:00,0.64410001,0.64569998,0.64310002,0.64475
2024-04-18 05:00:00,0.64475,0.64555001,0.64410001,0.64475
2024-04-18 09:00:00,0.64475,0.64490002,0.6433,0.64420003
2024-04-18 13:00:00,0.64420003,0.64464998,0.64249998,0.64289999
2024-04-18 17:00:00,0.64279997,0.64295,0.64160001,0.64209998
2024-04-18 21:00:00,0.64200002,0.64254999,0.64050001,0.64069998
2024-04-19 01:00:00,0.64069998,0.64099997,0.63620001,0.63999999
2024-04-19 05:00:00,0.63999999,0.64249998,0.63935,0.64160001
2024-04-19 09:00:00,0.64155,0.64270002,0.64055002,0.64219999
2024-04-19 13:00:00,0.64209998,0.6433,0.6408,0.64219999
2024-04-19 17:00:00,0.64219999,0.64265001,0.64130002,0.64184999
2024-04-21 21:00:00,0.64214998,0.6444,0.64209998,0.64319998
2024-04-22 01:00:00,0.6433,0.6455,0.64319998,0.64345002
2024-04-22 05:00:00,0.64349997,0.64380002,0.6426,0.64359999
2024-04-22 09:00:00,0.64359999,0.64445001,0.64324999,0.64380002
2024-04-22 13:00:00,0.64375001,0.6444,0.64240003,0.64410001
2024-04-22 17:00:00,0.64420003,0.64539999,0.64420003,0.64485002
2024-04-22 21:00:00,0.64480001,0.64600003,0.64464998,0.64600003
2024-04-23 01:00:00,0.64595002,0.64655,0.64504999,0.64590001
2024-04-23 05:00:00,0.64579999,0.6462,0.6444,0.6444
2024-04-23 09:00:00,0.6444,0.64569998,0.64410001,0.64560002
2024-04-23 13:00:00,0.6455,0.64910001,0.6451,0.64840001
2024-04-23 17:00:00,0.64845002,0.64905,0.64829999,0.6487
2024-04-23 21:00:00,0.64829999,0.64960003,0.64819998,0.64950001
2024-04-24 01:00:00,0.64945,0.653,0.64929998,0.65179998
2024-04-24 05:00:00,0.65179998,0.65210003,0.65020001,0.6505
2024-04-24 09:00:00,0.6505,0.65100002,0.64960003,0.64990002
2024-04-24 13:00:00,0.64990002,0.65065002,0.64829999,0.64929998
2024-04-24 17:00:00,0.64934999,0.65039998,0.64905,0.64985001
2024-04-24 21:00:00,0.6498,0.65034997,0.64920002,0.65004998
2024-04-25 01:00:00,0.65004998,0.65109998,0.64920002,0.65069997
2024-04-25 05:00:00,0.65069997,0.65305001,0.6505,0.65289998
2024-04-25 09:00:00,0.65289998,0.65390003,0.64920002,0.6498
2024-04-25 13:00:00,0.64990002,0.65149999,0.64850003,0.65135002
2024-04-25 17:00:00,0.65130001,0.65219998,0.65100002,0.65189999
2024-04-25 21:00:00,0.65179998,0.65270001,0.65170002,0.65249997
2024-04-26 01:00:00,0.65249997,0.65319997,0.65184999,0.65270001
2024-04-26 05:00:00,0.65275002,0.65539998,0.65270001,0.65485001
2024-04-26 09:00:00,0.65485001,0.65530002,0.65310001,0.65439999
2024-04-26 13:00:00,0.65439999,0.65499997,0.65170002,0.65310001
2024-04-26 17:00:00,0.65310001,0.6541,0.653,0.65319997
2024-04-28 21:00:00,0.65369999,0.6552,0.65350002,0.65509999
2024-04-29 01:00:00,0.65495002,0.65869999,0.65460002,0.65759999
2024-04-29 05:00:00,0.65740001,0.65810001,0.65499997,0.65574998
2024-04-29 09:00:00,0.65560001,0.65710002,0.65530002,0.65560001
2024-04-29 13:00:00,0.65560001,0.6573,0.65460002,0.65689999
2024-04-29 17:00:00,0.65689999,0.65740001,0.65595001,0.65670002
2024-04-29 21:00:00,0.65665001,0.65679997,0.65539998,0.65600002
2024-04-30 01:00:00,0.65605003,0.65644997,0.653,0.65329999
2024-04-30 05:00:00,0.65329999,0.65335,0.65135002,0.65270001
2024-04-30 09:00:00,0.65280002,0.65369999,0.6498,0.64999998
2024-04-30 13:00:00,0.65009999,0.65109998,0.64815003,0.6487
2024-04-30 17:00:00,0.64875001,0.64924997,0.64719999,0.64725
2024-04-30 21:00:00,0.64725,0.64819998,0.64660001,0.64660001
2024-05-01 01:00:00,0.64660001,0.64735001,0.64649999,0.64719999
2024-05-01 05:00:00,0.64719999,0.64819998,0.64700001,0.648
2024-05-01 09:00:00,0.648,0.64924997,0.64775002,0.64850003
2024-05-01 13:00:00,0.64850003,0.6498,0.64829999,0.64889997
2024-05-01 17:00:00,0.64894998,0.6541,0.64829999,0.65224999
2024-05-01 21:00:00,0.65240002,0.65329999,0.65154999,0.65214998
2024-05-02 01:00:00,0.65219998,0.65390003,0.65149999,0.65350002
2024-05-02 05:00:00,0.65355003,0.65499997,0.65329999,0.65369999
2024-05-02 09:00:00,0.65359998,0.65429997,0.65200001,0.65289998
2024-05-02 13:00:00,0.65289998,0.65605003,0.65170002,0.65565002
2024-05-02 17:00:00,0.65570003,0.65735,0.65539998,0.65654999
2024-05-02 21:00:00,0.65644997,0.65799999,0.65625,0.65785003
2024-05-03 01:00:00,0.65780002,0.65850002,0.65705001,0.65735
2024-05-03 05:00:00,0.6573,0.6584,0.65679997,0.65829998
2024-05-03 09:00:00,0.65820003,0.66469997,0.65775001,0.66369998
2024-05-03 13:00:00,0.66374999,0.66479999,0.66009998,0.66119999
2024-05-03 17:00:00,0.66114998,0.66154999,0.66049999,0.66095001
2024-05-05 21:00:00,0.66140002,0.66180003,0.66049999,0.66170001
2024-05-06 01:00:00,0.66180003,0.66240001,0.66105002,0.66149998
2024-05-06 05:00:00,0.66140002,0.66299999,0.6609,0.66280001
2024-05-06 09:00:00,0.66280001,0.66390002,0.66229999,0.66334999
2024-05-06 13:00:00,0.66339999,0.66369998,0.66189998,0.6627
2024-05-06 17:00:00,0.66264999,0.66299999,0.662,0.66254997
2024-05-06 21:00:00,0.66219997,0.66455001,0.66210002,0.66390002
2024-05-07 01:00:00,0.66390002,0.66430002,0.65974998,0.66079998
2024-05-07 05:00:00,0.66079998,0.66135001,0.65859997,0.66009998
2024-05-07 09:00:00,0.66000003,0.662,0.65920001,0.66194999
2024-05-07 13:00:00,0.662,0.66245002,0.66000003,0.66009998
2024-05-07 17:00:00,0.6602,0.66030002,0.65880001,0.65974998
2024-05-07 21:00:00,0.65969998,0.66004997,0.65815002,0.65829998
2024-05-08 01:00:00,0.65820003,0.65829998,0.65695,0.6577
2024-05-08 05:00:00,0.6577,0.65824997,0.65640002,0.6566
2024-05-08 09:00:00,0.65654999,0.65740001,0.65574998,0.65625
2024-05-08 13:00:00,0.65619999,0.65855002,0.65619999,0.65764999
2024-05-08 17:00:00,0.65780002,0.65799999,0.65750003,0.65794998
2024-05-08 21:00:00,0.65785003,0.65829998,0.65695,0.65705001
2024-05-09 01:00:00,0.65705001,0.65869999,0.65700001,0.65789998
2024-05-09 05:00:00,0.65799999,0.65820003,0.65649998,0.65764999
2024-05-09 09:00:00,0.65759999,0.66079998,0.6573,0.66030002
2024-05-09 13:00:00,0.66030002,0.6613,0.65899998,0.6609
2024-05-09 17:00:00,0.6609,0.66219997,0.66070002,0.66194999
2024-05-09 21:00:00,0.66189998,0.66229999,0.66109997,0.66114998
2024-05-10 01:00:00,0.66119999,0.66189998,0.66000003,0.66074997
2024-05-10 05:00:00,0.66070002,0.66175002,0.66060001,0.6609
2024-05-10 09:00:00,0.6609,0.66135001,0.66039997,0.66100001
2024-05-10 13:00:00,0.66109997,0.66229999,0.65960002,0.66065001
2024-05-10 17:00:00,0.66070002,0.66100001,0.6602,0.66035002
2024-05-12 21:00:00,0.66035002,0.66074997,0.65939999,0.6595
2024-05-13 01:00:00,0.6595,0.66009998,0.65850002,0.65944999
2024-05-13 05:00:00,0.6595,0.66105002,0.65930003,0.66074997
2024-05-13 09:00:00,0.66079998,0.66254997,0.66055,0.66224998
2024-05-13 13:00:00,0.66229999,0.66294998,0.66044998,0.66074997
2024-05-13 17:00:00,0.66084999,0.66105002,0.66014999,0.66079998
2024-05-13 21:00:00,0.66079998,0.6613,0.66030002,0.66044998
2024-05-14 01:00:00,0.66049999,0.6609,0.65979999,0.66004997
2024-05-14 05:00:00,0.66000003,0.66095001,0.65979999,0.66030002
2024-05-14 09:00:00,0.66035002,0.66229999,0.65799999,0.66180003
2024-05-14 13:00:00,0.66180003,0.66285002,0.6613,0.66205001
2024-05-14 17:00:00,0.66210002,0.66280001,0.66159999,0.66275001
2024-05-14 21:00:00,0.66240001,0.6631,0.66219997,0.6627
2024-05-15 01:00:00,0.6627,0.6652,0.66229999,0.66409999
2024-05-15 05:00:00,0.66420001,0.66479999,0.66390002,0.66460001
2024-05-15 09:00:00,0.6645,0.66799998,0.66329998,0.66619998
2024-05-15 13:00:00,0.66619998,0.66874999,0.66280001,0.66869998
2024-05-15 17:00:00,0.66874999,0.66955,0.66839999,0.66935003
2024-05-15 21:00:00,0.66935003,0.67145002,0.66895002,0.67119998
2024-05-16 01:00:00,0.67119998,0.67119998,0.66769999,0.66874999
2024-05-16 05:00:00,0.66874999,0.66900003,0.6674,0.6681
2024-05-16 09:00:00,0.6681,0.66829997,0.66649997,0.66649997
2024-05-16 13:00:00,0.66670001,0.66829997,0.66540003,0.66780001
2024-05-16 17:00:00,0.66785002,0.66829997,0.6674,0.66780001
2024-05-16 21:00:00,0.66785002,0.66839999,0.66720003,0.6674
2024-05-17 01:00:00,0.6674,0.66764998,0.66584998,0.6663
2024-05-17 05:00:00,0.66624999,0.66769999,0.66509998,0.66554999
2024-05-17 09:00:00,0.66544998,0.66635001,0.66479999,0.66624999
2024-05-17 13:00:00,0.6663,0.66930002,0.66624999,0.66860002
2024-05-17 17:00:00,0.66855001,0.67019999,0.66850001,0.66935003
2024-05-19 21:00:00,0.66935003,0.67049998,0.66930002,0.67005002
2024-05-20 01:00:00,0.67000002,0.671,0.66939998,0.67070001
2024-05-20 05:00:00,0.67075002,0.67084998,0.66900003,0.66925001
2024-05-20 09:00:00,0.66930002,0.66974998,0.66619998,0.66649997
2024-05-20 13:00:00,0.66659999,0.66825002,0.66654998,0.66750002
2024-05-20 17:00:00,0.66750002,0.66799998,0.66659999,0.66680002
2024-05-20 21:00:00,0.667,0.66750002,0.66654998,0.66715002
2024-05-21 01:00:00,0.66715002,0.66755003,0.66460001,0.66570002
2024-05-21 05:00:00,0.66575003,0.667,0.66530001,0.66659999
2024-05-21 09:00:00,0.66649997,0.66794997,0.66640002,0.66710001
2024-05-21 13:00:00,0.66659999,0.66794997,0.66570002,0.66649997
2024-05-21 17:00:00,0.66645002,0.66684997,0.66600001,0.66659999
2024-05-21 21:00:00,0.66670001,0.66720003,0.66645002,0.66689998
2024-05-22 01:00:00,0.66689998,0.66855001,0.6663,0.66670001
2024-05-22 05:00:00,0.66680002,0.66745001,0.66530001,0.66610003
2024-05-22 09:00:00,0.66610003,0.66675001,0.66439998,0.6645
2024-05-22 13:00:00,0.66455001,0.66565001,0.66329998,0.66404998
2024-05-22 17:00:00,0.66399997,0.66430002,0.66079998,0.66194999
2024-05-22 21:00:00,0.66194999,0.66250002,0.66125,0.66170001
2024-05-23 01:00:00,0.66180003,0.66334999,0.66149998,0.66275001
2024-05-23 05:00:00,0.66275001,0.6631,0.66170001,0.66280001
2024-05-23 09:00:00,0.6627,0.66460001,0.66259998,0.66409999
2024-05-23 13:00:00,0.66409999,0.66530001,0.662,0.66219997
2024-05-23 17:00:00,0.662,0.66205001,0.65979999,0.66074997
2024-05-23 21:00:00,0.66065001,0.66070002,0.6595,0.6602
2024-05-24 01:00:00,0.66009998,0.66049999,0.65920001,0.66014999
2024-05-24 05:00:00,0.66009998,0.66145003,0.65939999,0.66119999
2024-05-24 09:00:00,0.66119999,0.66210002,0.66079998,0.66159999
2024-05-24 13:00:00,0.66170001,0.66374999,0.6613,0.66299999
2024-05-24 17:00:00,0.66289997,0.66364998,0.66259998,0.66285002
2024-05-26 21:00:00,0.6631,0.6631,0.66219997,0.66294998
2024-05-27 01:00:00,0.66289997,0.6638,0.6627,0.66369998
2024-05-27 05:00:00,0.66350001,0.66430002,0.66305,0.66420001
2024-05-27 09:00:00,0.66415,0.66509998,0.66409999,0.66495001
2024-05-27 13:00:00,0.66509998,0.66600001,0.6649,0.66540003
2024-05-27 17:00:00,0.66549999,0.66589999,0.66530001,0.66530001
2024-05-27 21:00:00,0.66530001,0.66610003,0.66525,0.66544998
2024-05-28 01:00:00,0.66540003,0.6674,0.66540003,0.66689998
2024-05-28 05:00:00,0.66689998,0.66710001,0.66544998,0.66595
2024-05-28 09:00:00,0.66595,0.66729999,0.6656,0.667
2024-05-28 13:00:00,0.667,0.66799998,0.6652,0.66589999
2024-05-28 17:00:00,0.66589999,0.66610003,0.66425002,0.66495001
2024-05-28 21:00:00,0.66540003,0.66570002,0.66390002,0.66430002
2024-05-29 01:00:00,0.66420001,0.66654998,0.66404998,0.66509998
2024-05-29 05:00:00,0.66505003,0.66619998,0.66420001,0.66509998
2024-05-29 09:00:00,0.66509998,0.6652,0.66259998,0.66299999
2024-05-29 13:00:00,0.6631,0.66320002,0.66119999,0.662
2024-05-29 17:00:00,0.66189998,0.66235,0.66095001,0.66100001
2024-05-29 21:00:00,0.66100001,0.66145003,0.66060001,0.66109997
2024-05-30 01:00:00,0.66119999,0.66210002,0.66000003,0.66060001
2024-05-30 05:00:00,0.66060001,0.66175002,0.6591,0.66149998
2024-05-30 09:00:00,0.66140002,0.66360003,0.66070002,0.66339999
2024-05-30 13:00:00,0.66329998,0.66485,0.66280001,0.6645
2024-05-30 17:00:00,0.66444999,0.66465002,0.66259998,0.66334999
2024-05-30 21:00:00,0.66320002,0.66385001,0.66280001,0.66364998
2024-05-31 01:00:00,0.66364998,0.66399997,0.66259998,0.66334999
2024-05-31 05:00:00,0.66329998,0.66444999,0.66280001,0.66399997
2024-05-31 09:00:00,0.66395003,0.66675001,0.66360003,0.66659999
2024-05-31 13:00:00,0.66659999,0.66729999,0.66329998,0.66415
2024-05-31 17:00:00,0.66404998,0.66549999,0.66395003,0.66540003
2024-06-02 21:00:00,0.66540003,0.66640002,0.66509998,0.66614997
2024-06-03 01:00:00,0.66610003,0.66649997,0.66439998,0.66479999
2024-06-03 05:00:00,0.66469997,0.66495001,0.66329998,0.66420001
2024-06-03 09:00:00,0.66430002,0.66675001,0.66350001,0.66640002
2024-06-03 13:00:00,0.66645002,0.66949999,0.66600001,0.66720003
2024-06-03 17:00:00,0.66724998,0.66900003,0.6663,0.66895002
2024-06-03 21:00:00,0.66895002,0.6699,0.66799998,0.6688
2024-06-04 01:00:00,0.6688,0.66895002,0.66750002,0.66820002
2024-06-04 05:00:00,0.66815001,0.66829997,0.66460001,0.6652
2024-06-04 09:00:00,0.66509998,0.6652,0.6631,0.66439998
2024-06-04 13:00:00,0.66439998,0.66530001,0.66339999,0.66439998
2024-06-04 17:00:00,0.66439998,0.66540003,0.66404998,0.6649
2024-06-04 21:00:00,0.6645,0.6656,0.66420001,0.66505003
2024-06-05 01:00:00,0.66509998,0.66649997,0.66439998,0.66614997
2024-06-05 05:00:00,0.66610003,0.66635001,0.66509998,0.66509998
2024-06-05 09:00:00,0.66509998,0.6652,0.66390002,0.66495001
2024-06-05 13:00:00,0.66500002,0.66544998,0.66259998,0.66420001
2024-06-05 17:00:00,0.66430002,0.66540003,0.66390002,0.66479999
2024-06-05 21:00:00,0.66479999,0.66670001,0.66474998,0.66659999
2024-06-06 01:00:00,0.66659999,0.66834998,0.66600001,0.66619998
2024-06-06 05:00:00,0.66619998,0.66635001,0.66430002,0.66505003
2024-06-06 09:00:00,0.66505003,0.66540003,0.66350001,0.66390002
2024-06-06 13:00:00,0.66390002,0.6663,0.66329998,0.66610003
2024-06-06 17:00:00,0.66610003,0.66729999,0.66610003,0.66665
2024-06-06 21:00:00,0.66649997,0.66710001,0.6663,0.66649997
2024-06-07 01:00:00,0.66659999,0.66780001,0.66624999,0.66750002
2024-06-07 05:00:00,0.66750002,0.66820002,0.66610003,0.66654998
2024-06-07 09:00:00,0.66665,0.66710001,0.66060001,0.66070002
2024-06-07 13:00:00,0.66060001,0.66140002,0.65799999,0.65899998
2024-06-07 17:00:00,0.65899998,0.65899998,0.65789998,0.65799999
2024-06-09 21:00:00,0.65820003,0.65850002,0.65759999,0.65794998
2024-06-10 01:00:00,0.65799999,0.65930003,0.65759999,0.65904999
2024-06-10 05:00:00,0.6591,0.65985,0.65845001,0.65850002
2024-06-10 09:00:00,0.65859997,0.6602,0.65829998,0.6591
2024-06-10 13:00:00,0.65915,0.66114998,0.65850002,0.66049999
2024-06-10 17:00:00,0.66049999,0.66119999,0.66009998,0.66100001
2024-06-10 21:00:00,0.66100001,0.6613,0.66009998,0.6602
2024-06-11 01:00:00,0.6602,0.66039997,0.65915,0.65990001
2024-06-11 05:00:00,0.65974998,0.66095001,0.65969998,0.66000003
2024-06-11 09:00:00,0.66000003,0.66055,0.65890002,0.66039997
2024-06-11 13:00:00,0.66030002,0.66105002,0.65899998,0.6602
2024-06-11 17:00:00,0.6602,0.66135001,0.65995002,0.66055
2024-06-11 21:00:00,0.66109997,0.66109997,0.65979999,0.65995002
2024-06-12 01:00:00,0.66000003,0.66180003,0.65990001,0.6613
2024-06-12 05:00:00,0.6613,0.66229999,0.66070002,0.6613
2024-06-12 09:00:00,0.66125,0.6692,0.6609,0.6688
2024-06-12 13:00:00,0.66869998,0.67044997,0.6681,0.67009997
2024-06-12 17:00:00,0.67009997,0.67019999,0.66549999,0.66640002
2024-06-12 21:00:00,0.6663,0.66675001,0.6656,0.66570002
2024-06-13 01:00:00,0.66579998,0.66675001,0.66460001,0.66474998
2024-06-13 05:00:00,0.66479999,0.66554999,0.66395003,0.66530001
2024-06-13 09:00:00,0.66530001,0.66750002,0.66404998,0.66589999
2024-06-13 13:00:00,0.66579998,0.6663,0.66259998,0.6631
2024-06-13 17:00:00,0.6631,0.66399997,0.6631,0.66360003
2024-06-13 21:00:00,0.66360003,0.66390002,0.66205001,0.66229999
2024-06-14 01:00:00,0.66219997,0.66420001,0.66219997,0.66254997
2024-06-14 05:00:00,0.66259998,0.66334999,0.66100001,0.6613
2024-06-14 09:00:00,0.6613,0.66229999,0.66014999,0.66079998
2024-06-14 13:00:00,0.66100001,0.66210002,0.65920001,0.66180003
2024-06-14 17:00:00,0.66159999,0.66205001,0.66049999,0.66154999
2024-06-16 21:00:00,0.66180003,0.66189998,0.6609,0.6609
2024-06-17 01:00:00,0.66095001,0.66095001,0.65990001,0.66030002
2024-06-17 05:00:00,0.66039997,0.66100001,0.65920001,0.66055
2024-06-17 09:00:00,0.66049999,0.6609,0.65850002,0.65920001
2024-06-17 13:00:00,0.6591,0.66074997,0.65880001,0.66060001
2024-06-17 17:00:00,0.66060001,0.66165,0.66055,0.66119999
2024-06-17 21:00:00,0.6609,0.66219997,0.66084999,0.66154999
2024-06-18 01:00:00,0.66165,0.66189998,0.66009998,0.6609
2024-06-18 05:00:00,0.66079998,0.66334999,0.66070002,0.66149998
2024-06-18 09:00:00,0.66159999,0.6631,0.66095001,0.66259998
2024-06-18 13:00:00,0.66259998,0.66575003,0.66250002,0.66549999
2024-06-18 17:00:00,0.66540003,0.66579998,0.66485,0.6656
2024-06-18 21:00:00,0.66554999,0.6663,0.66535002,0.66619998
2024-06-19 01:00:00,0.66619998,0.667,0.66595,0.66624999
2024-06-19 05:00:00,0.66619998,0.66755003,0.66614997,0.66720003
2024-06-19 09:00:00,0.66710001,0.66764998,0.66649997,0.66715002
2024-06-19 13:00:00,0.66720003,0.66775,0.66670001,0.66720003
2024-06-19 17:00:00,0.66720003,0.66729999,0.66689998,0.66729999
2024-06-19 21:00:00,0.66715002,0.66759998,0.66689998,0.66729999
2024-06-20 01:00:00,0.66729999,0.66775,0.66670001,0.66710001
2024-06-20 05:00:00,0.66710001,0.66799998,0.66614997,0.66684997
2024-06-20 09:00:00,0.66675001,0.66780001,0.66619998,0.66640002
2024-06-20 13:00:00,0.6663,0.66745001,0.66469997,0.66530001
2024-06-20 17:00:00,0.66540003,0.66654998,0.66479999,0.66554999
2024-06-20 21:00:00,0.66544998,0.6663,0.66495001,0.66544998
2024-06-21 01:00:00,0.66554999,0.66684997,0.66540003,0.66675001
2024-06-21 05:00:00,0.66670001,0.667,0.66469997,0.66540003
2024-06-21 09:00:00,0.66530001,0.667,0.6645,0.66610003
2024-06-21 13:00:00,0.66610003,0.6663,0.6631,0.66425002
2024-06-21 17:00:00,0.66415,0.66460001,0.66369998,0.66415
2024-06-23 21:00:00,0.66415,0.66420001,0.66329998,0.6638
2024-06-24 01:00:00,0.66385001,0.66399997,0.66259998,0.6638
2024-06-24 05:00:00,0.66390002,0.66565001,0.6638,0.66525
2024-06-24 09:00:00,0.66530001,0.66565001,0.66374999,0.66460001
2024-06-24 13:00:00,0.66460001,0.66684997,0.66455001,0.66549999
2024-06-24 17:00:00,0.66549999,0.66619998,0.6649,0.66570002
2024-06-24 21:00:00,0.66549999,0.66600001,0.66500002,0.66525
2024-06-25 01:00:00,0.66540003,0.66649997,0.66509998,0.66610003
2024-06-25 05:00:00,0.66614997,0.66734999,0.66605002,0.66635001
2024-06-25 09:00:00,0.6663,0.66645002,0.66425002,0.66460001
2024-06-25 13:00:00,0.66469997,0.66509998,0.66350001,0.66395003
2024-06-25 17:00:00,0.66395003,0.66509998,0.66360003,0.66469997
2024-06-25 21:00:00,0.66460001,0.66505003,0.66360003,0.66420001
2024-06-26 01:00:00,0.66425002,0.66820002,0.66425002,0.66790003
2024-06-26 05:00:00,0.66780001,0.66890001,0.6674,0.66755003
2024-06-26 09:00:00,0.66764998,0.66815001,0.6652,0.66549999
2024-06-26 13:00:00,0.6656,0.66610003,0.66395003,0.6649
2024-06-26 17:00:00,0.6649,0.66575003,0.6645,0.66474998
2024-06-26 21:00:00,0.66479999,0.66525,0.66399997,0.66439998
2024-06-27 01:00:00,0.66439998,0.66654998,0.66430002,0.66649997
2024-06-27 05:00:00,0.66649997,0.66729999,0.66579998,0.66675001
2024-06-27 09:00:00,0.66659999,0.66710001,0.6649,0.66649997
2024-06-27 13:00:00,0.66659999,0.66675001,0.66430002,0.6649
2024-06-27 17:00:00,0.66479999,0.66530001,0.66430002,0.66465002
2024-06-27 21:00:00,0.66469997,0.6652,0.66399997,0.66399997
2024-06-28 01:00:00,0.66399997,0.66409999,0.66205001,0.66229999
2024-06-28 05:00:00,0.66224998,0.66439998,0.66194999,0.66425002
2024-06-28 09:00:00,0.66420001,0.66729999,0.66399997,0.66675001
2024-06-28 13:00:00,0.66689998,0.66850001,0.66610003,0.6674
2024-06-28 17:00:00,0.6674,0.66834998,0.6663,0.667
2024-06-30 21:00:00,0.66769999,0.66799998,0.66640002,0.66710001
2024-07-01 01:00:00,0.66710001,0.66750002,0.66640002,0.66649997
2024-07-01 05:00:00,0.66649997,0.66874999,0.66640002,0.66845
2024-07-01 09:00:00,0.66839999,0.66839999,0.6656,0.66645002
2024-07-01 13:00:00,0.66635001,0.66874999,0.66439998,0.66544998
2024-07-01 17:00:00,0.66544998,0.66605002,0.66479999,0.66605002
2024-07-01 21:00:00,0.66605002,0.66610003,0.66469997,0.66495001
2024-07-02 01:00:00,0.66500002,0.66530001,0.66339999,0.66444999
2024-07-02 05:00:00,0.66430002,0.66525,0.66385001,0.66505003
2024-07-02 09:00:00,0.6652,0.66610003,0.66444999,0.66549999
2024-07-02 13:00:00,0.66549999,0.66710001,0.66500002,0.66570002
2024-07-02 17:00:00,0.66570002,0.66710001,0.6656,0.66665
2024-07-02 21:00:00,0.66670001,0.6674,0.66649997,0.66710001
2024-07-03 01:00:00,0.66680002,0.66815001,0.66649997,0.66755003
2024-07-03 05:00:00,0.66755003,0.66845,0.66689998,0.6674
2024-07-03 09:00:00,0.66750002,0.66839999,0.66684997,0.66785002
2024-07-03 13:00:00,0.66780001,0.67344999,0.66780001,0.67140001
2024-07-03 17:00:00,0.67145002,0.67145002,0.67000002,0.67044997
2024-07-03 21:00:00,0.67040002,0.67189997,0.67030001,0.6717
2024-07-04 01:00:00,0.6717,0.67220002,0.67110002,0.67140001
2024-07-04 05:00:00,0.67140001,0.67264998,0.67110002,0.67210001
2024-07-04 09:00:00,0.67215002,0.67320001,0.67175001,0.67269999
2024-07-04 13:00:00,0.67264998,0.67320001,0.6724,0.67285001
2024-07-04 17:00:00,0.67285001,0.67295003,0.67259997,0.67264998
2024-07-04 21:00:00,0.67285001,0.67360002,0.6724,0.67330003
2024-07-05 01:00:00,0.67325002,0.67395002,0.67309999,0.67339998
2024-07-05 05:00:00,0.67339998,0.67369998,0.67259997,0.67360002
2024-07-05 09:00:00,0.67360002,0.6753,0.67119998,0.67360002
2024-07-05 13:00:00,0.6735,0.67474997,0.67189997,0.67404997
2024-07-05 17:00:00,0.67400002,0.6753,0.67379999,0.67479998
2024-07-07 21:00:00,0.67439997,0.6749,0.67395002,0.6742
2024-07-08 01:00:00,0.67400002,0.67619997,0.67379999,0.67540002
2024-07-08 05:00:00,0.6753,0.67540002,0.67360002,0.67365003
2024-07-08 09:00:00,0.67360002,0.67505002,0.6735,0.67500001
2024-07-08 13:00:00,0.67479998,0.67519999,0.67360002,0.67409998
2024-07-08 17:00:00,0.67414999,0.67444998,0.67320001,0.67374998
2024-07-08 21:00:00,0.67365003,0.67479998,0.6735,0.67379999
2024-07-09 01:00:00,0.67374998,0.67439997,0.6728,0.67425001
2024-07-09 05:00:00,0.67430001,0.67484999,0.67344999,0.67360002
2024-07-09 09:00:00,0.67360002,0.67439997,0.67290002,0.67325002
2024-07-09 13:00:00,0.67330003,0.67449999,0.6724,0.67374998
2024-07-09 17:00:00,0.67379999,0.67444998,0.67360002,0.67404997
2024-07-09 21:00:00,0.6742,0.67449999,0.67339998,0.67339998
2024-07-10 01:00:00,0.6735,0.67465001,0.67320001,0.67465001
2024-07-10 05:00:00,0.67455,0.67510003,0.67339998,0.67400002
2024-07-10 09:00:00,0.67409998,0.67465001,0.6735,0.67449999
2024-07-10 13:00:00,0.67449999,0.6753,0.67414999,0.67470002
2024-07-10 17:00:00,0.67470002,0.67484999,0.67385,0.67474997
2024-07-10 21:00:00,0.67479998,0.67549998,0.67439997,0.67510003
2024-07-11 01:00:00,0.67510003,0.67640001,0.6749,0.67584997
2024-07-11 05:00:00,0.67580003,0.67635,0.67519999,0.67605001
2024-07-11 09:00:00,0.676,0.67989999,0.67505002,0.67909998
2024-07-11 13:00:00,0.67919999,0.67979997,0.67619997,0.67650002
2024-07-11 17:00:00,0.67650002,0.6767,0.67540002,0.676
2024-07-11 21:00:00,0.67594999,0.67729998,0.67559999,0.67589998
2024-07-12 01:00:00,0.67589998,0.67725003,0.67540002,0.67680001
2024-07-12 05:00:00,0.67699999,0.6778,0.67594999,0.67760003
2024-07-12 09:00:00,0.67769998,0.67799997,0.67640001,0.67750001
2024-07-12 13:00:00,0.67760003,0.67940003,0.67729998,0.67879999
2024-07-12 17:00:00,0.67885,0.67909998,0.67830002,0.67839998
2024-07-14 21:00:00,0.67680001,0.67729998,0.67640001,0.67680001
2024-07-15 01:00:00,0.6767,0.67785001,0.67629999,0.67750001
2024-07-15 05:00:00,0.67745,0.6789,0.67659998,0.67860001
2024-07-15 09:00:00,0.6785,0.67885,0.6771,0.67755002
2024-07-15 13:00:00,0.67760003,0.67830002,0.67680001,0.6771
2024-07-15 17:00:00,0.6771,0.6771,0.6753,0.676
2024-07-15 21:00:00,0.676,0.67645001,0.67510003,0.67510003
2024-07-16 01:00:00,0.67519999,0.6753,0.67414999,0.6742
2024-07-16 05:00:00,0.6742,0.67460001,0.67320001,0.67385
2024-07-16 09:00:00,0.67390001,0.67479998,0.67180002,0.6724
2024-07-16 13:00:00,0.6724,0.67275,0.67140001,0.67259997
2024-07-16 17:00:00,0.67264998,0.67365003,0.6724,0.67334998
2024-07-16 21:00:00,0.67339998,0.67355001,0.67250001,0.67320001
2024-07-17 01:00:00,0.67320001,0.6742,0.6728,0.67360002
2024-07-17 05:00:00,0.67360002,0.67540002,0.67290002,0.6753
2024-07-17 09:00:00,0.6753,0.67549998,0.67369998,0.67385
2024-07-17 13:00:00,0.67385,0.67439997,0.67210001,0.67250001
2024-07-17 17:00:00,0.67259997,0.67309999,0.67210001,0.67295003
2024-07-17 21:00:00,0.67295003,0.67320001,0.67220002,0.67220002
2024-07-18 01:00:00,0.67220002,0.67409998,0.67150003,0.67374998
2024-07-18 05:00:00,0.67374998,0.67439997,0.67330003,0.6735
2024-07-18 09:00:00,0.67360002,0.67400002,0.67299998,0.6735
2024-07-18 13:00:00,0.6735,0.67409998,0.67210001,0.67259997
2024-07-18 17:00:00,0.67255002,0.67264998,0.66970003,0.67054999
2024-07-18 21:00:00,0.67035002,0.671,0.66949999,0.67000002
2024-07-19 01:00:00,0.67000002,0.67065001,0.66949999,0.66995001
2024-07-19 05:00:00,0.66995001,0.67070001,0.66900003,0.66909999
2024-07-19 09:00:00,0.66909999,0.66970003,0.66869998,0.66909999
2024-07-19 13:00:00,0.66900003,0.66960001,0.66839999,0.6688
2024-07-19 17:00:00,0.66874999,0.66890001,0.6681,0.66855001
2024-07-21 21:00:00,0.67009997,0.67030001,0.66860002,0.66909999
2024-07-22 01:00:00,0.66900003,0.66909999,0.6663,0.66684997
2024-07-22 05:00:00,0.66680002,0.66694999,0.66610003,0.66659999
2024-07-22 09:00:00,0.66654998,0.66680002,0.66430002,0.66465002
2024-07-22 13:00:00,0.66485,0.66495001,0.66315001,0.66395003
2024-07-22 17:00:00,0.66399997,0.66439998,0.66390002,0.66425002
2024-07-22 21:00:00,0.6645,0.6645,0.66320002,0.66339999
2024-07-23 01:00:00,0.66350001,0.66460001,0.6631,0.6631
2024-07-23 05:00:00,0.66315001,0.66339999,0.66210002,0.66219997
2024-07-23 09:00:00,0.66229999,0.66299999,0.66189998,0.66219997
2024-07-23 13:00:00,0.66229999,0.66240001,0.66114998,0.66149998
2024-07-23 17:00:00,0.66149998,0.662,0.66109997,0.66149998
2024-07-23 21:00:00,0.66140002,0.66180003,0.66070002,0.66114998
2024-07-24 01:00:00,0.66119999,0.6613,0.65829998,0.65859997
2024-07-24 05:00:00,0.65850002,0.66049999,0.6584,0.6595
2024-07-24 09:00:00,0.65960002,0.66100001,0.65899998,0.66079998
2024-07-24 13:00:00,0.66079998,0.66114998,0.65930003,0.65969998
2024-07-24 17:00:00,0.65969998,0.66000003,0.65775001,0.65820003
2024-07-24 21:00:00,0.65810001,0.65829998,0.65574998,0.65635002
2024-07-25 01:00:00,0.65640002,0.65700001,0.65404999,0.65415001
2024-07-25 05:00:00,0.6541,0.65499997,0.65249997,0.65359998
2024-07-25 09:00:00,0.65359998,0.65375,0.65149999,0.65345001
2024-07-25 13:00:00,0.6534,0.6559,0.653,0.65549999
2024-07-25 17:00:00,0.65560001,0.65609998,0.65329999,0.65380001
2024-07-25 21:00:00,0.65385002,0.65469998,0.65350002,0.65464997
2024-07-26 01:00:00,0.65469998,0.65549999,0.65429997,0.65530002
2024-07-26 05:00:00,0.65530002,0.65665001,0.65509999,0.6566
2024-07-26 09:00:00,0.65649998,0.65665001,0.6552,0.65619999
2024-07-26 13:00:00,0.65609998,0.65689999,0.65499997,0.65630001
2024-07-26 17:00:00,0.65630001,0.65649998,0.65450001,0.65490001
2024-07-28 21:00:00,0.65549999,0.65689999,0.65509999,0.6566
2024-07-29 01:00:00,0.65665001,0.65679997,0.65469998,0.65490001
2024-07-29 05:00:00,0.65509999,0.65579998,0.65404999,0.65429997
2024-07-29 09:00:00,0.65434998,0.65574998,0.65380001,0.65380001
2024-07-29 13:00:00,0.65380001,0.65455002,0.65240002,0.65420002
2024-07-29 17:00:00,0.65429997,0.6552,0.65390003,0.65490001
2024-07-29 21:00:00,0.65485001,0.65579998,0.65429997,0.6548
2024-07-30 01:00:00,0.65490001,0.65570003,0.65329999,0.65555
2024-07-30 05:00:00,0.65555,0.65625,0.65469998,0.65499997
2024-07-30 09:00:00,0.65504998,0.65509999,0.6534,0.65350002
2024-07-30 13:00:00,0.65345001,0.65420002,0.65284997,0.65380001
2024-07-30 17:00:00,0.65364999,0.65434998,0.65319997,0.65375
2024-07-30 21:00:00,0.65369999,0.65450001,0.6534,0.65359998
2024-07-31 01:00:00,0.65364999,0.65380001,0.64819998,0.6494
2024-07-31 05:00:00,0.6494,0.65100002,0.64794999,0.64924997
2024-07-31 09:00:00,0.64915001,0.65259999,0.6487,0.65254998
2024-07-31 13:00:00,0.65259999,0.65399998,0.6523,0.65315002
2024-07-31 17:00:00,0.65315002,0.65555,0.6516,0.65415001
2024-07-31 21:00:00,0.65399998,0.65509999,0.65375,0.65380001
2024-08-01 01:00:00,0.65380001,0.65474999,0.6523,0.65284997
2024-08-01 05:00:00,0.65289998,0.65355003,0.65140003,0.65179998
2024-08-01 09:00:00,0.65179998,0.65535003,0.65140003,0.65450001
2024-08-01 13:00:00,0.65455002,0.65609998,0.65060002,0.65125
2024-08-01 17:00:00,0.6512,0.6512,0.64889997,0.65015
2024-08-01 21:00:00,0.65015,0.65020001,0.64859998,0.64885002
2024-08-02 01:00:00,0.64889997,0.65189999,0.6487,0.65135002
2024-08-02 05:00:00,0.65135002,0.65265,0.65065002,0.65144998
2024-08-02 09:00:00,0.65135002,0.6541,0.65015,0.65305001
2024-08-02 13:00:00,0.653,0.65474999,0.65114999,0.65154999
2024-08-02 17:00:00,0.6516,0.65235001,0.65069997,0.65100002
2024-08-04 21:00:00,0.65100002,0.65135002,0.64819998,0.64915001
2024-08-05 01:00:00,0.64899999,0.6512,0.64819998,0.64910001
2024-08-05 05:00:00,0.64910001,0.64934999,0.63489997,0.6451
2024-08-05 09:00:00,0.64499998,0.64590001,0.64349997,0.64399999
2024-08-05 13:00:00,0.64399999,0.6512,0.64389998,0.64815003
2024-08-05 17:00:00,0.648,0.65025002,0.648,0.64969999
2024-08-05 21:00:00,0.6498,0.65399998,0.64924997,0.65369999
2024-08-06 01:00:00,0.65390003,0.6541,0.64920002,0.65055001
2024-08-06 05:00:00,0.65039998,0.65289998,0.64920002,0.65015
2024-08-06 09:00:00,0.64999998,0.64999998,0.64719999,0.64775002
2024-08-06 13:00:00,0.64770001,0.65364999,0.64749998,0.65355003
2024-08-06 17:00:00,0.65345001,0.65420002,0.6516,0.65200001
2024-08-06 21:00:00,0.65205002,0.65399998,0.65095001,0.65399998
2024-08-07 01:00:00,0.65394998,0.65649998,0.65310001,0.65560001
2024-08-07 05:00:00,0.65570003,0.65635002,0.65350002,0.6559
2024-08-07 09:00:00,0.65595001,0.65754998,0.65530002,0.65640002
2024-08-07 13:00:00,0.65630001,0.65654999,0.65404999,0.65445
2024-08-07 17:00:00,0.65445,0.65455002,0.65130001,0.65184999
2024-08-07 21:00:00,0.65189999,0.65254998,0.65069997,0.65175003
2024-08-08 01:00:00,0.65179998,0.65654999,0.65179998,0.65555
2024-08-08 05:00:00,0.65555,0.65654999,0.65429997,0.65565002
2024-08-08 09:00:00,0.65565002,0.65644997,0.65460002,0.65495002
2024-08-08 13:00:00,0.65495002,0.65864998,0.65450001,0.65780002
2024-08-08 17:00:00,0.65775001,0.65939999,0.65719998,0.65925002
2024-08-08 21:00:00,0.65899998,0.6595,0.65805,0.65850002
2024-08-09 01:00:00,0.65845001,0.66044998,0.6584,0.65899998
2024-08-09 05:00:00,0.65890002,0.66049999,0.65824997,0.65920001
2024-08-09 09:00:00,0.6591,0.65930003,0.6566,0.65735
2024-08-09 13:00:00,0.6573,0.65875,0.65684998,0.65740001
2024-08-09 17:00:00,0.65745002,0.65810001,0.65695,0.65714997
2024-08-11 21:00:00,0.65735,0.65829998,0.65670002,0.65780002
2024-08-12 01:00:00,0.65780002,0.65880001,0.65775001,0.6584
2024-08-12 05:00:00,0.65829998,0.66030002,0.65775001,0.65965003
2024-08-12 09:00:00,0.65965003,0.66030002,0.65904999,0.65925002
2024-08-12 13:00:00,0.65934998,0.66055,0.65829998,0.6584
2024-08-12 17:00:00,0.6584,0.65930003,0.65820003,0.65859997
2024-08-12 21:00:00,0.65864998,0.65890002,0.65789998,0.65845001
2024-08-13 01:00:00,0.65845001,0.66009998,0.65815002,0.65955001
2024-08-13 05:00:00,0.65939999,0.66100001,0.65859997,0.66014999
2024-08-13 09:00:00,0.66030002,0.66119999,0.65904999,0.66079998
2024-08-13 13:00:00,0.66074997,0.66264999,0.65930003,0.66245002
2024-08-13 17:00:00,0.66245002,0.6638,0.66184998,0.66334999
2024-08-13 21:00:00,0.66334999,0.66420001,0.66299999,0.66420001
2024-08-14 01:00:00,0.66409999,0.66430002,0.66184998,0.66250002
2024-08-14 05:00:00,0.66250002,0.66430002,0.66229999,0.66305
2024-08-14 09:00:00,0.66299999,0.66420001,0.6613,0.66235
2024-08-14 13:00:00,0.66229999,0.66350001,0.66014999,0.66070002
2024-08-14 17:00:00,0.66065001,0.66074997,0.6595,0.65965003
2024-08-14 21:00:00,0.65965003,0.66039997,0.65890002,0.65890002
2024-08-15 01:00:00,0.65894997,0.66275001,0.65710002,0.66254997
2024-08-15 05:00:00,0.66245002,0.66254997,0.66159999,0.66170001
2024-08-15 09:00:00,0.66165,0.66334999,0.66039997,0.66074997
2024-08-15 13:00:00,0.66079998,0.66345,0.6595,0.66240001
2024-08-15 17:00:00,0.66240001,0.66245002,0.66095001,0.66114998
2024-08-15 21:00:00,0.66125,0.66154999,0.66070002,0.66145003
2024-08-16 01:00:00,0.66145003,0.66280001,0.66119999,0.66259998
2024-08-16 05:00:00,0.66259998,0.66374999,0.66240001,0.66325003
2024-08-16 09:00:00,0.66325003,0.66415,0.66229999,0.6627
2024-08-16 13:00:00,0.66264999,0.66575003,0.66229999,0.66549999
2024-08-16 17:00:00,0.6656,0.66720003,0.66540003,0.66689998
2024-08-18 21:00:00,0.66715002,0.66864997,0.66705,0.66804999
2024-08-19 01:00:00,0.66804999,0.66944999,0.66769999,0.66869998
2024-08-19 05:00:00,0.66869998,0.66939998,0.66769999,0.66869998
2024-08-19 09:00:00,0.6688,0.66995001,0.66829997,0.66965002
2024-08-19 13:00:00,0.66970003,0.67229998,0.66925001,0.67199999
2024-08-19 17:00:00,0.67210001,0.67339998,0.6717,0.67325002
2024-08-19 21:00:00,0.67304999,0.67390001,0.6724,0.67255002
2024-08-20 01:00:00,0.67259997,0.67355001,0.67135,0.67185003
2024-08-20 05:00:00,0.6717,0.67330003,0.67135,0.67295003
2024-08-20 09:00:00,0.67269999,0.6742,0.67269999,0.67414999
2024-08-20 13:00:00,0.67414999,0.67474997,0.67339998,0.67365003
2024-08-20 17:00:00,0.67365003,0.67500001,0.67334998,0.67474997
2024-08-20 21:00:00,0.67439997,0.6753,0.67439997,0.67500001
2024-08-21 01:00:00,0.67510003,0.67519999,0.67395002,0.67444998
2024-08-21 05:00:00,0.67444998,0.67500001,0.67325002,0.67365003
2024-08-21 09:00:00,0.67355001,0.67455,0.6735,0.67430001
2024-08-21 13:00:00,0.67435002,0.67565,0.67315,0.67414999
2024-08-21 17:00:00,0.67414999,0.67619997,0.67379999,0.67430001
2024-08-21 21:00:00,0.67435002,0.6753,0.67425001,0.67430001
2024-08-22 01:00:00,0.67435002,0.67449999,0.67269999,0.67355001
2024-08-22 05:00:00,0.6735,0.67535001,0.67334998,0.67449999
2024-08-22 09:00:00,0.67449999,0.67465001,0.6724,0.67344999
2024-08-22 13:00:00,0.67344999,0.67344999,0.67000002,0.6706
2024-08-22 17:00:00,0.67065001,0.671,0.66970003,0.67044997
2024-08-22 21:00:00,0.67030001,0.67129999,0.67019999,0.67095
2024-08-23 01:00:00,0.67095,0.67245001,0.67079997,0.67245001
2024-08-23 05:00:00,0.6724,0.67295003,0.6717,0.67250001
2024-08-23 09:00:00,0.67245001,0.67344999,0.6724,0.67309999
2024-08-23 13:00:00,0.67315,0.67919999,0.67229998,0.67839998
2024-08-23 17:00:00,0.67825001,0.67989999,0.67815,0.67965001
2024-08-25 21:00:00,0.67869997,0.67940003,0.6785,0.67895001
2024-08-26 01:00:00,0.67905003,0.67965001,0.67739999,0.67755002
2024-08-26 05:00:00,0.67755002,0.67809999,0.67704999,0.67745
2024-08-26 09:00:00,0.67739999,0.67774999,0.67659998,0.67739999
2024-08-26 13:00:00,0.67750001,0.67869997,0.67699999,0.67820001
2024-08-26 17:00:00,0.67820001,0.67855,0.67699999,0.67715001
2024-08-26 21:00:00,0.6771,0.67755002,0.67615002,0.67640001
2024-08-27 01:00:00,0.67635,0.67855,0.67629999,0.67830002
2024-08-27 05:00:00,0.67839998,0.67919999,0.67725003,0.67769998
2024-08-27 09:00:00,0.67764997,0.67874998,0.67715001,0.67729998
2024-08-27 13:00:00,0.67734998,0.67839998,0.67690003,0.67760003
2024-08-27 17:00:00,0.67774999,0.6796,0.67760003,0.67935002
2024-08-27 21:00:00,0.67914999,0.6796,0.67869997,0.67895001
2024-08-28 01:00:00,0.6789,0.68129998,0.67830002,0.67944998
2024-08-28 05:00:00,0.67949998,0.68000001,0.67815,0.6796
2024-08-28 09:00:00,0.67975003,0.67984998,0.67699999,0.67755002
2024-08-28 13:00:00,0.67755002,0.67954999,0.6767,0.67760003
2024-08-28 17:00:00,0.67750001,0.67855,0.67640001,0.67855
2024-08-28 21:00:00,0.67855,0.68010002,0.67809999,0.67989999
2024-08-29 01:00:00,0.67995,0.68075001,0.67869997,0.68040001
2024-08-29 05:00:00,0.68035001,0.68129998,0.67970002,0.68065
2024-08-29 09:00:00,0.6807,0.68245,0.68005002,0.68024999
2024-08-29 13:00:00,0.68024999,0.68110001,0.67839998,0.6803
2024-08-29 17:00:00,0.68035001,0.68110001,0.67930001,0.67984998
2024-08-29 21:00:00,0.67975003,0.68040001,0.67940003,0.67989999
2024-08-30 01:00:00,0.67989999,0.68089998,0.6789,0.68005002
2024-08-30 05:00:00,0.68005002,0.68175,0.67979997,0.68080002
2024-08-30 09:00:00,0.68075001,0.68094999,0.67769998,0.6785
2024-08-30 13:00:00,0.6785,0.67930001,0.67514998,0.67584997
2024-08-30 17:00:00,0.67570001,0.6771,0.67559999,0.67645001
2024-09-01 21:00:00,0.6771,0.67785001,0.67659998,0.67745
2024-09-02 01:00:00,0.67745,0.6778,0.67570001,0.67615002
2024-09-02 05:00:00,0.67619997,0.67865002,0.67610002,0.67825001
2024-09-02 09:00:00,0.67834997,0.67860001,0.67734998,0.67804998
2024-09-02 13:00:00,0.67799997,0.67944998,0.67739999,0.67905003
2024-09-02 17:00:00,0.67909998,0.67949998,0.67895001,0.67909998
2024-09-02 21:00:00,0.67909998,0.67930001,0.67804998,0.67834997
2024-09-03 01:00:00,0.67839998,0.67885,0.67325002,0.67425001
2024-09-03 05:00:00,0.67430001,0.67540002,0.67304999,0.67470002
2024-09-03 09:00:00,0.67465001,0.67474997,0.67285001,0.67385
2024-09-03 13:00:00,0.67385,0.67474997,0.67124999,0.67175001
2024-09-03 17:00:00,0.6717,0.67199999,0.67079997,0.67115003
2024-09-03 21:00:00,0.67110002,0.67159998,0.66850001,0.66885
2024-09-04 01:00:00,0.66869998,0.67075002,0.66869998,0.67040002
2024-09-04 05:00:00,0.67040002,0.67164999,0.66960001,0.67035002
2024-09-04 09:00:00,0.67035002,0.67245001,0.67035002,0.67245001
2024-09-04 13:00:00,0.6724,0.67500001,0.67180002,0.67245001
2024-09-04 17:00:00,0.6724,0.67275,0.67115003,0.67245001
2024-09-04 21:00:00,0.67250001,0.6728,0.67135,0.67224997
2024-09-05 01:00:00,0.6724,0.67330003,0.67185003,0.67229998
2024-09-05 05:00:00,0.6724,0.67339998,0.67140001,0.67315
2024-09-05 09:00:00,0.67315,0.67365003,0.67185003,0.67325002
2024-09-05 13:00:00,0.67320001,0.67409998,0.67189997,0.67320001
2024-09-05 17:00:00,0.67320001,0.6742,0.67290002,0.67404997
2024-09-05 21:00:00,0.67409998,0.67439997,0.67369998,0.67409998
2024-09-06 01:00:00,0.67409998,0.6742,0.67259997,0.67325002
2024-09-06 05:00:00,0.67325002,0.67385,0.67189997,0.67344999
2024-09-06 09:00:00,0.67344999,0.6767,0.67220002,0.67495
2024-09-06 13:00:00,0.6749,0.67519999,0.66600001,0.66675001
2024-09-06 17:00:00,0.66659999,0.66799998,0.66640002,0.66694999
2024-09-08 21:00:00,0.667,0.66759998,0.66670001,0.66670001
2024-09-09 01:00:00,0.66684997,0.66890001,0.66684997,0.66755003
2024-09-09 05:00:00,0.66755003,0.66755003,0.66525,0.66540003
2024-09-09 09:00:00,0.66549999,0.66635001,0.66474998,0.66514999
2024-09-09 13:00:00,0.66514999,0.66710001,0.66479999,0.66705
2024-09-09 17:00:00,0.66710001,0.66729999,0.6656,0.66605002
2024-09-09 21:00:00,0.66605002,0.66659999,0.66439998,0.66500002
2024-09-10 01:00:00,0.66500002,0.66665,0.66479999,0.66645002
2024-09-10 05:00:00,0.66645002,0.66734999,0.66540003,0.66575003
2024-09-10 09:00:00,0.66575003,0.66764998,0.66530001,0.66640002
2024-09-10 13:00:00,0.66645002,0.66665,0.66409999,0.6652
2024-09-10 17:00:00,0.6652,0.66619998,0.66505003,0.66525
2024-09-10 21:00:00,0.6652,0.66589999,0.66439998,0.66474998
2024-09-11 01:00:00,0.66469997,0.66600001,0.66460001,0.66540003
2024-09-11 05:00:00,0.66535002,0.667,0.66530001,0.66595
2024-09-11 09:00:00,0.66595,0.66745001,0.66360003,0.66540003
2024-09-11 13:00:00,0.66544998,0.66619998,0.66224998,0.66570002
2024-09-11 17:00:00,0.66570002,0.66759998,0.66570002,0.66729999
2024-09-11 21:00:00,0.66750002,0.66829997,0.66729999,0.66734999
2024-09-12 01:00:00,0.66734999,0.66930002,0.66710001,0.66904998
2024-09-12 05:00:00,0.66904998,0.66949999,0.6656,0.66720003
2024-09-12 09:00:00,0.66729999,0.66900003,0.66715002,0.66785002
2024-09-12 13:00:00,0.66785002,0.67075002,0.66724998,0.67054999
2024-09-12 17:00:00,0.67054999,0.67255002,0.67040002,0.67224997
2024-09-12 21:00:00,0.67215002,0.67309999,0.67185003,0.67304999
2024-09-13 01:00:00,0.67315,0.67330003,0.67205,0.67245001
2024-09-13 05:00:00,0.67250001,0.67259997,0.67110002,0.67154998
2024-09-13 09:00:00,0.67154998,0.67269999,0.66925001,0.67065001
2024-09-13 13:00:00,0.67079997,0.6724,0.67040002,0.67084998
2024-09-13 17:00:00,0.67079997,0.67110002,0.67000002,0.67035002
2024-09-15 21:00:00,0.67089999,0.67154998,0.67070001,0.67124999
2024-09-16 01:00:00,0.67119998,0.67309999,0.67049998,0.6728
2024-09-16 05:00:00,0.67275,0.67449999,0.67194998,0.67385
2024-09-16 09:00:00,0.67379999,0.67484999,0.6735,0.67404997
2024-09-16 13:00:00,0.67404997,0.67470002,0.67315,0.67435002
2024-09-16 17:00:00,0.67435002,0.67540002,0.67385,0.67524999
2024-09-16 21:00:00,0.67514998,0.67540002,0.67425001,0.67435002
2024-09-17 01:00:00,0.67435002,0.67540002,0.67414999,0.6742
2024-09-17 05:00:00,0.67425001,0.67659998,0.6742,0.67645001
2024-09-17 09:00:00,0.67645001,0.67685002,0.67460001,0.67510003
2024-09-17 13:00:00,0.67500001,0.67675,0.67449999,0.67519999
2024-09-17 17:00:00,0.67524999,0.67610002,0.67439997,0.67554998
2024-09-17 21:00:00,0.67554998,0.6771,0.67540002,0.67675
2024-09-18 01:00:00,0.67675,0.67739999,0.67495,0.67510003
2024-09-18 05:00:00,0.67510003,0.67809999,0.67505002,0.67790002
2024-09-18 09:00:00,0.67790002,0.67895001,0.67739999,0.67774999
2024-09-18 13:00:00,0.67769998,0.67885,0.67559999,0.67664999
2024-09-18 17:00:00,0.67650002,0.6821,0.67425001,0.67640001
2024-09-18 21:00:00,0.67645001,0.67729998,0.67425001,0.67455
2024-09-19 01:00:00,0.67444998,0.67949998,0.67369998,0.67914999
2024-09-19 05:00:00,0.67930001,0.6832,0.67914999,0.68265003
2024-09-19 09:00:00,0.68265003,0.68395001,0.68059999,0.68065
2024-09-19 13:00:00,0.68049997,0.68239999,0.67860001,0.68190002
2024-09-19 17:00:00,0.68185002,0.6825,0.68105,0.6814
2024-09-19 21:00:00,0.68155003,0.68194997,0.68040001,0.68059999
2024-09-20 01:00:00,0.68054998,0.68274999,0.68005002,0.68164998
2024-09-20 05:00:00,0.68164998,0.68295002,0.68045002,0.68094999
2024-09-20 09:00:00,0.68099999,0.68239999,0.68019998,0.6821
2024-09-20 13:00:00,0.68215001,0.68215001,0.67830002,0.68175
2024-09-20 17:00:00,0.68169999,0.68175,0.68035001,0.68065
2024-09-22 21:00:00,0.68089998,0.68155003,0.68049997,0.68155003
2024-09-23 01:00:00,0.6814,0.68360001,0.68110001,0.68335003
2024-09-23 05:00:00,0.68335003,0.68349999,0.68005002,0.68115002
2024-09-23 09:00:00,0.68129998,0.68400002,0.68115002,0.68379998
2024-09-23 13:00:00,0.68379998,0.68540001,0.6832,0.6839
2024-09-23 17:00:00,0.68379998,0.68494999,0.68349999,0.68384999
2024-09-23 21:00:00,0.68384999,0.68405002,0.6825,0.68300003
2024-09-24 01:00:00,0.68304998,0.68655002,0.68304998,0.68624997
2024-09-24 05:00:00,0.68620002,0.68695003,0.68150002,0.68349999
2024-09-24 09:00:00,0.68349999,0.68629998,0.68339998,0.68580002
2024-09-24 13:00:00,0.68580002,0.68844998,0.6857,0.68809998
2024-09-24 17:00:00,0.68809998,0.68935001,0.6875,0.68914998
2024-09-24 21:00:00,0.68924999,0.69080001,0.68900001,0.68980002
2024-09-25 01:00:00,0.68975002,0.69010001,0.68809998,0.68875003
2024-09-25 05:00:00,0.68879998,0.68965,0.68730003,0.68849999
2024-09-25 09:00:00,0.68849999,0.68849999,0.68650001,0.68720001
2024-09-25 13:00:00,0.68709999,0.68839997,0.68260002,0.68269998
2024-09-25 17:00:00,0.68265003,0.68330002,0.68180001,0.68229997
2024-09-25 21:00:00,0.68245,0.68349999,0.68185002,0.6832
2024-09-26 01:00:00,0.68335003,0.68484998,0.68279999,0.68440002
2024-09-26 05:00:00,0.68440002,0.68709999,0.68419999,0.68610001
2024-09-26 09:00:00,0.68629998,0.68889999,0.68615001,0.68855
2024-09-26 13:00:00,0.68855,0.69050002,0.68624997,0.68865001
2024-09-26 17:00:00,0.68849999,0.69029999,0.68849999,0.68954998
2024-09-26 21:00:00,0.68959999,0.69,0.68825001,0.68879998
2024-09-27 01:00:00,0.68875003,0.68919998,0.68720001,0.68774998
2024-09-27 05:00:00,0.68790001,0.68905002,0.6868,0.68855
2024-09-27 09:00:00,0.68865001,0.69295001,0.68814999,0.69244999
2024-09-27 13:00:00,0.6925,0.69375002,0.69015002,0.69094998
2024-09-27 17:00:00,0.69090003,0.69139999,0.68989998,0.69024998
2024-09-29 21:00:00,0.69150001,0.6925,0.69139999,0.69215
2024-09-30 01:00:00,0.69225001,0.69365001,0.69145,0.69325
2024-09-30 05:00:00,0.69319999,0.69419998,0.69195002,0.69255
2024-09-30 09:00:00,0.6925,0.69284999,0.69150001,0.69274998
2024-09-30 13:00:00,0.69279999,0.69419998,0.69204998,0.69379997
2024-09-30 17:00:00,0.69389999,0.69419998,0.68980002,0.69125003
2024-09-30 21:00:00,0.69134998,0.69209999,0.69069999,0.69125003
2024-10-01 01:00:00,0.69129997,0.69349998,0.69120002,0.69305003
2024-10-01 05:00:00,0.69295001,0.69340003,0.68980002,0.69075
2024-10-01 09:00:00,0.69075,0.69155002,0.68949997,0.69090003
2024-10-01 13:00:00,0.69085002,0.69139999,0.68650001,0.68725002
2024-10-01 17:00:00,0.68725002,0.68984997,0.68559998,0.68830001
2024-10-01 21:00:00,0.68835002,0.68910003,0.68779999,0.68825001
2024-10-02 01:00:00,0.68825001,0.69155002,0.68825001,0.68905002
2024-10-02 05:00:00,0.68879998,0.69050002,0.6875,0.68945003
2024-10-02 09:00:00,0.68945003,0.6904,0.68889999,0.68945003
2024-10-02 13:00:00,0.68945003,0.69015002,0.68779999,0.68839997
2024-10-02 17:00:00,0.68835002,0.68895,0.68790001,0.68855
2024-10-02 21:00:00,0.68844998,0.68889999,0.68734998,0.68804997
2024-10-03 01:00:00,0.68804997,0.68839997,0.68599999,0.68599999
2024-10-03 05:00:00,0.68599999,0.68765002,0.68480003,0.68505001
2024-10-03 09:00:00,0.68510002,0.68540001,0.68349999,0.68384999
2024-10-03 13:00:00,0.68400002,0.68550003,0.68304998,0.685
2024-10-03 17:00:00,0.68510002,0.68519998,0.68395001,0.68414998
2024-10-03 21:00:00,0.68405002,0.68529999,0.68395001,0.685
2024-10-04 01:00:00,0.685,0.68519998,0.68395001,0.68414998
2024-10-04 05:00:00,0.68405002,0.68505001,0.68370003,0.68414998
2024-10-04 09:00:00,0.68419999,0.68454999,0.67925,0.67935002
2024-10-04 13:00:00,0.67940003,0.68110001,0.6785,0.6796
2024-10-04 17:00:00,0.67954999,0.68040001,0.67919999,0.67965001
2024-10-06 20:00:00,0.68000001,0.68080002,0.67949998,0.67970002
2024-10-07 00:00:00,0.67975003,0.68089998,0.67940003,0.6807
2024-10-07 04:00:00,0.68075001,0.68110001,0.6789,0.67935002
2024-10-07 08:00:00,0.67935002,0.67970002,0.67769998,0.67940003
2024-10-07 12:00:00,0.67940003,0.67984998,0.67580003,0.67594999
2024-10-07 16:00:00,0.67594999,0.67675,0.67439997,0.67549998
2024-10-07 20:00:00,0.67549998,0.67619997,0.67500001,0.67559999
2024-10-08 00:00:00,0.67559999,0.67694998,0.67150003,0.67325002
2024-10-08 04:00:00,0.67330003,0.67430001,0.67194998,0.67365003
2024-10-08 08:00:00,0.67365003,0.67430001,0.67199999,0.67409998
2024-10-08 12:00:00,0.67414999,0.67439997,0.67220002,0.67374998
2024-10-08 16:00:00,0.67374998,0.67510003,0.6728,0.67484999
2024-10-08 20:00:00,0.67484999,0.67495,0.67385,0.67395002
2024-10-09 00:00:00,0.67395002,0.67479998,0.67259997,0.67295003
2024-10-09 04:00:00,0.67295003,0.67619997,0.67229998,0.67309999
2024-10-09 08:00:00,0.67309999,0.67409998,0.6724,0.67290002
2024-10-09 12:00:00,0.67285001,0.67320001,0.67075002,0.67220002
2024-10-09 16:00:00,0.67245001,0.67245001,0.67110002,0.67150003
2024-10-09 20:00:00,0.67135,0.67220002,0.67115003,0.67164999
2024-10-10 00:00:00,0.67150003,0.67339998,0.67135,0.67325002
2024-10-10 04:00:00,0.67330003,0.67430001,0.67250001,0.67290002
2024-10-10 08:00:00,0.67285001,0.67299998,0.67129999,0.67159998
2024-10-10 12:00:00,0.67164999,0.67400002,0.67009997,0.67330003
2024-10-10 16:00:00,0.67325002,0.67379999,0.67115003,0.67379999
2024-10-10 20:00:00,0.67374998,0.67439997,0.67374998,0.67404997
2024-10-11 00:00:00,0.6742,0.67500001,0.67360002,0.67470002
2024-10-11 04:00:00,0.67484999,0.67500001,0.67259997,0.67439997
2024-10-11 08:00:00,0.67430001,0.67455,0.6724,0.67309999
2024-10-11 12:00:00,0.67304999,0.67589998,0.67269999,0.67540002
2024-10-11 16:00:00,0.67549998,0.676,0.67540002,0.67540002
2024-10-11 20:00:00,0.67535001,0.67559999,0.67495,0.67505002
2024-10-13 20:00:00,0.6742,0.6742,0.67234999,0.67295003
2024-10-14 00:00:00,0.67304999,0.67449999,0.67224997,0.67395002
2024-10-14 04:00:00,0.67400002,0.67439997,0.67295003,0.67315
2024-10-14 08:00:00,0.67309999,0.67355001,0.67135,0.67164999
2024-10-14 12:00:00,0.67164999,0.67374998,0.67014998,0.67234999
2024-10-14 16:00:00,0.67229998,0.67255002,0.67129999,0.67229998
2024-10-14 20:00:00,0.67224997,0.6728,0.67205,0.67250001
2024-10-15 00:00:00,0.67250001,0.67330003,0.67159998,0.67175001
2024-10-15 04:00:00,0.67159998,0.67175001,0.67019999,0.67075002
2024-10-15 08:00:00,0.67079997,0.67180002,0.67040002,0.67154998
2024-10-15 12:00:00,0.67150003,0.67264998,0.67025,0.67070001
2024-10-15 16:00:00,0.67079997,0.67119998,0.66995001,0.67019999
2024-10-15 20:00:00,0.67005002,0.67095,0.66729999,0.66775
2024-10-16 00:00:00,0.66759998,0.67019999,0.66680002,0.66925001
2024-10-16 04:00:00,0.66925001,0.67000002,0.66825002,0.66904998
2024-10-16 08:00:00,0.66909999,0.66939998,0.66804999,0.66850001
2024-10-16 12:00:00,0.66855001,0.66909999,0.66584998,0.66624999
2024-10-16 16:00:00,0.6663,0.66684997,0.66600001,0.66640002
2024-10-16 20:00:00,0.66654998,0.66710001,0.66595,0.66649997
2024-10-17 00:00:00,0.66645002,0.67110002,0.6663,0.66869998
2024-10-17 04:00:00,0.66864997,0.66949999,0.66720003,0.66780001
2024-10-17 08:00:00,0.66775,0.67019999,0.66750002,0.66965002
2024-10-17 12:00:00,0.66965002,0.671,0.66799998,0.67014998
2024-10-17 16:00:00,0.67014998,0.67030001,0.6692,0.66949999
2024-10-17 20:00:00,0.66939998,0.67019999,0.66935003,0.67000002
2024-10-18 00:00:00,0.66995001,0.67189997,0.66939998,0.67049998
2024-10-18 04:00:00,0.67040002,0.67185003,0.66979998,0.67140001
2024-10-18 08:00:00,0.67140001,0.67175001,0.6706,0.67110002
2024-10-18 12:00:00,0.67129999,0.67199999,0.66984999,0.66995001
2024-10-18 16:00:00,0.66995001,0.67110002,0.66970003,0.67035002
2024-10-18 20:00:00,0.67030001,0.67075002,0.67025,0.67070001
2024-10-20 20:00:00,0.67070001,0.67159998,0.67040002,0.67140001
2024-10-21 00:00:00,0.67140001,0.6724,0.67049998,0.6717
2024-10-21 04:00:00,0.67175001,0.67180002,0.66825002,0.66895002
2024-10-21 08:00:00,0.66890001,0.66939998,0.66794997,0.66874999
2024-10-21 12:00:00,0.66874999,0.67000002,0.66549999,0.66589999
2024-10-21 16:00:00,0.66589999,0.6663,0.66530001,0.66584998
2024-10-21 20:00:00,0.66570002,0.66610003,0.6652,0.66535002
2024-10-22 00:00:00,0.66540003,0.66855001,0.66509998,0.66845
2024-10-22 04:00:00,0.66845,0.66935003,0.66794997,0.66829997
2024-10-22 08:00:00,0.66815001,0.66885,0.66769999,0.66829997
2024-10-22 12:00:00,0.66845,0.66949999,0.66759998,0.66785002
2024-10-22 16:00:00,0.66785002,0.66909999,0.66759998,0.6681
2024-10-22 20:00:00,0.6681,0.66860002,0.66785002,0.66820002
2024-10-23 00:00:00,0.66829997,0.6692,0.66624999,0.66799998
2024-10-23 04:00:00,0.66804999,0.66820002,0.66605002,0.66619998
2024-10-23 08:00:00,0.66624999,0.66640002,0.66350001,0.66369998
2024-10-23 12:00:00,0.66360003,0.66430002,0.66280001,0.6631
2024-10-23 16:00:00,0.6631,0.66345,0.66140002,0.66339999
2024-10-23 20:00:00,0.66334999,0.66374999,0.6631,0.66350001
2024-10-24 00:00:00,0.66329998,0.66509998,0.66294998,0.66460001
2024-10-24 04:00:00,0.66455001,0.66610003,0.66415,0.66565001
2024-10-24 08:00:00,0.66565001,0.66619998,0.66505003,0.66540003
2024-10-24 12:00:00,0.66540003,0.66589999,0.66229999,0.66280001
2024-10-24 16:00:00,0.66289997,0.66444999,0.66210002,0.66420001
2024-10-24 20:00:00,0.66420001,0.66439998,0.66299999,0.66350001
2024-10-25 00:00:00,0.66345,0.66390002,0.66215003,0.66224998
2024-10-25 04:00:00,0.66224998,0.6631,0.66175002,0.66289997
2024-10-25 08:00:00,0.66285002,0.66374999,0.66240001,0.66345
2024-10-25 12:00:00,0.66355002,0.66469997,0.66205001,0.66215003
2024-10-25 16:00:00,0.66205001,0.66205001,0.66009998,0.66030002
2024-10-25 20:00:00,0.66035002,0.66055,0.66030002,0.66039997
2024-10-27 20:00:00,0.6613,0.6613,0.66014999,0.66030002
2024-10-28 00:00:00,0.66030002,0.6609,0.65815002,0.65824997
2024-10-28 04:00:00,0.65824997,0.66030002,0.65794998,0.65995002
2024-10-28 08:00:00,0.65979999,0.66109997,0.6595,0.66060001
2024-10-28 12:00:00,0.66060001,0.66100001,0.65850002,0.65869999
2024-10-28 16:00:00,0.65864998,0.65920001,0.65799999,0.65834999
2024-10-28 20:00:00,0.65829998,0.65864998,0.65780002,0.65824997
2024-10-29 00:00:00,0.65829998,0.65850002,0.65619999,0.65640002
2024-10-29 04:00:00,0.65619999,0.65719998,0.65605003,0.65644997
2024-10-29 08:00:00,0.65654999,0.65820003,0.65584999,0.65630001
2024-10-29 12:00:00,0.65619999,0.6573,0.65450001,0.65565002
2024-10-29 16:00:00,0.65565002,0.65619999,0.65490001,0.65565002
2024-10-29 20:00:00,0.65549999,0.65635002,0.65549999,0.65579998
2024-10-30 00:00:00,0.65584999,0.65710002,0.65369999,0.65404999
2024-10-30 04:00:00,0.6541,0.65619999,0.65375,0.65595001
2024-10-30 08:00:00,0.65609998,0.65855002,0.65609998,0.65754998
2024-10-30 12:00:00,0.65750003,0.65960002,0.65640002,0.65829998
2024-10-30 16:00:00,0.65820003,0.65845001,0.65745002,0.65754998
2024-10-30 20:00:00,0.65759999,0.65780002,0.65695,0.65719998
2024-10-31 00:00:00,0.6573,0.6577,0.65640002,0.65714997
2024-10-31 04:00:00,0.65714997,0.65799999,0.65670002,0.6577
2024-10-31 08:00:00,0.65759999,0.65780002,0.65609998,0.65710002
2024-10-31 12:00:00,0.65714997,0.65764999,0.65390003,0.65495002
2024-10-31 16:00:00,0.65495002,0.65810001,0.65495002,0.65810001
2024-10-31 20:00:00,0.65810001,0.65845001,0.65759999,0.6577
2024-11-01 00:00:00,0.65764999,0.65834999,0.65689999,0.65785003
2024-11-01 04:00:00,0.65775001,0.65810001,0.65574998,0.65600002
2024-11-01 08:00:00,0.65570003,0.65700001,0.65560001,0.65670002
2024-11-01 12:00:00,0.65670002,0.65920001,0.65605003,0.65824997
2024-11-01 16:00:00,0.65820003,0.65829998,0.65530002,0.65565002
2024-11-01 20:00:00,0.65565002,0.65609998,0.65549999,0.6559
2024-11-03 20:00:00,0.66140002,0.66149998,0.65850002,0.65904999
2024-11-04 00:00:00,0.65915,0.662,0.65850002,0.66145003
2024-11-04 04:00:00,0.6613,0.66145003,0.65850002,0.65855002
2024-11-04 08:00:00,0.65859997,0.66055,0.6584,0.66044998
2024-11-04 12:00:00,0.66044998,0.66119999,0.65894997,0.66004997
2024-11-04 16:00:00,0.66009998,0.6602,0.65794998,0.65859997
2024-11-04 20:00:00,0.65869999,0.65899998,0.65815002,0.65829998
2024-11-05 00:00:00,0.65829998,0.65990001,0.65789998,0.6584
2024-11-05 04:00:00,0.65850002,0.6613,0.6584,0.66100001
2024-11-05 08:00:00,0.66100001,0.66264999,0.66084999,0.66235
2024-11-05 12:00:00,0.66240001,0.6638,0.66219997,0.66334999
2024-11-05 16:00:00,0.66334999,0.66425002,0.66285002,0.66339999
2024-11-05 20:00:00,0.66339999,0.6645,0.66250002,0.66409999
2024-11-06 00:00:00,0.66404998,0.66420001,0.6512,0.65189999
2024-11-06 04:00:00,0.65189999,0.65640002,0.65149999,0.65485001
2024-11-06 08:00:00,0.65490001,0.65965003,0.65469998,0.65555
2024-11-06 12:00:00,0.65549999,0.65810001,0.65469998,0.65735
2024-11-06 16:00:00,0.65745002,0.65930003,0.65630001,0.65829998
2024-11-06 20:00:00,0.65829998,0.65864998,0.65630001,0.65670002
2024-11-07 00:00:00,0.65665001,0.66229999,0.65640002,0.662
2024-11-07 04:00:00,0.66219997,0.66374999,0.66159999,0.66235
2024-11-07 08:00:00,0.66229999,0.66385001,0.66215003,0.6631
2024-11-07 12:00:00,0.6631,0.66874999,0.6631,0.66860002
2024-11-07 16:00:00,0.66860002,0.66869998,0.66530001,0.66680002
2024-11-07 20:00:00,0.66670001,0.66850001,0.66659999,0.66750002
2024-11-08 00:00:00,0.6674,0.66755003,0.6645,0.66469997
2024-11-08 04:00:00,0.66479999,0.66575003,0.6645,0.6652
2024-11-08 08:00:00,0.66530001,0.66540003,0.66229999,0.66329998
2024-11-08 12:00:00,0.66334999,0.66339999,0.65969998,0.66000003
2024-11-08 16:00:00,0.66004997,0.66009998,0.65584999,0.65799999
2024-11-08 20:00:00,0.65789998,0.65869999,0.65740001,0.65845001
2024-11-10 20:00:00,0.65829998,0.6591,0.65754998,0.6584
2024-11-11 00:00:00,0.65829998,0.65990001,0.65820003,0.65930003
2024-11-11 04:00:00,0.65939999,0.65979999,0.65740001,0.65834999
2024-11-11 08:00:00,0.65824997,0.65899998,0.65740001,0.65855002
2024-11-11 12:00:00,0.65859997,0.65875,0.65649998,0.65695
2024-11-11 16:00:00,0.65700001,0.65754998,0.65619999,0.65689999
2024-11-11 20:00:00,0.65684998,0.65789998,0.65684998,0.65780002
2024-11-12 00:00:00,0.65785003,0.65820003,0.65504998,0.65525001
2024-11-12 04:00:00,0.65515,0.6559,0.65450001,0.65499997
2024-11-12 08:00:00,0.65504998,0.65544999,0.6534,0.65429997
2024-11-12 12:00:00,0.65439999,0.65579998,0.6534,0.65425003
2024-11-12 16:00:00,0.65420002,0.65450001,0.65135002,0.65329999
2024-11-12 20:00:00,0.65319997,0.65399998,0.65259999,0.65289998
2024-11-13 00:00:00,0.65294999,0.65399998,0.6516,0.65335
2024-11-13 04:00:00,0.65335,0.65380001,0.65205002,0.65224999
2024-11-13 08:00:00,0.65219998,0.65355003,0.65175003,0.65280002
2024-11-13 12:00:00,0.65280002,0.65455002,0.64805001,0.64995003
2024-11-13 16:00:00,0.64999998,0.65009999,0.64819998,0.64840001
2024-11-13 20:00:00,0.64845002,0.6498,0.64810002,0.64929998
2024-11-14 00:00:00,0.6494,0.64960003,0.64660001,0.64695001
2024-11-14 04:00:00,0.64700001,0.648,0.64595002,0.64725
2024-11-14 08:00:00,0.64735001,0.64789999,0.64529997,0.64684999
2024-11-14 12:00:00,0.6469,0.6487,0.64545,0.64805001
2024-11-14 16:00:00,0.64810002,0.64889997,0.64674997,0.64705002
2024-11-14 20:00:00,0.64705002,0.64705002,0.64410001,0.6455
2024-11-15 00:00:00,0.64555001,0.64679998,0.64450002,0.64625001
2024-11-15 04:00:00,0.6462,0.64709997,0.64539999,0.64644998
2024-11-15 08:00:00,0.64639997,0.648,0.64565003,0.64749998
2024-11-15 12:00:00,0.64754999,0.64819998,0.64429998,0.64609998
2024-11-15 16:00:00,0.64600003,0.6469,0.64539999,0.64555001
2024-11-15 20:00:00,0.64569998,0.64644998,0.64504999,0.64625001
2024-11-17 20:00:00,0.64635003,0.64649999,0.64579999,0.64644998
2024-11-18 00:00:00,0.64649999,0.648,0.64609998,0.64649999
2024-11-18 04:00:00,0.64649999,0.64744997,0.64539999,0.64569998
2024-11-18 08:00:00,0.64569998,0.64635003,0.64480001,0.64525002
2024-11-18 12:00:00,0.64525002,0.64880002,0.64485002,0.64835
2024-11-18 16:00:00,0.64840001,0.6512,0.64829999,0.65044999
2024-11-18 20:00:00,0.65044999,0.65100002,0.65020001,0.65055001
2024-11-19 00:00:00,0.65060002,0.65219998,0.64960003,0.65214998
2024-11-19 04:00:00,0.65214998,0.65245003,0.65020001,0.65104997
2024-11-19 08:00:00,0.65100002,0.65179998,0.64819998,0.64929998
2024-11-19 12:00:00,0.64934999,0.65219998,0.64920002,0.65219998
2024-11-19 16:00:00,0.65205002,0.65319997,0.65140003,0.65305001
2024-11-19 20:00:00,0.65305001,0.65420002,0.65265,0.65415001
2024-11-20 00:00:00,0.65420002,0.65439999,0.65219998,0.65249997
2024-11-20 04:00:00,0.65259999,0.65319997,0.65195,0.65205002
2024-11-20 08:00:00,0.65210003,0.65224999,0.64974999,0.65020001
2024-11-20 12:00:00,0.65020001,0.6512,0.64850003,0.64905
2024-11-20 16:00:00,0.64910001,0.65034997,0.64840001,0.64950001
2024-11-20 20:00:00,0.64950001,0.65125,0.6494,0.6512
2024-11-21 00:00:00,0.6512,0.65235001,0.65060002,0.6523
2024-11-21 04:00:00,0.6523,0.65240002,0.65095001,0.65125
2024-11-21 08:00:00,0.65130001,0.65254998,0.65060002,0.65175003
2024-11-21 12:00:00,0.65184999,0.65324998,0.65130001,0.65154999
2024-11-21 16:00:00,0.65154999,0.65210003,0.64974999,0.65154999
2024-11-21 20:00:00,0.65154999,0.65179998,0.65079999,0.65090001
2024-11-22 00:00:00,0.65095001,0.65219998,0.65090001,0.6512
2024-11-22 04:00:00,0.6512,0.65130001,0.6487,0.65030003
2024-11-22 08:00:00,0.6505,0.65189999,0.64714998,0.65030003
2024-11-22 12:00:00,0.65020001,0.65090001,0.64915001,0.6494
2024-11-22 16:00:00,0.64945,0.65060002,0.64819998,0.64974999
2024-11-22 20:00:00,0.64974999,0.65030003,0.6494,0.65015
2024-11-24 20:00:00,0.65390003,0.65490001,0.65259999,0.65404999
2024-11-25 00:00:00,0.65394998,0.65509999,0.65219998,0.65240002
2024-11-25 04:00:00,0.65245003,0.65289998,0.6505,0.65065002
2024-11-25 08:00:00,0.65065002,0.65189999,0.64985001,0.6505
2024-11-25 12:00:00,0.6505,0.65275002,0.64969999,0.65015
2024-11-25 16:00:00,0.65025002,0.6505,0.64875001,0.65034997
2024-11-25 20:00:00,0.65039998,0.65074998,0.6455,0.64630002
2024-11-26 00:00:00,0.64649999,0.64920002,0.64340001,0.64915001
2024-11-26 04:00:00,0.64910001,0.65020001,0.64749998,0.64749998
2024-11-26 08:00:00,0.64754999,0.64969999,0.64740002,0.64934999
2024-11-26 12:00:00,0.64924997,0.65074998,0.64604998,0.64655
2024-11-26 16:00:00,0.64665002,0.6469,0.64480001,0.64595002
2024-11-26 20:00:00,0.64595002,0.64789999,0.64579999,0.64749998
2024-11-27 00:00:00,0.64744997,0.64850003,0.64630002,0.648
2024-11-27 04:00:00,0.64810002,0.64920002,0.64714998,0.64864999
2024-11-27 08:00:00,0.64859998,0.65009999,0.6473,0.64810002
2024-11-27 12:00:00,0.648,0.64999998,0.64740002,0.64934999
2024-11-27 16:00:00,0.64920002,0.65004998,0.64840001,0.64960003
2024-11-27 20:00:00,0.64964998,0.65034997,0.64924997,0.64974999
2024-11-28 00:00:00,0.64969999,0.65100002,0.64859998,0.64885002
2024-11-28 04:00:00,0.64885002,0.64924997,0.64810002,0.64819998
2024-11-28 08:00:00,0.64819998,0.65055001,0.64775002,0.6498
2024-11-28 12:00:00,0.64990002,0.65044999,0.64910001,0.65009999
2024-11-28 16:00:00,0.64995003,0.65044999,0.64974999,0.65025002
2024-11-28 20:00:00,0.65025002,0.65079999,0.64924997,0.65079999
2024-11-29 00:00:00,0.65069997,0.65210003,0.65020001,0.65210003
2024-11-29 04:00:00,0.65210003,0.65289998,0.65109998,0.65165001
2024-11-29 08:00:00,0.6516,0.65179998,0.64999998,0.65079999
2024-11-29 12:00:00,0.65069997,0.65179998,0.64960003,0.65130001
2024-11-29 16:00:00,0.65140003,0.65265,0.65069997,0.65259999
2024-11-29 20:00:00,0.65265,0.65265,0.6512,0.6512
2024-12-01 20:00:00,0.6512,0.65154999,0.6498,0.65030003
2024-12-02 00:00:00,0.65020001,0.65069997,0.64910001,0.6498
2024-12-02 04:00:00,0.6498,0.65109998,0.64910001,0.64964998
2024-12-02 08:00:00,0.64964998,0.65034997,0.64889997,0.64920002
2024-12-02 12:00:00,0.64920002,0.64955002,0.64450002,0.64480001
2024-12-02 16:00:00,0.64480001,0.64719999,0.64429998,0.64714998
2024-12-02 20:00:00,0.64714998,0.64840001,0.64700001,0.64740002
2024-12-03 00:00:00,0.64744997,0.64819998,0.6455,0.64684999
2024-12-03 04:00:00,0.6469,0.64864999,0.64660001,0.64845002
2024-12-03 08:00:00,0.64829999,0.65044999,0.64829999,0.64899999
2024-12-03 12:00:00,0.64905,0.64920002,0.6462,0.64770001
2024-12-03 16:00:00,0.64775002,0.6494,0.64705002,0.64805001
2024-12-03 20:00:00,0.648,0.64880002,0.64784998,0.64850003
2024-12-04 00:00:00,0.64850003,0.64889997,0.64090002,0.64139998
2024-12-04 04:00:00,0.6415,0.64520001,0.64104998,0.64410001
2024-12-04 08:00:00,0.64389998,0.64410001,0.64085001,0.64144999
2024-12-04 12:00:00,0.64130002,0.64380002,0.63994998,0.64335001
2024-12-04 16:00:00,0.64340001,0.64429998,0.64284998,0.64354998
2024-12-04 20:00:00,0.6437,0.64420003,0.6426,0.64319998
2024-12-05 00:00:00,0.64314997,0.64380002,0.64209998,0.64354998
2024-12-05 04:00:00,0.64349997,0.64490002,0.64310002,0.64469999
2024-12-05 08:00:00,0.64480001,0.64525002,0.64340001,0.64399999
2024-12-05 12:00:00,0.64385003,0.64529997,0.64230001,0.64345002
2024-12-05 16:00:00,0.64354998,0.6455,0.6426,0.64520001
2024-12-05 20:00:00,0.64525002,0.64555001,0.64485002,0.64499998
2024-12-06 00:00:00,0.6451,0.64520001,0.64195001,0.64359999
2024-12-06 04:00:00,0.64354998,0.6437,0.64219999,0.64305001
2024-12-06 08:00:00,0.64310002,0.64319998,0.64139998,0.64165002
2024-12-06 12:00:00,0.64165002,0.64450002,0.6383,0.63910002
2024-12-06 16:00:00,0.639,0.63924998,0.6372,0.63845003
2024-12-06 20:00:00,0.63849998,0.63924998,0.63840002,0.63894999
2024-12-08 20:00:00,0.63919997,0.64020002,0.63905001,0.6401
2024-12-09 00:00:00,0.63990003,0.64034998,0.63840002,0.63845003
2024-12-09 04:00:00,0.63840002,0.64240003,0.63800001,0.64235002
2024-12-09 08:00:00,0.64235002,0.6451,0.64200002,0.64410001
2024-12-09 12:00:00,0.64415002,0.64719999,0.64394999,0.64670002
2024-12-09 16:00:00,0.64670002,0.64719999,0.64405,0.6444
2024-12-09 20:00:00,0.64445001,0.64455003,0.64340001,0.64385003
2024-12-10 00:00:00,0.64375001,0.64389998,0.63805002,0.63929999
2024-12-10 04:00:00,0.63935,0.64050001,0.63810003,0.63824999
2024-12-10 08:00:00,0.63819999,0.64034998,0.63810003,0.63985002
2024-12-10 12:00:00,0.63985002,0.6401,0.63674998,0.63695002
2024-12-10 16:00:00,0.63700002,0.63845003,0.6365,0.63814998
2024-12-10 20:00:00,0.63814998,0.63840002,0.63749999,0.63755
2024-12-11 00:00:00,0.63749999,0.639,0.63690001,0.6383
2024-12-11 04:00:00,0.6383,0.63840002,0.63410002,0.63499999
2024-12-11 08:00:00,0.63505,0.63644999,0.63370001,0.63520002
2024-12-11 12:00:00,0.63520002,0.63770002,0.63510001,0.63655001
2024-12-11 16:00:00,0.6365,0.63784999,0.63620001,0.63704997
2024-12-11 20:00:00,0.63704997,0.63840002,0.63669997,0.63819999
2024-12-12 00:00:00,0.6383,0.64179999,0.63770002,0.64179999
2024-12-12 04:00:00,0.64165002,0.64300001,0.64109999,0.64160001
2024-12-12 08:00:00,0.64139998,0.64200002,0.63964999,0.64029998
2024-12-12 12:00:00,0.64029998,0.64045,0.63685,0.63800001
2024-12-12 16:00:00,0.63805002,0.63924998,0.63630003,0.63634998
2024-12-12 20:00:00,0.63639998,0.63749999,0.63609999,0.63709998
2024-12-13 00:00:00,0.63709998,0.6372,0.6354,0.63620001
2024-12-13 04:00:00,0.63620001,0.63709998,0.6354,0.63690001
2024-12-13 08:00:00,0.63690001,0.6376,0.6358,0.63714999
2024-12-13 12:00:00,0.63709998,0.6383,0.63520002,0.63595003
2024-12-13 16:00:00,0.63590002,0.63615,0.63529998,0.63564998
2024-12-13 20:00:00,0.6358,0.63634998,0.63529998,0.63615
2024-12-15 20:00:00,0.63534999,0.63690001,0.63524997,0.63679999
2024-12-16 00:00:00,0.63669997,0.63739997,0.63620001,0.63739997
2024-12-16 04:00:00,0.63739997,0.6383,0.63665003,0.63700002
2024-12-16 08:00:00,0.63700002,0.6376,0.63499999,0.63534999
2024-12-16 12:00:00,0.6354,0.63709998,0.63450003,0.63704997
2024-12-16 16:00:00,0.63704997,0.63779998,0.63639998,0.63685
2024-12-16 20:00:00,0.63685,0.63779998,0.63655001,0.63779998
2024-12-17 00:00:00,0.63770002,0.63789999,0.63599998,0.63620001
2024-12-17 04:00:00,0.63620001,0.63655001,0.63440001,0.63505
2024-12-17 08:00:00,0.63505,0.63515002,0.63370001,0.63435
2024-12-17 12:00:00,0.63435,0.63559997,0.63365,0.63419998
2024-12-17 16:00:00,0.63415003,0.63435,0.63319999,0.63354999
2024-12-17 20:00:00,0.63354999,0.63410002,0.63309997,0.634
2024-12-18 00:00:00,0.63389999,0.63389999,0.63169998,0.6318
2024-12-18 04:00:00,0.63174999,0.63235003,0.63099998,0.63160002
2024-12-18 08:00:00,0.63139999,0.63169998,0.63050002,0.63145
2024-12-18 12:00:00,0.63145,0.63279998,0.63050002,0.63055003
2024-12-18 16:00:00,0.63059998,0.63080001,0.62400001,0.62400001
2024-12-18 20:00:00,0.62410003,0.62440002,0.62,0.62059999
2024-12-19 00:00:00,0.62050003,0.62349999,0.61995,0.62300003
2024-12-19 04:00:00,0.62290001,0.62400001,0.62145001,0.62379998
2024-12-19 08:00:00,0.62370002,0.62515002,0.6232,0.62494999
2024-12-19 12:00:00,0.62494999,0.62655002,0.62459999,0.62519997
2024-12-19 16:00:00,0.62535,0.62625003,0.62400001,0.62424999
2024-12-19 20:00:00,0.62424999,0.62459999,0.62295002,0.62309998
2024-12-20 00:00:00,0.62309998,0.62360001,0.62150002,0.62215
2024-12-20 04:00:00,0.62220001,0.62470001,0.62199998,0.62459999
2024-12-20 08:00:00,0.62465,0.625,0.6225,0.62265003
2024-12-20 12:00:00,0.62265003,0.6257,0.62265003,0.62465
2024-12-20 16:00:00,0.62465,0.62744999,0.62440002,0.62669998
2024-12-20 20:00:00,0.62669998,0.62690002,0.62494999,0.62505001
2024-12-22 20:00:00,0.62564999,0.62589997,0.62484998,0.62535
2024-12-23 00:00:00,0.62540001,0.62599999,0.62440002,0.62510002
2024-12-23 04:00:00,0.62505001,0.62639999,0.62465,0.62489998
2024-12-23 08:00:00,0.62489998,0.62655002,0.62410003,0.62454998
2024-12-23 12:00:00,0.62445003,0.62459999,0.62190002,0.62309998
2024-12-23 16:00:00,0.62309998,0.62515002,0.62255001,0.62484998
2024-12-23 20:00:00,0.625,0.62535,0.6243,0.62440002
2024-12-24 00:00:00,0.62435001,0.62459999,0.62239999,0.62374997
2024-12-24 04:00:00,0.6239,0.62489998,0.62330002,0.62410003
2024-12-24 08:00:00,0.62400001,0.62454998,0.62309998,0.62314999
2024-12-24 12:00:00,0.62325001,0.62335002,0.62269998,0.62285
2024-12-25 16:00:00,0.62400001,0.62459999,0.62400001,0.62410003
2024-12-25 20:00:00,0.62424999,0.62480003,0.62330002,0.62440002
2024-12-26 00:00:00,0.62435001,0.62545002,0.62384999,0.62489998
2024-12-26 04:00:00,0.62489998,0.62489998,0.62300003,0.62374997
2024-12-26 08:00:00,0.62370002,0.62384999,0.62220001,0.62355
2024-12-26 12:00:00,0.62339997,0.62349999,0.62159997,0.62159997
2024-12-26 16:00:00,0.62169999,0.62300003,0.62159997,0.62215
2024-12-26 20:00:00,0.62215,0.62285,0.62159997,0.62220001
2024-12-27 00:00:00,0.62220001,0.62260002,0.62120003,0.62169999
2024-12-27 04:00:00,0.62169999,0.62220001,0.62050003,0.6221
2024-12-27 08:00:00,0.6221,0.62265003,0.62054998,0.62185001
2024-12-27 12:00:00,0.62185001,0.62260002,0.62010002,0.62124997
2024-12-27 16:00:00,0.62129998,0.62199998,0.62,0.62199998
2024-12-27 20:00:00,0.62190002,0.62199998,0.62110001,0.62180001
2024-12-29 20:00:00,0.62185001,0.62349999,0.6214,0.6225
2024-12-30 00:00:00,0.62255001,0.6243,0.62199998,0.62419999
2024-12-30 04:00:00,0.62419999,0.62470001,0.62355,0.62379998
2024-12-30 08:00:00,0.62379998,0.62435001,0.62199998,0.62410003
2024-12-30 12:00:00,0.62410003,0.62435001,0.62019998,0.62164998
2024-12-30 16:00:00,0.62164998,0.62335002,0.62120003,0.62234998
2024-12-30 20:00:00,0.62230003,0.62300003,0.62129998,0.62194997
2024-12-31 00:00:00,0.62185001,0.62314999,0.62099999,0.62129998
2024-12-31 04:00:00,0.62134999,0.62260002,0.62080002,0.62215
2024-12-31 08:00:00,0.62215,0.62215,0.62089998,0.62099999
2024-12-31 12:00:00,0.62110001,0.62124997,0.62,0.62010002
2025-01-01 16:00:00,0.61919999,0.61919999,0.61870003,0.61879998
2025-01-01 20:00:00,0.61919999,0.61949998,0.61830002,0.61940002
2025-01-02 00:00:00,0.61919999,0.62230003,0.6189,0.62159997
2025-01-02 04:00:00,0.62159997,0.62199998,0.62040001,0.62040001
2025-01-02 08:00:00,0.62040001,0.62199998,0.62010002,0.62150002
2025-01-02 12:00:00,0.62159997,0.6221,0.62040001,0.62099999
2025-01-02 16:00:00,0.62099999,0.62129998,0.61919999,0.61930001
2025-01-02 20:00:00,0.61930001,0.62089998,0.61930001,0.62010002
2025-01-03 00:00:00,0.62010002,0.62180001,0.62010002,0.62120003
2025-01-03 04:00:00,0.62129998,0.62220001,0.62019998,0.62120003
2025-01-03 08:00:00,0.62120003,0.62260002,0.62040001,0.6221
2025-01-03 12:00:00,0.6221,0.62230003,0.61979997,0.62059999
2025-01-03 16:00:00,0.62050003,0.6221,0.62019998,0.62159997
2025-01-03 20:00:00,0.62169999,0.6221,0.62150002,0.62150002
2025-01-05 20:00:00,0.62150002,0.6225,0.6207,0.6221
2025-01-06 00:00:00,0.6221,0.62400001,0.62190002,0.62230003
2025-01-06 04:00:00,0.62230003,0.62370002,0.62199998,0.62300003
2025-01-06 08:00:00,0.62300003,0.62889999,0.62290001,0.6286
2025-01-06 12:00:00,0.62849998,0.63020003,0.62419999,0.62459999
2025-01-06 16:00:00,0.62470001,0.62529999,0.62349999,0.62419999
2025-01-06 20:00:00,0.62410003,0.62480003,0.62379998,0.6239
2025-01-07 00:00:00,0.6239,0.62620002,0.62379998,0.6261
2025-01-07 04:00:00,0.6261,0.62760001,0.6257,0.6275
2025-01-07 08:00:00,0.62769997,0.62889999,0.62720001,0.62769997
2025-01-07 12:00:00,0.62769997,0.62840003,0.62400001,0.62480003
2025-01-07 16:00:00,0.62480003,0.62519997,0.62339997,0.62400001
2025-01-07 20:00:00,0.62400001,0.62400001,0.62279999,0.62339997
2025-01-08 00:00:00,0.62339997,0.62419999,0.62120003,0.6232
2025-01-08 04:00:00,0.6232,0.62370002,0.62220001,0.62269998
2025-01-08 08:00:00,0.62269998,0.6232,0.61900002,0.62010002
2025-01-08 12:00:00,0.62010002,0.6214,0.61879998,0.62089998
2025-01-08 16:00:00,0.62089998,0.62199998,0.62,0.62110001
2025-01-08 20:00:00,0.62110001,0.62190002,0.62040001,0.62110001
2025-01-09 00:00:00,0.62120003,0.62129998,0.61979997,0.62
2025-01-09 04:00:00,0.61989999,0.62029999,0.61799997,0.61809999
2025-01-09 08:00:00,0.6182,0.62040001,0.61720002,0.62010002
2025-01-09 12:00:00,0.62,0.62040001,0.61909997,0.61919999
2025-01-09 16:00:00,0.61930001,0.62,0.61900002,0.61970001
2025-01-09 20:00:00,0.61979997,0.62010002,0.6189,0.61900002
2025-01-10 00:00:00,0.61900002,0.6207,0.61879998,0.6196
2025-01-10 04:00:00,0.6196,0.62,0.61870003,0.61940002
2025-01-10 08:00:00,0.61930001,0.61970001,0.61809999,0.61879998
2025-01-10 12:00:00,0.6189,0.61919999,0.61400002,0.61559999
2025-01-10 16:00:00,0.61549997,0.61570001,0.61400002,0.61479998
2025-01-10 20:00:00,0.61479998,0.61479998,0.6142,0.61470002
2025-01-12 20:00:00,0.61489999,0.61589998,0.6142,0.6153
2025-01-13 00:00:00,0.61540002,0.61629999,0.61409998,0.61430001
2025-01-13 04:00:00,0.61430001,0.61489999,0.61309999,0.61470002
2025-01-13 08:00:00,0.6146,0.61570001,0.61369997,0.61449999
2025-01-13 12:00:00,0.6146,0.61589998,0.61390001,0.61489999
2025-01-13 16:00:00,0.61500001,0.61619997,0.61449999,0.61559999
2025-01-13 20:00:00,0.61549997,0.62029999,0.61540002,0.61900002
2025-01-14 00:00:00,0.61909997,0.61930001,0.61790001,0.61870003
2025-01-14 04:00:00,0.61860001,0.61979997,0.61809999,0.61979997
2025-01-14 08:00:00,0.61970001,0.62080002,0.61809999,0.61809999
2025-01-14 12:00:00,0.61799997,0.61979997,0.61669999,0.6196
2025-01-14 16:00:00,0.61949998,0.61989999,0.61769998,0.61860001
2025-01-14 20:00:00,0.61870003,0.61979997,0.61839998,0.61909997
2025-01-15 00:00:00,0.61909997,0.61949998,0.61809999,0.61949998
2025-01-15 04:00:00,0.61940002,0.62059999,0.61860001,0.62040001
2025-01-15 08:00:00,0.62029999,0.62120003,0.61949998,0.62029999
2025-01-15 12:00:00,0.62019998,0.62470001,0.61940002,0.62260002
2025-01-15 16:00:00,0.62269998,0.62300003,0.62089998,0.62290001
2025-01-15 20:00:00,0.62279999,0.62370002,0.6221,0.62360001
2025-01-16 00:00:00,0.62349999,0.62470001,0.62089998,0.62110001
2025-01-16 04:00:00,0.62120003,0.62199998,0.6196,0.62180001
2025-01-16 08:00:00,0.62180001,0.62199998,0.62089998,0.62129998
2025-01-16 12:00:00,0.62120003,0.6225,0.61930001,0.62199998
2025-01-16 16:00:00,0.6221,0.62300003,0.62110001,0.62120003
2025-01-16 20:00:00,0.62120003,0.6214,0.62059999,0.62099999
2025-01-17 00:00:00,0.62099999,0.62199998,0.6207,0.62129998
2025-01-17 04:00:00,0.62129998,0.6214,0.61949998,0.62080002
2025-01-17 08:00:00,0.62089998,0.6214,0.6196,0.61979997
2025-01-17 12:00:00,0.61979997,0.62279999,0.6164,0.62190002
2025-01-17 16:00:00,0.62180001,0.62199998,0.6196,0.62
2025-01-17 20:00:00,0.61989999,0.62010002,0.61900002,0.61909997
2025-01-19 20:00:00,0.62,0.62010002,0.61900002,0.61979997
2025-01-20 00:00:00,0.61970001,0.62180001,0.61970001,0.62180001
2025-01-20 04:00:00,0.62180001,0.62230003,0.62019998,0.62220001
2025-01-20 08:00:00,0.62220001,0.62230003,0.61970001,0.62040001
2025-01-20 12:00:00,0.62050003,0.62870002,0.62,0.62580001
2025-01-20 16:00:00,0.62580001,0.62779999,0.6232,0.62739998
2025-01-20 20:00:00,0.62730002,0.62840003,0.62629998,0.62809998
2025-01-21 00:00:00,0.62809998,0.62889999,0.62089998,0.62489998
2025-01-21 04:00:00,0.625,0.62559998,0.62300003,0.62360001
2025-01-21 08:00:00,0.62360001,0.62400001,0.6214,0.62199998
2025-01-21 12:00:00,0.62199998,0.62620002,0.62159997,0.62589997
2025-01-21 16:00:00,0.62589997,0.62760001,0.6257,0.62650001
2025-01-21 20:00:00,0.62639999,0.62769997,0.62559998,0.62620002
2025-01-22 00:00:00,0.62620002,0.62779999,0.6261,0.62639999
2025-01-22 04:00:00,0.62639999,0.62699997,0.62529999,0.62589997
2025-01-22 08:00:00,0.62589997,0.62959999,0.62589997,0.62840003
2025-01-22 12:00:00,0.62830001,0.62910002,0.62669998,0.62720001
2025-01-22 16:00:00,0.62720001,0.62819999,0.62639999,0.62779999
2025-01-22 20:00:00,0.62779999,0.62809998,0.62660003,0.62730002
2025-01-23 00:00:00,0.62730002,0.62819999,0.6268,0.62730002
2025-01-23 04:00:00,0.62739998,0.62769997,0.6261,0.62669998
2025-01-23 08:00:00,0.6268,0.62730002,0.62559998,0.62650001
2025-01-23 12:00:00,0.62650001,0.6279,0.62599999,0.62730002
2025-01-23 16:00:00,0.62720001,0.63,0.62550002,0.62889999
2025-01-23 20:00:00,0.62879997,0.6293,0.62819999,0.62830001
2025-01-24 00:00:00,0.62830001,0.63209999,0.6279,0.63200003
2025-01-24 04:00:00,0.63200003,0.63309997,0.63120002,0.63150001
2025-01-24 08:00:00,0.63139999,0.63309997,0.63120002,0.63139999
2025-01-24 12:00:00,0.63129997,0.63249999,0.63020003,0.63230002
2025-01-24 16:00:00,0.63239998,0.63270003,0.63120002,0.63139999
2025-01-24 20:00:00,0.63139999,0.63169998,0.6311,0.63139999
2025-01-26 20:00:00,0.6304,0.63069999,0.62910002,0.6293
2025-01-27 00:00:00,0.6293,0.63029999,0.62830001,0.62959999
2025-01-27 04:00:00,0.62959999,0.62980002,0.62779999,0.6279
2025-01-27 08:00:00,0.6279,0.63029999,0.62779999,0.63
2025-01-27 12:00:00,0.63,0.63080001,0.6275,0.62840003
2025-01-27 16:00:00,0.62840003,0.62849998,0.6275,0.62840003
2025-01-27 20:00:00,0.62840003,0.62970001,0.6257,0.62599999
2025-01-28 00:00:00,0.62599999,0.62739998,0.62519997,0.62519997
2025-01-28 04:00:00,0.62519997,0.62589997,0.62459999,0.62519997
2025-01-28 08:00:00,0.62529999,0.62580001,0.6243,0.62480003
2025-01-28 12:00:00,0.62480003,0.62550002,0.62379998,0.62440002
2025-01-28 16:00:00,0.62440002,0.6257,0.62419999,0.62540001
2025-01-28 20:00:00,0.62540001,0.6257,0.62489998,0.62519997
2025-01-29 00:00:00,0.62510002,0.62559998,0.62269998,0.62349999
2025-01-29 04:00:00,0.62349999,0.625,0.62339997,0.62370002
2025-01-29 08:00:00,0.62379998,0.62410003,0.62230003,0.62260002
2025-01-29 12:00:00,0.62260002,0.62300003,0.62099999,0.62279999
2025-01-29 16:00:00,0.62279999,0.6239,0.6214,0.6232
2025-01-29 20:00:00,0.62309998,0.62410003,0.62239999,0.62400001
2025-01-30 00:00:00,0.6239,0.62440002,0.62309998,0.6232
2025-01-30 04:00:00,0.62330002,0.62339997,0.62150002,0.62230003
2025-01-30 08:00:00,0.62239999,0.62349999,0.62220001,0.62269998
2025-01-30 12:00:00,0.62269998,0.62400001,0.6221,0.62339997
2025-01-30 16:00:00,0.62339997,0.62400001,0.62239999,0.62379998
2025-01-30 20:00:00,0.62379998,0.62400001,0.61989999,0.6214
2025-01-31 00:00:00,0.6214,0.62239999,0.62040001,0.62199998
2025-01-31 04:00:00,0.6221,0.62360001,0.62180001,0.62339997
2025-01-31 08:00:00,0.62349999,0.62379998,0.62099999,0.62129998
2025-01-31 12:00:00,0.62129998,0.62400001,0.62110001,0.62379998
2025-01-31 16:00:00,0.62370002,0.62629998,0.62080002,0.62150002
2025-01-31 20:00:00,0.6214,0.62230003,0.6207,0.62110001
2025-02-02 20:00:00,0.61540002,0.61669999,0.61379999,0.6142
2025-02-03 00:00:00,0.61409998,0.6153,0.60879999,0.60979998
2025-02-03 04:00:00,0.60979998,0.61430001,0.60979998,0.61360002
2025-02-03 08:00:00,0.6135,0.61500001,0.61330003,0.61489999
2025-02-03 12:00:00,0.61479998,0.61970001,0.6142,0.61949998
2025-02-03 16:00:00,0.61949998,0.61979997,0.61659998,0.61830002
2025-02-03 20:00:00,0.61830002,0.62379998,0.6182,0.62180001
2025-02-04 00:00:00,0.62180001,0.62220001,0.61989999,0.62019998
2025-02-04 04:00:00,0.62029999,0.62089998,0.61699998,0.6207
2025-02-04 08:00:00,0.62080002,0.62159997,0.61979997,0.62059999
2025-02-04 12:00:00,0.6207,0.62540001,0.62040001,0.62489998
2025-02-04 16:00:00,0.62489998,0.62620002,0.6243,0.62599999
2025-02-04 20:00:00,0.6261,0.62620002,0.62489998,0.625
2025-02-05 00:00:00,0.625,0.6261,0.62400001,0.625
2025-02-05 04:00:00,0.62510002,0.62739998,0.62459999,0.62699997
2025-02-05 08:00:00,0.62690002,0.62910002,0.62690002,0.62819999
2025-02-05 12:00:00,0.62809998,0.62970001,0.6275,0.62940001
2025-02-05 16:00:00,0.62940001,0.62980002,0.62840003,0.6286
2025-02-05 20:00:00,0.62849998,0.62879997,0.62819999,0.62830001
2025-02-06 00:00:00,0.62840003,0.62889999,0.62620002,0.62639999
2025-02-06 04:00:00,0.62650001,0.62720001,0.6261,0.62629998
2025-02-06 08:00:00,0.62639999,0.62690002,0.62550002,0.62650001
2025-02-06 12:00:00,0.62650001,0.62809998,0.62580001,0.62800002
2025-02-06 16:00:00,0.62800002,0.62879997,0.62760001,0.62800002
2025-02-06 20:00:00,0.62800002,0.6286,0.62730002,0.62809998
2025-02-07 00:00:00,0.62809998,0.62959999,0.62800002,0.62870002
2025-02-07 04:00:00,0.62879997,0.62900001,0.62779999,0.62879997
2025-02-07 08:00:00,0.62870002,0.62980002,0.62809998,0.62819999
2025-02-07 12:00:00,0.62819999,0.63020003,0.62599999,0.62739998
2025-02-07 16:00:00,0.62760001,0.6279,0.62540001,0.62720001
2025-02-07 20:00:00,0.62720001,0.6275,0.62669998,0.62730002
2025-02-09 20:00:00,0.62379998,0.6261,0.62349999,0.62589997
2025-02-10 00:00:00,0.62580001,0.62690002,0.62519997,0.62690002
2025-02-10 04:00:00,0.62690002,0.62800002,0.6268,0.62730002
2025-02-10 08:00:00,0.62730002,0.62840003,0.62669998,0.62739998
2025-02-10 12:00:00,0.62739998,0.62879997,0.62690002,0.62830001
2025-02-10 16:00:00,0.62849998,0.62870002,0.62730002,0.62800002
2025-02-10 20:00:00,0.6279,0.62849998,0.62639999,0.62699997
2025-02-11 00:00:00,0.62699997,0.6275,0.62599999,0.62699997
2025-02-11 04:00:00,0.62699997,0.62840003,0.62699997,0.62800002
2025-02-11 08:00:00,0.62809998,0.62879997,0.62690002,0.62730002
2025-02-11 12:00:00,0.62739998,0.62900001,0.62709999,0.62889999
2025-02-11 16:00:00,0.62879997,0.63010001,0.62870002,0.62940001
2025-02-11 20:00:00,0.6293,0.63,0.62910002,0.62970001
2025-02-12 00:00:00,0.62980002,0.63099998,0.62879997,0.63
2025-02-12 04:00:00,0.62989998,0.63010001,0.62870002,0.62879997
2025-02-12 08:00:00,0.62879997,0.62919998,0.62720001,0.6279
2025-02-12 12:00:00,0.6279,0.62809998,0.62349999,0.62739998
2025-02-12 16:00:00,0.6275,0.63059998,0.6261,0.6286
2025-02-12 20:00:00,0.6286,0.62900001,0.62769997,0.62819999
2025-02-13 00:00:00,0.62819999,0.62910002,0.62739998,0.62900001
2025-02-13 04:00:00,0.62889999,0.63,0.62800002,0.62840003
2025-02-13 08:00:00,0.62840003,0.62840003,0.62589997,0.62629998
2025-02-13 12:00:00,0.62639999,0.62989998,0.62550002,0.62980002
2025-02-13 16:00:00,0.62970001,0.63090003,0.62709999,0.63020003
2025-02-13 20:00:00,0.63020003,0.63230002,0.63010001,0.63169998
2025-02-14 00:00:00,0.63160002,0.63279998,0.63099998,0.6322
2025-02-14 04:00:00,0.63230002,0.63319999,0.63160002,0.6329
2025-02-14 08:00:00,0.63279998,0.63450003,0.63279998,0.634
2025-02-14 12:00:00,0.63389999,0.63679999,0.63340002,0.63620001
2025-02-14 16:00:00,0.63620001,0.6365,0.63529998,0.63590002
2025-02-14 20:00:00,0.6358,0.63590002,0.63510001,0.63510001
2025-02-16 20:00:00,0.63480002,0.63569999,0.6347,0.63569999
2025-02-17 00:00:00,0.63559997,0.6372,0.63529998,0.63639998
2025-02-17 04:00:00,0.6365,0.63739997,0.63609999,0.63630003
2025-02-17 08:00:00,0.63630003,0.63679999,0.63569999,0.63669997
2025-02-17 12:00:00,0.63669997,0.63700002,0.63609999,0.6365
2025-02-17 16:00:00,0.63660002,0.63700002,0.63550001,0.63599998
2025-02-17 20:00:00,0.63590002,0.63620001,0.63510001,0.63550001
2025-02-18 00:00:00,0.63550001,0.63679999,0.63349998,0.63499999
2025-02-18 04:00:00,0.63510001,0.6365,0.63410002,0.63550001
2025-02-18 08:00:00,0.63550001,0.63630003,0.63529998,0.63569999
2025-02-18 12:00:00,0.6358,0.63599998,0.63419998,0.63529998
2025-02-18 16:00:00,0.63520002,0.63550001,0.63440001,0.63489997
2025-02-18 20:00:00,0.63489997,0.63569999,0.63480002,0.63520002
2025-02-19 00:00:00,0.63520002,0.63669997,0.63419998,0.63620001
2025-02-19 04:00:00,0.63620001,0.63709998,0.6358,0.63630003
2025-02-19 08:00:00,0.63639998,0.6365,0.63450003,0.63489997
2025-02-19 12:00:00,0.63480002,0.63660002,0.63450003,0.63499999
2025-02-19 16:00:00,0.63489997,0.63529998,0.63370001,0.63480002
2025-02-19 20:00:00,0.63480002,0.63499999,0.63380003,0.63410002
2025-02-20 00:00:00,0.63410002,0.63620001,0.63279998,0.63599998
2025-02-20 04:00:00,0.63590002,0.6372,0.6358,0.6365
2025-02-20 08:00:00,0.63660002,0.63819999,0.6365,0.63709998
2025-02-20 12:00:00,0.63709998,0.63950002,0.63700002,0.63950002
2025-02-20 16:00:00,0.63940001,0.64039999,0.63910002,0.64029998
2025-02-20 20:00:00,0.64020002,0.64090002,0.63940001,0.64029998
2025-02-21 00:00:00,0.64020002,0.6408,0.63910002,0.64020002
2025-02-21 04:00:00,0.6401,0.64029998,0.63849998,0.63910002
2025-02-21 08:00:00,0.639,0.63940001,0.63819999,0.63870001
2025-02-21 12:00:00,0.63880002,0.63929999,0.63709998,0.63749999
2025-02-21 16:00:00,0.63739997,0.63779998,0.63520002,0.6354
2025-02-21 20:00:00,0.63529998,0.63590002,0.63529998,0.63569999
2025-02-23 20:00:00,0.63660002,0.63739997,0.63609999,0.63690001
2025-02-24 00:00:00,0.63690001,0.63929999,0.63609999,0.6383
2025-02-24 04:00:00,0.63840002,0.63849998,0.63660002,0.63709998
2025-02-24 08:00:00,0.6372,0.63739997,0.63609999,0.63669997
2025-02-24 12:00:00,0.63660002,0.6372,0.63440001,0.63550001
2025-02-24 16:00:00,0.6354,0.6365,0.63520002,0.63569999
2025-02-24 20:00:00,0.6358,0.63590002,0.63370001,0.63389999
2025-02-25 00:00:00,0.63389999,0.63569999,0.63380003,0.63520002
2025-02-25 04:00:00,0.63529998,0.63569999,0.63370001,0.63380003
2025-02-25 08:00:00,0.63370001,0.63450003,0.63260001,0.63450003
2025-02-25 12:00:00,0.63450003,0.63520002,0.63260001,0.63330001
2025-02-25 16:00:00,0.63330001,0.63459998,0.6322,0.63429999
2025-02-25 20:00:00,0.63429999,0.6354,0.63410002,0.63520002
2025-02-26 00:00:00,0.63520002,0.63529998,0.63239998,0.63270003
2025-02-26 04:00:00,0.63260001,0.634,0.63200003,0.63270003
2025-02-26 08:00:00,0.63270003,0.63349998,0.63120002,0.63139999
2025-02-26 12:00:00,0.63129997,0.63200003,0.63,0.63169998
2025-02-26 16:00:00,0.63169998,0.6336,0.63020003,0.63080001
2025-02-26 20:00:00,0.63090003,0.63150001,0.62959999,0.63090003
2025-02-27 00:00:00,0.63090003,0.6311,0.62919998,0.6293
2025-02-27 04:00:00,0.62940001,0.6304,0.62849998,0.62980002
2025-02-27 08:00:00,0.62980002,0.63050002,0.62949997,0.62989998
2025-02-27 12:00:00,0.63,0.6304,0.625,0.62559998
2025-02-27 16:00:00,0.62550002,0.62580001,0.62400001,0.62440002
2025-02-27 20:00:00,0.6243,0.62440002,0.62309998,0.6232
2025-02-28 00:00:00,0.6232,0.62379998,0.62099999,0.62120003
2025-02-28 04:00:00,0.62129998,0.62180001,0.62089998,0.62129998
2025-02-28 08:00:00,0.62129998,0.6221,0.62110001,0.62180001
2025-02-28 12:00:00,0.62190002,0.62230003,0.62059999,0.62190002
2025-02-28 16:00:00,0.62180001,0.62190002,0.61930001,0.61989999
2025-02-28 20:00:00,0.61979997,0.62099999,0.61970001,0.62089998
2025-03-02 20:00:00,0.62169999,0.62239999,0.62089998,0.6221
2025-03-03 00:00:00,0.62199998,0.62309998,0.62110001,0.62190002
2025-03-03 04:00:00,0.62180001,0.62239999,0.62089998,0.62169999
2025-03-03 08:00:00,0.62169999,0.62269998,0.62110001,0.62230003
2025-03-03 12:00:00,0.62230003,0.62550002,0.62230003,0.62410003
2025-03-03 16:00:00,0.62410003,0.625,0.6221,0.62230003
2025-03-03 20:00:00,0.62220001,0.62279999,0.62040001,0.62159997
2025-03-04 00:00:00,0.62159997,0.62199998,0.61979997,0.62010002
2025-03-04 04:00:00,0.62,0.6214,0.61870003,0.6207
2025-03-04 08:00:00,0.62059999,0.62379998,0.61979997,0.62370002
2025-03-04 12:00:00,0.62360001,0.62440002,0.61970001,0.6207
2025-03-04 16:00:00,0.6207,0.62470001,0.61989999,0.62459999
2025-03-04 20:00:00,0.62470001,0.62800002,0.62459999,0.6268
2025-03-05 00:00:00,0.6268,0.62690002,0.62339997,0.625
2025-03-05 04:00:00,0.62510002,0.62800002,0.62470001,0.62730002
2025-03-05 08:00:00,0.62730002,0.62910002,0.6268,0.6279
2025-03-05 12:00:00,0.62800002,0.63209999,0.62709999,0.63050002
2025-03-05 16:00:00,0.63050002,0.63419998,0.63010001,0.63389999
2025-03-05 20:00:00,0.63389999,0.63429999,0.63270003,0.63370001
2025-03-06 00:00:00,0.63370001,0.63569999,0.6329,0.63389999
2025-03-06 04:00:00,0.634,0.63499999,0.63319999,0.63330001
2025-03-06 08:00:00,0.63319999,0.63450003,0.6322,0.63349998
2025-03-06 12:00:00,0.6336,0.63559997,0.6329,0.63510001
2025-03-06 16:00:00,0.63510001,0.63639998,0.6329,0.6336
2025-03-06 20:00:00,0.63349998,0.634,0.63270003,0.63319999
2025-03-07 00:00:00,0.63319999,0.63380003,0.63,0.63029999
2025-03-07 04:00:00,0.63029999,0.63129997,0.62970001,0.63090003
2025-03-07 08:00:00,0.63090003,0.6322,0.62940001,0.62949997
2025-03-07 12:00:00,0.62959999,0.63169998,0.62819999,0.63129997
2025-03-07 16:00:00,0.63120002,0.63139999,0.62840003,0.63090003
2025-03-07 20:00:00,0.63080001,0.63129997,0.63059998,0.63069999
2025-03-09 20:00:00,0.63069999,0.63099998,0.62959999,0.63029999
2025-03-10 00:00:00,0.6304,0.63200003,0.63,0.63050002
2025-03-10 04:00:00,0.63059998,0.63239998,0.6304,0.63230002
2025-03-10 08:00:00,0.63230002,0.63300002,0.63099998,0.63239998
2025-03-10 12:00:00,0.63249999,0.63309997,0.63029999,0.63069999
2025-03-10 16:00:00,0.63059998,0.63080001,0.62639999,0.62830001
2025-03-10 20:00:00,0.62819999,0.62849998,0.62709999,0.62800002
2025-03-11 00:00:00,0.62800002,0.62889999,0.62589997,0.62739998
2025-03-11 04:00:00,0.62739998,0.62889999,0.62629998,0.62849998
2025-03-11 08:00:00,0.62840003,0.62980002,0.62800002,0.62900001
2025-03-11 12:00:00,0.62910002,0.62989998,0.62660003,0.62840003
2025-03-11 16:00:00,0.62840003,0.63120002,0.62769997,0.62980002
2025-03-11 20:00:00,0.62980002,0.63,0.62870002,0.62959999
2025-03-12 00:00:00,0.62949997,0.62989998,0.62840003,0.62840003
2025-03-12 04:00:00,0.62840003,0.62940001,0.62769997,0.62879997
2025-03-12 08:00:00,0.62870002,0.63010001,0.62849998,0.62870002
2025-03-12 12:00:00,0.6286,0.63209999,0.62779999,0.63050002
2025-03-12 16:00:00,0.63050002,0.63200003,0.63050002,0.63169998
2025-03-12 20:00:00,0.63169998,0.6329,0.63160002,0.6329
2025-03-13 00:00:00,0.6329,0.63340002,0.63150001,0.63150001
2025-03-13 04:00:00,0.63139999,0.6318,0.62879997,0.62959999
2025-03-13 08:00:00,0.62940001,0.63010001,0.62840003,0.62870002
2025-03-13 12:00:00,0.6286,0.63050002,0.62690002,0.62870002
2025-03-13 16:00:00,0.62879997,0.62959999,0.62760001,0.62840003
2025-03-13 20:00:00,0.62840003,0.62900001,0.62800002,0.62870002
2025-03-14 00:00:00,0.6286,0.6293,0.62779999,0.62910002
2025-03-14 04:00:00,0.62919998,0.63069999,0.62879997,0.6304
2025-03-14 08:00:00,0.63029999,0.6311,0.62980002,0.63059998
2025-03-14 12:00:00,0.63069999,0.63249999,0.63050002,0.63169998
2025-03-14 16:00:00,0.63169998,0.63279998,0.63150001,0.63260001
2025-03-14 20:00:00,0.63249999,0.63319999,0.63239998,0.63279998
2025-03-16 20:00:00,0.63270003,0.63340002,0.63249999,0.63249999
2025-03-17 00:00:00,0.63249999,0.63389999,0.6322,0.63279998
2025-03-17 04:00:00,0.63300002,0.63389999,0.63209999,0.63380003
2025-03-17 08:00:00,0.63380003,0.6354,0.6336,0.63510001
2025-03-17 12:00:00,0.63510001,0.63749999,0.63419998,0.63739997
2025-03-17 16:00:00,0.63730001,0.63910002,0.63709998,0.63859999
2025-03-17 20:00:00,0.63870001,0.63889998,0.63810003,0.63810003
2025-03-18 00:00:00,0.63810003,0.63889998,0.63669997,0.63700002
2025-03-18 04:00:00,0.63700002,0.63859999,0.63669997,0.63810003
2025-03-18 08:00:00,0.63800001,0.63910002,0.6365,0.63679999
2025-03-18 12:00:00,0.63690001,0.63730001,0.63440001,0.63550001
2025-03-18 16:00:00,0.6354,0.6365,0.63529998,0.63630003
2025-03-18 20:00:00,0.63620001,0.63639998,0.6358,0.63620001
2025-03-19 00:00:00,0.63620001,0.63669997,0.6358,0.63599998
2025-03-19 04:00:00,0.63599998,0.63609999,0.63270003,0.63309997
2025-03-19 08:00:00,0.63309997,0.63410002,0.6322,0.6336
2025-03-19 12:00:00,0.63370001,0.634,0.63230002,0.63309997
2025-03-19 16:00:00,0.63309997,0.63639998,0.63209999,0.63510001
2025-03-19 20:00:00,0.63499999,0.63639998,0.63499999,0.63639998
2025-03-20 00:00:00,0.63630003,0.63639998,0.6329,0.63450003
2025-03-20 04:00:00,0.63450003,0.63480002,0.63129997,0.63209999
2025-03-20 08:00:00,0.6322,0.63239998,0.62830001,0.62879997
2025-03-20 12:00:00,0.62879997,0.63,0.62720001,0.63
2025-03-20 16:00:00,0.62989998,0.63069999,0.62900001,0.63050002
2025-03-20 20:00:00,0.63050002,0.63050002,0.62980002,0.63029999
2025-03-21 00:00:00,0.63020003,0.63069999,0.6286,0.62919998
2025-03-21 04:00:00,0.6293,0.63010001,0.62840003,0.62949997
2025-03-21 08:00:00,0.62940001,0.62989998,0.62840003,0.6293
2025-03-21 12:00:00,0.6293,0.62989998,0.62580001,0.62639999
2025-03-21 16:00:00,0.62629998,0.62800002,0.62599999,0.6275
2025-03-21 20:00:00,0.62739998,0.6275,0.62709999,0.62720001
2025-03-23 20:00:00,0.62730002,0.62889999,0.62730002,0.62889999
2025-03-24 00:00:00,0.62900001,0.62949997,0.62760001,0.62769997
2025-03-24 04:00:00,0.62769997,0.62949997,0.62730002,0.62919998
2025-03-24 08:00:00,0.62919998,0.63050002,0.62919998,0.6293
2025-03-24 12:00:00,0.62919998,0.62980002,0.6279,0.6279
2025-03-24 16:00:00,0.6279,0.62889999,0.6268,0.62830001
2025-03-24 20:00:00,0.62830001,0.62879997,0.62809998,0.62870002
2025-03-25 00:00:00,0.62870002,0.62949997,0.62800002,0.62879997
2025-03-25 04:00:00,0.62900001,0.6293,0.6279,0.62830001
2025-03-25 08:00:00,0.62840003,0.63230002,0.6279,0.6318
2025-03-25 12:00:00,0.6318,0.63249999,0.6304,0.63080001
2025-03-25 16:00:00,0.63080001,0.6311,0.62959999,0.63020003
2025-03-25 20:00:00,0.63010001,0.63080001,0.63,0.63069999
2025-03-26 00:00:00,0.63069999,0.63120002,0.6279,0.63080001
2025-03-26 04:00:00,0.63090003,0.63239998,0.63050002,0.63190001
2025-03-26 08:00:00,0.6318,0.63309997,0.63139999,0.6322
2025-03-26 12:00:00,0.63209999,0.6322,0.62989998,0.63050002
2025-03-26 16:00:00,0.63050002,0.63090003,0.62840003,0.62900001
2025-03-26 20:00:00,0.62900001,0.63020003,0.6279,0.6286
2025-03-27 00:00:00,0.6286,0.63139999,0.6286,0.63090003
2025-03-27 04:00:00,0.63099998,0.63190001,0.62989998,0.63050002
2025-03-27 08:00:00,0.63059998,0.6318,0.63020003,0.63150001
2025-03-27 12:00:00,0.63150001,0.63169998,0.62940001,0.63069999
2025-03-27 16:00:00,0.63069999,0.63129997,0.62989998,0.63010001
2025-03-27 20:00:00,0.63010001,0.63059998,0.62970001,0.63010001
2025-03-28 00:00:00,0.63010001,0.63010001,0.62809998,0.62830001
2025-03-28 04:00:00,0.62830001,0.62980002,0.62809998,0.62940001
2025-03-28 08:00:00,0.6293,0.63010001,0.62900001,0.6293
2025-03-28 12:00:00,0.6293,0.63129997,0.62900001,0.62989998
2025-03-28 16:00:00,0.62989998,0.63010001,0.62840003,0.62879997
2025-03-28 20:00:00,0.62879997,0.62910002,0.6286,0.62870002
2025-03-30 20:00:00,0.62800002,0.62840003,0.62699997,0.62830001
2025-03-31 00:00:00,0.62830001,0.63010001,0.62779999,0.62800002
2025-03-31 04:00:00,0.62809998,0.62910002,0.62669998,0.62699997
2025-03-31 08:00:00,0.62699997,0.62699997,0.6243,0.62510002
2025-03-31 12:00:00,0.625,0.62510002,0.62190002,0.62339997
2025-03-31 16:00:00,0.62349999,0.62540001,0.62339997,0.625
2025-03-31 20:00:00,0.62489998,0.625,0.62379998,0.62410003
2025-04-01 00:00:00,0.62400001,0.62639999,0.6232,0.62480003
2025-04-01 04:00:00,0.62480003,0.62699997,0.6243,0.62480003
2025-04-01 08:00:00,0.62470001,0.62629998,0.62449998,0.62489998
2025-04-01 12:00:00,0.625,0.62840003,0.62489998,0.62779999
2025-04-01 16:00:00,0.62779999,0.62809998,0.62629998,0.6279
2025-04-01 20:00:00,0.62779999,0.62910002,0.62739998,0.62879997
2025-04-02 00:00:00,0.62879997,0.63020003,0.62730002,0.62989998
2025-04-02 04:00:00,0.62980002,0.63069999,0.62919998,0.63029999
2025-04-02 08:00:00,0.63029999,0.63139999,0.63,0.63069999
2025-04-02 12:00:00,0.63069999,0.63080001,0.6293,0.63
2025-04-02 16:00:00,0.63,0.63050002,0.62900001,0.62980002
2025-04-02 20:00:00,0.62970001,0.63410002,0.62260002,0.62639999
2025-04-03 00:00:00,0.62639999,0.62879997,0.62559998,0.62720001
2025-04-03 04:00:00,0.62730002,0.63139999,0.62639999,0.63059998
2025-04-03 08:00:00,0.63069999,0.6365,0.63059998,0.63599998
2025-04-03 12:00:00,0.63599998,0.63889998,0.63450003,0.63510001
2025-04-03 16:00:00,0.63499999,0.63590002,0.63169998,0.6318
2025-04-03 20:00:00,0.6318,0.63340002,0.63160002,0.63249999
2025-04-04 00:00:00,0.63260001,0.63319999,0.62470001,0.62559998
2025-04-04 04:00:00,0.62550002,0.62559998,0.62099999,0.62129998
2025-04-04 08:00:00,0.62120003,0.62180001,0.60509998,0.61140001
2025-04-04 12:00:00,0.61110002,0.61390001,0.60119998,0.60420001
2025-04-04 16:00:00,0.60430002,0.6063,0.59869999,0.6038
2025-04-04 20:00:00,0.6038,0.60460001,0.60280001,0.60399997
2025-04-06 21:00:00,0.59890002,0.60100001,0.59570003,0.60009998
2025-04-07 01:00:00,0.60009998,0.60299999,0.59869999,0.60159999
2025-04-07 05:00:00,0.60149997,0.60610002,0.59960002,0.60009998
2025-04-07 09:00:00,0.6002,0.60890001,0.59890002,0.6081
2025-04-07 13:00:00,0.60799998,0.6128,0.59450001,0.59490001
2025-04-07 17:00:00,0.59500003,0.6006,0.59500003,0.59850001
2025-04-07 21:00:00,0.59820002,0.60180002,0.59750003,0.5995
2025-04-08 01:00:00,0.59939998,0.60619998,0.59780002,0.60600001
2025-04-08 05:00:00,0.60589999,0.60750002,0.60420001,0.6063
2025-04-08 09:00:00,0.6063,0.60720003,0.60320002,0.60589999
2025-04-08 13:00:00,0.60579997,0.60860002,0.59820002,0.5984
2025-04-08 17:00:00,0.59820002,0.59930003,0.59469998,0.59619999
2025-04-08 21:00:00,0.59619999,0.59649998,0.59149998,0.59609997
2025-04-09 01:00:00,0.59619999,0.60030001,0.5952,0.59759998
2025-04-09 05:00:00,0.59759998,0.60290003,0.5952,0.60100001
2025-04-09 09:00:00,0.60089999,0.60470003,0.59869999,0.6027
2025-04-09 13:00:00,0.60280001,0.60579997,0.59920001,0.60250002
2025-04-09 17:00:00,0.60250002,0.61760002,0.60219997,0.61549997
2025-04-09 21:00:00,0.6153,0.61720002,0.61199999,0.61269999
2025-04-10 01:00:00,0.61290002,0.61879998,0.6117,0.61849999
2025-04-10 05:00:00,0.61860001,0.62040001,0.61360002,0.61540002
2025-04-10 09:00:00,0.6153,0.62110001,0.6146,0.6182
2025-04-10 13:00:00,0.61830002,0.62489998,0.6171,0.61989999
2025-04-10 17:00:00,0.61979997,0.625,0.61849999,0.62239999
2025-04-10 21:00:00,0.62230003,0.6243,0.62040001,0.62150002
2025-04-11 01:00:00,0.62159997,0.62589997,0.61949998,0.6196
2025-04-11 05:00:00,0.61970001,0.62300003,0.61809999,0.62190002
2025-04-11 09:00:00,0.62180001,0.62699997,0.62099999,0.6261
2025-04-11 13:00:00,0.6261,0.62879997,0.62230003,0.62540001
2025-04-11 17:00:00,0.62550002,0.63010001,0.62480003,0.62908912
2025-04-11 21:00:00,0.62950885,0.62950885,0.62912869,0.62912869
2025-04-13 21:00:00,0.62849599,0.63173991,0.62829858,0.629287
2025-04-14 01:00:00,0.62984192,0.63103426,0.62881219,0.62989742
2025-04-14 05:00:00,0.63000858,0.63442922,0.62987763,0.63392651
2025-04-14 09:00:00,0.63402694,0.63455802,0.62988955,0.62992126
2025-04-14 13:00:00,0.62972689,0.63367742,0.62822753,0.63107407
2025-04-14 17:00:00,0.63204736,0.63439697,0.63147259,0.63287133
2025-04-14 21:00:00,0.63283128,0.63368946,0.63183165,0.63287133
2025-04-15 01:00:00,0.63296747,0.63798702,0.63296747,0.63734865
2025-04-15 05:00:00,0.63719833,0.63762903,0.63508195,0.6352796
2025-04-15 09:00:00,0.63509804,0.63766968,0.63467884,0.63735676
2025-04-15 13:00:00,0.63748676,0.6385166,0.63523924,0.63552994
2025-04-15 17:00:00,0.63531995,0.63599879,0.6343165,0.63467884
2025-04-15 21:00:00,0.63475943,0.63552588,0.63255107,0.63375372
2025-04-16 01:00:00,0.63399482,0.63619703,0.63379389,0.63550574
2025-04-16 05:00:00,0.63545722,0.63803995,0.63435674,0.63708872
2025-04-16 09:00:00,0.63698727,0.63815802,0.63625377,0.63651699
2025-04-16 13:00:00,0.63650078,0.63936985,0.63629425,0.6386593
2025-04-16 17:00:00,0.63856554,0.63885927,0.63605142,0.63734865
2025-04-16 21:00:00,0.63718623,0.63801956,0.63629425,0.63637924
2025-04-17 01:00:00,0.63619703,0.63686562,0.63402694,0.63414758
2025-04-17 05:00:00,0.63410735,0.63604736,0.63366938,0.63568753
2025-04-17 09:00:00,0.63571578,0.63841873,0.63533616,0.63832504
2025-04-17 13:00:00,0.63849622,0.63930035,0.63686156,0.638798
2025-04-17 17:00:00,0.63891637,0.63979936,0.63824356,0.63942707
2025-04-17 21:00:00,0.63901848,0.63954979,0.63848805,0.63926762
2025-04-18 01:00:00,0.63918597,0.63931668,0.63698322,0.63844728
2025-04-18 05:00:00,0.63816208,0.63844728,0.6370644,0.63714558
2025-04-18 09:00:00,0.63726741,0.63791782,0.63710499,0.63759243
2025-04-18 13:00:00,0.63763309,0.6376738,0.637308,0.63763309
2025-04-18 17:00:00,0.6376738,0.63808066,0.6376738,0.63779581
2025-04-18 21:00:00,0.63783646,0.63848805,0.63783646,0.63848805
2025-04-20 21:00:00,0.63856959,0.64016384,0.63856959,0.63881433
2025-04-21 01:00:00,0.63910013,0.64300001,0.63865119,0.64197212
2025-04-21 05:00:00,0.64208752,0.64397722,0.64184856,0.64331019
2025-04-21 09:00:00,0.64328951,0.64416802,0.64172494,0.64329368
2025-04-21 13:00:00,0.64325231,0.64354205,0.64106673,0.64156848
2025-04-21 17:00:00,0.64154792,0.64261979,0.64053291,0.64184856
2025-04-21 21:00:00,0.64156032,0.64260745,0.6404919,0.64114892
2025-04-22 01:00:00,0.64144915,0.64428008,0.6413545,0.64347994
2025-04-22 05:00:00,0.64352959,0.64422613,0.64102566,0.6412065
2025-04-22 09:00:00,0.64111608,0.64137101,0.63893682,0.63928807
2025-04-22 13:00:00,0.63931668,0.6407997,0.63797885,0.63991809
2025-04-22 17:00:00,0.63989764,0.64034832,0.63637519,0.63665879
2025-04-22 21:00:00,0.63726741,0.63986897,0.6352433,0.63986897
2025-04-23 01:00:00,0.63995904,0.64089829,0.63827616,0.63993859
2025-04-23 05:00:00,0.63984847,0.6427272,0.63946795,0.64150679
2025-04-23 09:00:00,0.64164668,0.64227724,0.64050829,0.64188975
2025-04-23 13:00:00,0.64196801,0.64372849,0.63634688,0.63715774
2025-04-23 17:00:00,0.63700759,0.63769817,0.63544518,0.6361323
2025-04-23 21:00:00,0.63722676,0.63742989,0.63597858,0.63689804
2025-04-24 01:00:00,0.63694674,0.63722676,0.63540477,0.63613635
2025-04-24 05:00:00,0.63612825,0.63911653,0.63482791,0.63795853
2025-04-24 09:00:00,0.6379382,0.63921863,0.6377266,0.6384595
2025-04-24 13:00:00,0.6383006,0.64097637,0.63812953,0.64097637
2025-04-24 17:00:00,0.64102566,0.64178669,0.63999999,0.64114892
2025-04-24 21:00:00,0.6407792,0.64179909,0.64020485,0.64045084
2025-04-25 01:00:00,0.64051652,0.64194739,0.63953751,0.64082026
2025-04-25 05:00:00,0.64086956,0.64172906,0.63892865,0.63921863
2025-04-25 09:00:00,0.6392799,0.63932896,0.63771445,0.63832915
2025-04-25 13:00:00,0.63821912,0.64020896,0.637869,0.63976657
2025-04-25 17:00:00,0.63977891,0.64059037,0.6391573,0.63991809
2025-04-25 21:00:00,0.6397953,0.6397953,0.63954979,0.63954979
2025-04-27 21:00:00,0.63942707,0.63959062,0.63816208,0.63893682
2025-04-28 01:00:00,0.63897759,0.64040989,0.63757622,0.64040989
2025-04-28 05:00:00,0.64036888,0.64065605,0.63714558,0.6382069
2025-04-28 09:00:00,0.63817024,0.6407997,0.63817024,0.63971752
2025-04-28 13:00:00,0.63969702,0.64323986,0.6395784,0.64197212
2025-04-28 17:00:00,0.64202988,0.64379895,0.64168787,0.64341784
2025-04-28 21:00:00,0.64304549,0.64367872,0.64246708,0.64293796
2025-04-29 01:00:00,0.64295864,0.64495325,0.64123118,0.64147794
2025-04-29 05:00:00,0.64163029,0.64341784,0.64127231,0.64208752
2025-04-29 09:00:00,0.64205045,0.64221948,0.64006966,0.64147794
2025-04-29 13:00:00,0.64131749,0.64131749,0.63789749,0.63871646
2025-04-29 17:00:00,0.63893682,0.63939846,0.63813764,0.63856959
2025-04-29 21:00:00,0.63885516,0.63944751,0.63812137,0.63853699
2025-04-30 01:00:00,0.63876945,0.64165086,0.63844728,0.64165086
2025-04-30 05:00:00,0.64163852,0.64199686,0.63889599,0.6393044
2025-04-30 09:00:00,0.6392799,0.64011061,0.63686156,0.63754773
2025-04-30 13:00:00,0.63749081,0.64042628,0.63586938,0.63972569
2025-04-30 17:00:00,0.63963568,0.64152735,0.63963157,0.64040989
2025-04-30 21:00:00,0.64004099,0.64175791,0.64004099,0.64157671
2025-05-01 01:00:00,0.64155614,0.64294624,0.64004099,0.64020485
2025-05-01 05:00:00,0.64046729,0.64065605,0.63858998,0.63889599
2025-05-01 09:00:00,0.63914919,0.64011061,0.63769817,0.63885927
2025-05-01 13:00:00,0.63853699,0.63942707,0.63683718,0.63747054
2025-05-01 17:00:00,0.63754773,0.63944751,0.637308,0.63852882
2025-05-01 21:00:00,0.63848805,0.6411078,0.63824356,0.64095986
2025-05-02 01:00:00,0.64104617,0.64227724,0.64016384,0.64139569
2025-05-02 05:00:00,0.64145744,0.64258677,0.64071763,0.64230615
2025-05-02 09:00:00,0.64233911,0.64524871,0.64193088,0.64479941
2025-05-02 13:00:00,0.64483678,0.64719892,0.64434654,0.64516133
2025-05-02 17:00:00,0.64517796,0.64542776,0.64412236,0.64445448
2025-05-02 21:00:00,0.64464974,0.64566118,0.6446206,0.64566118
2025-05-04 21:00:00,0.6454944,0.64569032,0.64366633,0.64484924
2025-05-05 01:00:00,0.64500731,0.64830661,0.64496988,0.64708167
2025-05-05 05:00:00,0.64701051,0.64912724,0.64674687,0.64809656
2025-05-05 09:00:00,0.64836967,0.64965016,0.6482982,0.64903033
2025-05-05 13:00:00,0.64916098,0.64963752,0.64657962,0.64679706
2025-05-05 17:00:00,0.6467678,0.64761806,0.64641237,0.64708167
2025-05-05 21:00:00,0.64699793,0.64727855,0.64470375,0.64518625
2025-05-06 01:00:00,0.64502811,0.64735812,0.64470375,0.64716959
2025-05-06 05:00:00,0.64708585,0.64714032,0.6446622,0.64550692
2025-05-06 09:00:00,0.64542776,0.64720732,0.64401871,0.64712352
2025-05-06 13:00:00,0.64706075,0.6499415,0.64655864,0.64896715
2025-05-06 17:00:00,0.64898819,0.65056729,0.64873981,0.64964598
2025-05-06 21:00:00,0.64981478,0.65163559,0.6493085,0.65038961
2025-05-07 01:00:00,0.65064776,0.65121126,0.64796215,0.64825618
2025-05-07 05:00:00,0.64808816,0.6492874,0.64758456,0.64758867
2025-05-07 09:00:00,0.64747965,0.64825618,0.64662141,0.64720732
2025-05-07 13:00:00,0.64721572,0.64777744,0.64536947,0.64659631
2025-05-07 17:00:00,0.64653778,0.64693934,0.64242584,0.64267766
2025-05-07 21:00:00,0.64254963,0.64498651,0.64254963,0.64446694
2025-05-08 01:00:00,0.64438802,0.64671761,0.64438802,0.64546943
2025-05-08 05:00:00,0.64541948,0.64550692,0.6404919,0.64149034
2025-05-08 09:00:00,0.64153969,0.64290899,0.64106673,0.64198864
2025-05-08 13:00:00,0.64215761,0.6434592,0.64058626,0.64134634
2025-05-08 17:00:00,0.64121884,0.64135861,0.6397298,0.64020485
2025-05-08 21:00:00,0.64065605,0.64069712,0.63896948,0.63930035
2025-05-09 01:00:00,0.63924724,0.6412887,0.63738924,0.6412394
2025-05-09 05:00:00,0.64115715,0.64168787,0.63994676,0.64107907
2025-05-09 09:00:00,0.64100921,0.64114892,0.63959062,0.64111608
2025-05-09 13:00:00,0.64109552,0.64343852,0.64109552,0.64159733
2025-05-09 17:00:00,0.64166731,0.64219064,0.64098459,0.6413545
2025-05-09 21:00:00,0.64139569,0.6420958,0.64139569,0.6420958
2025-05-11 21:00:00,0.6424588,0.64314884,0.64139569,0.6424877
2025-05-12 01:00:00,0.64269,0.64369118,0.64178669,0.64326888
2025-05-12 05:00:00,0.64343023,0.64570284,0.63959062,0.64144915
2025-05-12 09:00:00,0.64131749,0.64180732,0.63856959,0.63893682
2025-05-12 13:00:00,0.63908786,0.64025813,0.6361202,0.63671964
2025-05-12 17:00:00,0.63672769,0.6379056,0.6358977,0.63740957
2025-05-12 21:00:00,0.63751113,0.63808876,0.63633472,0.63682914
2025-05-13 01:00:00,0.63681692,0.64152735,0.63650888,0.64144915
2025-05-13 05:00:00,0.64142859,0.6421783,0.64032787,0.6407792
2025-05-13 09:00:00,0.64080793,0.64318609,0.64057803,0.64318609
2025-05-13 13:00:00,0.64300829,0.64782786,0.64215761,0.64763904
2025-05-13 17:00:00,0.64761806,0.64813852,0.64724922,0.64724922
2025-05-13 21:00:00,0.64699793,0.64813018,0.64674687,0.64742941
2025-05-14 01:00:00,0.64751738,0.64899665,0.64708167,0.6473791
2025-05-14 05:00:00,0.64752579,0.65038115,0.64671761,0.64941812
2025-05-14 09:00:00,0.64938861,0.65011895,0.64641237,0.64680964
2025-05-14 13:00:00,0.64681798,0.64681798,0.64279747,0.64376992
2025-05-14 17:00:00,0.64367872,0.64410579,0.64250839,0.64300829
2025-05-14 21:00:00,0.6437906,0.64403939,0.64246708,0.64356691
2025-05-15 01:00:00,0.64382792,0.64586967,0.64333504,0.64338058
2025-05-15 05:00:00,0.64336818,0.64449602,0.64173734,0.6424588
2025-05-15 09:00:00,0.64241755,0.64242584,0.64042628,0.64184028
2025-05-15 13:00:00,0.6420092,0.64240927,0.63932896,0.64055759
2025-05-15 17:00:00,0.64062732,0.64122707,0.64012295,0.64083672
2025-05-15 21:00:00,0.64069712,0.64141625,0.63975435,0.64016795
2025-05-16 01:00:00,0.64021719,0.64331847,0.64008194,0.64288837
2025-05-16 05:00:00,0.64289665,0.64396888,0.64229786,0.64297932
2025-05-16 09:00:00,0.64284706,0.64306611,0.64102566,0.64162612
2025-05-16 13:00:00,0.64154792,0.64197624,0.63904709,0.64014751
2025-05-16 17:00:00,0.64018846,0.64124757,0.63995904,0.64085722
2025-05-16 21:00:00,0.6404919,0.6404919,0.6404919,0.6404919
2025-05-18 21:00:00,0.64125997,0.64165908,0.64061499,0.64165908
2025-05-19 01:00:00,0.64165908,0.6424877,0.6404919,0.64089006
2025-05-19 05:00:00,0.64096808,0.64371604,0.64012295,0.64371604
2025-05-19 09:00:00,0.64358765,0.64537781,0.64333504,0.64429665
2025-05-19 13:00:00,0.64418048,0.64670503,0.64387357,0.64581126
2025-05-19 17:00:00,0.64582795,0.64625788,0.64503646,0.64593637
2025-05-19 21:00:00,0.64595312,0.64615762,0.6448285,0.64515716
2025-05-20 01:00:00,0.64519876,0.64540696,0.64256614,0.64275616
2025-05-20 05:00:00,0.64291728,0.64411825,0.64123118,0.64211643
2025-05-20 09:00:00,0.64221543,0.64229786,0.63945979,0.63999587
2025-05-20 13:00:00,0.6398567,0.64198864,0.63967246,0.64191031
2025-05-20 17:00:00,0.64196801,0.64291728,0.6414656,0.64259917
2025-05-20 21:00:00,0.64259094,0.64430916,0.6420958,0.64413899
2025-05-21 01:00:00,0.64420956,0.645657,0.64324814,0.64531946
2025-05-21 05:00:00,0.64532781,0.64609915,0.64381963,0.64416802
2025-05-21 09:00:00,0.64415556,0.64564031,0.6437782,0.64463729
2025-05-21 13:00:00,0.64477855,0.64711934,0.643915,0.64662558
2025-05-21 17:00:00,0.64662981,0.64691001,0.64333504,0.64388603
2025-05-21 21:00:00,0.64399791,0.64469957,0.64321089,0.64429665
2025-05-22 01:00:00,0.64432991,0.64568615,0.64304549,0.64561111
2025-05-22 05:00:00,0.64546108,0.64610755,0.64387357,0.6439274
2025-05-22 09:00:00,0.64386111,0.64386111,0.64168376,0.64233911
2025-05-22 13:00:00,0.64257854,0.64290899,0.64098459,0.64119828
2025-05-22 17:00:00,0.64117771,0.64185679,0.64097637,0.6412065
2025-05-22 21:00:00,0.64193088,0.6420092,0.64106673,0.6420092
2025-05-23 01:00:00,0.64205873,0.64405602,0.64180732,0.64367872
2025-05-23 05:00:00,0.64360833,0.64595729,0.64300829,0.64556116
2025-05-23 09:00:00,0.64549029,0.64722824,0.64330608,0.64615762
2025-05-23 13:00:00,0.6461159,0.64916098,0.64477855,0.64895874
2025-05-23 17:00:00,0.64901775,0.65023732,0.64897138,0.64994997
2025-05-23 21:00:00,0.64964598,0.65063924,0.64964598,0.65063924
2025-05-25 21:00:00,0.65053767,0.6510374,0.65014011,0.65085095
2025-05-26 01:00:00,0.65086794,0.65396667,0.65061814,0.65243918
2025-05-26 05:00:00,0.65240932,0.6534282,0.65112644,0.65147007
2025-05-26 09:00:00,0.65150827,0.65152949,0.65038961,0.65052921
2025-05-26 13:00:00,0.65047842,0.65114766,0.64918202,0.64945608
2025-05-26 17:00:00,0.64946872,0.64952779,0.64850843,0.64871877
2025-05-26 21:00:00,0.64880294,0.64960372,0.64821416,0.64946032
2025-05-27 01:00:00,0.64947718,0.64978945,0.64730787,0.64734977
2025-05-27 05:00:00,0.64743781,0.64911038,0.64482015,0.64509887
2025-05-27 09:00:00,0.64524871,0.64584881,0.64446694,0.64564031
2025-05-27 13:00:00,0.64571953,0.64627874,0.64370775,0.64448768
2025-05-27 17:00:00,0.64453757,0.64496988,0.64412653,0.64441293
2025-05-27 21:00:00,0.64478689,0.64568615,0.64449602,0.64522791
2025-05-28 01:00:00,0.64526957,0.645657,0.64283878,0.64291728
2025-05-28 05:00:00,0.64288008,0.64519042,0.64283878,0.64494908
2025-05-28 09:00:00,0.64495736,0.64503646,0.64238864,0.64243817
2025-05-28 13:00:00,0.64227724,0.64300412,0.64123118,0.64241755
2025-05-28 17:00:00,0.64242995,0.6433599,0.64237624,0.64283878
2025-05-28 21:00:00,0.64292145,0.64384037,0.64143682,0.64238864
2025-05-29 01:00:00,0.64236802,0.64334744,0.6411078,0.64329368
2025-05-29 05:00:00,0.64319849,0.64519042,0.64193088,0.64389843
2025-05-29 09:00:00,0.64393985,0.64585716,0.64343852,0.64577794
2025-05-29 13:00:00,0.64591974,0.64615762,0.64333922,0.6450572
2025-05-29 17:00:00,0.64504892,0.64545697,0.64440876,0.64445448
2025-05-29 21:00:00,0.64441293,0.64559865,0.64391917,0.64507806
2025-05-30 01:00:00,0.64527786,0.64539862,0.64242995,0.64321917
2025-05-30 05:00:00,0.6432606,0.64435899,0.64099687,0.64172906
2025-05-30 09:00:00,0.64166731,0.64314884,0.6414656,0.64250839
2025-05-30 13:00:00,0.64246708,0.64430916,0.64112842,0.64266938
2025-05-30 17:00:00,0.64283878,0.64507806,0.6427685,0.64337647
2025-05-30 21:00:00,0.64337647,0.64337647,0.64337647,0.64337647
2025-06-01 21:00:00,0.64507806,0.64604074,0.64457911,0.64582795
2025-06-02 01:00:00,0.64586967,0.64756775,0.64474535,0.64580709
2025-06-02 05:00:00,0.64575702,0.64911884,0.64556944,0.64805877
2025-06-02 09:00:00,0.6482268,0.64917779,0.64792854,0.64903033
2025-06-02 13:00:00,0.64895034,0.65022886,0.64741683,0.64884925
2025-06-02 17:00:00,0.6488198,0.65033036,0.64834023,0.64981902
2025-06-02 21:00:00,0.64973032,0.65030921,0.64900929,0.64952779
2025-06-03 01:00:00,0.64962906,0.64972615,0.64665067,0.64703977
2025-06-03 05:00:00,0.64704818,0.64715701,0.64534861,0.64577794
2025-06-03 09:00:00,0.64585716,0.64671761,0.64514047,0.64539027
2025-06-03 13:00:00,0.64542776,0.64730787,0.64503646,0.64615762
2025-06-03 17:00:00,0.64617014,0.64724922,0.64614928,0.64638734
2025-06-03 21:00:00,0.64620358,0.64707744,0.64599484,0.64625788
2025-06-04 01:00:00,0.64617014,0.64834023,0.64570284,0.64587802
2025-06-04 05:00:00,0.64584881,0.64783627,0.64536947,0.64771873
2025-06-04 09:00:00,0.6476264,0.64962059,0.64738744,0.64944762
2025-06-04 13:00:00,0.64946872,0.65061814,0.64900088,0.65050805
2025-06-04 17:00:00,0.65041918,0.65070277,0.6493085,0.64943922
2025-06-04 21:00:00,0.64960372,0.65063077,0.64913988,0.65036845
2025-06-05 01:00:00,0.65064776,0.65109682,0.64885771,0.64948982
2025-06-05 05:00:00,0.64949828,0.65113914,0.64905566,0.65065616
2025-06-05 09:00:00,0.65080863,0.65255833,0.6507197,0.65199673
2025-06-05 13:00:00,0.65198827,0.65402222,0.65124947,0.65155917
2025-06-05 17:00:00,0.65149975,0.65197551,0.65056729,0.65072817
2025-06-05 21:00:00,0.65138096,0.65192026,0.65057576,0.65121973
2025-06-06 01:00:00,0.65113914,0.65162706,0.64947718,0.65061814
2025-06-06 05:00:00,0.65057999,0.65067738,0.64901775,0.64920735
2025-06-06 09:00:00,0.64922839,0.65092725,0.64857572,0.64952779
2025-06-06 13:00:00,0.64943081,0.65049112,0.64821833,0.64908934
2025-06-06 17:00:00,0.6490978,0.65029651,0.6490978,0.64945608
2025-06-06 21:00:00,0.64945608,0.64947718,0.64945608,0.64947718
2025-06-08 21:00:00,0.65027118,0.65062654,0.64961642,0.65012741
2025-06-09 01:00:00,0.65011048,0.65206051,0.65006822,0.65165687
2025-06-09 05:00:00,0.65173751,0.65363753,0.65112644,0.65294611
2025-06-09 09:00:00,0.65293753,0.65345806,0.65121126,0.65151674
2025-06-09 13:00:00,0.65149975,0.65282673,0.65087217,0.6523881
2025-06-09 17:00:00,0.65241784,0.65291196,0.65176302,0.65178853
2025-06-09 21:00:00,0.65167809,0.65260947,0.65159315,0.65198827
2025-06-10 01:00:00,0.65203923,0.65316784,0.65040648,0.65231997
2025-06-10 05:00:00,0.65232849,0.65260094,0.6492874,0.65166956
2025-06-10 09:00:00,0.65167809,0.65252,0.65116888,0.65192872
2025-06-10 13:00:00,0.65186071,0.65346664,0.65181822,0.65228593
2025-06-10 17:00:00,0.65231997,0.65279692,0.6516993,0.6523881
2025-06-10 21:00:00,0.65257114,0.65333855,0.65152949,0.65155065
2025-06-11 01:00:00,0.6516059,0.65222633,0.65006822,0.65137666
2025-06-11 05:00:00,0.65142763,0.6520775,0.65099925,0.65118581
2025-06-11 09:00:00,0.65120703,0.65488738,0.65039802,0.65310818
2025-06-11 13:00:00,0.6531167,0.65316784,0.65121126,0.65234977
2025-06-11 17:00:00,0.65236682,0.65316784,0.64978945,0.65028805
2025-06-11 21:00:00,0.65040648,0.65158886,0.65027964,0.65064776
2025-06-12 01:00:00,0.65055883,0.65109682,0.64871877,0.64963752
2025-06-12 05:00:00,0.64947718,0.65075785,0.64800411,0.65041918
2025-06-12 09:00:00,0.65036845,0.65362895,0.64977258,0.65299726
2025-06-12 13:00:00,0.65292907,0.65321052,0.65187776,0.65283954
2025-06-12 17:00:00,0.65292054,0.65348804,0.65245616,0.65340686
2025-06-12 21:00:00,0.65359479,0.65378708,0.64737487,0.64779425
2025-06-13 01:00:00,0.64758456,0.65001756,0.64586967,0.64730787
2025-06-13 05:00:00,0.64715701,0.64989084,0.64691424,0.64917779
2025-06-13 09:00:00,0.64919889,0.64946032,0.64657962,0.64806712
2025-06-13 13:00:00,0.64804614,0.6521073,0.64708167,0.65151674
2025-06-13 17:00:00,0.65143609,0.65151674,0.64855045,0.64901352
2025-06-13 21:00:00,0.64901352,0.64901352,0.64897138,0.64897138
2025-06-15 21:00:00,0.64888716,0.64987814,0.64846641,0.64939284
2025-06-16 01:00:00,0.64922839,0.64922839,0.64697701,0.64850003
2025-06-16 05:00:00,0.64864725,0.65172905,0.64859253,0.65142339
2025-06-16 09:00:00,0.65144879,0.65313798,0.6512664,0.65301001
2025-06-16 13:00:00,0.65296745,0.65538961,0.65277988,0.65470731
2025-06-16 17:00:00,0.65472883,0.65484881,0.65237957,0.6526137
2025-06-16 21:00:00,0.65380841,0.65380841,0.65078747,0.65163559
2025-06-17 01:00:00,0.65161014,0.65397948,0.65129608,0.65376568
2025-06-17 05:00:00,0.65372723,0.65454876,0.65295035,0.65361613
2025-06-17 09:00:00,0.65372723,0.65445024,0.65224767,0.65234125
2025-06-17 13:00:00,0.65249872,0.653988,0.64939284,0.64962906
2025-06-17 17:00:00,0.64972615,0.64998794,0.64684731,0.64779425
2025-06-17 21:00:00,0.64771032,0.64914829,0.64708167,0.64855045
2025-06-18 01:00:00,0.64879876,0.65085948,0.64839906,0.65069848
2025-06-18 05:00:00,0.65077895,0.6514191,0.64955729,0.65011048
2025-06-18 09:00:00,0.65007669,0.65075785,0.64895874,0.65015703
2025-06-18 13:00:00,0.65000063,0.65257114,0.64962906,0.65172052
2025-06-18 17:00:00,0.65171629,0.65313798,0.64977258,0.65108407
2025-06-18 21:00:00,0.65112644,0.65153795,0.64989924,0.65014857
2025-06-19 01:00:00,0.65019083,0.65019083,0.64775229,0.64908934
2025-06-19 05:00:00,0.64913988,0.64913988,0.64630795,0.64772713
2025-06-19 09:00:00,0.64770615,0.64808816,0.64595312,0.64641237
2025-06-19 13:00:00,0.64653778,0.64724922,0.64491165,0.64560694
2025-06-19 17:00:00,0.64558613,0.64846641,0.64553612,0.64838231
2025-06-19 21:00:00,0.64842433,0.64975995,0.6475426,0.64908934
2025-06-20 01:00:00,0.64897984,0.64968818,0.64772713,0.64943498
2025-06-20 05:00:00,0.64946872,0.64974725,0.64756775,0.64897138
2025-06-20 09:00:00,0.64901775,0.64986128,0.64840752,0.64913988
2025-06-20 13:00:00,0.64919889,0.6493085,0.6454528,0.64609081
2025-06-20 17:00:00,0.64614928,0.64628708,0.64503646,0.64516133
2025-06-20 21:00:00,0.64524454,0.64524454,0.64524454,0.64524454
2025-06-22 21:00:00,0.64452922,0.64510721,0.64312816,0.64387357
2025-06-23 01:00:00,0.64441711,0.64441711,0.64008194,0.64075047
2025-06-23 05:00:00,0.6407792,0.64292973,0.64041805,0.64045084
2025-06-23 09:00:00,0.64043856,0.64055759,0.63753557,0.63937801
2025-06-23 13:00:00,0.63928807,0.64411825,0.63873684,0.64238453
2025-06-23 17:00:00,0.6421783,0.64665908,0.6421783,0.64616179
2025-06-23 21:00:00,0.64595312,0.64895874,0.6459114,0.64835709
2025-06-24 01:00:00,0.64815956,0.6500302,0.64783627,0.64984858
2025-06-24 05:00:00,0.64967972,0.65165687,0.6490978,0.65049112
2025-06-24 09:00:00,0.65047842,0.65176302,0.65037692,0.65057576
2025-06-24 13:00:00,0.65059692,0.65218806,0.64889979,0.6508171
2025-06-24 17:00:00,0.65082133,0.65122819,0.64905566,0.64913988
2025-06-24 21:00:00,0.6492663,0.65025848,0.64901352,0.65004712
2025-06-25 01:00:00,0.65001756,0.65096962,0.64963752,0.6501528
2025-06-25 05:00:00,0.65008092,0.65087217,0.64947718,0.64989924
2025-06-25 09:00:00,0.64990771,0.65015703,0.64908934,0.64933801
2025-06-25 13:00:00,0.64933801,0.65057576,0.64868933,0.6504361
2025-06-25 17:00:00,0.6504277,0.65180975,0.64994574,0.65150827
2025-06-25 21:00:00,0.65138096,0.65266907,0.65087217,0.65218806
2025-06-26 01:00:00,0.65212005,0.65402651,0.65124947,0.65244341
2025-06-26 05:00:00,0.65239662,0.65536815,0.65206903,0.65470731
2025-06-26 09:00:00,0.65462589,0.65472019,0.65312946,0.65436459
2025-06-26 13:00:00,0.65454024,0.65649968,0.65378708,0.6557377
2025-06-26 17:00:00,0.65575922,0.65655571,0.65475023,0.654836
2025-06-26 21:00:00,0.654836,0.6557377,0.65449309,0.6557377
2025-06-27 01:00:00,0.65566033,0.65633595,0.65443742,0.6544674
2025-06-27 05:00:00,0.65451878,0.65631866,0.6541934,0.65532947
2025-06-27 09:00:00,0.65530801,0.65530801,0.65323609,0.65466446
2025-06-27 13:00:00,0.65478879,0.65490031,0.65254134,0.65368021
2025-06-27 17:00:00,0.65368873,0.65372294,0.65104169,0.6532532
2025-06-27 21:00:00,0.6532532,0.65372294,0.6532532,0.65372294
2025-06-29 21:00:00,0.65380841,0.65430039,0.65301001,0.65318924
2025-06-30 01:00:00,0.65316784,0.65467733,0.65307832,0.65454024
2025-06-30 05:00:00,0.65458733,0.65547556,0.65343678,0.653988
2025-06-30 09:00:00,0.6539495,0.6541934,0.65252,0.6533556
2025-06-30 13:00:00,0.65345806,0.65743625,0.65329587,0.65741897
2025-06-30 17:00:00,0.65749675,0.65876585,0.65711653,0.65828454
2025-06-30 21:00:00,0.65798134,0.65889609,0.65767843,0.65780818
2025-07-01 01:00:00,0.65774763,0.65781683,0.65565169,0.6575011
2025-07-01 05:00:00,0.65755731,0.65949577,0.65734118,0.65906543
2025-07-01 09:00:00,0.65893948,0.65920013,0.65750974,0.65759188
2025-07-01 13:00:00,0.65756595,0.65828019,0.65649968,0.65687919
2025-07-01 17:00:00,0.65700001,0.65881795,0.65681875,0.6585446
2025-07-01 21:00:00,0.65724611,0.65864003,0.65724611,0.65841454
2025-07-02 01:00:00,0.6583972,0.65859663,0.6567713,0.65828454
2025-07-02 05:00:00,0.65831053,0.65834951,0.65621102,0.65659881
2025-07-02 09:00:00,0.6566506,0.65728933,0.65462589,0.65533805
2025-07-02 13:00:00,0.65530801,0.65773898,0.65481019,0.65764809
2025-07-02 17:00:00,0.6577,0.65916103,0.65767843,0.65863132
2025-07-02 21:00:00,0.65858799,0.65916967,0.65776491,0.65815455
2025-07-03 01:00:00,0.65828884,0.65828884,0.65674108,0.65715975
2025-07-03 05:00:00,0.65723747,0.65863568,0.65655136,0.65798134
2025-07-03 09:00:00,0.65794665,0.6581502,0.6540094,0.65502042
2025-07-03 13:00:00,0.65478021,0.6580289,0.65445882,0.65738004
2025-07-03 17:00:00,0.65745783,0.65764809,0.65685761,0.65733254
2025-07-03 21:00:00,0.65741897,0.65811992,0.65690076,0.65772164
2025-07-04 01:00:00,0.65784711,0.65811121,0.65652984,0.65733254
2025-07-04 05:00:00,0.65742761,0.65804625,0.65517062,0.65604746
2025-07-04 09:00:00,0.65607756,0.65639621,0.65526503,0.65526503
2025-07-04 13:00:00,0.65538961,0.6557377,0.654836,0.65552706
2025-07-04 17:00:00,0.65550989,0.65578926,0.65500754,0.65556574
2025-07-04 21:00:00,0.65552276,0.65552276,0.65552276,0.65552276
2025-07-06 21:00:00,0.65560013,0.65575922,0.65389395,0.6543389
2025-07-07 01:00:00,0.65408641,0.65418053,0.65053344,0.6506604
2025-07-07 05:00:00,0.65056729,0.65173751,0.64933801,0.64936751
2025-07-07 09:00:00,0.64938015,0.65070277,0.64886612,0.65041918
2025-07-07 13:00:00,0.65038961,0.65210307,0.6492663,0.64955729
2025-07-07 17:00:00,0.64965856,0.65056729,0.64879876,0.64917779
2025-07-07 21:00:00,0.64943498,0.65182674,0.64922416,0.65151674
2025-07-08 01:00:00,0.65161014,0.65513629,0.65091872,0.6542362
2025-07-08 05:00:00,0.65419769,0.65488738,0.65299726,0.6544888
2025-07-08 09:00:00,0.65434748,0.65496892,0.65352643,0.65445882
2025-07-08 13:00:00,0.65436029,0.65447593,0.65109682,0.65283954
2025-07-08 17:00:00,0.65283954,0.65359479,0.65268612,0.65313798
2025-07-08 21:00:00,0.65274155,0.65357769,0.65226889,0.65292907
2025-07-09 01:00:00,0.65291625,0.65417624,0.65127915,0.65378708
2025-07-09 05:00:00,0.65382975,0.65467733,0.65231997,0.65322763
2025-07-09 09:00:00,0.65325749,0.65380841,0.65172905,0.65357769
2025-07-09 13:00:00,0.65352643,0.654926,0.65291196,0.65353924
2025-07-09 17:00:00,0.65350932,0.6544289,0.65344959,0.65363753
2025-07-09 21:00:00,0.65380841,0.65506762,0.65329587,0.65463018
2025-07-10 01:00:00,0.6544888,0.65535957,0.65413773,0.65468591
2025-07-10 05:00:00,0.65469873,0.65651262,0.6545102,0.65590972
2025-07-10 09:00:00,0.65592694,0.6567713,0.65469873,0.65529084
2025-07-10 13:00:00,0.65541965,0.65789473,0.65437746,0.65758759
2025-07-10 17:00:00,0.65752709,0.659648,0.65746218,0.65915233
2025-07-10 21:00:00,0.65889174,0.65990919,0.65597856,0.6571511
2025-07-11 01:00:00,0.65688777,0.65976989,0.65629715,0.65800732
2025-07-11 05:00:00,0.65808958,0.65930009,0.65732825,0.6574406
2025-07-11 09:00:00,0.65748817,0.65926099,0.65730661,0.65808958
2025-07-11 13:00:00,0.65811121,0.65915233,0.65725911,0.65818053
2025-07-11 17:00:00,0.65818918,0.65867037,0.65741897,0.65821087
2025-07-11 21:00:00,0.65819788,0.65819788,0.65698707,0.65698707
2025-07-13 21:00:00,0.65715975,0.65899599,0.65690076,0.65827584
2025-07-14 01:00:00,0.65841019,0.65857935,0.65606034,0.65656865
2025-07-14 05:00:00,0.65647811,0.65772164,0.65575922,0.65685761
2025-07-14 09:00:00,0.65670663,0.65756166,0.65565604,0.6559872
2025-07-14 13:00:00,0.65596998,0.65682739,0.65479738,0.65496463
2025-07-14 17:00:00,0.6549089,0.65522212,0.6545788,0.65470731
2025-07-14 21:00:00,0.65492171,0.6556474,0.6542362,0.65505046
2025-07-15 01:00:00,0.65503752,0.6556775,0.65418053,0.65455735
2025-07-15 05:00:00,0.65460879,0.65736711,0.65459591,0.65681446
2025-07-15 09:00:00,0.65677559,0.65794665,0.65609044,0.65733254
2025-07-15 13:00:00,0.65738869,0.65754867,0.65099925,0.65107983
2025-07-15 17:00:00,0.6513173,0.65224767,0.65104592,0.65159315
2025-07-15 21:00:00,0.6521455,0.65366739,0.65142339,0.65289921
2025-07-16 01:00:00,0.65295035,0.65341967,0.65197551,0.65286934
2025-07-16 05:00:00,0.65289068,0.653377,0.65222633,0.65235829
2025-07-16 09:00:00,0.65234977,0.65298021,0.65172052,0.65204775
2025-07-16 13:00:00,0.65196699,0.65572912,0.64974725,0.65280968
2025-07-16 17:00:00,0.65296745,0.65389824,0.65209877,0.65303993
2025-07-16 21:00:00,0.65363753,0.65363753,0.65116888,0.65155065
2025-07-17 01:00:00,0.65167809,0.65233696,0.64758456,0.6492579
2025-07-17 05:00:00,0.649279,0.64973879,0.64637899,0.6473707
2025-07-17 09:00:00,0.64756775,0.64758867,0.64574039,0.64717799
2025-07-17 13:00:00,0.64722824,0.64901775,0.64645839,0.64842433
2025-07-17 17:00:00,0.64839906,0.64952779,0.64839906,0.64905566
2025-07-17 21:00:00,0.64834023,0.65111798,0.64834023,0.65077895
2025-07-18 01:00:00,0.6508891,0.6512664,0.65002596,0.65012741
2025-07-18 05:00:00,0.65007669,0.65221786,0.6499964,0.65204775
2025-07-18 09:00:00,0.65214133,0.65342391,0.65192872,0.65342391
2025-07-18 13:00:00,0.6534282,0.65422761,0.65142339,0.65142339
2025-07-18 17:00:00,0.65147853,0.65158045,0.65057576,0.65082979
2025-07-18 21:00:00,0.65121126,0.65121126,0.65095687,0.65095687
2025-07-20 21:00:00,0.65134698,0.65166956,0.65046996,0.6507197
2025-07-21 01:00:00,0.65063077,0.65147007,0.65006822,0.65110946
2025-07-21 05:00:00,0.65102047,0.6521796,0.65083832,0.65189898
2025-07-21 09:00:00,0.65188622,0.65296745,0.65112644,0.65244764
2025-07-21 13:00:00,0.6523881,0.65390676,0.65178001,0.65333855
2025-07-21 17:00:00,0.65334707,0.65339833,0.65248597,0.65269893
2025-07-21 21:00:00,0.65299726,0.65326601,0.65192026,0.65195853
2025-07-22 01:00:00,0.65201801,0.65278411,0.65158886,0.6521073
2025-07-22 05:00:00,0.6519075,0.6521073,0.65063077,0.65129608
2025-07-22 09:00:00,0.65130031,0.65308255,0.65121973,0.65275854
2025-07-22 13:00:00,0.65282673,0.65592694,0.65249872,0.65542823
2025-07-22 17:00:00,0.65538961,0.65588826,0.6549561,0.65578073
2025-07-22 21:00:00,0.65582377,0.6561594,0.65509337,0.65593982
2025-07-23 01:00:00,0.65594846,0.65707338,0.65561736,0.65690076
2025-07-23 05:00:00,0.65688777,0.65863132,0.65635747,0.65845788
2025-07-23 09:00:00,0.65851855,0.66024029,0.65818918,0.65900034
2025-07-23 13:00:00,0.65907848,0.65966976,0.65818918,0.65846658
2025-07-23 17:00:00,0.65857935,0.66072893,0.65845788,0.66045839
2025-07-23 21:00:00,0.66028392,0.66076821,0.65988743,0.66028392
2025-07-24 01:00:00,0.66025776,0.6621201,0.66025776,0.6621201
2025-07-24 05:00:00,0.66213763,0.6627081,0.66097784,0.66220778
2025-07-24 09:00:00,0.66210699,0.66220778,0.66066778,0.66072893
2025-07-24 13:00:00,0.66058052,0.66176957,0.65943921,0.65983951
2025-07-24 17:00:00,0.65984827,0.66041476,0.65882659,0.65923929
2025-07-24 21:00:00,0.6594131,0.66010958,0.65893513,0.65960884
2025-07-25 01:00:00,0.6596393,0.65983951,0.65690076,0.65736711
2025-07-25 05:00:00,0.65728933,0.65854895,0.65662032,0.65696979
2025-07-25 09:00:00,0.65697843,0.65703022,0.65581083,0.65616798
2025-07-25 13:00:00,0.65610772,0.65681446,0.65539819,0.65620673
2025-07-25 17:00:00,0.65623689,0.65688777,0.65615076,0.65685761
2025-07-25 21:00:00,0.65685761,0.65685761,0.65685761,0.65685761
2025-07-27 21:00:00,0.65747952,0.65828454,0.65726775,0.65827149
2025-07-28 01:00:00,0.65842754,0.65868777,0.65645659,0.65681875
2025-07-28 05:00:00,0.6568101,0.65693092,0.651797,0.65240932
2025-07-28 09:00:00,0.65241784,0.65355206,0.65223062,0.65350932
2025-07-28 13:00:00,0.65357769,0.65385121,0.65149975,0.65189046
2025-07-28 17:00:00,0.65188622,0.65256685,0.65151674,0.65221786
2025-07-28 21:00:00,0.65240085,0.65292054,0.65134698,0.65152949
2025-07-29 01:00:00,0.65155065,0.65316784,0.65155065,0.65248168
2025-07-29 05:00:00,0.6524902,0.65308255,0.65012741,0.65161866
2025-07-29 09:00:00,0.65180975,0.6521455,0.64979792,0.65009785
2025-07-29 13:00:00,0.65007669,0.65150827,0.64989924,0.65117729
2025-07-29 17:00:00,0.65109682,0.65200096,0.65109682,0.65121126
2025-07-29 21:00:00,0.65112644,0.65278411,0.65112644,0.65272874
2025-07-30 01:00:00,0.6528182,0.65303564,0.65074509,0.6512664
2025-07-30 05:00:00,0.65119004,0.65185648,0.64984012,0.65041918
2025-07-30 09:00:00,0.65038961,0.65053344,0.64678866,0.64692676
2025-07-30 13:00:00,0.64680964,0.6468389,0.64502811,0.64582795
2025-07-30 17:00:00,0.64583629,0.64722824,0.64283878,0.64358348
2025-07-30 21:00:00,0.64366633,0.64522791,0.6436249,0.64447939
2025-07-31 01:00:00,0.64449602,0.64698958,0.64353788,0.64698958
2025-07-31 05:00:00,0.64701885,0.64779425,0.64559031,0.64594895
2025-07-31 09:00:00,0.64593637,0.64593637,0.64375746,0.64418048
2025-07-31 13:00:00,0.64406848,0.64451677,0.64289665,0.64342612
2025-07-31 17:00:00,0.64336818,0.64366633,0.64261979,0.64262807
2025-07-31 21:00:00,0.64279747,0.64361662,0.64238453,0.64334744
2025-08-01 01:00:00,0.64326888,0.64424688,0.64283878,0.64376992
2025-08-01 05:00:00,0.64364976,0.64404768,0.64246708,0.64247942
2025-08-01 09:00:00,0.64247942,0.64896715,0.64209992,0.64863884
2025-08-01 13:00:00,0.64882821,0.64960796,0.64545697,0.64569032
2025-08-01 17:00:00,0.64564866,0.64799994,0.64397722,0.64716542
2025-08-01 21:00:00,0.64741683,0.64741683,0.64741683,0.64741683
2025-08-03 21:00:00,0.64688909,0.64771032,0.6464709,0.64745873
2025-08-04 01:00:00,0.64747965,0.64884502,0.64700627,0.64839071
2025-08-04 05:00:00,0.6482982,0.64873981,0.64711094,0.64796215
2025-08-04 09:00:00,0.64797056,0.64892924,0.64720732,0.64831924
2025-08-04 13:00:00,0.64818895,0.64913988,0.64628708,0.64660048
2025-08-04 17:00:00,0.64656705,0.6473791,0.64612842,0.64695609
2025-08-04 21:00:00,0.64691424,0.64813018,0.64666325,0.64741683
2025-08-05 01:00:00,0.64746714,0.6476264,0.6455403,0.64666325
2025-08-05 05:00:00,0.64657962,0.64733297,0.64525706,0.64546943
2025-08-05 09:00:00,0.64547777,0.64695609,0.64540696,0.64666736
2025-08-05 13:00:00,0.64674687,0.64800411,0.64569867,0.64773136
2025-08-05 17:00:00,0.64763904,0.64804614,0.6468305,0.64745873
2025-08-05 21:00:00,0.64741683,0.64838231,0.64653778,0.64800411
2025-08-06 01:00:00,0.64797896,0.64973032,0.64734977,0.64949828
2025-08-06 05:00:00,0.64956152,0.64974725,0.64865983,0.6492579
2025-08-06 09:00:00,0.649279,0.65092725,0.64924943,0.65051651
2025-08-06 13:00:00,0.65052921,0.65095687,0.64911884,0.65002596
2025-08-06 17:00:00,0.65009785,0.6510374,0.65009785,0.65053344
2025-08-06 21:00:00,0.65049112,0.65091872,0.64985704,0.64985704
2025-08-07 01:00:00,0.64984858,0.65193295,0.64977682,0.65184796
2025-08-07 05:00:00,0.65181822,0.65427041,0.65134698,0.65325749
2025-08-07 09:00:00,0.65334707,0.65334707,0.65195,0.65269893
2025-08-07 13:00:00,0.6526776,0.65318066,0.649279,0.65033883
2025-08-07 17:00:00,0.65038961,0.65295035,0.64977258,0.6526137
2025-08-07 21:00:00,0.65244341,0.65312093,0.65155065,0.65234977
2025-08-08 01:00:00,0.65243918,0.6526137,0.65135974,0.65240085
2025-08-08 05:00:00,0.65243918,0.65368021,0.65180975,0.65218806
2025-08-08 09:00:00,0.6521498,0.65286934,0.65161866,0.65187776
2025-08-08 13:00:00,0.65189898,0.65329587,0.65189898,0.65272021
2025-08-08 17:00:00,0.65271592,0.65342391,0.6521455,0.65235829
2025-08-08 21:00:00,0.65286934,0.65286934,0.65286934,0.65286934
2025-08-10 21:00:00,0.65252,0.65252,0.6515677,0.65182674
2025-08-11 01:00:00,0.65176731,0.6530484,0.65155917,0.65266907
2025-08-11 05:00:00,0.65259665,0.65300155,0.6515677,0.65227741
2025-08-11 09:00:00,0.65221786,0.65248597,0.65033883,0.6508171
2025-08-11 13:00:00,0.65082979,0.65184796,0.65030921,0.65138942
2025-08-11 17:00:00,0.65139794,0.65189046,0.6508764,0.65144879
2025-08-11 21:00:00,0.65129608,0.65235829,0.65129608,0.65196699
2025-08-12 01:00:00,0.65189898,0.65274155,0.65071547,0.65171629
2025-08-12 05:00:00,0.65183949,0.65184796,0.64917779,0.64943922
2025-08-12 09:00:00,0.64954048,0.65135974,0.64837807,0.65073663
2025-08-12 13:00:00,0.65050805,0.6543389,0.6493085,0.65331721
2025-08-12 17:00:00,0.65301001,0.65359908,0.65289921,0.65325749
2025-08-12 21:00:00,0.65299726,0.65347946,0.65260947,0.65272021
2025-08-13 01:00:00,0.65290773,0.65362042,0.65189898,0.65334707
2025-08-13 05:00:00,0.65336847,0.65565169,0.65298021,0.65515774
2025-08-13 09:00:00,0.65520924,0.65646946,0.65440744,0.65466875
2025-08-13 13:00:00,0.6547159,0.65603882,0.65439034,0.65457022
2025-08-13 17:00:00,0.6546216,0.655029,0.65408641,0.65470731
2025-08-13 21:00:00,0.65479308,0.65575922,0.65449309,0.65553999
2025-08-14 01:00:00,0.65549701,0.65698707,0.65477592,0.65530801
2025-08-14 05:00:00,0.65526932,0.65552276,0.6527074,0.65272874
2025-08-14 09:00:00,0.65266907,0.65355206,0.65053767,0.6507197
2025-08-14 13:00:00,0.65064776,0.65082979,0.64850003,0.64895874
2025-08-14 17:00:00,0.64901775,0.65026695,0.64901775,0.64970082
2025-08-14 21:00:00,0.64897138,0.6504277,0.64897138,0.64994574
2025-08-15 01:00:00,0.64987814,0.65066886,0.64897984,0.65025848
2025-08-15 05:00:00,0.65021616,0.65163559,0.65014857,0.65111798
2025-08-15 09:00:00,0.65116036,0.65201801,0.65060961,0.65176731
2025-08-15 13:00:00,0.65183949,0.65244341,0.65111798,0.65130883
2025-08-15 17:00:00,0.65128762,0.6514191,0.65049958,0.65110946
2025-08-15 21:00:00,0.65091455,0.65146583,0.65091455,0.65146583
2025-08-17 21:00:00,0.65146583,0.65193295,0.65112644,0.65150827
2025-08-18 01:00:00,0.65167809,0.65244341,0.65146583,0.65227318
2025-08-18 05:00:00,0.65231574,0.65248597,0.65091455,0.65176302
2025-08-18 09:00:00,0.65180552,0.65197551,0.65082979,0.65095687
2025-08-18 13:00:00,0.65095687,0.65095687,0.64842433,0.64913988
2025-08-18 17:00:00,0.6493085,0.64973032,0.6490978,0.64935064
2025-08-18 21:00:00,0.64968818,0.64998376,0.64922416,0.64947718
2025-08-19 01:00:00,0.64964598,0.64973032,0.64880294,0.6490978
2025-08-19 05:00:00,0.6492663,0.64977258,0.64792013,0.64867669
2025-08-19 09:00:00,0.64876091,0.64968818,0.64863461,0.64871877
2025-08-19 13:00:00,0.64863461,0.64863461,0.64582795,0.6459114
2025-08-19 17:00:00,0.64578629,0.64620358,0.64520288,0.64557779
2025-08-19 21:00:00,0.64616179,0.64616179,0.64478689,0.64536947
2025-08-20 01:00:00,0.64557779,0.64557779,0.64325231,0.64457911
2025-08-20 05:00:00,0.64449602,0.64507806,0.64279747,0.64358348
2025-08-20 09:00:00,0.64370775,0.64499485,0.64337647,0.6446206
2025-08-20 13:00:00,0.64453757,0.64457911,0.64263225,0.64366633
2025-08-20 17:00:00,0.64374918,0.64408088,0.64321089,0.64354205
2025-08-20 21:00:00,0.64341784,0.64383209,0.64279747,0.64296275
2025-08-21 01:00:00,0.64300412,0.6436249,0.64213705,0.6421783
2025-08-21 05:00:00,0.64221948,0.64292145,0.64176613,0.64263225
2025-08-21 09:00:00,0.64259094,0.64341784,0.64213705,0.64226073
2025-08-21 13:00:00,0.64230198,0.64325231,0.64180732,0.64242584
2025-08-21 17:00:00,0.64250839,0.64312816,0.64213705,0.64226073
2025-08-21 21:00:00,0.64230198,0.64312816,0.64213705,0.64271486
2025-08-22 01:00:00,0.64271486,0.64321089,0.64205456,0.64213705
2025-08-22 05:00:00,0.64197212,0.64329368,0.64176613,0.64321089
2025-08-22 09:00:00,0.64325231,0.64329368,0.64180732,0.64242584
2025-08-22 13:00:00,0.64238453,0.65019506,0.64238453,0.64901352
2025-08-22 17:00:00,0.64913988,0.64998376,0.64871877,0.64935064
2025-08-22 21:00:00,0.64922416,0.64922416,0.64901352,0.64901352
2025-08-24 21:00:00,0.6490978,0.6490978,0.64825618,0.64850843
2025-08-25 01:00:00,0.64867669,0.64943498,0.64745873,0.6492663
2025-08-25 05:00:00,0.64922416,0.6506604,0.64897138,0.64985704
2025-08-25 09:00:00,0.64977258,0.6501528,0.64888716,0.64951932
2025-08-25 13:00:00,0.64943498,0.65061814,0.6492663,0.64977258
2025-08-25 17:00:00,0.64981478,0.64985704,0.64804614,0.64855045
2025-08-25 21:00:00,0.6481722,0.64956152,0.6481722,0.64918202
2025-08-26 01:00:00,0.64901352,0.64935064,0.64737487,0.64808816
2025-08-26 05:00:00,0.64813018,0.64859253,0.64737487,0.64792013
2025-08-26 09:00:00,0.64792013,0.64951932,0.64792013,0.64888716
2025-08-26 13:00:00,0.64880294,0.65019506,0.64838231,0.64977258
2025-08-26 17:00:00,0.64977258,0.64998376,0.64943498,0.64964598
2025-08-26 21:00:00,0.64951932,0.6499415,0.64922416,0.64951932
2025-08-27 01:00:00,0.64964598,0.65053344,0.64859253,0.64859253
2025-08-27 05:00:00,0.64867669,0.64922416,0.64666325,0.64724922
2025-08-27 09:00:00,0.64729112,0.6476264,0.646496,0.64737487
2025-08-27 13:00:00,0.64729112,0.65116888,0.64720732,0.65112644
2025-08-27 17:00:00,0.65104169,0.65150827,0.65070277,0.65078747
2025-08-27 21:00:00,0.65057576,0.65167809,0.65049112,0.65133852
2025-08-28 01:00:00,0.65142339,0.65235829,0.65121126,0.65125364
2025-08-28 05:00:00,0.65125364,0.65218806,0.65078747,0.65210307
2025-08-28 09:00:00,0.6521455,0.65359479,0.65206051,0.65299726
2025-08-28 13:00:00,0.65299726,0.65385121,0.65227318,0.65368021
2025-08-28 17:00:00,0.65363753,0.65393674,0.65321052,0.65346664
2025-08-28 21:00:00,0.65308255,0.65372294,0.65282673,0.65372294
2025-08-29 01:00:00,0.65380841,0.65436459,0.65312517,0.65415061
2025-08-29 05:00:00,0.6541934,0.65427899,0.65312517,0.65376568
2025-08-29 09:00:00,0.65372294,0.65372294,0.6526137,0.65312517
2025-08-29 13:00:00,0.65316784,0.65505046,0.65278411,0.65487885
2025-08-29 17:00:00,0.65470731,0.65487885,0.65389395,0.6542362
2025-08-29 21:00:00,0.65427899,0.65436459,0.65427899,0.65436459
2025-08-31 21:00:00,0.65440744,0.65505046,0.65440744,0.65496463
2025-09-01 01:00:00,0.65492171,0.65509337,0.65376568,0.65453595
2025-09-01 05:00:00,0.65453595,0.65595275,0.65376568,0.65595275
2025-09-01 09:00:00,0.65599579,0.65621102,0.6551792,0.65543687
2025-09-01 13:00:00,0.65530801,0.65599579,0.6551792,0.65556574
2025-09-01 17:00:00,0.65556574,0.6557377,0.6553939,0.65560871
2025-09-01 21:00:00,0.65509337,0.65595275,0.65509337,0.65547985
2025-09-02 01:00:00,0.65522212,0.65543687,0.65385121,0.65393674
2025-09-02 05:00:00,0.65402222,0.65453595,0.65049112,0.65150827
2025-09-02 09:00:00,0.65159315,0.65159315,0.64876091,0.64888716
2025-09-02 13:00:00,0.64884502,0.65265632,0.64876091,0.65223062
2025-09-02 17:00:00,0.65227318,0.65248597,0.65150827,0.65231574
2025-09-02 21:00:00,0.65227318,0.65235829,0.65133852,0.65172052
2025-09-03 01:00:00,0.65184796,0.65274155,0.65150827,0.65231574
2025-09-03 05:00:00,0.65231574,0.65312517,0.65053344,0.65269893
2025-09-03 09:00:00,0.65286934,0.65415061,0.6526137,0.65410781
2025-09-03 13:00:00,0.65402222,0.65530801,0.65359479,0.65530801
2025-09-03 17:00:00,0.6553939,0.65560871,0.65415061,0.6545788
2025-09-03 21:00:00,0.65440744,0.65513629,0.65410781,0.65496463
2025-09-04 01:00:00,0.65479308,0.65500754,0.65308255,0.65308255
2025-09-04 05:00:00,0.65299726,0.65299726,0.65231574,0.65295464
2025-09-04 09:00:00,0.65295464,0.65295464,0.65125364,0.65210307
2025-09-04 13:00:00,0.65235829,0.65278411,0.6504488,0.65125364
2025-09-04 17:00:00,0.65129608,0.65210307,0.65116888,0.65197551
2025-09-04 21:00:00,0.65108407,0.65282673,0.65104169,0.65282673
2025-09-05 01:00:00,0.65299726,0.65333855,0.65282673,0.65291196
2025-09-05 05:00:00,0.65295464,0.65487885,0.65295464,0.65466446
2025-09-05 09:00:00,0.65466446,0.65733254,0.65432179,0.65720296
2025-09-05 13:00:00,0.65754867,0.65897858,0.65560871,0.65651262
2025-09-05 17:00:00,0.65655571,0.65655571,0.65526503,0.65586668
2025-09-05 21:00:00,0.65590972,0.65590972,0.65487885,0.65487885
2025-09-07 21:00:00,0.65505046,0.65586668,0.65505046,0.65582377
2025-09-08 01:00:00,0.65582377,0.65681446,0.65556574,0.65646946
2025-09-08 05:00:00,0.65642643,0.65897858,0.65642643,0.65863132
2025-09-08 09:00:00,0.65850127,0.6598047,0.65828454,0.6598047
2025-09-08 13:00:00,0.65967411,0.66002244,0.65845788,0.65871811
2025-09-08 17:00:00,0.65858799,0.65976119,0.65837115,0.65945661
2025-09-08 21:00:00,0.65850127,0.66019672,0.65850127,0.6598047
2025-09-09 01:00:00,0.6598047,0.66085118,0.6594131,0.66080755
2025-09-09 05:00:00,0.66085118,0.66168201,0.66015315,0.66146314
2025-09-09 09:00:00,0.66159445,0.66216391,0.6599353,0.66002244
2025-09-09 13:00:00,0.65989178,0.66063291,0.65871811,0.65923929
2025-09-09 17:00:00,0.65932614,0.6594131,0.65845788,0.65867472
2025-09-09 21:00:00,0.65867472,0.65928268,0.65850127,0.65902197
2025-09-10 01:00:00,0.65919578,0.66146314,0.65837115,0.66146314
2025-09-10 05:00:00,0.66141945,0.6616382,0.65984827,0.66019672
2025-09-10 09:00:00,0.66041476,0.66220778,0.66028392,0.66141945
2025-09-10 13:00:00,0.66124445,0.66370213,0.6609385,0.66220778
2025-09-10 17:00:00,0.66225165,0.66269052,0.66146314,0.66150689
2025-09-10 21:00:00,0.662471,0.662471,0.6612882,0.6612882
2025-09-11 01:00:00,0.66115701,0.66216391,0.66106963,0.66124445
2025-09-11 05:00:00,0.6612007,0.66155064,0.66045839,0.66106963
2025-09-11 09:00:00,0.66111332,0.66242713,0.66032749,0.66242713
2025-09-11 13:00:00,0.66264665,0.66657776,0.66238326,0.66617817
2025-09-11 17:00:00,0.66617817,0.66671109,0.66595632,0.66626692
2025-09-11 21:00:00,0.66604501,0.66697794,0.66604501,0.66697794
2025-09-12 01:00:00,0.66706693,0.66706693,0.66582328,0.66600066
2025-09-12 05:00:00,0.66595632,0.66675556,0.66467261,0.66476101
2025-09-12 09:00:00,0.66480523,0.66555738,0.66334987,0.66414291
2025-09-12 13:00:00,0.66396654,0.66498202,0.66348195,0.664496
2025-09-12 17:00:00,0.66458434,0.66555738,0.66454017,0.66529173
2025-09-12 21:00:00,0.66520321,0.66520321,0.66507047,0.66507047
2025-09-14 21:00:00,0.66511476,0.66538024,0.66480523,0.66533601
2025-09-15 01:00:00,0.66555738,0.66675556,0.66529173,0.66657776
2025-09-15 05:00:00,0.66662222,0.66684449,0.66546881,0.66617817
2025-09-15 09:00:00,0.66608942,0.66706693,0.6656903,0.66680002
2025-09-15 13:00:00,0.66680002,0.66737854,0.6656903,0.66680002
2025-09-15 17:00:00,0.66675556,0.66764587,0.66675556,0.66720039
2025-09-15 21:00:00,0.66662222,0.66773504,0.66662222,0.66697794
2025-09-16 01:00:00,0.66706693,0.66751218,0.66631132,0.66640013
2025-09-16 05:00:00,0.66635573,0.66742307,0.66626692,0.66648895
2025-09-16 09:00:00,0.66653335,0.66777968,0.66653335,0.66702241
2025-09-16 13:00:00,0.6672895,0.66876209,0.66680002,0.66853857
2025-09-16 17:00:00,0.66871744,0.66898584,0.66822582,0.66876209
2025-09-16 21:00:00,0.66849387,0.66920966,0.66804731,0.66849387
2025-09-17 01:00:00,0.66871744,0.66871744,0.66764587,0.66777968
2025-09-17 05:00:00,0.66782421,0.66795808,0.66688895,0.66733402
2025-09-17 09:00:00,0.66733402,0.66835988,0.66702241,0.66827053
2025-09-17 13:00:00,0.66827053,0.66835988,0.66648895,0.66657776
2025-09-17 17:00:00,0.66657776,0.67082578,0.66471684,0.66551316
2025-09-17 21:00:00,0.66476101,0.66604501,0.66467261,0.66533601
2025-09-18 01:00:00,0.66538024,0.66538024,0.66312999,0.66330594
2025-09-18 05:00:00,0.66304201,0.66471684,0.66185719,0.6640988
2025-09-18 09:00:00,0.66418707,0.66617817,0.66334987,0.66334987
2025-09-18 13:00:00,0.66330594,0.66339391,0.6612007,0.66207623
2025-09-18 17:00:00,0.6621201,0.66242713,0.6612882,0.66146314
2025-09-18 21:00:00,0.66159445,0.66207623,0.66089481,0.66141945
2025-09-19 01:00:00,0.66133195,0.66176957,0.66024029,0.66063291
2025-09-19 05:00:00,0.66067654,0.66133195,0.65902197,0.66098225
2025-09-19 09:00:00,0.66085118,0.6612882,0.65889174,0.65902197
2025-09-19 13:00:00,0.65910888,0.66024029,0.65910888,0.65976119
2025-09-19 17:00:00,0.65989178,0.65997887,0.65923929,0.65954363
2025-09-19 21:00:00,0.6596306,0.6596306,0.6596306,0.6596306
2025-09-21 21:00:00,0.65958709,0.65989178,0.65841454,0.65858799
2025-09-22 01:00:00,0.65880495,0.65989178,0.65837115,0.65967411
2025-09-22 05:00:00,0.65971762,0.65989178,0.65776491,0.65958709
2025-09-22 09:00:00,0.6596306,0.66015315,0.65945661,0.66006601
2025-09-22 13:00:00,0.65984827,0.66006601,0.65806788,0.65950012
2025-09-22 17:00:00,0.65958709,0.66041476,0.65958709,0.66019672
2025-09-22 21:00:00,0.6598047,0.66032749,0.65954363,0.6598047
2025-09-23 01:00:00,0.6599353,0.6599353,0.65841454,0.6585446
2025-09-23 05:00:00,0.65841454,0.66028392,0.65832782,0.66006601
2025-09-23 09:00:00,0.66019672,0.6613757,0.66010958,0.66098225
2025-09-23 13:00:00,0.6613757,0.66168201,0.65971762,0.66045839
2025-09-23 17:00:00,0.66050196,0.66080755,0.65958709,0.66010958
2025-09-23 21:00:00,0.6598047,0.66045839,0.65954363,0.6596306
2025-09-24 01:00:00,0.65971762,0.66251493,0.65910888,0.66225165
2025-09-24 05:00:00,0.66225165,0.66295415,0.66106963,0.66159445
2025-09-24 09:00:00,0.66155064,0.66176957,0.6594131,0.65971762
2025-09-24 13:00:00,0.65976119,0.65984827,0.65789473,0.65789473
2025-09-24 17:00:00,0.65789473,0.65863132,0.65789473,0.65850127
2025-09-24 21:00:00,0.65845788,0.65950012,0.65832782,0.65950012
2025-09-25 01:00:00,0.65950012,0.66028392,0.6587615,0.65997887
2025-09-25 05:00:00,0.65997887,0.66028392,0.65884835,0.66010958
2025-09-25 09:00:00,0.66015315,0.66054559,0.65586668,0.65625411
2025-09-25 13:00:00,0.65621102,0.65638334,0.65440744,0.65449309
2025-09-25 17:00:00,0.65445024,0.65445024,0.65291196,0.6542362
2025-09-25 21:00:00,0.65389395,0.65466446,0.65342391,0.65397948
2025-09-26 01:00:00,0.65406501,0.6546216,0.65355206,0.65432179
2025-09-26 05:00:00,0.65436459,0.6545788,0.65291196,0.65333855
2025-09-26 09:00:00,0.65333855,0.65402222,0.65231574,0.65402222
2025-09-26 13:00:00,0.6542362,0.65509337,0.65359479,0.65505046
2025-09-26 17:00:00,0.6551792,0.65535092,0.65475023,0.65496463
2025-09-26 21:00:00,0.65487885,0.65513629,0.65487885,0.65513629
2025-09-28 21:00:00,0.6551792,0.65595275,0.65509337,0.65586668
2025-09-29 01:00:00,0.65560871,0.65746218,0.65526503,0.65733254
2025-09-29 05:00:00,0.65724611,0.65746218,0.65664196,0.65715975
2025-09-29 09:00:00,0.65715975,0.65741897,0.65625411,0.65707338
2025-09-29 13:00:00,0.65711653,0.65815455,0.65655571,0.65780818
2025-09-29 17:00:00,0.65785146,0.65832782,0.65763515,0.65793806
2025-09-29 21:00:00,0.65789473,0.65828454,0.65746218,0.65806788
2025-09-30 01:00:00,0.65871811,0.66102594,0.65785146,0.66085118
2025-09-30 05:00:00,0.66076386,0.66150689,0.65798134,0.6612007
2025-09-30 09:00:00,0.6612007,0.66176957,0.66072017,0.66146314
2025-09-30 13:00:00,0.66146314,0.66304201,0.66102594,0.66216391
2025-09-30 17:00:00,0.66216391,0.66233939,0.6613757,0.66155064
2025-09-30 21:00:00,0.66176957,0.66203249,0.66054559,0.66063291
2025-10-01 01:00:00,0.66067654,0.66067654,0.65919578,0.66054559
2025-10-01 05:00:00,0.66098225,0.66216391,0.66015315,0.66168201
2025-10-01 09:00:00,0.66159445,0.66299808,0.66085118,0.66216391
2025-10-01 13:00:00,0.66216391,0.662471,0.66024029,0.66111332
2025-10-01 17:00:00,0.66106963,0.66225165,0.66106963,0.66155064
2025-10-01 21:00:00,0.66155064,0.66176957,0.66089481,0.6609385
2025-10-02 01:00:00,0.66080755,0.66229552,0.66050196,0.66194481
2025-10-02 05:00:00,0.66229552,0.66264665,0.66150689,0.66233939
2025-10-02 09:00:00,0.66238326,0.66238326,0.66019672,0.66041476
2025-10-02 13:00:00,0.66067654,0.66085118,0.65798134,0.65958709
2025-10-02 17:00:00,0.65950012,0.66019672,0.65936965,0.6598047
2025-10-02 21:00:00,0.65971762,0.66050196,0.6596306,0.66032749
2025-10-03 01:00:00,0.66041476,0.66058922,0.65932614,0.65932614
2025-10-03 05:00:00,0.65932614,0.66106963,0.65919578,0.66089481
2025-10-03 09:00:00,0.66085118,0.6609385,0.66024029,0.6609385
2025-10-03 13:00:00,0.66072017,0.66155064,0.66028392,0.66111332
2025-10-03 17:00:00,0.66106963,0.66111332,0.65976119,0.66045839
2025-10-03 21:00:00,0.66063291,0.66063291,0.65906543,0.65906543
2025-10-05 20:00:00,0.65897858,0.65958709,0.65897858,0.65950012
2025-10-06 00:00:00,0.65976119,0.66141945,0.65954363,0.66102594
2025-10-06 04:00:00,0.66102594,0.66185719,0.66024029,0.66076386
2025-10-06 08:00:00,0.66063291,0.66067654,0.65932614,0.66002244
2025-10-06 12:00:00,0.66010958,0.66220778,0.65984827,0.66203249
2025-10-06 16:00:00,0.66194481,0.66225165,0.66155064,0.66181338
2025-10-06 20:00:00,0.66168201,0.66216391,0.66150689,0.66181338
2025-10-07 00:00:00,0.66194481,0.66264665,0.66076386,0.66207623
2025-10-07 04:00:00,0.6621201,0.66216391,0.65884835,0.65919578
2025-10-07 08:00:00,0.65915233,0.65984827,0.65871811,0.65889174
2025-10-07 12:00:00,0.65906543,0.6599353,0.65845788,0.65880495
2025-10-07 16:00:00,0.65897858,0.65936965,0.65811121,0.65815455
2025-10-07 20:00:00,0.65819788,0.65880495,0.65819788,0.65824121
2025-10-08 00:00:00,0.65824121,0.65824121,0.65616798,0.65690076
2025-10-08 04:00:00,0.65685761,0.65715975,0.65595275,0.65685761
2025-10-08 08:00:00,0.65685761,0.65780818,0.65612495,0.65733254
2025-10-08 12:00:00,0.65741897,0.65902197,0.65741897,0.65832782
2025-10-08 16:00:00,0.65828454,0.65897858,0.65776491,0.65897858
2025-10-08 20:00:00,0.65884835,0.6594131,0.65841454,0.65867472
2025-10-09 00:00:00,0.65871811,0.66032749,0.65871811,0.66032749
2025-10-09 04:00:00,0.66032749,0.66115701,0.65741897,0.65858799
2025-10-09 08:00:00,0.65850127,0.66032749,0.65724611,0.65997887
2025-10-09 12:00:00,0.6598047,0.6612882,0.65500754,0.65569472
2025-10-09 16:00:00,0.65595275,0.65595275,0.65432179,0.65530801
2025-10-09 20:00:00,0.65543687,0.65625411,0.65543687,0.65625411
2025-10-10 00:00:00,0.65621102,0.65746218,0.65590972,0.65707338
2025-10-10 04:00:00,0.65707338,0.65707338,0.65496463,0.65586668
2025-10-10 08:00:00,0.65565169,0.65646946,0.65522212,0.65547985
2025-10-10 12:00:00,0.6553939,0.65612495,0.64863461,0.64939284
2025-10-10 16:00:00,0.64951932,0.64964598,0.64821416,0.64863461
2025-10-10 20:00:00,0.64863461,0.64876091,0.64741683,0.64741683
2025-10-12 20:00:00,0.64977258,0.65027964,0.64939284,0.65006822
2025-10-13 00:00:00,0.65023732,0.65346664,0.65006822,0.65189046
2025-10-13 04:00:00,0.65201801,0.65295464,0.65146583,0.65244341
2025-10-13 08:00:00,0.65240085,0.65269893,0.65091455,0.65095687
2025-10-13 12:00:00,0.65087217,0.65248597,0.65087217,0.65210307
2025-10-13 16:00:00,0.65206051,0.6526137,0.65172052,0.65180552
2025-10-13 20:00:00,0.65180552,0.65223062,0.65129608,0.65138096
2025-10-14 00:00:00,0.65167809,0.65231574,0.64956152,0.65002596
2025-10-14 04:00:00,0.65006822,0.65006822,0.64557779,0.64570284
2025-10-14 08:00:00,0.64561945,0.64678866,0.64428842,0.64557779
2025-10-14 12:00:00,0.64566118,0.64947718,0.64470375,0.6492663
2025-10-14 16:00:00,0.64939284,0.64989924,0.64821416,0.64863461
2025-10-14 20:00:00,0.64863461,0.64973032,0.64825618,0.64935064
2025-10-15 00:00:00,0.64922416,0.65180552,0.64884502,0.65142339
2025-10-15 04:00:00,0.65146583,0.65248597,0.65138096,0.65176302
2025-10-15 08:00:00,0.65184796,0.65248597,0.65163559,0.65163559
2025-10-15 12:00:00,0.65167809,0.65244341,0.65074509,0.65146583
2025-10-15 16:00:00,0.65146583,0.65163559,0.64935064,0.65116888
2025-10-15 20:00:00,0.65125364,0.65163559,0.65053344,0.65095687
2025-10-16 00:00:00,0.65099925,0.65172052,0.64825618,0.64892924
2025-10-16 04:00:00,0.64880294,0.65095687,0.64880294,0.6506604
2025-10-16 08:00:00,0.65078747,0.65142339,0.6503219,0.65078747
2025-10-16 12:00:00,0.65082979,0.65095687,0.64884502,0.6492663
2025-10-16 16:00:00,0.64935064,0.64981478,0.64741683,0.64867669
2025-10-16 20:00:00,0.64867669,0.64918202,0.64779425,0.64842433
2025-10-17 00:00:00,0.6482982,0.6492663,0.64657962,0.6468305
2025-10-17 04:00:00,0.64703977,0.64796215,0.6446622,0.64653778
2025-10-17 08:00:00,0.64662141,0.64981478,0.6454528,0.64880294
2025-10-17 12:00:00,0.64876091,0.64935064,0.64741683,0.64880294
2025-10-17 16:00:00,0.64876091,0.6503219,0.64850843,0.65023732
2025-10-17 20:00:00,0.65019506,0.65019506,0.64956152,0.64989924
2025-10-19 20:00:00,0.65061814,0.65061814,0.65011048,0.65036416
2025-10-20 00:00:00,0.65006822,0.65155065,0.64989924,0.65057576
2025-10-20 04:00:00,0.6506604,0.65104169,0.64943498,0.64985704
2025-10-20 08:00:00,0.64981478,0.6503219,0.64871877,0.64922416
2025-10-20 12:00:00,0.6492663,0.65231574,0.64897138,0.65193295
2025-10-20 16:00:00,0.65176302,0.65210307,0.65146583,0.65155065
2025-10-20 20:00:00,0.65150827,0.65193295,0.65142339,0.65184796
2025-10-21 00:00:00,0.65176302,0.65265632,0.6506604,0.65074509
2025-10-21 04:00:00,0.65057576,0.65070277,0.64888716,0.64901352
2025-10-21 08:00:00,0.64888716,0.64998376,0.64804614,0.64939284
2025-10-21 12:00:00,0.64956152,0.6501528,0.64775229,0.65002596
2025-10-21 16:00:00,0.65011048,0.6504488,0.64880294,0.6492663
2025-10-21 20:00:00,0.64913988,0.64947718,0.64888716,0.64939284
2025-10-22 00:00:00,0.64960372,0.64977258,0.64859253,0.64973032
2025-10-22 04:00:00,0.64981478,0.65138096,0.64981478,0.65061814
2025-10-22 08:00:00,0.6504488,0.6504488,0.64850843,0.64867669
2025-10-22 12:00:00,0.64884502,0.65040648,0.64871877,0.65040648
2025-10-22 16:00:00,0.65027964,0.6503219,0.6481722,0.64913988
2025-10-22 20:00:00,0.64918202,0.64939284,0.64888716,0.64901352
2025-10-23 00:00:00,0.64888716,0.64968818,0.6481722,0.6481722
2025-10-23 04:00:00,0.64834023,0.65099925,0.64825618,0.65070277
2025-10-23 08:00:00,0.65082979,0.65146583,0.65040648,0.65040648
2025-10-23 12:00:00,0.6504488,0.65189046,0.65006822,0.65176302
2025-10-23 16:00:00,0.65189046,0.65197551,0.65095687,0.65146583
2025-10-23 20:00:00,0.65133852,0.65184796,0.65108407,0.65167809
2025-10-24 00:00:00,0.65150827,0.65193295,0.64998376,0.65078747
2025-10-24 04:00:00,0.65078747,0.65099925,0.64968818,0.65049112
2025-10-24 08:00:00,0.65057576,0.65057576,0.64956152,0.6501528
2025-10-24 12:00:00,0.65036416,0.65291196,0.64989924,0.65108407
2025-10-24 16:00:00,0.65125364,0.65155065,0.65078747,0.65133852
2025-10-24 20:00:00,0.65133852,0.65155065,0.65121126,0.65155065
2025-10-27 00:00:00,0.65376568,0.65432179,0.65312517,0.65329587
2025-10-27 04:00:00,0.6532532,0.65496463,0.65316784,0.65372294
2025-10-27 08:00:00,0.65368021,0.65612495,0.65368021,0.65590972
2025-10-27 12:00:00,0.65595275,0.65612495,0.65466446,0.65547985
2025-10-27 16:00:00,0.65547985,0.65595275,0.6553939,0.65569472
2025-10-27 20:00:00,0.65578073,0.65625411,0.65543687,0.65599579
2025-10-28 00:00:00,0.65603882,0.65655571,0.65560871,0.65621102
2025-10-28 04:00:00,0.65625411,0.65664196,0.65505046,0.65522212
2025-10-28 08:00:00,0.65535092,0.65621102,0.65475023,0.6557377
2025-10-28 12:00:00,0.65565169,0.65850127,0.65535092,0.65850127
2025-10-28 16:00:00,0.6585446,0.65928268,0.65850127,0.65871811
2025-10-28 20:00:00,0.65867472,0.65880495,0.65824121,0.65867472
2025-10-29 00:00:00,0.65867472,0.66089481,0.65811121,0.66010958
2025-10-29 04:00:00,0.66028392,0.661901,0.6596306,0.66150689
2025-10-29 08:00:00,0.66141945,0.66141945,0.6594131,0.6598047
2025-10-29 12:00:00,0.65989178,0.66155064,0.65897858,0.6613757
2025-10-29 16:00:00,0.66133195,0.66176957,0.65625411,0.65737575
2025-10-29 20:00:00,0.65759188,0.65811121,0.65685761,0.65789473
2025-10-30 00:00:00,0.65798134,0.65954363,0.65798134,0.65906543
2025-10-30 04:00:00,0.65932614,0.65971762,0.65776491,0.65819788
2025-10-30 08:00:00,0.65828454,0.65828454,0.65569472,0.65569472
2025-10-30 12:00:00,0.65543687,0.65586668,0.65355206,0.65560871
2025-10-30 16:00:00,0.65560871,0.65603882,0.65487885,0.65509337
2025-10-30 20:00:00,0.65509337,0.65621102,0.65509337,0.65612495
2025-10-31 00:00:00,0.65612495,0.65616798,0.654836,0.65513629
2025-10-31 04:00:00,0.6551792,0.65547985,0.65368021,0.6541934
2025-10-31 08:00:00,0.65406501,0.65475023,0.65389395,0.65449309
2025-10-31 12:00:00,0.65436459,0.65543687,0.65355206,0.65487885
2025-10-31 16:00:00,0.65479308,0.65479308,0.65363753,0.65453595
2025-10-31 20:00:00,0.65445024,0.65487885,0.65445024,0.65479308
2025-11-03 00:00:00,0.654836,0.65552276,0.65427899,0.65552276
2025-11-03 04:00:00,0.65543687,0.65642643,0.65526503,0.65552276
2025-11-03 08:00:00,0.65530801,0.6557377,0.65466446,0.65505046
2025-11-03 12:00:00,0.65500754,0.6553939,0.65201801,0.65291196
2025-11-03 16:00:00,0.65312517,0.65449309,0.65308255,0.65415061
2025-11-03 20:00:00,0.65415061,0.6542362,0.65368021,0.65402222
2025-11-04 00:00:00,0.65380841,0.65389395,0.65231574,0.65342391
2025-11-04 04:00:00,0.65321052,0.65376568,0.65091455,0.65172052
2025-11-04 08:00:00,0.65189046,0.6521455,0.64943498,0.6499415
2025-11-04 12:00:00,0.6499415,0.65061814,0.64838231,0.6504488
2025-11-04 16:00:00,0.65057576,0.65057576,0.64855045,0.64863461
2025-11-04 20:00:00,0.64859253,0.64947718,0.64855045,0.64867669
2025-11-05 00:00:00,0.64863461,0.64943498,0.64612001,0.64943498
2025-11-05 04:00:00,0.6492663,0.65002596,0.64871877,0.64897138
2025-11-05 08:00:00,0.64901352,0.64981478,0.64766836,0.64808816
2025-11-05 12:00:00,0.64808816,0.65019506,0.64792013,0.65019506
2025-11-05 16:00:00,0.65006822,0.65146583,0.64977258,0.65078747
2025-11-05 20:00:00,0.65091455,0.65125364,0.6504488,0.65116888
2025-11-06 00:00:00,0.65095687,0.65150827,0.65002596,0.65138096
2025-11-06 04:00:00,0.65125364,0.65197551,0.65087217,0.65133852
2025-11-06 08:00:00,0.65121126,0.65193295,0.6506604,0.65099925
2025-11-06 12:00:00,0.65108407,0.65201801,0.64695609,0.64712352
2025-11-06 16:00:00,0.64716542,0.6490978,0.64662141,0.64859253
2025-11-06 20:00:00,0.64867669,0.64880294,0.64792013,0.64859253
2025-11-07 00:00:00,0.64846641,0.64863461,0.64708167,0.64741683
2025-11-07 04:00:00,0.64733297,0.64918202,0.64699793,0.64867669
2025-11-07 08:00:00,0.64876091,0.64892924,0.64800411,0.64876091
2025-11-07 12:00:00,0.64863461,0.64935064,0.64724922,0.64745873
2025-11-07 16:00:00,0.6476264,0.64985704,0.64733297,0.64968818
2025-11-07 20:00:00,0.64960372,0.65011048,0.6492663,0.64968818
2025-11-10 00:00:00,0.65040648,0.65235829,0.64989924,0.65163559
2025-11-10 04:00:00,0.65176302,0.65346664,0.65176302,0.65308255
2025-11-10 08:00:00,0.65316784,0.65406501,0.65308255,0.65363753
2025-11-10 12:00:00,0.65363753,0.65402222,0.65180552,0.65189046
2025-11-10 16:00:00,0.65184796,0.6542362,0.65184796,0.65397948
2025-11-10 20:00:00,0.65406501,0.6541934,0.65350932,0.65363753
2025-11-11 00:00:00,0.65359479,0.65372294,0.65291196,0.65312517
2025-11-11 04:00:00,0.65333855,0.65342391,0.65172052,0.65223062
2025-11-11 08:00:00,0.65210307,0.65282673,0.65197551,0.65282673
2025-11-11 12:00:00,0.65278411,0.65388,0.65205,0.65223
2025-11-11 16:00:00,0.65222,0.65337,0.65219,0.65314
2025-11-11 20:00:00,0.65315,0.65323,0.65188,0.65303
2025-11-12 00:00:00,0.65303,0.65315,0.65204,0.65239
2025-11-12 04:00:00,0.65239,0.65413,0.65162,0.65377
2025-11-12 08:00:00,0.65376,0.65446,0.65303,0.65358
2025-11-12 12:00:00,0.65358,0.65442,0.65313,0.65381
2025-11-12 16:00:00,0.65378,0.65504,0.65378,0.65437
2025-11-12 20:00:00,0.65436,0.65445,0.65353,0.65362
2025-11-13 00:00:00,0.65361,0.65648,0.65323,0.65579
2025-11-13 04:00:00,0.65579,0.65756,0.65529,0.65753
2025-11-13 08:00:00,0.65754,0.65799,0.65615,0.65621
2025-11-13 12:00:00,0.6562,0.65665,0.65404,0.6551
2025-11-13 16:00:00,0.65506,0.65578,0.65242,0.65291
2025-11-13 20:00:00,0.6529,0.65355,0.65257,0.65278
2025-11-14 00:00:00,0.65278,0.65497,0.65245,0.65419
2025-11-14 04:00:00,0.65419,0.65421,0.65234,0.65281
2025-11-14 08:00:00,0.65282,0.65308,0.65049,0.65089
2025-11-14 12:00:00,0.65088,0.65468,0.65084,0.65443
2025-11-14 16:00:00,0.65439,0.65513,0.65339,0.65376
2025-11-14 20:00:00,0.65374,0.6539,0.65342,0.65359
2025-11-16 20:00:00,0.65351,0.65371,0.65299,0.6533
2025-11-17 00:00:00,0.65329,0.65335,0.6513,0.6516
2025-11-17 04:00:00,0.65161,0.65368,0.65159,0.6536
2025-11-17 08:00:00,0.65361,0.6537,0.651,0.65182
2025-11-17 12:00:00,0.65181,0.65249,0.65057,0.65085
2025-11-17 16:00:00,0.65083,0.65176,0.64837,0.64846
2025-11-17 20:00:00,0.64845,0.64993,0.64824,0.64929
2025-11-18 00:00:00,0.64929,0.64975,0.64775,0.64784
2025-11-18 04:00:00,0.64785,0.6487,0.64661,0.64857
2025-11-18 08:00:00,0.64857,0.65043,0.64855,0.65034
2025-11-18 12:00:00,0.65033,0.65122,0.649,0.64901
2025-11-18 16:00:00,0.64903,0.65183,0.64838,0.65165
2025-11-18 20:00:00,0.65164,0.65181,0.65038,0.65087
2025-11-19 00:00:00,0.65087,0.65089,0.6481,0.64831
2025-11-19 04:00:00,0.64829,0.64979,0.64775,0.64936
2025-11-19 08:00:00,0.64936,0.64936,0.64768,0.64893
2025-11-19 12:00:00,0.64893,0.64932,0.64652,0.64652
2025-11-19 16:00:00,0.64652,0.64703,0.64516,0.64642
2025-11-19 20:00:00,0.64642,0.64911,0.64632,0.649
2025-11-20 00:00:00,0.649,0.64903,0.64739,0.64813
2025-11-20 04:00:00,0.64814,0.64886,0.64761,0.64773
2025-11-20 08:00:00,0.64772,0.6486,0.64713,0.64759
2025-11-20 12:00:00,0.64758,0.65015,0.64727,0.64773
2025-11-20 16:00:00,0.64772,0.64778,0.64378,0.64551
2025-11-20 20:00:00,0.64549,0.64572,0.64379,0.64495
2025-11-21 00:00:00,0.64495,0.64582,0.64456,0.64488
2025-11-21 04:00:00,0.64488,0.6454,0.64363,0.64364
2025-11-21 08:00:00,0.64365,0.64535,0.6424,0.64313
2025-11-21 12:00:00,0.64312,0.64523,0.64214,0.6434
2025-11-21 16:00:00,0.64337,0.64602,0.64288,0.6456
2025-11-21 20:00:00,0.64559,0.64596,0.64541,0.64553
2025-11-23 20:00:00,0.6462,0.64661,0.64569,0.64619
2025-11-24 00:00:00,0.64619,0.64645,0.64498,0.64621
2025-11-24 04:00:00,0.64621,0.64671,0.64582,0.6462
2025-11-24 08:00:00,0.6462,0.64659,0.64438,0.64521
2025-11-24 12:00:00,0.64521,0.646,0.64442,0.64578
2025-11-24 16:00:00,0.64577,0.64662,0.64523,0.6463
2025-11-24 20:00:00,0.64629,0.64691,0.64617,0.64659
2025-11-25 00:00:00,0.64658,0.6469,0.64523,0.64535
2025-11-25 04:00:00,0.64536,0.646,0.64482,0.64532
2025-11-25 08:00:00,0.64532,0.64624,0.6445,0.64483
2025-11-25 12:00:00,0.64481,0.64707,0.6438,0.64473
2025-11-25 16:00:00,0.64472,0.64752,0.64471,0.6475
2025-11-25 20:00:00,0.6475,0.64751,0.64654,0.64701
2025-11-26 00:00:00,0.64702,0.6505,0.64697,0.65013
2025-11-26 04:00:00,0.65014,0.65117,0.64966,0.65028
2025-11-26 08:00:00,0.65028,0.65046,0.64878,0.64924
2025-11-26 12:00:00,0.64924,0.65082,0.64846,0.65075
2025-11-26 16:00:00,0.6507,0.65201,0.6507,0.65182
2025-11-26 20:00:00,0.65181,0.65272,0.65145,0.6524
2025-11-27 00:00:00,0.6524,0.65354,0.65232,0.65322
2025-11-27 04:00:00,0.65322,0.65398,0.65247,0.65314
2025-11-27 08:00:00,0.65314,0.65335,0.65219,0.65282
2025-11-27 12:00:00,0.6528,0.6534,0.6524,0.65335
2025-11-27 16:00:00,0.65333,0.65341,0.6529,0.65303
2025-11-27 20:00:00,0.65302,0.65367,0.65302,0.65357
2025-11-28 00:00:00,0.65357,0.65407,0.6534,0.65347
2025-11-28 04:00:00,0.65347,0.65368,0.65233,0.65241
2025-11-28 08:00:00,0.6524,0.65279,0.65204,0.65244
2025-11-28 12:00:00,0.65243,0.65591,0.65222,0.65582
2025-11-28 16:00:00,0.6558,0.65583,0.65448,0.65514
2025-11-28 20:00:00,0.65513,0.65518,0.6547,0.65494
2025-11-30 20:00:00,0.654,0.65538,0.6539,0.65514
2025-12-01 00:00:00,0.65515,0.65568,0.65389,0.65455
2025-12-01 04:00:00,0.65456,0.65539,0.65382,0.65514
2025-12-01 08:00:00,0.65514,0.65543,0.65431,0.65541
2025-12-01 12:00:00,0.65539,0.65663,0.65468,0.6554
2025-12-01 16:00:00,0.65538,0.65576,0.65408,0.6543
2025-12-01 20:00:00,0.65429,0.65453,0.65395,0.65421
2025-12-02 00:00:00,0.65421,0.6552,0.65387,0.65516
2025-12-02 04:00:00,0.65515,0.65578,0.65491,0.6555
2025-12-02 08:00:00,0.65549,0.65586,0.65443,0.6549
2025-12-02 12:00:00,0.65489,0.65706,0.65481,0.65676
2025-12-02 16:00:00,0.65672,0.65696,0.65536,0.65655
2025-12-02 20:00:00,0.65655,0.65739,0.65612,0.65734
2025-12-03 00:00:00,0.65735,0.65798,0.65525,0.65795
2025-12-03 04:00:00,0.65795,0.65862,0.65766,0.65788
2025-12-03 08:00:00,0.65788,0.659,0.65749,0.659
2025-12-03 12:00:00,0.65899,0.65985,0.65762,0.65971
2025-12-03 16:00:00,0.6597,0.66013,0.65897,0.66003
2025-12-03 20:00:00,0.66003,0.66043,0.65978,0.66039
2025-12-04 00:00:00,0.66039,0.66101,0.66025,0.66098
2025-12-04 04:00:00,0.66098,0.66157,0.6606,0.66153
2025-12-04 08:00:00,0.66151,0.66202,0.66069,0.66108
2025-12-04 12:00:00,0.66105,0.66238,0.66039,0.66203
2025-12-04 16:00:00,0.66202,0.66212,0.66101,0.66134
2025-12-04 20:00:00,0.66134,0.66141,0.66057,0.66065
2025-12-05 00:00:00,0.66066,0.66181,0.66064,0.66146
2025-12-05 04:00:00,0.66146,0.66294,0.66143,0.66254
2025-12-05 08:00:00,0.66252,0.66367,0.66233,0.66301
2025-12-05 12:00:00,0.66299,0.66487,0.66299,0.66413
2025-12-05 16:00:00,0.66412,0.66424,0.66277,0.6639
2025-12-05 20:00:00,0.6639,0.66422,0.66364,0.66405
2025-12-07 20:00:00,0.66372,0.66398,0.66326,0.6635
2025-12-08 00:00:00,0.66349,0.66483,0.66342,0.66421
2025-12-08 04:00:00,0.66421,0.66491,0.66354,0.66381
2025-12-08 08:00:00,0.6638,0.6641,0.66337,0.66354
2025-12-08 12:00:00,0.66354,0.66436,0.66144,0.66179
2025-12-08 16:00:00,0.66179,0.66292,0.66154,0.66232
2025-12-08 20:00:00,0.66233,0.66277,0.66176,0.6627
2025-12-09 00:00:00,0.6627,0.66312,0.66144,0.66259
2025-12-09 04:00:00,0.66258,0.66492,0.66238,0.66378
2025-12-09 08:00:00,0.66376,0.66476,0.66344,0.66386
2025-12-09 12:00:00,0.66385,0.66543,0.66321,0.66438
2025-12-09 16:00:00,0.66438,0.66538,0.66343,0.66391
2025-12-09 20:00:00,0.66391,0.66438,0.66345,0.66397
2025-12-10 00:00:00,0.66398,0.6646,0.66293,0.66381
2025-12-10 04:00:00,0.6638,0.66512,0.66357,0.66477
2025-12-10 08:00:00,0.66476,0.66542,0.66431,0.66476
2025-12-10 12:00:00,0.66475,0.66505,0.66299,0.66364
2025-12-10 16:00:00,0.66363,0.66685,0.66316,0.66674
2025-12-10 20:00:00,0.66673,0.66858,0.66636,0.66738
2025-12-11 00:00:00,0.66738,0.66788,0.66393,0.66393
2025-12-11 04:00:00,0.66392,0.66459,0.66269,0.66433
2025-12-11 08:00:00,0.66431,0.66609,0.66402,0.66577
2025-12-11 12:00:00,0.66575,0.66755,0.66544,0.66716
2025-12-11 16:00:00,0.66716,0.66744,0.66588,0.66659
2025-12-11 20:00:00,0.66659,0.66682,0.66595,0.66625
2025-12-12 00:00:00,0.66624,0.66743,0.66619,0.66649
2025-12-12 04:00:00,0.66648,0.66707,0.66599,0.66691
2025-12-12 08:00:00,0.66689,0.66766,0.66615,0.66666
2025-12-12 12:00:00,0.66666,0.66704,0.66409,0.66429
2025-12-12 16:00:00,0.6643,0.66585,0.66341,0.66519
2025-12-12 20:00:00,0.66521,0.66559,0.665,0.66532
2025-12-14 20:00:00,0.66436,0.6651,0.66364,0.66473
2025-12-15 00:00:00,0.66473,0.66557,0.66432,0.66456
2025-12-15 04:00:00,0.66455,0.66522,0.66408,0.66478
2025-12-15 08:00:00,0.66477,0.66532,0.66421,0.66507
2025-12-15 12:00:00,0.66507,0.66565,0.66421,0.66505
2025-12-15 16:00:00,0.66506,0.66517,0.66324,0.66425
2025-12-15 20:00:00,0.66424,0.6648,0.66366,0.66415
2025-12-16 00:00:00,0.66416,0.66424,0.66193,0.66352
2025-12-16 04:00:00,0.6635,0.66428,0.66286,0.66378
2025-12-16 08:00:00,0.66374,0.66441,0.66335,0.66372
2025-12-16 12:00:00,0.66371,0.66633,0.66302,0.66373
2025-12-16 16:00:00,0.66375,0.6645,0.66256,0.66365
2025-12-16 20:00:00,0.66367,0.66402,0.66283,0.66328
2025-12-17 00:00:00,0.66327,0.66331,0.66189,0.66264
2025-12-17 04:00:00,0.66263,0.66268,0.66139,0.6618
2025-12-17 08:00:00,0.66181,0.6623,0.66131,0.66167
2025-12-17 12:00:00,0.66166,0.66272,0.66086,0.6611
2025-12-17 16:00:00,0.6611,0.66165,0.66,0.6605
2025-12-17 20:00:00,0.66052,0.66123,0.66007,0.66008
2025-12-18 00:00:00,0.66008,0.66039,0.65926,0.65945
2025-12-18 04:00:00,0.65944,0.66125,0.65936,0.66081
2025-12-18 08:00:00,0.66079,0.66096,0.66038,0.66088
2025-12-18 12:00:00,0.66088,0.66302,0.66047,0.66151
2025-12-18 16:00:00,0.66152,0.66246,0.66032,0.66141
2025-12-18 20:00:00,0.66141,0.66153,0.66095,0.66136
2025-12-19 00:00:00,0.66136,0.6622,0.66082,0.66108
2025-12-19 04:00:00,0.66107,0.66113,0.66009,0.66023
2025-12-19 08:00:00,0.66021,0.66098,0.66021,0.66059
2025-12-19 12:00:00,0.66059,0.66245,0.66015,0.66088
2025-12-19 16:00:00,0.66088,0.66205,0.66083,0.66191
2025-12-19 20:00:00,0.66191,0.66205,0.66081,0.66108
2025-12-21 20:00:00,0.66124,0.66162,0.66067,0.6612
2025-12-22 00:00:00,0.6612,0.66251,0.6611,0.66211
2025-12-22 04:00:00,0.66209,0.66402,0.66209,0.66399
2025-12-22 08:00:00,0.66399,0.66435,0.66362,0.66428
2025-12-22 12:00:00,0.66428,0.6657,0.6641,0.6657
2025-12-22 16:00:00,0.6657,0.66607,0.66517,0.66548
2025-12-22 20:00:00,0.66547,0.66616,0.66534,0.6658
2025-12-23 00:00:00,0.6658,0.66699,0.66563,0.66694
2025-12-23 04:00:00,0.66693,0.66781,0.66641,0.6676
2025-12-23 08:00:00,0.6676,0.66973,0.66749,0.6692
2025-12-23 12:00:00,0.6692,0.67001,0.66777,0.66902
2025-12-23 16:00:00,0.66904,0.66994,0.66881,0.66988
2025-12-23 20:00:00,0.66987,0.67029,0.66946,0.67023
2025-12-24 00:00:00,0.67022,0.67133,0.66984,0.67044
2025-12-24 04:00:00,0.67042,0.67175,0.67026,0.67119
2025-12-24 08:00:00,0.67117,0.67145,0.67059,0.67111
2025-12-24 12:00:00,0.67111,0.67136,0.67016,0.67031
2025-12-25 12:00:00,0.67032,0.67072,0.67004,0.67027
2025-12-25 16:00:00,0.6703,0.67118,0.67005,0.67068
2025-12-25 20:00:00,0.6707,0.67105,0.66996,0.67051
2025-12-26 00:00:00,0.6705,0.6718,0.6705,0.67075
2025-12-26 04:00:00,0.67073,0.67118,0.67011,0.67029
2025-12-26 08:00:00,0.6703,0.67067,0.66969,0.67043
2025-12-26 12:00:00,0.67043,0.67246,0.67028,0.6715
2025-12-26 16:00:00,0.67151,0.67156,0.67056,0.67107
2025-12-26 20:00:00,0.67107,0.67155,0.67106,0.67155
2025-12-28 20:00:00,0.67042,0.6716,0.67017,0.67142
2025-12-29 00:00:00,0.6714,0.67276,0.6714,0.67253
2025-12-29 04:00:00,0.67252,0.6726,0.67117,0.67133
2025-12-29 08:00:00,0.67134,0.67134,0.6694,0.66959
2025-12-29 12:00:00,0.66959,0.67032,0.66837,0.66954
2025-12-29 16:00:00,0.66956,0.66989,0.66871,0.66975
2025-12-29 20:00:00,0.66973,0.66974,0.66907,0.66952
2025-12-30 00:00:00,0.66951,0.67088,0.66923,0.6707
2025-12-30 04:00:00,0.6707,0.67185,0.67055,0.67071
2025-12-30 08:00:00,0.67071,0.67124,0.66988,0.67009
2025-12-30 12:00:00,0.67009,0.67048,0.66884,0.67006
2025-12-30 16:00:00,0.67006,0.67041,0.66934,0.66957
2025-12-30 20:00:00,0.66957,0.6699,0.66926,0.66966
2025-12-31 00:00:00,0.66964,0.6701,0.66918,0.66964
2025-12-31 04:00:00,0.66963,0.6697,0.66831,0.66879
2025-12-31 08:00:00,0.66877,0.6689,0.66755,0.66857
2025-12-31 12:00:00,0.66858,0.669,0.66851,0.66878
2026-01-01 12:00:00,0.66738,0.66764,0.66702,0.66725
2026-01-01 16:00:00,0.66727,0.66789,0.66556,0.66745
2026-01-01 20:00:00,0.66743,0.66805,0.66677,0.6678
2026-01-02 00:00:00,0.66778,0.67027,0.6677,0.66982
2026-01-02 04:00:00,0.6698,0.67011,0.66896,0.66967
2026-01-02 08:00:00,0.66967,0.67085,0.66884,0.66905
2026-01-02 12:00:00,0.66906,0.6697,0.66861,0.66885
2026-01-02 16:00:00,0.66884,0.669,0.66775,0.66888
2026-01-02 20:00:00,0.66888,0.66981,0.66873,0.6695
2026-01-04 20:00:00,0.66828,0.66932,0.6681,0.66841
2026-01-05 00:00:00,0.66839,0.66889,0.66715,0.66719
2026-01-05 04:00:00,0.6672,0.66824,0.66652,0.66763
2026-01-05 08:00:00,0.66763,0.6688,0.66715,0.66847
2026-01-05 12:00:00,0.66846,0.67103,0.66643,0.6707
2026-01-05 16:00:00,0.6707,0.67191,0.67067,0.67164
2026-01-05 20:00:00,0.67163,0.6718,0.67106,0.67134
2026-01-06 00:00:00,0.67132,0.67247,0.67036,0.67222
2026-01-06 04:00:00,0.6722,0.67402,0.67219,0.67306
2026-01-06 08:00:00,0.67306,0.6736,0.67127,0.67179
2026-01-06 12:00:00,0.6718,0.67354,0.67165,0.67277
2026-01-06 16:00:00,0.67279,0.67375,0.67245,0.67329
2026-01-06 20:00:00,0.67328,0.67425,0.67326,0.67354
2026-01-07 00:00:00,0.67352,0.67592,0.67129,0.67578
2026-01-07 04:00:00,0.67578,0.67669,0.6738,0.67405
2026-01-07 08:00:00,0.67405,0.67412,0.67345,0.67384
2026-01-07 12:00:00,0.67386,0.67463,0.6725,0.67263
2026-01-07 16:00:00,0.67265,0.67342,0.67224,0.67284
2026-01-07 20:00:00,0.67283,0.67287,0.67185,0.6722
2026-01-08 00:00:00,0.67218,0.67254,0.67104,0.67132
2026-01-08 04:00:00,0.67132,0.67139,0.66916,0.66962
2026-01-08 08:00:00,0.66962,0.67044,0.66903,0.66976
2026-01-08 12:00:00,0.66976,0.66998,0.66819,0.66978
2026-01-08 16:00:00,0.66979,0.66987,0.66889,0.66932
2026-01-08 20:00:00,0.6693,0.67041,0.6693,0.66985
2026-01-09 00:00:00,0.66983,0.67007,0.6689,0.6695
2026-01-09 04:00:00,0.66949,0.66987,0.66807,0.66815
2026-01-09 08:00:00,0.66816,0.66857,0.66765,0.66836
2026-01-09 12:00:00,0.66835,0.67015,0.66651,0.66817
2026-01-09 16:00:00,0.66816,0.66888,0.66751,0.6687
2026-01-09 20:00:00,0.66868,0.67004,0.66859,0.66966
2026-01-10 00:00:00,0.66971,0.66976,0.66823,0.66831
2026-01-10 04:00:00,0.6683,0.66958,0.66823,0.66839
2026-01-10 08:00:00,0.66839,0.66913,0.66822,0.6684
2026-01-10 12:00:00,0.6684,0.66974,0.66837,0.66972
2026-01-10 16:00:00,0.66971,0.66975,0.66835,0.66884
2026-01-10 20:00:00,0.66883,0.66966,0.66837,0.66842
2026-01-11 00:00:00,0.6684,0.6692,0.66835,0.66844
2026-01-11 04:00:00,0.66841,0.66932,0.6683,0.6684
2026-01-11 08:00:00,0.6684,0.66916,0.66808,0.66856
2026-01-11 12:00:00,0.66856,0.669,0.66794,0.66842
2026-01-11 16:00:00,0.66842,0.66943,0.66733,0.66794
2026-01-11 20:00:00,0.66793,0.6691,0.66744,0.66856
2026-01-12 00:00:00,0.66854,0.67067,0.6684,0.66981
2026-01-12 04:00:00,0.6698,0.67075,0.66927,0.67058
2026-01-12 08:00:00,0.67058,0.67125,0.67026,0.67059
2026-01-12 12:00:00,0.6706,0.67205,0.6704,0.67202
2026-01-12 16:00:00,0.67201,0.67222,0.67107,0.67144
2026-01-12 20:00:00,0.67143,0.67161,0.6707,0.6708
2026-01-13 00:00:00,0.67079,0.67168,0.6707,0.67099
2026-01-13 04:00:00,0.67098,0.67125,0.6702,0.67051
2026-01-13 08:00:00,0.67051,0.6708,0.66978,0.67047
2026-01-13 12:00:00,0.67046,0.67318,0.66788,0.66873
2026-01-13 16:00:00,0.66872,0.66878,0.6674,0.66818
2026-01-13 20:00:00,0.66817,0.6689,0.66788,0.66834
2026-01-14 00:00:00,0.66834,0.67003,0.66778,0.66993
2026-01-14 04:00:00,0.66993,0.67022,0.66935,0.66945
2026-01-14 08:00:00,0.66946,0.66979,0.66802,0.66817
2026-01-14 12:00:00,0.6682,0.66882,0.66759,0.66829
2026-01-14 16:00:00,0.66829,0.66884,0.66736,0.66803
2026-01-14 20:00:00,0.66802,0.66864,0.6677,0.66828
2026-01-15 00:00:00,0.66828,0.66861,0.66665,0.66723
2026-01-15 04:00:00,0.66722,0.66855,0.66706,0.66823
2026-01-15 08:00:00,0.66824,0.67005,0.66802,0.66977
2026-01-15 12:00:00,0.66977,0.66994,0.66736,0.66994
2026-01-15 16:00:00,0.66994,0.67095,0.66994,0.67022
2026-01-15 20:00:00,0.67022,0.67024,0.66963,0.67015
2026-01-16 00:00:00,0.67015,0.67054,0.66957,0.67042
2026-01-16 04:00:00,0.67042,0.67072,0.66956,0.67007
2026-01-16 08:00:00,0.67007,0.67094,0.67004,0.67039
2026-01-16 12:00:00,0.67039,0.67064,0.66719,0.66793
2026-01-16 16:00:00,0.66793,0.66871,0.66786,0.66839
2026-01-16 20:00:00,0.66837,0.66901,0.66814,0.66837
2026-01-17 00:00:00,0.66837,0.66839,0.66819,0.6682
2026-01-17 04:00:00,0.6682,0.66827,0.66815,0.6682
2026-01-17 08:00:00,0.66821,0.66827,0.66798,0.6682
2026-01-17 12:00:00,0.6682,0.6683,0.66796,0.66826
2026-01-17 16:00:00,0.66825,0.66831,0.66814,0.66828
2026-01-17 20:00:00,0.66827,0.66829,0.66812,0.66821
2026-01-18 00:00:00,0.6682,0.66831,0.66816,0.66827
2026-01-18 04:00:00,0.66827,0.66833,0.66807,0.66818
2026-01-18 08:00:00,0.66818,0.66853,0.66817,0.66851
2026-01-18 12:00:00,0.66851,0.67037,0.66846,0.66951
2026-01-18 16:00:00,0.6695,0.66993,0.66681,0.66698
2026-01-18 20:00:00,0.66692,0.66905,0.6666,0.66879
2026-01-19 00:00:00,0.66876,0.66949,0.6678,0.66878
2026-01-19 04:00:00,0.66878,0.67006,0.66872,0.66902
2026-01-19 08:00:00,0.66904,0.67056,0.66902,0.67032
2026-01-19 12:00:00,0.6703,0.67146,0.67015,0.67117
2026-01-19 16:00:00,0.67115,0.67172,0.67102,0.67142
2026-01-19 20:00:00,0.67141,0.67159,0.67089,0.67095
2026-01-20 00:00:00,0.67093,0.67282,0.67071,0.67273
2026-01-20 04:00:00,0.67273,0.67449,0.67273,0.67433
2026-01-20 08:00:00,0.67434,0.67471,0.67242,0.67365
2026-01-20 12:00:00,0.67364,0.67449,0.67281,0.67416
2026-01-20 16:00:00,0.67415,0.67454,0.6732,0.67328
2026-01-20 20:00:00,0.67327,0.67381,0.6731,0.67314
2026-01-21 00:00:00,0.67313,0.67437,0.67306,0.67326
2026-01-21 04:00:00,0.67326,0.67552,0.67276,0.67526
2026-01-21 08:00:00,0.67526,0.67594,0.6744,0.67493
2026-01-21 12:00:00,0.67494,0.6777,0.67493,0.6771
2026-01-21 16:00:00,0.67709,0.67737,0.67537,0.6763
2026-01-21 20:00:00,0.67629,0.67646,0.67536,0.67546
2026-01-22 00:00:00,0.67546,0.68061,0.67543,0.68056
2026-01-22 04:00:00,0.68056,0.68112,0.67985,0.6804
2026-01-22 08:00:00,0.6804,0.68094,0.67962,0.68022
2026-01-22 12:00:00,0.68023,0.68255,0.68022,0.68255
2026-01-22 16:00:00,0.68254,0.68442,0.68248,0.68404
2026-01-22 20:00:00,0.68404,0.68431,0.68361,0.68399
2026-01-23 00:00:00,0.68399,0.68521,0.6837,0.68427
2026-01-23 04:00:00,0.68428,0.68537,0.68397,0.68435
2026-01-23 08:00:00,0.68434,0.68547,0.68353,0.68521
2026-01-23 12:00:00,0.68521,0.68737,0.68491,0.68726
2026-01-23 16:00:00,0.68725,0.68902,0.68642,0.68876
2026-01-23 20:00:00,0.68879,0.68991,0.68776,0.68939
2026-01-24 00:00:00,0.68938,0.68941,0.68927,0.6893
2026-01-24 04:00:00,0.6893,0.68941,0.68915,0.6893
2026-01-24 08:00:00,0.68931,0.68945,0.68907,0.68931
2026-01-24 12:00:00,0.6893,0.68945,0.68907,0.68934
2026-01-24 16:00:00,0.68932,0.68939,0.68855,0.68899
2026-01-24 20:00:00,0.68897,0.68921,0.6886,0.68916
2026-01-25 00:00:00,0.68915,0.68945,0.68914,0.68933
2026-01-25 04:00:00,0.68933,0.68943,0.68907,0.68927
2026-01-25 08:00:00,0.68927,0.68955,0.68841,0.68892
2026-01-25 12:00:00,0.68891,0.68942,0.68836,0.6894
2026-01-25 16:00:00,0.68939,0.69291,0.68872,0.69198
2026-01-25 20:00:00,0.69195,0.69328,0.69098,0.69144
2026-01-26 00:00:00,0.69145,0.69284,0.69079,0.69125
2026-01-26 04:00:00,0.69125,0.69209,0.69087,0.69101
2026-01-26 08:00:00,0.69103,0.69276,0.69101,0.69212
2026-01-26 12:00:00,0.69212,0.69395,0.69082,0.69388
2026-01-26 16:00:00,0.69387,0.69401,0.69169,0.6919
2026-01-26 20:00:00,0.69188,0.69204,0.69099,0.69139
2026-01-27 00:00:00,0.69139,0.69282,0.69076,0.69163
2026-01-27 04:00:00,0.69163,0.69228,0.69074,0.69158
2026-01-27 08:00:00,0.69157,0.69324,0.69016,0.69318
2026-01-27 12:00:00,0.69317,0.69732,0.69312,0.6966
2026-01-27 16:00:00,0.69658,0.69818,0.69641,0.69799
2026-01-27 20:00:00,0.69798,0.70173,0.69779,0.69967
2026-01-28 00:00:00,0.69967,0.70189,0.69803,0.69901
2026-01-28 04:00:00,0.69901,0.70184,0.69852,0.69986
2026-01-28 08:00:00,0.69987,0.70138,0.69896,0.70031
2026-01-28 12:00:00,0.70029,0.70086,0.6977,0.69976
2026-01-28 16:00:00,0.69973,0.70114,0.69772,0.70114
2026-01-28 20:00:00,0.70115,0.70486,0.70088,0.70381
2026-01-29 00:00:00,0.7038,0.70802,0.70202,0.70776
2026-01-29 04:00:00,0.70777,0.70941,0.70645,0.70681
2026-01-29 08:00:00,0.70683,0.70769,0.70256,0.70384
2026-01-29 12:00:00,0.70384,0.70816,0.69715,0.69791
2026-01-29 16:00:00,0.69788,0.70384,0.69788,0.70288
2026-01-29 20:00:00,0.7029,0.70559,0.70246,0.70474
2026-01-30 00:00:00,0.70474,0.70531,0.69791,0.69988
2026-01-30 04:00:00,0.69987,0.70087,0.6983,0.70003
2026-01-30 08:00:00,0.7,0.70232,0.69692,0.70232
2026-01-30 12:00:00,0.70231,0.70327,0.69871,0.70069
2026-01-30 16:00:00,0.70071,0.70071,0.69422,0.69733
2026-01-30 20:00:00,0.69733,0.69837,0.69545,0.69619
2026-01-31 00:00:00,0.69619,0.69654,0.69619,0.69649
2026-01-31 04:00:00,0.6965,0.69804,0.69624,0.69646
2026-01-31 08:00:00,0.69647,0.69654,0.69628,0.69652
2026-01-31 12:00:00,0.69651,0.69654,0.69606,0.6961
2026-01-31 16:00:00,0.69608,0.69808,0.69605,0.69672
2026-01-31 20:00:00,0.69671,0.69831,0.6961,0.69649
2026-02-01 00:00:00,0.69649,0.69652,0.69606,0.69607
2026-02-01 04:00:00,0.69608,0.69614,0.69603,0.69607
2026-02-01 08:00:00,0.69607,0.69712,0.696,0.6971
2026-02-01 12:00:00,0.69709,0.69777,0.69637,0.69651
2026-02-01 16:00:00,0.6965,0.69801,0.69481,0.69506
2026-02-01 20:00:00,0.69496,0.69614,0.69212,0.69459
2026-02-02 00:00:00,0.69459,0.697,0.69391,0.69399
2026-02-02 04:00:00,0.69399,0.69457,0.69102,0.69423
2026-02-02 08:00:00,0.69424,0.69699,0.69396,0.69573
2026-02-02 12:00:00,0.69571,0.69666,0.69408,0.69444
2026-02-02 16:00:00,0.69441,0.69653,0.69354,0.69464
2026-02-02 20:00:00,0.69467,0.69568,0.69419,0.69563
2026-02-03 00:00:00,0.69563,0.70273,0.69563,0.70246
2026-02-03 04:00:00,0.70244,0.70503,0.70036,0.70445
2026-02-03 08:00:00,0.70441,0.70445,0.69962,0.69998
2026-02-03 12:00:00,0.69996,0.70164,0.69837,0.70133
2026-02-03 16:00:00,0.70131,0.70232,0.69938,0.70079
2026-02-03 20:00:00,0.70079,0.70266,0.70042,0.70226
2026-02-04 00:00:00,0.70226,0.7037,0.70143,0.70209
2026-02-04 04:00:00,0.70209,0.70359,0.70182,0.70341
2026-02-04 08:00:00,0.70342,0.70425,0.70115,0.70214
2026-02-04 12:00:00,0.70213,0.70353,0.69981,0.69994
2026-02-04 16:00:00,0.69994,0.70038,0.69697,0.69985
2026-02-04 20:00:00,0.69985,0.70015,0.69929,0.69934
2026-02-05 00:00:00,0.69935,0.70072,0.69603,0.69641
2026-02-05 04:00:00,0.69644,0.69852,0.69628,0.69764
2026-02-05 08:00:00,0.69765,0.69902,0.69653,0.69813
2026-02-05 12:00:00,0.69813,0.69843,0.6942,0.69524
2026-02-05 16:00:00,0.69523,0.69782,0.69471,0.69602
2026-02-05 20:00:00,0.69603,0.69663,0.69138,0.69155
2026-02-06 00:00:00,0.69155,0.69465,0.68983,0.6941
2026-02-06 04:00:00,0.6941,0.69636,0.69377,0.69592
2026-02-06 08:00:00,0.69591,0.69868,0.69537,0.69865
2026-02-06 12:00:00,0.69864,0.70125,0.69798,0.70058
2026-02-06 16:00:00,0.70055,0.70255,0.70043,0.7017
2026-02-06 20:00:00,0.7017,0.70236,0.69955,0.70122
2026-02-07 00:00:00,0.70123,0.70137,0.70121,0.70126
2026-02-07 04:00:00,0.70126,0.70133,0.70125,0.70129
2026-02-07 08:00:00,0.70128,0.70136,0.70125,0.70127
2026-02-07 12:00:00,0.70126,0.70148,0.70125,0.70143
2026-02-07 16:00:00,0.70142,0.70145,0.70104,0.70127
2026-02-07 20:00:00,0.70128,0.7014,0.70107,0.70126
2026-02-09 00:00:00,0.70338327,0.70372975,0.70200074,0.7023952
2026-02-09 04:00:00,0.7026419,0.70432454,0.7022965,0.70348227
2026-02-09 08:00:00,0.70363075,0.70477128,0.70175439,0.7038784
2026-02-09 12:00:00,0.70407659,0.70932043,0.70407659,0.70906901
2026-02-09 16:00:00,0.70927018,0.70984,0.70851636,0.70961
2026-02-09 20:00:00,0.70961,0.70975,0.70835,0.7084
2026-02-10 00:00:00,0.70841,0.70908,0.70752,0.70755
2026-02-10 04:00:00,0.70757,0.7079,0.70646,0.70704
2026-02-10 08:00:00,0.70704,0.7081,0.70678,0.70745
2026-02-10 12:00:00,0.70743,0.70908,0.70657,0.70867
2026-02-10 16:00:00,0.70867,0.70868,0.70672,0.70791
2026-02-10 20:00:00,0.70791,0.70804,0.70688,0.70741
2026-02-11 00:00:00,0.70741,0.71261,0.70738,0.71255
2026-02-11 04:00:00,0.71256,0.71276,0.71024,0.71082
2026-02-11 08:00:00,0.71082,0.71235,0.70994,0.71126
2026-02-11 12:00:00,0.71124,0.71357,0.70758,0.71084
2026-02-11 16:00:00,0.71084,0.7143,0.71016,0.71299
2026-02-11 20:00:00,0.71299,0.7131,0.71209,0.71249
2026-02-12 00:00:00,0.71249,0.71465,0.71199,0.71299
2026-02-12 04:00:00,0.713,0.71374,0.71059,0.71189
2026-02-12 08:00:00,0.71189,0.71302,0.71087,0.71291
2026-02-12 12:00:00,0.71288,0.71462,0.71174,0.71331
2026-02-12 16:00:00,0.7133,0.71333,0.70752,0.70961
2026-02-12 20:00:00,0.70961,0.70986,0.70845,0.70879
2026-02-13 00:00:00,0.7088,0.70964,0.70816,0.70835
2026-02-13 04:00:00,0.70835,0.7091,0.70449,0.70606
2026-02-13 08:00:00,0.70605,0.70788,0.70472,0.70494
2026-02-13 12:00:00,0.70491,0.7081,0.70467,0.70618
2026-02-13 16:00:00,0.70619,0.70858,0.70601,0.70719
2026-02-13 20:00:00,0.7072,0.70777,0.70656,0.70717
2026-02-14 00:00:00,0.70718,0.70727,0.70668,0.70706
2026-02-14 04:00:00,0.70706,0.70726,0.70675,0.70705
2026-02-14 08:00:00,0.70704,0.70742,0.70702,0.70734
2026-02-14 12:00:00,0.70732,0.70738,0.70687,0.70703
2026-02-14 16:00:00,0.70704,0.70735,0.70679,0.7073
2026-02-14 20:00:00,0.7073,0.70767,0.70591,0.70718
2026-02-15 00:00:00,0.70719,0.70744,0.70703,0.7073
2026-02-15 04:00:00,0.7073,0.70743,0.70729,0.70732
2026-02-15 08:00:00,0.70731,0.70738,0.70694,0.70736
2026-02-15 12:00:00,0.70735,0.70776,0.70654,0.70708
2026-02-15 16:00:00,0.70707,0.70778,0.70644,0.70698
2026-02-15 20:00:00,0.70698,0.7077,0.70571,0.70697
2026-02-16 00:00:00,0.70699,0.70868,0.70696,0.70844
2026-02-16 04:00:00,0.70844,0.70948,0.70809,0.70879
2026-02-16 08:00:00,0.70877,0.70959,0.70778,0.70833
2026-02-16 12:00:00,0.70831,0.70879,0.70691,0.70692
2026-02-16 16:00:00,0.70691,0.7076,0.70681,0.70757
2026-02-16 20:00:00,0.70757,0.70771,0.70698,0.70725
2026-02-17 00:00:00,0.70726,0.70757,0.70477,0.70546
2026-02-17 04:00:00,0.70546,0.7069,0.70546,0.70643
2026-02-17 08:00:00,0.70641,0.70761,0.70598,0.70614
2026-02-17 12:00:00,0.70613,0.7066,0.7029,0.7043
2026-02-17 16:00:00,0.70429,0.70907,0.70429,0.70824
2026-02-17 20:00:00,0.70824,0.70872,0.70775,0.70823
2026-02-18 00:00:00,0.70824,0.70846,0.70659,0.70694
2026-02-18 04:00:00,0.70694,0.70735,0.70643,0.70696
2026-02-18 08:00:00,0.70694,0.70811,0.70681,0.70712
2026-02-18 12:00:00,0.70709,0.7078,0.7053,0.70719
2026-02-18 16:00:00,0.70718,0.70768,0.70356,0.70375
2026-02-18 20:00:00,0.70376,0.7047,0.70356,0.70433
2026-02-19 00:00:00,0.70434,0.70715,0.70385,0.70644
2026-02-19 04:00:00,0.70644,0.70754,0.70443,0.70751
2026-02-19 08:00:00,0.7075,0.70799,0.70431,0.70454
2026-02-19 12:00:00,0.70451,0.70657,0.70278,0.7057
2026-02-19 16:00:00,0.70569,0.70591,0.7044,0.70474
2026-02-19 20:00:00,0.70475,0.70619,0.70474,0.70559
2026-02-20 00:00:00,0.70559,0.70579,0.70163,0.70314
2026-02-20 04:00:00,0.70312,0.70545,0.70288,0.70422
2026-02-20 08:00:00,0.7042,0.70667,0.704,0.7048
2026-02-20 12:00:00,0.70479,0.70855,0.7041,0.70849
2026-02-20 16:00:00,0.70848,0.70948,0.70618,0.70795
2026-02-20 20:00:00,0.70794,0.70873,0.70719,0.70788
2026-02-21 00:00:00,0.70788,0.70876,0.70779,0.70797
2026-02-21 04:00:00,0.70797,0.70806,0.70786,0.70802
2026-02-21 08:00:00,0.70801,0.70817,0.70783,0.70806
2026-02-21 12:00:00,0.70804,0.70814,0.7079,0.708
2026-02-21 16:00:00,0.708,0.70813,0.70799,0.708
2026-02-21 20:00:00,0.708,0.70814,0.70799,0.70809
2026-02-22 00:00:00,0.70809,0.70812,0.70805,0.70806
2026-02-22 04:00:00,0.70805,0.70815,0.70805,0.70813
2026-02-22 08:00:00,0.70812,0.70821,0.70811,0.70818
2026-02-22 12:00:00,0.70817,0.70825,0.7081,0.70822
2026-02-22 16:00:00,0.70822,0.70902,0.70722,0.70747
2026-02-22 20:00:00,0.70748,0.71129,0.70721,0.71116
2026-02-23 00:00:00,0.71114,0.71116,0.70676,0.70709
2026-02-23 04:00:00,0.70707,0.70835,0.70666,0.7081
2026-02-23 08:00:00,0.70808,0.70896,0.707,0.70704
2026-02-23 12:00:00,0.70702,0.70812,0.70566,0.70611
2026-02-23 16:00:00,0.70611,0.70668,0.70487,0.70553
2026-02-23 20:00:00,0.70555,0.7063,0.70521,0.70601
2026-02-24 00:00:00,0.70602,0.70738,0.70498,0.70653
2026-02-24 04:00:00,0.70653,0.70731,0.70567,0.70688
2026-02-24 08:00:00,0.70686,0.70696,0.70444,0.70478
2026-02-24 12:00:00,0.70478,0.7059,0.70278,0.7052
2026-02-24 16:00:00,0.70519,0.70702,0.70519,0.70603
2026-02-24 20:00:00,0.70604,0.70653,0.70572,0.70589
2026-02-25 00:00:00,0.70589,0.71046,0.70575,0.71009
2026-02-25 04:00:00,0.71008,0.71162,0.70985,0.7105
2026-02-25 08:00:00,0.71048,0.71077,0.70742,0.70798
2026-02-25 12:00:00,0.70796,0.71084,0.70796,0.71084
2026-02-25 16:00:00,0.71083,0.71242,0.71083,0.71229
2026-02-25 20:00:00,0.71228,0.7126,0.71178,0.71203
2026-02-26 00:00:00,0.71202,0.7136,0.71145,0.71247
2026-02-26 04:00:00,0.71246,0.71356,0.71209,0.71243
2026-02-26 08:00:00,0.71244,0.71245,0.71109,0.7112
2026-02-26 12:00:00,0.7112,0.71236,0.70687,0.70994
2026-02-26 16:00:00,0.70994,0.71104,0.70751,0.71094
2026-02-26 20:00:00,0.71094,0.71122,0.70978,0.7102
2026-02-27 00:00:00,0.71022,0.71219,0.70966,0.71181
2026-02-27 04:00:00,0.7118,0.71324,0.71175,0.71238
2026-02-27 08:00:00,0.71236,0.7128,0.71025,0.71085
2026-02-27 12:00:00,0.71085,0.71335,0.70857,0.71265
2026-02-27 16:00:00,0.71265,0.71296,0.71113,0.71139
2026-02-27 20:00:00,0.71141,0.71221,0.71104,0.71152
2026-02-28 00:00:00,0.71152,0.71217,0.71117,0.71209
2026-02-28 04:00:00,0.71208,0.71211,0.71155,0.71204
2026-02-28 08:00:00,0.71202,0.71211,0.71143,0.71204
2026-02-28 12:00:00,0.71203,0.71211,0.71132,0.71181
2026-02-28 16:00:00,0.71181,0.71193,0.71126,0.71177
2026-02-28 20:00:00,0.71177,0.71199,0.71123,0.71149
2026-03-01 00:00:00,0.71149,0.71156,0.71108,0.71148
2026-03-01 04:00:00,0.71147,0.71171,0.71128,0.71136
2026-03-01 08:00:00,0.71135,0.71156,0.71118,0.7112
2026-03-01 12:00:00,0.71119,0.71147,0.71096,0.7114
2026-03-01 16:00:00,0.71141,0.7119,0.70464,0.7084
2026-03-01 20:00:00,0.70804,0.71146,0.70314,0.70566
2026-03-02 00:00:00,0.70565,0.71168,0.70544,0.71107
2026-03-02 04:00:00,0.71106,0.71124,0.70487,0.70579
2026-03-02 08:00:00,0.70577,0.70986,0.70455,0.70837
2026-03-02 12:00:00,0.70836,0.70853,0.70526,0.70582
2026-03-02 16:00:00,0.70582,0.71053,0.70551,0.71043
2026-03-02 20:00:00,0.71042,0.71086,0.70742,0.71046
2026-03-03 00:00:00,0.71043,0.71218,0.70884,0.71092
2026-03-03 04:00:00,0.7109,0.71137,0.7078,0.70781
2026-03-03 08:00:00,0.70782,0.70814,0.70094,0.70244
2026-03-03 12:00:00,0.70241,0.70443,0.69452,0.6992
2026-03-03 16:00:00,0.6992,0.70561,0.69909,0.70441
2026-03-03 20:00:00,0.7044,0.70524,0.70301,0.7041
2026-03-04 00:00:00,0.70406,0.7041,0.69864,0.70074
2026-03-04 04:00:00,0.70071,0.70425,0.69902,0.70325
2026-03-04 08:00:00,0.70326,0.70765,0.70151,0.70493
2026-03-04 12:00:00,0.70493,0.70733,0.70386,0.70716
2026-03-04 16:00:00,0.70717,0.70831,0.7062,0.70828
2026-03-04 20:00:00,0.70828,0.70844,0.70716,0.70757
2026-03-05 00:00:00,0.70755,0.70888,0.7049,0.70514
2026-03-05 04:00:00,0.70512,0.70563,0.70275,0.70346
2026-03-05 08:00:00,0.70345,0.70675,0.70128,0.705
2026-03-05 12:00:00,0.70499,0.70584,0.70033,0.70128
2026-03-05 16:00:00,0.70129,0.7013,0.69743,0.69809
2026-03-05 20:00:00,0.69812,0.70145,0.69789,0.70106
2026-03-06 00:00:00,0.70104,0.70415,0.70092,0.70387
2026-03-06 04:00:00,0.70385,0.70467,0.70281,0.70446
2026-03-06 08:00:00,0.70446,0.70447,0.69917,0.69936
2026-03-06 12:00:00,0.69935,0.70214,0.69799,0.70078
2026-03-06 16:00:00,0.70077,0.70296,0.70048,0.70258
2026-03-06 20:00:00,0.70259,0.70359,0.7015,0.70331
2026-03-07 00:00:00,0.70331,0.70336,0.70296,0.703
2026-03-07 04:00:00,0.70298,0.70319,0.70296,0.70302
2026-03-07 08:00:00,0.70301,0.70328,0.70291,0.70299
2026-03-07 12:00:00,0.70299,0.70346,0.70296,0.70317
2026-03-07 16:00:00,0.70318,0.70328,0.70226,0.703
2026-03-07 20:00:00,0.70301,0.70331,0.70196,0.70308
2026-03-08 00:00:00,0.70307,0.70342,0.703,0.70302
2026-03-08 04:00:00,0.70301,0.70343,0.70298,0.70322
2026-03-08 08:00:00,0.70321,0.70355,0.703,0.70301
2026-03-08 12:00:00,0.70301,0.70304,0.70213,0.70283
2026-03-08 16:00:00,0.70283,0.70321,0.69806,0.70031
2026-03-08 20:00:00,0.70032,0.7007,0.69663,0.69684
2026-03-09 00:00:00,0.69683,0.6998,0.69573,0.69918
2026-03-09 04:00:00,0.69916,0.70191,0.69892,0.70103
2026-03-09 08:00:00,0.70103,0.70351,0.6983,0.70132
2026-03-09 12:00:00,0.70132,0.70489,0.70088,0.70484
2026-03-09 16:00:00,0.70483,0.70815,0.7033,0.70699
2026-03-09 20:00:00,0.70699,0.70851,0.70549,0.70682
2026-03-10 00:00:00,0.70681,0.70769,0.70542,0.70598
2026-03-10 04:00:00,0.70598,0.71197,0.70569,0.71144
2026-03-10 08:00:00,0.71146,0.71251,0.7095,0.71207
2026-03-10 12:00:00,0.71207,0.71535,0.71055,0.71485
2026-03-10 16:00:00,0.71486,0.71691,0.71172,0.71195
2026-03-10 20:00:00,0.71194,0.71246,0.71132,0.71194
2026-03-11 00:00:00,0.71194,0.71759,0.71182,0.71747
2026-03-11 04:00:00,0.71746,0.71862,0.71573,0.71628
2026-03-11 08:00:00,0.71625,0.71739,0.71446,0.71601
2026-03-11 12:00:00,0.71601,0.71817,0.71441,0.71574
2026-03-11 16:00:00,0.71571,0.71582,0.71368,0.71553
2026-03-11 20:00:00,0.71555,0.71574,0.71249,0.71289
2026-03-12 00:00:00,0.71288,0.71609,0.7124,0.71365
2026-03-12 04:00:00,0.71362,0.71368,0.7114,0.71337
2026-03-12 08:00:00,0.71332,0.71473,0.71245,0.71371
2026-03-12 12:00:00,0.71371,0.71371,0.70732,0.70887
2026-03-12 16:00:00,0.70887,0.70979,0.70769,0.70781
2026-03-12 20:00:00,0.7078,0.70809,0.70709,0.70769
2026-03-13 00:00:00,0.70768,0.70928,0.7062,0.70706
2026-03-13 04:00:00,0.70704,0.70713,0.70225,0.70254
2026-03-13 08:00:00,0.70253,0.7051,0.70165,0.7049
2026-03-13 12:00:00,0.7049,0.70611,0.70026,0.70037
2026-03-13 16:00:00,0.70038,0.7015,0.69907,0.69913
2026-03-13 20:00:00,0.69913,0.7004,0.69664,0.69823
2026-03-14 00:00:00,0.69822,0.69847,0.69558,0.69751
2026-03-14 04:00:00,0.69743,0.69843,0.69568,0.69708
2026-03-14 08:00:00,0.69707,0.69842,0.69577,0.69681
2026-03-14 12:00:00,0.69682,0.70466,0.69507,0.69583
2026-03-14 16:00:00,0.69599,0.69889,0.69522,0.69815
2026-03-14 20:00:00,0.69815,0.69899,0.69807,0.69823
2026-03-15 00:00:00,0.69822,0.69871,0.69816,0.69832
2026-03-15 04:00:00,0.6983,0.69884,0.69815,0.69844
2026-03-15 08:00:00,0.69843,0.69891,0.69769,0.69769
2026-03-15 12:00:00,0.6977,0.69817,0.69694,0.69766
2026-03-15 16:00:00,0.69766,0.70039,0.69556,0.69869
2026-03-15 20:00:00,0.6987,0.70065,0.69822,0.70054
2026-03-16 00:00:00,0.70052,0.70183,0.69978,0.70109
2026-03-16 04:00:00,0.70108,0.70218,0.70046,0.70127
2026-03-16 08:00:00,0.70124,0.70543,0.70084,0.70501
2026-03-16 12:00:00,0.70502,0.70755,0.70499,0.7054
2026-03-16 16:00:00,0.7054,0.70803,0.70457,0.70728
2026-03-16 20:00:00,0.70728,0.70751,0.7063,0.70677
2026-03-17 00:00:00,0.70676,0.70856,0.70498,0.7066
2026-03-17 04:00:00,0.70658,0.7089,0.70567,0.70672
2026-03-17 08:00:00,0.70671,0.70908,0.70622,0.70811
2026-03-17 12:00:00,0.70811,0.71175,0.70781,0.70986
2026-03-17 16:00:00,0.70987,0.71153,0.70948,0.71033
2026-03-17 20:00:00,0.71033,0.71096,0.71003,0.71091
2026-03-18 00:00:00,0.7109,0.71188,0.71002,0.71119
2026-03-18 04:00:00,0.71115,0.7124,0.71088,0.71128
2026-03-18 08:00:00,0.71127,0.71136,0.70929,0.71002
2026-03-18 12:00:00,0.71001,0.71002,0.70482,0.70779
2026-03-18 16:00:00,0.70779,0.70889,0.70347,0.70361
2026-03-18 20:00:00,0.7036,0.70376,0.70192,0.70297
2026-03-19 00:00:00,0.70295,0.70551,0.70291,0.7048
2026-03-19 04:00:00,0.70482,0.70482,0.70251,0.70252
2026-03-19 08:00:00,0.70249,0.70616,0.70249,0.70417
2026-03-19 12:00:00,0.70417,0.70608,0.70007,0.70322
2026-03-19 16:00:00,0.70319,0.71089,0.70285,0.70832
2026-03-19 20:00:00,0.70831,0.70924,0.70792,0.70803
2026-03-20 00:00:00,0.70801,0.70925,0.70746,0.70824
2026-03-20 04:00:00,0.70822,0.7096,0.70742,0.70914
2026-03-20 08:00:00,0.70914,0.7094,0.70541,0.7079
2026-03-20 12:00:00,0.70792,0.70869,0.70288,0.70339
2026-03-20 16:00:00,0.70337,0.70479,0.70062,0.70171
2026-03-20 20:00:00,0.7017,0.70522,0.70154,0.70386
2026-03-21 00:00:00,0.70389,0.70402,0.70209,0.70218
2026-03-21 04:00:00,0.70217,0.70433,0.70203,0.70253
2026-03-21 08:00:00,0.70254,0.70341,0.70203,0.70217
2026-03-21 12:00:00,0.70218,0.70411,0.70211,0.70372
2026-03-21 16:00:00,0.70372,0.70423,0.70207,0.70234
2026-03-21 20:00:00,0.70233,0.70435,0.70205,0.70295
2026-03-22 00:00:00,0.70293,0.70341,0.7021,0.70223
2026-03-22 04:00:00,0.70222,0.70382,0.70209,0.70359
2026-03-22 08:00:00,0.70358,0.7041,0.70245,0.70383
2026-03-22 12:00:00,0.70383,0.7039,0.70227,0.70247
2026-03-22 16:00:00,0.70247,0.70329,0.69997,0.70097
2026-03-22 20:00:00,0.70097,0.70152,0.69917,0.70098
2026-03-23 00:00:00,0.70094,0.70151,0.69771,0.69813
2026-03-23 04:00:00,0.69809,0.69857,0.69511,0.69534
2026-03-23 08:00:00,0.69534,0.70417,0.69117,0.69855
2026-03-23 12:00:00,0.69852,0.70602,0.6976,0.69937
2026-03-23 16:00:00,0.69938,0.70288,0.69834,0.7012
2026-03-23 20:00:00,0.70118,0.70213,0.70021,0.70073
2026-03-24 00:00:00,0.7007,0.70079,0.69646,0.69684
2026-03-24 04:00:00,0.69684,0.7011,0.69559,0.69901
2026-03-24 08:00:00,0.69901,0.69907,0.69549,0.69691
2026-03-24 12:00:00,0.69692,0.69809,0.69466,0.69703
2026-03-24 16:00:00,0.69702,0.69771,0.69401,0.69684
2026-03-24 20:00:00,0.69683,0.70103,0.69672,0.69955
2026-03-25 00:00:00,0.69955,0.70035,0.69704,0.69766
2026-03-25 04:00:00,0.69764,0.69804,0.69615,0.69663
2026-03-25 08:00:00,0.69663,0.69889,0.69582,0.69657
2026-03-25 12:00:00,0.69662,0.69727,0.6944,0.69608
2026-03-25 16:00:00,0.69609,0.69691,0.69432,0.69483
2026-03-25 20:00:00,0.69482,0.69529,0.69391,0.69428
2026-03-26 00:00:00,0.69424,0.69523,0.69321,0.69505
2026-03-26 04:00:00,0.69504,0.69571,0.69401,0.69402
2026-03-26 08:00:00,0.69402,0.69445,0.69094,0.69107
2026-03-26 12:00:00,0.69105,0.69284,0.69006,0.6911
2026-03-26 16:00:00,0.69111,0.69126,0.68775,0.68775
2026-03-26 20:00:00,0.68774,0.6903,0.68759,0.68864
2026-03-27 00:00:00,0.6886,0.69049,0.68728,0.69046
2026-03-27 04:00:00,0.69044,0.69113,0.68836,0.6889
2026-03-27 08:00:00,0.6889,0.69009,0.68853,0.68897
2026-03-27 12:00:00,0.68895,0.69021,0.6878,0.6889
2026-03-27 16:00:00,0.68889,0.68912,0.68649,0.68748
2026-03-27 20:00:00,0.68747,0.68925,0.68661,0.68815
2026-03-28 00:00:00,0.68815,0.68857,0.68763,0.68801
2026-03-28 04:00:00,0.68802,0.68862,0.68763,0.68776
2026-03-28 08:00:00,0.68776,0.68807,0.68758,0.68776
2026-03-28 12:00:00,0.68776,0.69136,0.68748,0.68801
2026-03-28 16:00:00,0.688,0.68811,0.68762,0.68776
2026-03-28 20:00:00,0.68774,0.68811,0.68768,0.68777
2026-03-29 00:00:00,0.68775,0.68801,0.6876,0.68776
2026-03-29 04:00:00,0.68774,0.6896,0.68758,0.68777
2026-03-29 08:00:00,0.68778,0.68871,0.68777,0.6884
2026-03-29 12:00:00,0.6884,0.68908,0.68761,0.68775
2026-03-29 16:00:00,0.68775,0.68904,0.68673,0.68707
2026-03-29 20:00:00,0.68705,0.68758,0.68471,0.685
2026-03-30 00:00:00,0.68499,0.68718,0.68438,0.68698
2026-03-30 04:00:00,0.68697,0.68737,0.68478,0.68513
2026-03-30 08:00:00,0.68513,0.68634,0.68495,0.68593
2026-03-30 12:00:00,0.68594,0.68657,0.68347,0.68578
2026-03-30 16:00:00,0.68577,0.68599,0.68424,0.68488
2026-03-30 20:00:00,0.68485,0.68547,0.68429,0.68438
2026-03-31 00:00:00,0.68434,0.68735,0.6835,0.68489
2026-03-31 04:00:00,0.68488,0.68665,0.68395,0.68661
2026-03-31 08:00:00,0.68662,0.68851,0.68505,0.68818
2026-03-31 12:00:00,0.68821,0.68894,0.68412,0.68538
2026-03-31 16:00:00,0.68538,0.69015,0.68531,0.69003
2026-03-31 20:00:00,0.69002,0.69214,0.68953,0.692
2026-04-01 00:00:00,0.69201,0.69304,0.69016,0.69031
2026-04-01 04:00:00,0.6903,0.6948,0.69004,0.69295
2026-04-01 08:00:00,0.69295,0.69591,0.69272,0.69557
2026-04-01 12:00:00,0.69557,0.6958,0.6934,0.69444
2026-04-01 16:00:00,0.69443,0.69512,0.69126,0.69238
2026-04-01 20:00:00,0.69237,0.69298,0.6921,0.69237
2026-04-02 00:00:00,0.69238,0.69353,0.68814,0.68833
2026-04-02 04:00:00,0.68832,0.68845,0.68668,0.68845
2026-04-02 08:00:00,0.68846,0.68852,0.68607,0.68665
2026-04-02 12:00:00,0.68665,0.69169,0.68662,0.69094
2026-04-02 16:00:00,0.69093,0.69157,0.69033,0.6907
2026-04-02 20:00:00,0.69069,0.69133,0.69034,0.6911
2026-04-03 00:00:00,0.69108,0.69163,0.69055,0.69067
2026-04-03 04:00:00,0.69066,0.69151,0.69034,0.69095
2026-04-03 08:00:00,0.69095,0.69099,0.69039,0.6908
2026-04-03 12:00:00,0.6908,0.69106,0.68912,0.68929
2026-04-03 16:00:00,0.68928,0.68957,0.68841,0.68858
2026-04-03 20:00:00,0.68854,0.68989,0.68854,0.68937
2026-04-04 00:00:00,0.68937,0.68952,0.68903,0.68915
2026-04-04 04:00:00,0.68915,0.68946,0.68901,0.68931
2026-04-04 08:00:00,0.6893,0.68953,0.68902,0.68906
2026-04-04 12:00:00,0.68906,0.68954,0.68902,0.68907
2026-04-04 17:00:00,0.68905,0.68963,0.68904,0.68943
2026-04-04 21:00:00,0.68942,0.69008,0.68898,0.68912
2026-04-05 01:00:00,0.68911,0.68928,0.68903,0.68905
2026-04-05 05:00:00,0.68905,0.68934,0.68904,0.68927
2026-04-05 09:00:00,0.68927,0.68936,0.68905,0.68906
2026-04-05 13:00:00,0.68906,0.68951,0.68903,0.68907
2026-04-05 17:00:00,0.68906,0.69022,0.68602,0.6889
2026-04-05 21:00:00,0.68889,0.68961,0.68772,0.68954
2026-04-06 01:00:00,0.68952,0.69156,0.68927,0.69092
2026-04-06 05:00:00,0.69092,0.69351,0.69058,0.69313
2026-04-06 09:00:00,0.69313,0.6936,0.69233,0.69287
2026-04-06 13:00:00,0.69286,0.69347,0.6912,0.69161
2026-04-06 17:00:00,0.69159,0.6924,0.69064,0.69189
2026-04-06 21:00:00,0.69189,0.69235,0.69124,0.69124
2026-04-07 01:00:00,0.69123,0.69191,0.68993,0.69173
2026-04-07 05:00:00,0.69173,0.69459,0.69099,0.69459
2026-04-07 09:00:00,0.69458,0.69471,0.69258,0.69376
2026-04-07 13:00:00,0.69376,0.69503,0.69254,0.69466
2026-04-07 17:00:00,0.69465,0.69773,0.6945,0.69768
2026-04-07 21:00:00,0.69768,0.7082,0.69639,0.70531
2026-04-08 01:00:00,0.70527,0.70715,0.70433,0.7067
2026-04-08 05:00:00,0.7067,0.70817,0.70354,0.70435
2026-04-08 09:00:00,0.70439,0.70742,0.70349,0.70722
2026-04-08 13:00:00,0.7072,0.70775,0.70441,0.706
2026-04-08 17:00:00,0.70598,0.70621,0.70296,0.7044
2026-04-08 21:00:00,0.70439,0.70493,0.70309,0.70363
2026-04-09 01:00:00,0.70362,0.70465,0.70256,0.70408
2026-04-09 05:00:00,0.70409,0.70441,0.70234,0.70279
2026-04-09 09:00:00,0.70276,0.70455,0.70238,0.70407
2026-04-09 13:00:00,0.70407,0.70922,0.70402,0.70861
2026-04-09 17:00:00,0.70859,0.7095,0.70745,0.70837
2026-04-09 21:00:00,0.70837,0.70867,0.70706,0.70749
2026-04-10 01:00:00,0.70748,0.70828,0.70658,0.70671
2026-04-10 05:00:00,0.70671,0.70724,0.70531,0.70587
2026-04-10 09:00:00,0.70588,0.70821,0.70577,0.70763
2026-04-10 13:00:00,0.70762,0.70933,0.7066,0.70719
2026-04-10 17:00:00,0.70718,0.7082,0.70588,0.70638
2026-04-10 21:00:00,0.70632,0.70696,0.70616,0.70663
2026-04-11 01:00:00,0.70663,0.7069,0.70651,0.70662
2026-04-11 05:00:00,0.70663,0.7067,0.70646,0.7065
2026-04-11 09:00:00,0.70651,0.70693,0.70639,0.70685
2026-04-11 13:00:00,0.70685,0.70709,0.70637,0.70685
2026-04-11 17:00:00,0.70684,0.7074,0.70653,0.70667
2026-04-11 21:00:00,0.70666,0.70736,0.70639,0.70679
2026-04-12 01:00:00,0.70678,0.70691,0.70636,0.70685
2026-04-12 05:00:00,0.70686,0.70692,0.70641,0.70675
2026-04-12 09:00:00,0.70675,0.7069,0.70636,0.70684
2026-04-12 13:00:00,0.70683,0.70713,0.70644,0.70687
2026-04-12 17:00:00,0.70685,0.70721,0.69871,0.70259
2026-04-12 21:00:00,0.70286,0.70337,0.69958,0.70325
2026-04-13 01:00:00,0.70323,0.70413,0.70289,0.70368
2026-04-13 05:00:00,0.70368,0.70584,0.70348,0.70526
2026-04-13 09:00:00,0.70527,0.70552,0.7031,0.70441
2026-04-13 13:00:00,0.7044,0.70835,0.70432,0.70815
2026-04-13 17:00:00,0.70814,0.71001,0.70811,0.70961
2026-04-13 21:00:00,0.70966,0.71025,0.70876,0.70893
2026-04-14 01:00:00,0.70892,0.70913,0.70787,0.70873
2026-04-14 05:00:00,0.70874,0.71086,0.70781,0.71034
2026-04-14 09:00:00,0.71037,0.71356,0.71034,0.71356
2026-04-14 13:00:00,0.71355,0.71475,0.71285,0.71296
2026-04-14 17:00:00,0.71295,0.71353,0.71246,0.71268
2026-04-14 21:00:00,0.71269,0.71325,0.71182,0.71249
2026-04-15 01:00:00,0.71249,0.71335,0.71226,0.71329
2026-04-15 05:00:00,0.71331,0.71481,0.71329,0.71439
2026-04-15 09:00:00,0.7144,0.71477,0.71311,0.71393
2026-04-15 13:00:00,0.71392,0.71682,0.71392,0.71665
2026-04-15 17:00:00,0.71663,0.71776,0.71616,0.71709
2026-04-15 21:00:00,0.71709,0.71778,0.71615,0.71768
2026-04-16 01:00:00,0.71768,0.71964,0.71632,0.71894
2026-04-16 05:00:00,0.71894,0.71915,0.71699,0.71752
2026-04-16 09:00:00,0.7175,0.71756,0.71641,0.71732
2026-04-16 13:00:00,0.71731,0.71783,0.71554,0.71588
2026-04-16 17:00:00,0.71587,0.71637,0.7153,0.71621
2026-04-16 21:00:00,0.71618,0.71652,0.71544,0.71611
2026-04-17 01:00:00,0.71611,0.71699,0.71597,0.71689
2026-04-17 05:00:00,0.71689,0.7181,0.7161,0.71805
2026-04-17 09:00:00,0.71803,0.72104,0.71675,0.72103
2026-04-17 13:00:00,0.72102,0.72208,0.71861,0.71886
2026-04-17 17:00:00,0.71885,0.71887,0.71664,0.71688
2026-04-17 21:00:00,0.71683,0.71765,0.71674,0.71675
2026-04-18 01:00:00,0.71675,0.71715,0.71661,0.71674
2026-04-18 05:00:00,0.71675,0.71727,0.7167,0.71675
2026-04-18 09:00:00,0.71675,0.71737,0.71664,0.71691
2026-04-18 13:00:00,0.7169,0.71766,0.71672,0.71675
2026-04-18 17:00:00,0.71674,0.71789,0.71668,0.7172
2026-04-18 21:00:00,0.7171,0.718,0.71663,0.71711
2026-04-19 01:00:00,0.71711,0.71749,0.7167,0.71692
2026-04-19 05:00:00,0.71692,0.71745,0.71678,0.71734
2026-04-19 09:00:00,0.71733,0.71742,0.71612,0.71697
2026-04-19 13:00:00,0.71696,0.7175,0.71624,0.71677
2026-04-19 17:00:00,0.71675,0.71735,0.71143,0.7126
2026-04-19 21:00:00,0.71257,0.71507,0.71179,0.715
2026-04-20 01:00:00,0.715,0.7158,0.71472,0.7156
2026-04-20 05:00:00,0.7156,0.71662,0.71426,0.715
2026-04-20 09:00:00,0.715,0.71649,0.715,0.71585
2026-04-20 13:00:00,0.71584,0.71772,0.71559,0.71725
2026-04-20 17:00:00,0.71723,0.71801,0.71704,0.71784
2026-04-20 21:00:00,0.71787,0.71818,0.71695,0.71741
2026-04-21 01:00:00,0.71741,0.7182,0.71653,0.71669
2026-04-21 05:00:00,0.71669,0.71725,0.71433,0.71555
2026-04-21 09:00:00,0.71554,0.71659,0.71502,0.71589
2026-04-21 13:00:00,0.71586,0.71847,0.71511,0.71515
2026-04-21 17:00:00,0.71514,0.71683,0.71263,0.71544
2026-04-21 21:00:00,0.71544,0.71636,0.71476,0.71616
2026-04-22 01:00:00,0.71617,0.71636,0.71543,0.71565
2026-04-22 05:00:00,0.71567,0.71745,0.71565,0.7165
2026-04-22 09:00:00,0.7165,0.71682,0.71471,0.7149
2026-04-22 13:00:00,0.71489,0.71698,0.71479,0.71583
2026-04-22 17:00:00,0.71582,0.7165,0.71566,0.71608
2026-04-22 21:00:00,0.71608,0.71657,0.71396,0.7162
2026-04-23 01:00:00,0.7162,0.71623,0.71384,0.71483
2026-04-23 05:00:00,0.71483,0.71589,0.71476,0.71547
2026-04-23 09:00:00,0.71546,0.71551,0.71339,0.71461
2026-04-23 13:00:00,0.71459,0.71637,0.71387,0.7155
2026-04-23 17:00:00,0.71548,0.71555,0.7114,0.71285
2026-04-23 21:00:00,0.71284,0.71352,0.71241,0.71321
2026-04-24 01:00:00,0.71322,0.71351,0.71156,0.71247
2026-04-24 05:00:00,0.71248,0.71371,0.71205,0.71318
2026-04-24 09:00:00,0.71318,0.71512,0.71272,0.71355
2026-04-24 13:00:00,0.71354,0.71539,0.7127,0.71517
2026-04-24 17:00:00,0.71515,0.71537,0.71465,0.71493
2026-04-24 21:00:00,0.71493,0.71529,0.71412,0.71521
2026-04-25 01:00:00,0.71522,0.71532,0.71461,0.71526
2026-04-25 05:00:00,0.71526,0.71532,0.71461,0.71528
2026-04-25 09:00:00,0.71527,0.71532,0.71432,0.71519
2026-04-25 13:00:00,0.71517,0.7153,0.71456,0.71496
2026-04-25 17:00:00,0.71495,0.71531,0.71448,0.71526
2026-04-25 21:00:00,0.71526,0.71536,0.71444,0.71526
2026-04-26 01:00:00,0.71526,0.71531,0.71484,0.71528
2026-04-26 05:00:00,0.71528,0.71531,0.71476,0.71515
2026-04-26 09:00:00,0.71514,0.7153,0.71463,0.71527
2026-04-26 13:00:00,0.71526,0.71558,0.7142,0.71527
2026-04-26 17:00:00,0.7153,0.71559,0.71268,0.71387
2026-04-26 21:00:00,0.71389,0.71568,0.71291,0.71568
2026-04-27 01:00:00,0.71572,0.71766,0.71567,0.71684
2026-04-27 05:00:00,0.71684,0.71899,0.71586,0.71885
2026-04-27 09:00:00,0.71884,0.71957,0.71833,0.71884
2026-04-27 13:00:00,0.71882,0.71997,0.71835,0.71901
2026-04-27 17:00:00,0.719,0.71946,0.7185,0.71858
2026-04-27 21:00:00,0.71858,0.71948,0.71815,0.71926
2026-04-28 01:00:00,0.71924,0.71925,0.71748,0.71827
2026-04-28 05:00:00,0.71827,0.71834,0.71636,0.71784
2026-04-28 09:00:00,0.71783,0.71785,0.71519,0.71652
2026-04-28 13:00:00,0.71651,0.71826,0.7161,0.7181
2026-04-28 17:00:00,0.71808,0.71863,0.71779,0.71822
2026-04-28 21:00:00,0.71822,0.71894,0.71789,0.71872
2026-04-29 01:00:00,0.71871,0.71873,0.71593,0.71633
2026-04-29 05:00:00,0.71634,0.71658,0.71542,0.71562
2026-04-29 09:00:00,0.71561,0.71664,0.71494,0.71561
2026-04-29 13:00:00,0.71559,0.71589,0.7123,0.71268
2026-04-29 17:00:00,0.71266,0.7133,0.71024,0.71158
2026-04-29 21:00:00,0.71158,0.7132,0.71106,0.71221
2026-04-30 01:00:00,0.71221,0.71313,0.71158,0.71166
2026-04-30 05:00:00,0.71167,0.71409,0.71095,0.71292
2026-04-30 09:00:00,0.71291,0.71674,0.71291,0.71519
2026-04-30 13:00:00,0.71519,0.71909,0.71495,0.71823
2026-04-30 17:00:00,0.71821,0.72029,0.71812,0.72021
2026-04-30 21:00:00,0.71989,0.72053,0.71934,0.72011
2026-05-01 01:00:00,0.72008,0.7205,0.71901,0.71914
2026-05-01 05:00:00,0.71912,0.72029,0.71853,0.71949
2026-05-01 09:00:00,0.71949,0.72078,0.71848,0.7203
2026-05-01 13:00:00,0.72027,0.72272,0.71998,0.72133
2026-05-01 17:00:00,0.72119,0.72158,0.71997,0.72007
2026-05-01 21:00:00,0.72025,0.72049,0.71977,0.71997
2026-05-02 01:00:00,0.72011,0.72023,0.71975,0.71997
2026-05-02 05:00:00,0.72004,0.72014,0.71988,0.71998
2026-05-02 09:00:00,0.71997,0.72012,0.7199,0.72008
2026-05-02 13:00:00,0.72002,0.72035,0.71991,0.71997
2026-05-02 17:00:00,0.71995,0.72045,0.71962,0.72024
2026-05-02 21:00:00,0.72051,0.72057,0.71992,0.71997
2026-05-03 01:00:00,0.71996,0.72007,0.7199,0.71996
2026-05-03 05:00:00,0.71996,0.72021,0.71983,0.72019
2026-05-03 09:00:00,0.72018,0.72041,0.71994,0.71997
2026-05-03 13:00:00,0.71996,0.72043,0.71985,0.71996
2026-05-03 17:00:00,0.71995,0.72184,0.71936,0.7213
2026-05-03 21:00:00,0.72101,0.72202,0.72047,0.72099
2026-05-04 01:00:00,0.72094,0.72172,0.72017,0.72078
2026-05-04 05:00:00,0.72077,0.72106,0.71887,0.71962
2026-05-04 09:00:00,0.71951,0.71996,0.71693,0.71911
2026-05-04 13:00:00,0.71829,0.7191,0.71543,0.71586
2026-05-04 17:00:00,0.71579,0.71743,0.71576,0.71668
2026-05-04 21:00:00,0.7167,0.71737,0.71585,0.71609
2026-05-05 01:00:00,0.71596,0.71691,0.71527,0.71536
2026-05-05 05:00:00,0.71513,0.71633,0.71357,0.71598
2026-05-05 09:00:00,0.71563,0.71829,0.71544,0.71757
2026-05-05 13:00:00,0.71756,0.71974,0.71751,0.71878
2026-05-05 17:00:00,0.71877,0.7191,0.71815,0.71831
2026-05-05 21:00:00,0.71831,0.72237,0.71797,0.72234
2026-05-06 01:00:00,0.72229,0.72513,0.72218,0.72463
2026-05-06 05:00:00,0.72469,0.72687,0.7233,0.72612
2026-05-06 09:00:00,0.72611,0.72804,0.72325,0.72393
2026-05-06 13:00:00,0.72392,0.72465,0.72273,0.72273
2026-05-06 17:00:00,0.72271,0.72413,0.72256,0.72377
2026-05-06 21:00:00,0.72377,0.72411,0.72326,0.72357
2026-05-07 01:00:00,0.72353,0.72501,0.7233,0.7248
2026-05-07 05:00:00,0.72479,0.72657,0.72417,0.72583
2026-05-07 09:00:00,0.72582,0.72636,0.72516,0.72542
2026-05-07 13:00:00,0.72548,0.72586,0.72343,0.7238
2026-05-07 17:00:00,0.72379,0.724,0.72054,0.72067
2026-05-07 21:00:00,0.72061,0.72203,0.72012,0.72085
2026-05-08 01:00:00,0.72083,0.7222,0.72054,0.72211
2026-05-08 05:00:00,0.72212,0.72347,0.72185,0.72328
2026-05-08 09:00:00,0.72319,0.72489,0.72303,0.72408
2026-05-08 13:00:00,0.72427,0.72469,0.72311,0.72418
2026-05-08 17:00:00,0.72418,0.72494,0.72406,0.72468
2026-05-08 21:00:00,0.72468,0.72521,0.72451,0.72467
2026-05-09 01:00:00,0.72468,0.72496,0.72455,0.72467
2026-05-09 05:00:00,0.72467,0.72501,0.72457,0.7247
2026-05-09 09:00:00,0.72469,0.72487,0.72463,0.72482
2026-05-09 13:00:00,0.72481,0.72507,0.72453,0.7247
2026-05-09 17:00:00,0.72469,0.72493,0.7245,0.72473
2026-05-09 21:00:00,0.72473,0.72489,0.72459,0.72485
2026-05-10 01:00:00,0.72486,0.72509,0.72458,0.72475
2026-05-10 05:00:00,0.72474,0.72514,0.72463,0.72512
2026-05-10 09:00:00,0.72511,0.72516,0.72457,0.72474
2026-05-10 13:00:00,0.72475,0.72511,0.7245,0.72471
2026-05-10 17:00:00,0.7247,0.72525,0.72133,0.72308
2026-05-10 21:00:00,0.72307,0.72401,0.7219,0.7237
2026-05-11 01:00:00,0.7236,0.72391,0.72257,0.72269
2026-05-11 05:00:00,0.72263,0.72471,0.7226,0.72393
2026-05-11 09:00:00,0.72395,0.72482,0.72359,0.72425
2026-05-11 13:00:00,0.72422,0.72604,0.72416,0.7251
2026-05-11 17:00:00,0.72506,0.72557,0.72464,0.72492
2026-05-11 21:00:00,0.72492,0.72524,0.7235,0.72352
2026-05-12 01:00:00,0.72354,0.72376,0.72232,0.7233
2026-05-12 05:00:00,0.7233,0.72338,0.72102,0.72182
2026-05-12 09:00:00,0.72177,0.72323,0.72153,0.72312
2026-05-12 13:00:00,0.72309,0.72318,0.72148,0.72154
2026-05-12 17:00:00,0.72154,0.72422,0.72154,0.72405
2026-05-12 21:00:00,0.72403,0.72434,0.72329,0.72362
2026-05-13 01:00:00,0.72357,0.72478,0.72317,0.72347
2026-05-13 05:00:00,0.72346,0.72428,0.72332,0.72414
2026-05-13 09:00:00,0.72411,0.72531,0.72355,0.72419
2026-05-13 13:00:00,0.72418,0.72713,0.72408,0.72609
2026-05-13 17:00:00,0.7261,0.72643,0.7251,0.72584
2026-05-13 21:00:00,0.72584,0.72623,0.72493,0.72499
2026-05-14 01:00:00,0.72503,0.72596,0.72432,0.72569
2026-05-14 05:00:00,0.7257,0.7264,0.72434,0.72528
2026-05-14 09:00:00,0.72525,0.72531,0.72353,0.72363
2026-05-14 13:00:00,0.72361,0.7237,0.7217,0.72204
2026-05-14 17:00:00,0.72196,0.72269,0.72183,0.72201
2026-05-14 21:00:00,0.72202,0.72254,0.72032,0.7206
2026-05-15 01:00:00,0.72058,0.72069,0.71823,0.71826
2026-05-15 05:00:00,0.71826,0.71826,0.71562,0.71575
2026-05-15 09:00:00,0.71573,0.71794,0.71407,0.7154
2026-05-15 13:00:00,0.71534,0.71661,0.7145,0.71556
2026-05-15 17:00:00,0.71556,0.71635,0.71452,0.71471
2026-05-15 21:00:00,0.71473,0.71522,0.7146,0.71477
2026-05-16 01:00:00,0.71477,0.71489,0.71468,0.71474
2026-05-16 05:00:00,0.71473,0.7149,0.71468,0.71476
2026-05-16 09:00:00,0.71475,0.71492,0.71467,0.71486
2026-05-16 13:00:00,0.71485,0.715,0.71463,0.71477
2026-05-16 17:00:00,0.71477,0.71502,0.71463,0.71489
2026-05-16 21:00:00,0.7149,0.71504,0.71466,0.71479
2026-05-17 01:00:00,0.71479,0.71501,0.71462,0.71482
2026-05-17 05:00:00,0.71481,0.71501,0.71467,0.71476
2026-05-17 09:00:00,0.71475,0.71493,0.71469,0.71476
2026-05-17 13:00:00,0.71475,0.7149,0.71471,0.71475
2026-05-17 17:00:00,0.71475,0.71572,0.71448,0.71489
2026-05-17 21:00:00,0.71491,0.71555,0.71194,0.71237
2026-05-18 01:00:00,0.71237,0.71378,0.71211,0.71313
2026-05-18 05:00:00,0.71312,0.71642,0.71271,0.71585
2026-05-18 09:00:00,0.71583,0.71844,0.71473,0.7179
2026-05-18 13:00:00,0.71793,0.718,0.71488,0.71644
2026-05-18 17:00:00,0.71642,0.71744,0.71446,0.71691
2026-05-18 21:00:00,0.71689,0.71772,0.71513,0.71514
2026-05-19 01:00:00,0.71515,0.71525,0.7128,0.71291
2026-05-19 05:00:00,0.71292,0.7137,0.71168,0.71186
2026-05-19 09:00:00,0.71188,0.71231,0.71097,0.71169
2026-05-19 13:00:00,0.71174,0.71174,0.70802,0.71111
2026-05-19 17:00:00,0.71111,0.71162,0.71056,0.71069
2026-05-19 21:00:00,0.71071,0.71133,0.70935,0.70942
2026-05-20 01:00:00,0.70954,0.71089,0.70877,0.71001
2026-05-20 05:00:00,0.71,0.71168,0.70982,0.71119
2026-05-20 09:00:00,0.7112,0.71356,0.71096,0.71242
2026-05-20 13:00:00,0.7125,0.71737,0.71142,0.71533
2026-05-20 17:00:00,0.7154,0.7162,0.71509,0.7153
2026-05-20 21:00:00,0.7153,0.71574,0.71446,0.7148
2026-05-21 01:00:00,0.7148,0.71557,0.71021,0.71289
2026-05-21 05:00:00,0.71289,0.71378,0.71085,0.71319
2026-05-21 09:00:00,0.71323,0.71418,0.71172,0.71264
2026-05-21 13:00:00,0.71267,0.71389,0.71175,0.71365
2026-05-21 17:00:00,0.71366,0.71684,0.71343,0.71492
2026-05-21 21:00:00,0.71494,0.71555,0.71415,0.71416
2026-05-22 01:00:00,0.71417,0.71443,0.71344,0.71405
2026-05-22 05:00:00,0.714,0.71457,0.71281,0.71348
2026-05-22 09:00:00,0.71345,0.71345,0.71197,0.7129
2026-05-22 13:00:00,0.71291,0.71421,0.71171,0.71347
2026-05-22 17:00:00,0.71347,0.71431,0.71266,0.71288
2026-05-22 21:00:00,0.71286,0.71374,0.71248,0.71283
2026-05-23 01:00:00,0.71283,0.71329,0.71267,0.71283
2026-05-23 05:00:00,0.71282,0.7133,0.71263,0.71284
2026-05-23 09:00:00,0.71282,0.71323,0.7126,0.71304
2026-05-23 13:00:00,0.71299,0.71332,0.71264,0.71282
2026-05-23 17:00:00,0.71282,0.71338,0.71262,0.71282
2026-05-23 21:00:00,0.71282,0.7133,0.7125,0.71281
2026-05-24 01:00:00,0.71281,0.71342,0.71235,0.71282
2026-05-24 05:00:00,0.71281,0.71342,0.71257,0.71296
2026-05-24 09:00:00,0.71294,0.71336,0.71274,0.71281
2026-05-24 13:00:00,0.71281,0.71308,0.71263,0.71279
2026-05-24 17:00:00,0.7128,0.71684,0.71189,0.71499
2026-05-24 21:00:00,0.71504,0.71654,0.71425,0.71585
2026-05-25 01:00:00,0.71593,0.7172,0.71578,0.71708
2026-05-25 05:00:00,0.71705,0.71718,0.71529,0.71671
2026-05-25 09:00:00,0.71667,0.71747,0.71646,0.71695
2026-05-25 13:00:00,0.71697,0.71817,0.71676,0.71738
2026-05-25 17:00:00,0.71736,0.71771,0.71732,0.71758
2026-05-25 21:00:00,0.71757,0.71761,0.71653,0.71703
2026-05-26 01:00:00,0.71699,0.71723,0.71617,0.71625
2026-05-26 05:00:00,0.71622,0.71691,0.71559,0.71637
2026-05-26 09:00:00,0.71635,0.7171,0.71595,0.71687
2026-05-26 13:00:00,0.71681,0.71766,0.71584,0.71627
2026-05-26 17:00:00,0.71628,0.71703,0.71607,0.7167
2026-05-26 21:00:00,0.7167,0.71797,0.71648,0.71753
2026-05-27 01:00:00,0.71758,0.71788,0.71537,0.71613
2026-05-27 05:00:00,0.71611,0.71627,0.71358,0.71416
2026-05-27 09:00:00,0.7141,0.71495,0.71248,0.71356
2026-05-27 13:00:00,0.7137,0.71411,0.71257,0.71388
2026-05-27 17:00:00,0.71392,0.71432,0.71325,0.71416
2026-05-27 21:00:00,0.71416,0.71445,0.71281,0.71311
2026-05-28 01:00:00,0.71299,0.71331,0.70983,0.71042
2026-05-28 05:00:00,0.71045,0.7127,0.71021,0.71176
2026-05-28 09:00:00,0.71172,0.71332,0.7112,0.71307
2026-05-28 13:00:00,0.7131,0.71696,0.7123,0.71673
2026-05-28 17:00:00,0.71677,0.71685,0.71604,0.7163
2026-05-28 21:00:00,0.7163,0.71672,0.71559,0.71599
2026-05-29 01:00:00,0.71598,0.71654,0.71535,0.71635
2026-05-29 05:00:00,0.71633,0.7167,0.71489,0.71525
2026-05-29 09:00:00,0.7152,0.71787,0.71515,0.71782
2026-05-29 13:00:00,0.71773,0.72004,0.71757,0.71864
2026-05-29 17:00:00,0.71873,0.71897,0.71809,0.71835
2026-05-29 21:00:00,0.71841,0.7192,0.71795,0.71849
2026-05-30 01:00:00,0.71847,0.71875,0.71832,0.71847
2026-05-30 05:00:00,0.71846,0.71877,0.71821,0.71847
2026-05-30 09:00:00,0.71846,0.71879,0.7183,0.71855
2026-05-30 13:00:00,0.71853,0.71872,0.71837,0.71846
2026-05-30 17:00:00,0.71846,0.7189,0.71825,0.71858
2026-05-30 21:00:00,0.71858,0.71885,0.71821,0.71846
2026-05-31 01:00:00,0.71845,0.71887,0.71818,0.7185
2026-05-31 05:00:00,0.71852,0.71881,0.71825,0.71857
2026-05-31 09:00:00,0.71856,0.71888,0.71844,0.71847
2026-05-31 13:00:00,0.71847,0.71877,0.71832,0.71848
2026-05-31 17:00:00,0.71849,0.71866,0.71689,0.71793
2026-05-31 21:00:00,0.71781,0.71854,0.71709,0.71853
2026-06-01 01:00:00,0.7185,0.71876,0.7178,0.71851
2026-06-01 05:00:00,0.71843,0.71904,0.7177,0.71837
2026-06-01 09:00:00,0.71832,0.71857,0.71681,0.71698
2026-06-01 13:00:00,0.71699,0.71702,0.71354,0.71599
2026-06-01 17:00:00,0.71604,0.71696,0.71563,0.71605
2026-06-01 21:00:00,0.71604,0.71696,0.71581,0.71584
2026-06-02 01:00:00,0.71588,0.71678,0.7153,0.71625
2026-06-02 05:00:00,0.71619,0.71869,0.71612,0.71791
2026-06-02 09:00:00,0.71787,0.71857,0.71764,0.71772
2026-06-02 13:00:00,0.71769,0.71877,0.71705,0.71797
2026-06-02 17:00:00,0.71793,0.71832,0.71711,0.71802
2026-06-02 21:00:00,0.71803,0.71817,0.71717,0.71812
2026-06-03 01:00:00,0.71808,0.71837,0.71676,0.7169
2026-06-03 05:00:00,0.71687,0.71717,0.71534,0.71617
2026-06-03 09:00:00,0.71614,0.71756,0.7151,0.71531
2026-06-03 13:00:00,0.71529,0.7155,0.71311,0.71344
2026-06-03 17:00:00,0.71339,0.71381,0.7127,0.71275
2026-06-03 21:00:00,0.71276,0.71387,0.71268,0.71305
2026-06-04 01:00:00,0.71302,0.71366,0.71228,0.71302
2026-06-04 05:00:00,0.713,0.71382,0.71237,0.7131
2026-06-04 09:00:00,0.71307,0.71483,0.71298,0.71422
2026-06-04 13:00:00,0.71425,0.71457,0.71353,0.71402
2026-06-04 17:00:00,0.71404,0.71412,0.71328,0.71332
2026-06-04 21:00:00,0.71333,0.71399,0.71239,0.71243
2026-06-05 01:00:00,0.71244,0.713,0.71061,0.71289
2026-06-05 05:00:00,0.71293,0.71377,0.71155,0.71321
2026-06-05 09:00:00,0.71325,0.71442,0.71048,0.71051
2026-06-05 13:00:00,0.71055,0.71101,0.70501,0.70597
2026-06-05 17:00:00,0.70591,0.70629,0.70383,0.70434
2026-06-05 21:00:00,0.70425,0.7076,0.70393,0.70421
2026-06-06 01:00:00,0.70419,0.7047,0.70403,0.70421
2026-06-06 05:00:00,0.7042,0.7048,0.70383,0.70421
2026-06-06 09:00:00,0.70419,0.70476,0.70403,0.70434
2026-06-06 13:00:00,0.70429,0.70496,0.70371,0.70419
2026-06-06 17:00:00,0.70419,0.70508,0.70375,0.7042
2026-06-06 21:00:00,0.70419,0.70504,0.70378,0.70452
2026-06-07 01:00:00,0.70448,0.70528,0.70402,0.70423
2026-06-07 05:00:00,0.70422,0.70491,0.70379,0.70432
2026-06-07 09:00:00,0.7043,0.70583,0.70419,0.7042
2026-06-07 13:00:00,0.7042,0.70531,0.70313,0.7042
2026-06-07 17:00:00,0.7042,0.70512,0.70224,0.70276
2026-06-07 21:00:00,0.70282,0.70584,0.70247,0.70582
2026-06-08 01:00:00,0.70576,0.70616,0.7038,0.70444
2026-06-08 05:00:00,0.70445,0.70592,0.70353,0.7048
2026-06-08 09:00:00,0.70463,0.70779,0.70356,0.70695
2026-06-08 13:00:00,0.70686,0.70741,0.70462,0.70522
2026-06-08 17:00:00,0.70526,0.70544,0.70429,0.70451
2026-06-08 21:00:00,0.7045,0.70484,0.70349,0.70429
2026-06-09 01:00:00,0.70417,0.70589,0.70415,0.70557
2026-06-09 05:00:00,0.70556,0.70709,0.70474,0.70519
2026-06-09 09:00:00,0.70517,0.70627,0.70474,0.70587
2026-06-09 13:00:00,0.70592,0.70628,0.70052,0.7014
2026-06-09 17:00:00,0.70129,0.7035,0.70129,0.70277
2026-06-09 21:00:00,0.70276,0.70317,0.70162,0.703
2026-06-10 01:00:00,0.70292,0.70309,0.70161,0.70179
2026-06-10 05:00:00,0.7018,0.70255,0.70094,0.70107
2026-06-10 09:00:00,0.70112,0.70261,0.69986,0.70128
2026-06-10 13:00:00,0.70133,0.70372,0.70086,0.70175
2026-06-10 17:00:00,0.70177,0.70228,0.69952,0.6997
2026-06-10 21:00:00,0.69967,0.70095,0.69853,0.69981
2026-06-11 01:00:00,0.69979,0.70101,0.69968,0.70085
2026-06-11 05:00:00,0.70086,0.70125,0.69914,0.69939
2026-06-11 09:00:00,0.69941,0.70002,0.69804,0.69875
2026-06-11 13:00:00,0.69882,0.69988,0.69789,0.69889
2026-06-11 17:00:00,0.6989,0.70554,0.69854,0.70518
2026-06-11 21:00:00,0.70515,0.70538,0.70413,0.70428
2026-06-12 01:00:00,0.70428,0.70453,0.70289,0.7041
2026-06-12 05:00:00,0.70415,0.70491,0.70213,0.70424
2026-06-12 09:00:00,0.70425,0.7053,0.70329,0.70344
2026-06-12 13:00:00,0.70349,0.7059,0.70336,0.70497
2026-06-12 17:00:00,0.70498,0.70527,0.70441,0.70442
2026-06-12 21:00:00,0.70442,0.70465,0.70416,0.70445
2026-06-13 01:00:00,0.70444,0.70448,0.70437,0.70444
2026-06-13 05:00:00,0.70443,0.70449,0.7043,0.70443
2026-06-13 09:00:00,0.70443,0.70449,0.70424,0.70446
2026-06-13 13:00:00,0.70444,0.70463,0.7042,0.70443
2026-06-13 17:00:00,0.70443,0.70482,0.70419,0.70444
2026-06-13 21:00:00,0.70443,0.70464,0.7042,0.70445
2026-06-14 01:00:00,0.70444,0.7045,0.70416,0.70444
2026-06-14 05:00:00,0.70443,0.70449,0.70426,0.70439
2026-06-14 09:00:00,0.70439,0.70448,0.70361,0.70443
2026-06-14 13:00:00,0.70444,0.70491,0.7037,0.70444
2026-06-14 17:00:00,0.70444,0.70539,0.70386,0.7039
2026-06-14 21:00:00,0.70389,0.70879,0.70389,0.70688
2026-06-15 01:00:00,0.70696,0.70846,0.70658,0.70817
2026-06-15 05:00:00,0.7081,0.70873,0.70663,0.70711
2026-06-15 09:00:00,0.70709,0.70768,0.70652,0.70709
2026-06-15 13:00:00,0.70712,0.7088,0.70702,0.70811
2026-06-15 17:00:00,0.70809,0.70812,0.70698,0.70706
2026-06-15 21:00:00,0.70705,0.70749,0.70669,0.70708
2026-06-16 01:00:00,0.70698,0.7073,0.70453,0.70503
2026-06-16 05:00:00,0.70496,0.70691,0.7044,0.70691
2026-06-16 09:00:00,0.70689,0.70789,0.70636,0.70693
2026-06-16 13:00:00,0.7069,0.70794,0.70664,0.70743
2026-06-16 17:00:00,0.70742,0.70744,0.70651,0.70671
2026-06-16 21:00:00,0.70669,0.70708,0.70645,0.70686
2026-06-17 01:00:00,0.7068,0.70729,0.70603,0.70612
2026-06-17 05:00:00,0.70611,0.70647,0.70545,0.70622
2026-06-17 09:00:00,0.70619,0.70652,0.70569,0.7065
2026-06-17 13:00:00,0.70648,0.70739,0.70648,0.70722
2026-06-17 17:00:00,0.70722,0.70757,0.69944,0.70144
2026-06-17 21:00:00,0.70141,0.70316,0.70111,0.70246
2026-06-18 01:00:00,0.70242,0.70418,0.70232,0.70349
2026-06-18 05:00:00,0.70354,0.70404,0.7011,0.70113
2026-06-18 09:00:00,0.7012,0.70203,0.70015,0.70201
2026-06-18 13:00:00,0.70195,0.70373,0.70137,0.70186
2026-06-18 17:00:00,0.70179,0.70254,0.70078,0.70138
2026-06-18 21:00:00,0.70138,0.70221,0.70084,0.70131
2026-06-19 01:00:00,0.70141,0.70141,0.69914,0.69915
2026-06-19 05:00:00,0.69916,0.70199,0.69899,0.70172
2026-06-19 09:00:00,0.70176,0.70243,0.70103,0.70226
2026-06-19 13:00:00,0.70224,0.70224,0.70079,0.70082
2026-06-19 17:00:00,0.70083,0.70161,0.70083,0.70112
2026-06-19 21:00:00,0.7011,0.70141,0.70087,0.70124
2026-06-20 01:00:00,0.70122,0.70137,0.70097,0.70123
2026-06-20 05:00:00,0.70123,0.70132,0.70095,0.70123
2026-06-20 09:00:00,0.70123,0.70134,0.70094,0.70113
2026-06-20 13:00:00,0.70116,0.70144,0.70079,0.70123
2026-06-20 17:00:00,0.70123,0.70139,0.70079,0.701
2026-06-20 21:00:00,0.70099,0.70131,0.7008,0.70124
2026-06-21 01:00:00,0.70122,0.70145,0.70077,0.70086
2026-06-21 05:00:00,0.70086,0.7011,0.70067,0.70091
2026-06-21 09:00:00,0.70091,0.70182,0.70056,0.70147
2026-06-21 13:00:00,0.70147,0.70196,0.70072,0.70177
2026-06-21 17:00:00,0.70176,0.70278,0.70051,0.70155
2026-06-21 21:00:00,0.70155,0.70171,0.69998,0.70114
2026-06-22 01:00:00,0.70107,0.70195,0.70004,0.70043
2026-06-22 05:00:00,0.7004,0.70108,0.69945,0.69949
2026-06-22 09:00:00,0.69952,0.70123,0.69951,0.70075
2026-06-22 13:00:00,0.70076,0.70134,0.6997,0.70031
2026-06-22 17:00:00,0.70029,0.70039,0.69953,0.70009
2026-06-22 21:00:00,0.70006,0.70073,0.69834,0.69892
2026-06-23 01:00:00,0.6989,0.69899,0.69661,0.69664
2026-06-23 05:00:00,0.6967,0.69691,0.69422,0.69458
2026-06-23 09:00:00,0.6946,0.69598,0.69311,0.69359
2026-06-23 13:00:00,0.69361,0.69417,0.69171,0.69171
2026-06-23 17:00:00,0.69171,0.69189,0.69069,0.69165
2026-06-23 21:00:00,0.69161,0.69219,0.69107,0.69186
2026-06-24 01:00:00,0.69184,0.69235,0.69018,0.69096
2026-06-24 05:00:00,0.69092,0.69184,0.68931,0.68983
2026-06-24 09:00:00,0.68979,0.69015,0.68847,0.68915
2026-06-24 13:00:00,0.68914,0.69065,0.68863,0.69017
2026-06-24 17:00:00,0.69016,0.69034,0.68825,0.69011
2026-06-24 21:00:00,0.69009,0.69043,0.68898,0.68951
2026-06-25 01:00:00,0.6895,0.69103,0.68882,0.69022
2026-06-25 05:00:00,0.6902,0.69072,0.68871,0.6901
2026-06-25 09:00:00,0.69012,0.69144,0.68847,0.69048
2026-06-25 13:00:00,0.69051,0.69276,0.68925,0.69164
2026-06-25 17:00:00,0.69162,0.69201,0.69078,0.69108
2026-06-25 21:00:00,0.69107,0.69168,0.68965,0.6899
2026-06-26 01:00:00,0.6899,0.69024,0.68758,0.6886
2026-06-26 05:00:00,0.68861,0.69003,0.68855,0.68966
2026-06-26 09:00:00,0.68963,0.69066,0.68934,0.69044
2026-06-26 13:00:00,0.69039,0.6917,0.68969,0.69009
2026-06-26 17:00:00,0.69009,0.69024,0.68913,0.68952
2026-06-26 21:00:00,0.68949,0.68966,0.68932,0.68936
2026-06-27 01:00:00,0.68935,0.68951,0.68929,0.68935
2026-06-27 05:00:00,0.68935,0.6894,0.68928,0.68934
2026-06-27 09:00:00,0.68934,0.68949,0.68929,0.68939
2026-06-27 13:00:00,0.68938,0.68975,0.68926,0.68935
2026-06-27 17:00:00,0.68934,0.68958,0.68927,0.6894
2026-06-27 21:00:00,0.68939,0.68977,0.6892,0.68938
2026-06-28 01:00:00,0.68937,0.68957,0.68927,0.68953
2026-06-28 05:00:00,0.68953,0.68956,0.68925,0.68938
2026-06-28 09:00:00,0.68938,0.68957,0.68929,0.68939
2026-06-28 13:00:00,0.6894,0.68969,0.6892,0.68936
2026-06-28 17:00:00,0.68934,0.69068,0.68834,0.68881
2026-06-28 21:00:00,0.68879,0.68976,0.68833,0.68862
2026-06-29 01:00:00,0.68861,0.68953,0.68813,0.68892
2026-06-29 05:00:00,0.68891,0.69042,0.6888,0.68915
2026-06-29 09:00:00,0.68913,0.69023,0.68908,0.68963
2026-06-29 13:00:00,0.6896,0.68973,0.6879,0.68868
2026-06-29 17:00:00,0.68871,0.68924,0.68856,0.68869
2026-06-29 21:00:00,0.68867,0.68913,0.68681,0.68728
2026-06-30 01:00:00,0.68722,0.68843,0.68654,0.68693
2026-06-30 05:00:00,0.68697,0.68825,0.68679,0.68808
2026-06-30 09:00:00,0.6881,0.68905,0.68801,0.68858
2026-06-30 13:00:00,0.68864,0.69303,0.68848,0.69124
2026-06-30 17:00:00,0.69123,0.69239,0.69115,0.69198
2026-06-30 21:00:00,0.69194,0.69228,0.69013,0.69028
2026-07-01 01:00:00,0.69028,0.69032,0.6883,0.68931
2026-07-01 05:00:00,0.68932,0.68964,0.68853,0.68923
2026-07-01 09:00:00,0.68926,0.69001,0.68887,0.68927
2026-07-01 13:00:00,0.68926,0.69151,0.68846,0.69019
2026-07-01 17:00:00,0.69015,0.69032,0.68904,0.68937
2026-07-01 21:00:00,0.68934,0.68975,0.68845,0.68896
2026-07-02 01:00:00,0.68895,0.69015,0.68852,0.68951
2026-07-02 05:00:00,0.68951,0.6911,0.68891,0.6909
2026-07-02 09:00:00,0.69086,0.69402,0.68864,0.69261
2026-07-02 13:00:00,0.69268,0.69423,0.69187,0.69253
2026-07-02 17:00:00,0.69254,0.69254,0.69141,0.69227
2026-07-02 21:00:00,0.69226,0.6926,0.69116,0.69185
2026-07-03 01:00:00,0.69176,0.69411,0.69176,0.69389
2026-07-03 05:00:00,0.6939,0.69493,0.6938,0.69416
2026-07-03 09:00:00,0.69416,0.69435,0.69362,0.69373
2026-07-03 13:00:00,0.69377,0.69391,0.69339,0.6938
2026-07-03 17:00:00,0.69379,0.69406,0.69343,0.69398
2026-07-03 21:00:00,0.69377,0.69418,0.69346,0.69356
2026-07-04 01:00:00,0.69355,0.6938,0.69348,0.69352
2026-07-04 05:00:00,0.69353,0.69392,0.69332,0.69355
2026-07-04 09:00:00,0.69355,0.69378,0.6934,0.69367
2026-07-04 13:00:00,0.69364,0.69384,0.6934,0.69356
2026-07-04 17:00:00,0.69354,0.69386,0.69345,0.69374
2026-07-04 21:00:00,0.69372,0.69391,0.69342,0.69354
2026-07-05 01:00:00,0.69355,0.69385,0.69335,0.69356
2026-07-05 05:00:00,0.69354,0.69385,0.69342,0.69378
2026-07-05 09:00:00,0.69379,0.69402,0.69281,0.69355
2026-07-05 13:00:00,0.69354,0.69364,0.69259,0.69351
2026-07-05 17:00:00,0.6935,0.69443,0.69292,0.6937
2026-07-05 21:00:00,0.69367,0.6946,0.69308,0.69351
2026-07-06 01:00:00,0.69354,0.69371,0.69225,0.69329
2026-07-06 05:00:00,0.6933,0.69384,0.6926,0.69326
2026-07-06 09:00:00,0.69322,0.69374,0.69244,0.6926
2026-07-06 13:00:00,0.6925,0.69468,0.6925,0.69462
2026-07-06 17:00:00,0.69459,0.69594,0.69459,0.69566
2026-07-06 21:00:00,0.69564,0.69607,0.69466,0.69505
2026-07-07 01:00:00,0.6951,0.69607,0.69429,0.69436
2026-07-07 05:00:00,0.69437,0.69462,0.69353,0.69427
2026-07-07 09:00:00,0.69425,0.69548,0.69407,0.69495
2026-07-07 13:00:00,0.69496,0.69513,0.69338,0.6937
2026-07-07 17:00:00,0.69368,0.69428,0.69211,0.69292
2026-07-07 21:00:00,0.69291,0.69356,0.6921,0.69352
2026-07-08 01:00:00,0.6935,0.69468,0.69294,0.69407
2026-07-08 05:00:00,0.69407,0.69453,0.69115,0.69161
2026-07-08 09:00:00,0.69166,0.69325,0.69063,0.69227
2026-07-08 13:00:00,0.69235,0.69286,0.69077,0.69269
2026-07-08 17:00:00,0.6927,0.69401,0.69267,0.6931
2026-07-08 21:00:00,0.69308,0.69405,0.69258,0.69333
2026-07-09 01:00:00,0.6933,0.69374,0.69255,0.69369
2026-07-09 05:00:00,0.69366,0.69457,0.69343,0.69346
2026-07-09 09:00:00,0.6935,0.69403,0.69298,0.69322
2026-07-09 13:00:00,0.69324,0.69477,0.69315,0.69417
2026-07-09 17:00:00,0.69417,0.69464,0.69379,0.69421
2026-07-09 21:00:00,0.69419,0.69468,0.6934,0.69466
2026-07-10 01:00:00,0.69462,0.69693,0.69442,0.69529
2026-07-10 05:00:00,0.69536,0.69563,0.69419,0.69435
2026-07-10 09:00:00,0.69439,0.69569,0.69424,0.69491
2026-07-10 13:00:00,0.69482,0.69653,0.69391,0.696
2026-07-10 17:00:00,0.69609,0.69609,0.69498,0.69539
2026-07-10 21:00:00,0.69537,0.69584,0.69472,0.69511
2026-07-11 01:00:00,0.69507,0.69534,0.69484,0.6953
2026-07-11 05:00:00,0.69531,0.69536,0.69488,0.69505
2026-07-11 09:00:00,0.69502,0.69538,0.69484,0.69532
2026-07-11 13:00:00,0.6953,0.69539,0.6951,0.69531
2026-07-11 17:00:00,0.69529,0.69534,0.69487,0.69532
2026-07-11 21:00:00,0.69531,0.69539,0.69515,0.69529
2026-07-12 01:00:00,0.69529,0.6954,0.69509,0.69519
2026-07-12 05:00:00,0.69519,0.69539,0.69509,0.69525
2026-07-12 09:00:00,0.69524,0.69574,0.69458,0.69565
2026-07-12 13:00:00,0.69564,0.69586,0.69446,0.69532
2026-07-12 17:00:00,0.6953,0.69577,0.69407,0.69491
2026-07-12 21:00:00,0.69488,0.69513,0.69324,0.69348
2026-07-13 01:00:00,0.69345,0.69388,0.69248,0.69327
2026-07-13 05:00:00,0.69329,0.6947,0.69242,0.69426
2026-07-13 09:00:00,0.69428,0.69497,0.69382,0.69457
2026-07-13 13:00:00,0.69454,0.69473,0.69185,0.69219
2026-07-13 17:00:00,0.69216,0.69262,0.69139,0.69176
2026-07-13 21:00:00,0.69175,0.69219,0.69133,0.69196
2026-07-14 01:00:00,0.69197,0.69334,0.69161,0.6933
2026-07-14 05:00:00,0.69326,0.69453,0.69281,0.6943
2026-07-14 09:00:00,0.69431,0.6983,0.69383,0.6968
2026-07-14 13:00:00,0.69678,0.6992,0.69672,0.69782
2026-07-14 17:00:00,0.69779,0.69795,0.69703,0.69744
2026-07-14 21:00:00,0.69744,0.69856,0.69694,0.69854
2026-07-15 01:00:00,0.6985,0.69927,0.69798,0.69835
2026-07-15 05:00:00,0.69836,0.69909,0.69781,0.69877
2026-07-15 09:00:00,0.69873,0.69967,0.69805,0.69964
2026-07-15 13:00:00,0.69955,0.70025,0.69897,0.69926
2026-07-15 17:00:00,0.69915,0.70212,0.69915,0.70069
2026-07-15 21:00:00,0.70073,0.7011,0.69957,0.69982
2026-07-16 01:00:00,0.69979,0.70032,0.69868,0.69998
2026-07-16 05:00:00,0.69996,0.70016,0.69943,0.69986
2026-07-16 09:00:00,0.69982,0.70111,0.69963,0.69983
2026-07-16 13:00:00,0.69981,0.70123,0.69925,0.69946
2026-07-16 17:00:00,0.69944,0.69981,0.69905,0.69981
2026-07-16 21:00:00,0.69979,0.70013,0.69918,0.69987
2026-07-17 01:00:00,0.69983,0.70013,0.69765,0.69796
2026-07-17 05:00:00,0.69798,0.69905,0.69717,0.69744
2026-07-17 09:00:00,0.69742,0.69776,0.69665,0.69694
2026-07-17 13:00:00,0.69699,0.69876,0.6967,0.69838
2026-07-17 17:00:00,0.69837,0.6986,0.69795,0.69811
2026-07-17 21:00:00,0.69812,0.6984,0.69808,0.69816
2026-07-18 01:00:00,0.69817,0.6982,0.69814,0.69815
2026-07-18 05:00:00,0.69815,0.69824,0.69811,0.69817
2026-07-18 09:00:00,0.69816,0.69821,0.69805,0.69814
2026-07-18 13:00:00,0.69814,0.6982,0.69808,0.69817
2026-07-18 17:00:00,0.69815,0.69824,0.69809,0.69818
2026-07-18 21:00:00,0.69816,0.6982,0.69809,0.69816
2026-07-19 01:00:00,0.69814,0.69821,0.69809,0.69813
2026-07-19 05:00:00,0.69813,0.6982,0.69807,0.69808
2026-07-19 09:00:00,0.69808,0.69826,0.6978,0.69817
2026-07-19 13:00:00,0.69816,0.69838,0.69782,0.69816
2026-07-19 17:00:00,0.69815,0.69864,0.69608,0.69726
2026-07-19 21:00:00,0.69717,0.69855,0.69643,0.6984
2026-07-20 01:00:00,0.69842,0.69993,0.6984,0.69968
2026-07-20 05:00:00,0.6997,0.70046,0.69862,0.70001
2026-07-20 09:00:00,0.69999,0.7014,0.69964,0.70054
2026-07-20 13:00:00,0.70052,0.70149,0.69981,0.70039
2026-07-20 17:00:00,0.70038,0.70075,0.69968,0.69992
2026-07-20 21:00:00,0.69991,0.70056,0.69935,0.70037
2026-07-21 01:00:00,0.70039,0.70097,0.70012,0.70077
2026-07-21 05:00:00,0.70074,0.70231,0.70067,0.70225
2026-07-21 09:00:00,0.70224,0.70268,0.70116,0.70162
2026-07-21 13:00:00,0.7016,0.70166,0.70022,0.70075
2026-07-21 17:00:00,0.70073,0.70083,0.69977,0.69981
2026-07-21 21:00:00,0.69984,0.70093,0.69969,0.70086
2026-07-22 01:00:00,0.70078,0.70129,0.69966,0.6999
2026-07-22 05:00:00,0.69987,0.70054,0.69908,0.69982
2026-07-22 09:00:00,0.69981,0.6999,0.69813,0.69866
2026-07-22 13:00:00,0.69859,0.70006,0.69855,0.69959
2026-07-22 17:00:00,0.69958,0.69983,0.69911,0.69978
2026-07-22 21:00:00,0.69976,0.69983,0.69868,0.69939
2026-07-23 01:00:00,0.69934,0.70211,0.69868,0.70148
2026-07-23 05:00:00,0.70145,0.70174,0.69978,0.70023
2026-07-23 09:00:00,0.70021,0.70063,0.69753,0.698
2026-07-23 13:00:00,0.69796,0.69835,0.69653,0.69781
2026-07-23 17:00:00,0.6978,0.69785,0.69623,0.69681
2026-07-23 21:00:00,0.69676,0.69769,0.6965,0.69766
2026-07-24 01:00:00,0.69761,0.69811,0.69717,0.6973
2026-07-24 05:00:00,0.6973,0.69893,0.69721,0.69881
2026-07-24 09:00:00,0.6988,0.69953,0.69753,0.6976
2026-07-24 13:00:00,0.6976,0.70002,0.69732,0.69912
2026-07-24 17:00:00,0.69911,0.69912,0.69787,0.69836
2026-07-24 21:00:00,0.69834,0.69849,0.69749,0.69834
2026-07-25 01:00:00,0.69835,0.69841,0.6979,0.69835
2026-07-25 05:00:00,0.69835,0.69851,0.69791,0.69836
2026-07-25 09:00:00,0.69835,0.6986,0.69771,0.69798
2026-07-25 13:00:00,0.69796,0.69872,0.6976,0.69837
2026-07-25 17:00:00,0.69836,0.69849,0.69772,0.69829
2026-07-25 21:00:00,0.69829,0.69856,0.69771,0.69827
2026-07-26 01:00:00,0.69827,0.69857,0.69769,0.69837
2026-07-26 05:00:00,0.69836,0.69883,0.69771,0.69813
2026-07-26 09:00:00,0.69812,0.6984,0.69764,0.69837
2026-07-26 13:00:00,0.69835,0.69843,0.69818,0.69833
2026-07-26 17:00:00,0.6983,0.70016,0.69799,0.69922
2026-07-26 21:00:00,0.69926,0.70068,0.69901,0.69947
2026-07-27 01:00:00,0.6995,0.70059,0.69936,0.69974
2026-07-27 05:00:00,0.69972,0.70105,0.69967,0.70038
2026-07-27 09:00:00,0.70036,0.70055,0.6993,0.69978
2026-07-27 13:00:00,0.69977,0.70012,0.69858,0.69951
2026-07-27 17:00:00,0.69949,0.69951,0.69862,0.69898
2026-07-27 21:00:00,0.69898,0.69952,0.69816,0.69892
2026-07-28 01:00:00,0.69889,0.69972,0.697,0.69715
2026-07-28 05:00:00,0.69714,0.69766,0.69636,0.69729
2026-07-28 09:00:00,0.69728,0.69747,0.69634,0.69697
2026-07-28 13:00:00,0.69699,0.69863,0.69635,0.69827
2026-07-28 17:00:00,0.69826,0.69834,0.69736,0.6974
2026-07-28 21:00:00,0.6974,0.69788,0.697,0.69703
2026-07-29 01:00:00,0.69706,0.69723,0.69395,0.69515
2026-07-29 05:00:00,0.69516,0.69604,0.69412,0.69431
2026-07-29 09:00:00,0.69435,0.69454,0.69356,0.69408
2026-07-29 13:00:00,0.69396,0.69511,0.69228,0.69286
2026-07-29 17:00:00,0.69288,0.69887,0.69273,0.6955
2026-07-29 21:00:00,0.69551,0.69658,0.69482,0.69565
2026-07-30 01:00:00,0.69561,0.69639,0.695,0.69501
2026-07-30 05:00:00,0.69502,0.69634,0.69469,0.696
2026-07-30 09:00:00,0.69599,0.69842,0.69594,0.69757
2026-07-30 13:00:00,0.6976,0.70283,0.69738,0.70257
2026-07-30 17:00:00,0.70257,0.70335,0.70213,0.70298
2026-07-30 21:00:00,0.70298,0.70322,0.70179,0.703
2026-07-31 01:00:00,0.70302,0.70329,0.702,0.70274
2026-07-31 05:00:00,0.70275,0.7044,0.7026,0.70437
2026-07-31 09:00:00,0.70431,0.7044,0.70092,0.70122
2026-07-31 13:00:00,0.70123,0.70284,0.69923,0.70259
2026-07-31 17:00:00,0.70256,0.70426,0.70256,0.7028
2026-07-31 21:00:00,0.70303,0.7035,0.70094,0.70325
2026-08-01 01:00:00,0.70324,0.70353,0.70202,0.70327
2026-08-01 05:00:00,0.70326,0.70347,0.70223,0.70327
2026-08-01 09:00:00,0.70326,0.7035,0.70222,0.7029
2026-08-01 13:00:00,0.70296,0.70414,0.70169,0.70326
2026-08-01 17:00:00,0.70326,0.70342,0.70162,0.70215
2026-08-01 21:00:00,0.70215,0.70352,0.70173,0.7032
2026-08-02 01:00:00,0.70321,0.70416,0.70176,0.70301
2026-08-02 05:00:00,0.703,0.70404,0.70165,0.7026
2026-08-02 09:00:00,0.70258,0.70329,0.70156,0.70327
2026-08-02 13:00:00,0.70325,0.70442,0.70179,0.70316
2026-08-02 17:00:00,0.70311,0.70567,0.70291,0.70404
2026-08-02 21:00:00,0.7041,0.70514,0.70381,0.7042
2026-08-03 01:00:00,0.70421,0.70427,0.70278,0.70311
2026-08-03 05:00:00,0.7031,0.70376,0.70083,0.70093
2026-08-03 09:00:00,0.70095,0.70104,0.69967,0.69989
2026-08-03 13:00:00,0.69985,0.70007,0.69835,0.69976
2026-08-03 17:00:00,0.69975,0.70013,0.69919,0.70009
2026-08-03 21:00:00,0.70005,0.70062,0.69966,0.70012
2026-08-04 01:00:00,0.7001,0.70231,0.69965,0.70197
2026-08-04 05:00:00,0.70196,0.70244,0.70121,0.70224
2026-08-04 09:00:00,0.70222,0.70374,0.70209,0.70334
2026-08-04 13:00:00,0.70336,0.70419,0.70302,0.70389
2026-08-04 17:00:00,0.70387,0.70487,0.70378,0.70466
2026-08-04 21:00:00,0.70466,0.70532,0.7041,0.70434
2026-08-05 01:00:00,0.70437,0.70564,0.70403,0.70485
2026-08-05 05:00:00,0.70484,0.7051,0.70408,0.70441
2026-08-05 09:00:00,0.7044,0.70539,0.70407,0.70483
2026-08-05 13:00:00,0.70482,0.70641,0.70457,0.70517
2026-08-05 17:00:00,0.70517,0.70633,0.70504,0.70575
2026-08-05 21:00:00,0.70573,0.70596,0.70528,0.70576
2026-08-06 01:00:00,0.70576,0.70604,0.70442,0.70473
2026-08-06 05:00:00,0.70473,0.70485,0.70368,0.70443
2026-08-06 09:00:00,0.70441,0.70448,0.70368,0.70388
2026-08-06 13:00:00,0.70387,0.70425,0.70237,0.70307
2026-08-06 17:00:00,0.70307,0.70358,0.70298,0.70322
2026-08-06 21:00:00,0.70319,0.70344,0.7026,0.70281
2026-08-07 01:00:00,0.70277,0.70317,0.70227,0.70271
2026-08-07 05:00:00,0.7027,0.70387,0.70255,0.70369
2026-08-07 09:00:00,0.7037,0.70773,0.70359,0.70673
2026-08-07 13:00:00,0.70677,0.70706,0.70564,0.70647
2026-08-07 17:00:00,0.7065,0.70754,0.70639,0.70675
2026-08-07 21:00:00,0.70672,0.7071,0.70562,0.7067
2026-08-08 01:00:00,0.7067,0.70673,0.70668,0.70671
2026-08-08 05:00:00,0.7067,0.70676,0.70662,0.70674
2026-08-08 09:00:00,0.70672,0.70684,0.70654,0.70673
2026-08-08 13:00:00,0.70672,0.70684,0.70653,0.70672
2026-08-08 17:00:00,0.70672,0.70681,0.70655,0.70672
2026-08-08 21:00:00,0.70672,0.70677,0.70659,0.70671
2026-08-09 01:00:00,0.7067,0.70687,0.70656,0.70672
2026-08-09 05:00:00,0.70671,0.70676,0.70662,0.70672
2026-08-09 09:00:00,0.70671,0.70721,0.70581,0.70666
2026-08-09 13:00:00,0.70663,0.70703,0.70561,0.7067
2026-08-09 17:00:00,0.70668,0.70789,0.70569,0.70669
2026-08-09 21:00:00,0.70666,0.70704,0.70616,0.70626
2026-08-10 01:00:00,0.70624,0.70654,0.70569,0.70612
2026-08-10 05:00:00,0.70611,0.70745,0.70607,0.70704
2026-08-10 09:00:00,0.70704,0.70704,0.70555,0.70572
2026-08-10 13:00:00,0.7057,0.70665,0.70539,0.70613
2026-08-10 17:00:00,0.70611,0.70613,0.70534,0.7054
2026-08-10 21:00:00,0.70541,0.70582,0.70527,0.70563
2026-08-11 01:00:00,0.70562,0.70656,0.70419,0.70493
2026-08-11 05:00:00,0.70488,0.70589,0.70422,0.70523
2026-08-11 09:00:00,0.70525,0.70685,0.7051,0.70651
2026-08-11 13:00:00,0.7065,0.70696,0.7057,0.70621
2026-08-11 17:00:00,0.70618,0.70626,0.70543,0.70621
2026-08-11 21:00:00,0.70621,0.70687,0.70577,0.70648
2026-08-12 01:00:00,0.70648,0.70648,0.70549,0.70567
2026-08-12 05:00:00,0.70566,0.70625,0.70544,0.70601
2026-08-12 09:00:00,0.70599,0.70893,0.70594,0.70858
2026-08-12 13:00:00,0.7085,0.70906,0.70621,0.70637
2026-08-12 17:00:00,0.70635,0.70655,0.70602,0.70632
2026-08-12 21:00:00,0.70629,0.70666,0.70596,0.70611
2026-08-13 01:00:00,0.70608,0.70621,0.70456,0.70499
2026-08-13 05:00:00,0.70497,0.70525,0.7044,0.70487
2026-08-13 09:00:00,0.70486,0.70641,0.70468,0.70637
2026-08-13 13:00:00,0.70631,0.70675,0.70538,0.70595
2026-08-13 17:00:00,0.70596,0.70612,0.70555,0.70599
2026-08-13 21:00:00,0.70599,0.70667,0.70551,0.70617
2026-08-14 01:00:00,0.70615,0.70633,0.70559,0.70628
2026-08-14 05:00:00,0.70626,0.7075,0.70618,0.70736
2026-08-14 09:00:00,0.70733,0.70892,0.70721,0.70812
2026-08-14 13:00:00,0.70809,0.70953,0.7079,0.70839
2026-08-14 17:00:00,0.70839,0.70848,0.70791,0.70844
2026-08-14 21:00:00,0.70845,0.70853,0.7077,0.70846
2026-08-15 01:00:00,0.70845,0.70856,0.70821,0.70847
2026-08-15 05:00:00,0.70846,0.7086,0.70823,0.70847
2026-08-15 09:00:00,0.70845,0.70854,0.70827,0.70829
2026-08-15 13:00:00,0.70832,0.70853,0.70788,0.70844
2026-08-15 17:00:00,0.70844,0.70867,0.70819,0.70834
2026-08-15 21:00:00,0.70831,0.70862,0.70815,0.70832
2026-08-16 01:00:00,0.70831,0.70863,0.70794,0.70823
2026-08-16 05:00:00,0.70821,0.70832,0.70784,0.70793
