Date,ADA,ALGO,ATOM,AVAX,BCH,BNB,BTC,DOGE,DOT,ETC,ETH,FIL,HBAR,ICP,LINK,LTC,SOL,XLM,XMR,XRP
2019-01-06,0.049261000007390976,,,,166.8411865234375,6.395978927612305,4076.632568359375,0.002328000031411648,,5.503686904907227,157.74620056152344,3.3071610927581787,,,0.3970099985599518,39.29885482788086,,0.12038400024175644,54.8765869140625,0.36839500069618225
2019-01-13,0.040240999311208725,,,,126.34981536865234,5.568757057189941,3552.953125,0.0020940001122653484,,4.243372917175293,116.8978042602539,2.831963062286377,,,0.44426101446151733,30.332897186279297,,0.10360900312662125,43.11040115356445,0.31786298751831055
2019-01-20,0.043476998805999756,,,,123.88646697998047,6.493868827819824,3601.013671875,0.002119000069797039,,4.286460876464844,119.4748306274414,3.003264904022217,,,0.4901230037212372,31.176406860351562,,0.10470200330018997,44.11306381225586,0.32117700576782227
2019-01-27,0.04116800054907799,,,,122.90110778808594,7.088199138641357,3583.9658203125,0.00202700006775558,,4.253052234649658,113.40528869628906,2.912476062774658,,,0.4337489902973175,32.59283447265625,,0.09631600230932236,46.575416564941406,0.3094390034675598
2019-02-03,0.03802900016307831,,,,118.8281478881836,6.738164901733398,3464.013427734375,0.0019039999460801482,,3.919903039932251,107.49266815185547,2.86545991897583,,,0.39614200592041016,33.43925476074219,,0.08134700357913971,42.903839111328125,0.30235201120376587
2019-02-10,0.042830001562833786,,,,127.58672332763672,9.211540222167969,3690.188232421875,0.0019460000330582261,,4.1735429763793945,124.80648803710938,2.8662400245666504,,,0.4521859884262085,46.82740783691406,,0.0803930014371872,49.82767105102539,0.30990898609161377
2019-02-17,0.04145200178027153,,,,124.68604278564453,9.216046333312988,3673.836181640625,0.0019920000340789557,,4.176216125488281,133.598876953125,3.0301740169525146,,,0.4574989974498749,43.928367614746094,,0.0796080008149147,48.06875228881836,0.30336999893188477
2019-02-24,0.0424560010433197,,,,130.26763916015625,10.113093376159668,3810.427490234375,0.001973999897018075,,4.195046901702881,135.8526611328125,3.165247917175293,,,0.41064000129699707,44.678592681884766,,0.08423399925231934,49.010467529296875,0.3014430105686188
2019-03-03,0.04231199994683266,,,,131.55630493164062,11.53790283203125,3847.17578125,0.0019990000873804092,,4.284319877624512,132.24942016601562,2.9494950771331787,,,0.42416900396347046,48.38032150268555,,0.08723500370979309,50.10773849487305,0.3125540018081665
2019-03-10,0.04569799825549126,,,,132.8378143310547,14.494439125061035,3951.599853515625,0.0019990000873804092,,4.360703945159912,136.75868225097656,3.12927508354187,,,0.5017679929733276,57.18186569213867,,0.10003899782896042,50.948211669921875,0.3131070137023926
2019-03-17,0.050207000225782394,,4.7761640548706055,,156.07899475097656,15.76114559173584,4025.22900390625,0.0020810000132769346,,4.464364051818848,140.00054931640625,2.8860819339752197,,,0.4836849868297577,61.243778228759766,,0.10938499867916107,53.535606384277344,0.3176119923591614
2019-03-24,0.06170399859547615,,3.7652430534362793,,165.9362335205078,17.285356521606445,4022.168212890625,0.0020540000405162573,,4.835110187530518,136.98692321777344,3.376059055328369,,,0.45640501379966736,60.223876953125,,0.1060120016336441,53.74467849731445,0.3089919984340668
2019-03-31,0.0697460025548935,,3.62432599067688,,168.9375457763672,17.401670455932617,4105.404296875,0.0020800000056624413,,4.823973178863525,141.51409912109375,3.1982040405273438,,,0.5076130032539368,60.75539779663086,,0.1076510027050972,55.885337829589844,0.3092289865016937
2019-04-07,0.09048400074243546,,4.616361141204834,,319.5965270996094,19.110271453857422,5198.89697265625,0.0034179999493062496,,7.669719219207764,174.53164672851562,3.948312997817993,,,0.577118992805481,92.31237030029297,,0.13030299544334412,69.8070068359375,0.3598560094833374
2019-04-14,0.08464299887418747,,4.462687015533447,,288.64715576171875,19.492019653320312,5167.72216796875,0.002882000058889389,,6.441833019256592,167.83851623535156,4.671632766723633,,,0.5287399888038635,82.9375228881836,,0.11666300147771835,66.58150482177734,0.32880899310112
2019-04-21,0.07410600036382675,,5.215818881988525,,290.4802551269531,24.193828582763672,5314.53125,0.0027600000612437725,,5.927186965942383,170.04652404785156,5.298418998718262,,,0.49949800968170166,77.33155822753906,,0.1124039962887764,68.718505859375,0.3224489986896515
2019-04-28,0.06859099864959717,,4.430445194244385,,255.47012329101562,22.89933967590332,5285.13916015625,0.0025309999473392963,,5.581898212432861,157.29507446289062,4.973506927490234,,,0.4482179880142212,69.72679901123047,,0.0987360030412674,61.22995376586914,0.2974259853363037
2019-05-05,0.06614600121974945,,4.853704929351807,,293.94744873046875,23.01995277404785,5795.70849609375,0.002652999944984913,,5.737806797027588,163.45069885253906,5.650356769561768,,,0.5069789886474609,75.98436737060547,,0.09892699867486954,66.08014678955078,0.3023419976234436
2019-05-12,0.07008600234985352,,3.7729990482330322,,354.0299377441406,20.830297470092773,6972.37158203125,0.0026650000363588333,,5.823904991149902,187.3253173828125,5.3439040184021,,,0.6579899787902832,84.56551361083984,,0.09886600077152252,74.2078628540039,0.31007400155067444
2019-05-19,0.08699599653482437,,4.894266128540039,,421.4932861328125,29.412843704223633,8197.689453125,0.00317799998447299,,7.84396505355835,261.2922058105469,5.118007183074951,,,0.994350016117096,95.32119750976562,,0.14148500561714172,90.62164306640625,0.41769999265670776
2019-05-26,0.08601400256156921,,4.508584022521973,,432.8406982421875,34.10485076904297,8673.2158203125,0.003092000028118491,,7.661637783050537,267.06964111328125,6.359944820404053,,,1.0870649814605713,111.4186019897461,,0.13313500583171844,91.99518585205078,0.40841299295425415
2019-06-02,0.09657800197601318,,6.357302188873291,,443.77154541015625,33.174049377441406,8742.9580078125,0.003398000029847026,,9.515165328979492,270.22552490234375,5.685821056365967,,,1.0124340057373047,114.70283508300781,,0.13762299716472626,94.94489288330078,0.4447849988937378
2019-06-09,0.07947000116109848,,5.872391223907471,,381.1663513183594,30.558286666870117,7688.0771484375,0.003011999884620309,,8.154364585876465,233.08670043945312,4.838788032531738,,,1.0732530355453491,115.1323013305664,,0.11991500109434128,83.78411865234375,0.388265997171402
2019-06-16,0.0923210009932518,,6.742356777191162,,428.3208923339844,32.40272521972656,8994.48828125,0.003186000045388937,,8.691532135009766,269.22320556640625,7.2955780029296875,,,1.6734319925308228,137.12225341796875,,0.1298159956932068,95.86319732666016,0.42751601338386536
2019-06-23,0.09664399921894073,1.8907020092010498,6.802725791931152,,475.0171813964844,37.134727478027344,10855.37109375,0.00330400001257658,,9.275910377502441,307.8277893066406,6.1318769454956055,,,1.8013750314712524,136.88217163085938,,0.12737800180912018,115.13263702392578,0.4682910144329071
2019-06-30,0.08209799975156784,1.4347820281982422,5.413434028625488,,399.4703674316406,32.442481994628906,10817.1552734375,0.0032579998951405287,,7.725701808929443,290.69598388671875,5.357140064239502,,,3.4468889236450195,122.24911499023438,,0.10434500128030777,87.74494171142578,0.3964110016822815
2019-07-07,0.07996399700641632,1.0678670406341553,5.4064202308654785,,411.8096923828125,33.24106216430664,11450.8466796875,0.0036329999566078186,,7.930762767791748,305.7005615234375,6.049342155456543,,,3.3143560886383057,120.32087707519531,,0.10505399852991104,107.18321990966797,0.3970470130443573
2019-07-14,0.059429001063108444,0.8239499926567078,3.820683002471924,,282.84356689453125,28.92428207397461,10256.05859375,0.0030139998998492956,,5.670496940612793,227.57806396484375,4.305840969085693,,,2.7873799800872803,89.77047729492188,,0.08624900132417679,85.91722106933594,0.3064259886741638
2019-07-21,0.0612029992043972,0.6954470276832581,4.2282209396362305,,320.86468505859375,30.519542694091797,10599.10546875,0.0030759999062865973,,6.262643814086914,225.63076782226562,4.29695987701416,,,2.5503549575805664,99.6275863647461,,0.09120199829339981,83.95735931396484,0.3313089907169342
2019-07-28,0.059473998844623566,0.5748720169067383,3.6177539825439453,,310.4573974609375,27.83517074584961,9552.8603515625,0.0028589998837560415,,5.906332969665527,211.18655395507812,4.323800086975098,,,2.217729091644287,89.76933288574219,,0.0836779996752739,79.49067687988281,0.31228798627853394
2019-08-04,0.05627100169658661,0.706384003162384,3.6105430126190186,,333.6734619140625,27.556161880493164,10970.1845703125,0.0029380000196397305,,6.122251987457275,222.6697235107422,4.372814178466797,,,2.497683048248291,93.20378112792969,,0.08212999999523163,88.18010711669922,0.31984201073646545
2019-08-11,0.05498100072145462,0.822987973690033,3.5244739055633545,,336.1965026855469,30.057254791259766,11523.5791015625,0.0028979999478906393,,5.816359043121338,216.09286499023438,4.314111232757568,,,2.396836042404175,89.75267028808594,,0.07784099876880646,92.25353240966797,0.3019149899482727
2019-08-18,0.05073099955916405,0.6779050230979919,2.976607084274292,,316.5096130371094,27.932445526123047,10345.810546875,0.0027230000123381615,,5.580100059509277,194.4935302734375,4.023764133453369,,,2.4996399879455566,76.26995086669922,,0.07078500092029572,88.02477264404297,0.2826460003852844
2019-08-25,0.04943900182843208,0.5441820025444031,2.618669033050537,,305.6019592285156,26.131847381591797,10138.517578125,0.002662000013515353,,7.151075839996338,186.84239196777344,4.428813934326172,,,2.0850770473480225,72.30814361572266,,0.07167600095272064,80.37310028076172,0.27008798718452454
2019-09-01,0.04454300180077553,0.3920440077781677,2.13834810256958,,282.3291015625,21.56867027282715,9757.970703125,0.002492000116035342,,6.268647193908691,171.62942504882812,4.135813236236572,,,1.775217056274414,66.14472198486328,,0.0624690018594265,71.77680206298828,0.2580539882183075
2019-09-08,0.04671899974346161,0.3850559890270233,2.734102964401245,,307.00982666015625,22.561689376831055,10441.2763671875,0.002500999951735139,,6.659811019897461,181.35552978515625,4.180232048034668,,,1.8309639692306519,70.54936981201172,,0.060881998389959335,77.3759536743164,0.2630839943885803
2019-09-15,0.04679900035262108,0.33010199666023254,3.448309898376465,,304.2327880859375,20.598939895629883,10347.712890625,0.002460000105202198,,6.265082836151123,189.78912353515625,4.1369500160217285,,,1.6175249814987183,70.31517791748047,,0.05812299996614456,75.6910629272461,0.26162800192832947
2019-09-22,0.04911100119352341,0.3010999858379364,2.9105069637298584,,308.3019104003906,20.525558471679688,10070.392578125,0.0025919999461621046,,6.0277252197265625,211.54537963867188,3.588876962661743,0.03973500058054924,,1.8214000463485718,72.61611938476562,,0.06892000138759613,73.18858337402344,0.27893099188804626
2019-09-29,0.0374860018491745,0.22682200372219086,2.2064969539642334,,220.43026733398438,15.305100440979004,8104.185546875,0.002222999930381775,,4.577936172485352,170.50347900390625,3.3250370025634766,0.03577600046992302,,1.7172199487686157,54.31954574584961,,0.05812700092792511,56.16451644897461,0.2413879930973053
2019-10-06,0.03932400047779083,0.21521100401878357,2.666872978210449,,223.41192626953125,15.348979949951172,7988.15576171875,0.002345999935641885,,4.545604228973389,173.05914306640625,3.1283950805664062,0.0384100005030632,,2.188102960586548,55.41156768798828,,0.059092000126838684,55.49547576904297,0.2577050030231476
2019-10-13,0.04132499918341637,0.2515360116958618,2.879395008087158,,224.1232452392578,18.308025360107422,8321.005859375,0.0024470000062137842,,4.761198043823242,182.0751495361328,3.892457962036133,0.03310900181531906,,2.497457981109619,56.71399688720703,,0.06013600155711174,53.525482177734375,0.2777650058269501
2019-10-20,0.03952899947762489,0.22396400570869446,2.9040839672088623,,224.9257354736328,18.437923431396484,8222.078125,0.002730000065639615,,4.517395973205566,175.5343780517578,3.9606640338897705,0.03282599896192551,,2.4414639472961426,54.93437957763672,,0.06324700266122818,56.42353439331055,0.2941789925098419
2019-10-27,0.04233499988913536,0.21871399879455566,3.202881097793579,,261.2515869140625,19.345645904541016,9551.71484375,0.0026539999525994062,,4.797802925109863,184.24221801757812,4.586543083190918,0.0316849984228611,,2.675462007522583,59.91399002075195,,0.06451299786567688,59.75286865234375,0.29809999465942383
2019-11-03,0.041930001229047775,0.2669309973716736,3.395911931991577,,292.7105712890625,20.206045150756836,9235.3544921875,0.0026370000559836626,,4.900924205780029,182.42501831054688,5.013929843902588,0.03686099871993065,,2.67179799079895,58.62519073486328,,0.06909099966287613,63.467376708984375,0.2912609875202179
2019-11-10,0.04395800083875656,0.26981300115585327,4.2079548835754395,,293.4754943847656,20.48175811767578,9055.5263671875,0.0027749999426305294,,5.052620887756348,189.47727966308594,6.410242080688477,0.035468000918626785,,2.7826459407806396,63.84146499633789,,0.07822799682617188,63.90266418457031,0.28020399808883667
2019-11-17,0.04542100057005882,0.27164098620414734,3.9242401123046875,,268.7431945800781,20.260793685913086,8577.9755859375,0.002647999906912446,,4.650425910949707,185.11923217773438,4.947780132293701,0.03286600112915039,,2.9318909645080566,59.57322692871094,,0.07213699817657471,62.14468002319336,0.2652530074119568
2019-11-24,0.03558799996972084,0.21177400648593903,3.0562710762023926,,205.1488037109375,15.278764724731445,7047.9169921875,0.002365000080317259,,3.7622649669647217,142.83470153808594,4.799678802490234,0.024538999423384666,,2.2557899951934814,44.73422622680664,,0.056880999356508255,48.22219467163086,0.2231840044260025
2019-12-01,0.03958699852228165,0.26303601264953613,3.807352066040039,,216.16964721679688,15.496335983276367,7424.29248046875,0.00229199999012053,,3.942126989364624,151.18572998046875,4.149188041687012,0.025456000119447708,,2.1671319007873535,47.7111701965332,,0.05808199942111969,53.58626174926758,0.22533300518989563
2019-12-08,0.038947999477386475,0.29399898648262024,3.9452381134033203,,214.35638427734375,15.67452335357666,7564.34521484375,0.0022380000445991755,,3.9234519004821777,151.2647247314453,3.9119811058044434,0.027448000386357307,,2.0590059757232666,45.952945709228516,,0.0561319999396801,54.24336624145508,0.23043499886989594
2019-12-15,0.036653000861406326,0.2667289972305298,4.494369983673096,,207.3648223876953,14.490446090698242,7152.3017578125,0.0021540001034736633,,3.8226919174194336,143.114990234375,4.7376790046691895,0.022881999611854553,,2.0868399143218994,43.75682830810547,,0.05139800161123276,50.924957275390625,0.21860100328922272
2019-12-22,0.03446599841117859,0.24927300214767456,4.268754959106445,,196.66177368164062,13.835881233215332,7511.5888671875,0.0021150000393390656,,4.20378303527832,132.3725128173828,5.038416862487793,0.018640000373125076,,1.935425043106079,41.96519088745117,,0.04729599878191948,47.45592498779297,0.19697800278663635
2019-12-29,0.03428399935364723,0.2336679995059967,4.267715930938721,,212.9558563232422,14.150045394897461,7422.65283203125,0.002067999914288521,,4.660552978515625,134.7579803466797,3.7427170276641846,0.013135000132024288,,1.9024039506912231,43.670658111572266,,0.046215999871492386,46.82925796508789,0.197051003575325
2020-01-05,0.034720998257398605,0.2316569983959198,4.231876850128174,,224.09652709960938,14.111019134521484,7411.3173828125,0.0024190000258386135,,4.907898902893066,136.2767791748047,3.4963390827178955,0.011760000139474869,,1.8077869415283203,43.55320739746094,,0.04535900056362152,54.096893310546875,0.1955370008945465
2020-01-12,0.037689998745918274,0.22730599343776703,4.262907028198242,,268.237060546875,15.322083473205566,8192.494140625,0.002380999969318509,,5.564109802246094,145.87393188476562,4.317707061767578,0.010985000059008598,,2.2451930046081543,51.08073806762695,,0.048319000750780106,59.324764251708984,0.21563300490379333
2020-01-19,0.041978999972343445,0.2400210052728653,4.518617153167725,,338.30511474609375,17.369253158569336,8706.2451171875,0.0024049999192357063,,8.508953094482422,166.9698486328125,5.137430191040039,0.010846000164747238,,2.6189510822296143,57.80069351196289,,0.060044001787900925,65.12628936767578,0.23558500409126282
2020-01-26,0.04458099976181984,0.23778000473976135,4.480583190917969,,346.99786376953125,17.43863296508789,8596.830078125,0.002305000089108944,,9.143773078918457,168.0771026611328,4.9178948402404785,0.011672000400722027,,2.571582078933716,56.21271514892578,,0.05857200175523758,63.87039566040039,0.2306859940290451
2020-02-02,0.055768001824617386,0.2534109950065613,4.406764984130859,,378.27301025390625,18.448184967041016,9344.365234375,0.0024679999332875013,,11.388736724853516,188.61753845214844,4.912385940551758,0.013144000433385372,,2.832581043243408,70.2315444946289,,0.06336700171232224,75.03939056396484,0.25073400139808655
2020-02-09,0.0618089996278286,0.3411160111427307,4.758784770965576,,449.8135986328125,24.308561325073242,10116.673828125,0.0032319999299943447,,11.71010684967041,228.5785675048828,3.8853468894958496,0.020632000640034676,,3.4773130416870117,77.09258270263672,,0.0728209987282753,87.6192626953125,0.28245699405670166
2020-02-16,0.06265400350093842,0.34185001254081726,4.394847869873047,,415.9406433105469,23.466388702392578,9934.43359375,0.002773999935016036,,9.635473251342773,259.89471435546875,6.195442199707031,0.05175400152802467,,4.504170894622803,75.152587890625,,0.07507900148630142,88.41964721679688,0.2950339913368225
2020-02-23,0.06151000037789345,0.4608190059661865,4.792140007019043,,401.6355285644531,22.82887077331543,9924.515625,0.00267999991774559,,9.734655380249023,273.754150390625,4.999791145324707,0.042753998190164566,,4.243481159210205,79.53665161132812,,0.07364500313997269,84.99668884277344,0.282710999250412
2020-03-01,0.04593199864029884,0.319689005613327,3.3682749271392822,,313.303466796875,18.963232040405273,8562.4541015625,0.0022750000935047865,,7.762577056884766,218.97059631347656,4.4022088050842285,0.03428899869322777,,3.879533052444458,57.956687927246094,,0.056251998990774155,64.73641967773438,0.2288459986448288
2020-03-08,0.04329099878668785,0.29334598779678345,3.104793071746826,,276.1997985839844,16.97406578063965,8108.1162109375,0.0021869998890906572,,6.4937849044799805,200.68905639648438,4.109177112579346,0.050579000264406204,,4.0896711349487305,51.728599548339844,,0.05074400082230568,56.371768951416016,0.20690399408340454
2020-03-15,0.02711999975144863,0.1483059972524643,1.9370050430297852,,178.311279296875,10.436017990112305,5392.31494140625,0.0016850000247359276,,5.056344985961914,125.21430206298828,2.847058057785034,0.04101699963212013,,2.109210968017578,36.43709182739258,,0.03828199952840805,38.07060623168945,0.15390199422836304
2020-03-22,0.02708899974822998,0.1472409963607788,1.9244329929351807,,203.6722869873047,11.158227920532227,5830.2548828125,0.0017310000257566571,,4.618292808532715,123.32115173339844,5.131250858306885,0.033452000468969345,,1.9888650178909302,35.628055572509766,,0.03719799965620041,38.34322738647461,0.15021400153636932
2020-03-29,0.028248999267816544,0.144228994846344,1.8627760410308838,,206.4635009765625,11.441221237182617,5922.04296875,0.0017229999648407102,,4.842806816101074,125.58373260498047,2.6475369930267334,0.03071100078523159,,2.025167942047119,37.332542419433594,,0.03812900185585022,44.108951568603516,0.1638289988040924
2020-04-05,0.032003000378608704,0.1712000072002411,2.0665841102600098,,231.99798583984375,13.734115600585938,6791.12939453125,0.0018649999983608723,,5.045292854309082,143.54664611816406,4.025808811187744,0.032673001289367676,,2.277324914932251,40.67013931274414,,0.043487999588251114,53.490596771240234,0.17940600216388702
2020-04-12,0.03380599990487099,0.18063299357891083,2.3322179317474365,,235.79196166992188,14.375110626220703,6971.091796875,0.001990000018849969,,5.342513084411621,161.14242553710938,3.8968560695648193,0.033546000719070435,,3.4626119136810303,42.450286865234375,0.8825070261955261,0.04944099858403206,53.98192596435547,0.19013500213623047
2020-04-19,0.035815998911857605,0.1894969940185547,2.4022250175476074,,233.5887908935547,16.13993263244629,7189.4248046875,0.0020580000709742308,,5.52642297744751,181.61495971679688,5.028977870941162,0.03308599814772606,,3.6375679969787598,42.63475036621094,0.6069689989089966,0.049208998680114746,57.44784164428711,0.19085900485515594
2020-04-26,0.045878998935222626,0.2252040058374405,2.799384117126465,,246.2655792236328,16.38376808166504,7679.8671875,0.00240899994969368,,6.22405481338501,197.31753540039062,5.295929908752441,0.034154001623392105,,3.716778039932251,44.6890869140625,0.6355059742927551,0.0625,61.228275299072266,0.19680500030517578
2020-05-03,0.04892899841070175,0.20729100704193115,2.777146100997925,,252.5444793701172,17.126298904418945,8897.46875,0.0025100000202655792,,7.226431846618652,210.9331512451172,5.284130096435547,0.039337001740932465,,3.7221689224243164,48.26715850830078,0.6795349717140198,0.07310599833726883,62.44111633300781,0.21941399574279785
2020-05-10,0.04767699912190437,0.19120800495147705,2.5182769298553467,,232.79788208007812,15.295668601989746,8756.4306640625,0.0024590000975877047,,6.202459812164307,188.5995635986328,4.504268169403076,0.03436199948191643,,3.761324882507324,42.36762619018555,0.5370339751243591,0.0643170028924942,58.858375549316406,0.19817599654197693
2020-05-17,0.051343001425266266,0.1977909952402115,2.54148006439209,,241.1920623779297,16.314645767211914,9670.7392578125,0.00253800000064075,,6.672947883605957,207.15869140625,5.768416881561279,0.035930998623371124,,3.7843289375305176,43.64083480834961,0.6129890084266663,0.06909999996423721,65.21220397949219,0.20125499367713928
2020-05-24,0.05264100059866905,0.19851699471473694,2.5260069370269775,,224.8321990966797,16.083438873291016,8790.3681640625,0.0024580000899732113,,6.610622882843018,202.37034606933594,7.357982158660889,0.037466999143362045,,3.836322069168091,42.44889450073242,0.5490530133247375,0.06486000120639801,61.193382263183594,0.19543099403381348
2020-05-31,0.07435200363397598,0.2346709966659546,2.7344560623168945,,239.8770294189453,17.04047203063965,9461.05859375,0.0025549998972564936,,6.932769775390625,230.9757080078125,11.421042442321777,0.04365500062704086,,4.129938125610352,45.59188461303711,0.5700219869613647,0.07062699645757675,65.06526184082031,0.20290599763393402
2020-06-07,0.08665399998426437,0.23204000294208527,3.0269010066986084,,254.33514404296875,17.44703483581543,9758.8525390625,0.002606000052765012,,6.846618175506592,245.16725158691406,10.748462677001953,0.043954998254776,,4.34993314743042,46.66800308227539,0.6165779829025269,0.07900000363588333,66.61039733886719,0.20344899594783783
2020-06-14,0.07674799859523773,0.2346780002117157,2.771541118621826,,238.761962890625,16.65624237060547,9386.7880859375,0.0025110000278800726,,6.351884841918945,234.1147003173828,12.652222633361816,0.041064001619815826,,3.9550130367279053,44.08452606201172,0.5870770215988159,0.07141400128602982,65.73342895507812,0.1916169971227646
2020-06-21,0.0784749984741211,0.2328609973192215,2.607177972793579,,231.2866973876953,16.0012264251709,9303.6298828125,0.0024470000062137842,,6.220701217651367,228.9898223876953,12.289663314819336,0.0434969998896122,,4.189149856567383,43.08744430541992,0.6731489896774292,0.06875699758529663,64.54891204833984,0.18560999631881714
2020-06-28,0.08039200305938721,0.20808400213718414,2.514017105102539,,222.71221923828125,15.420088768005371,9143.58203125,0.002326000016182661,,5.759665012359619,225.34716796875,10.506248474121094,0.03829700127243996,,4.563483238220215,41.408267974853516,0.7984949946403503,0.06437800079584122,63.314903259277344,0.1776919960975647
2020-07-05,0.09821099787950516,0.21514199674129486,2.9252429008483887,,221.84327697753906,15.480225563049316,9073.9423828125,0.0023089998867362738,,5.654655933380127,227.6645965576172,20.40531349182129,0.03950899839401245,,4.7421698570251465,41.59807586669922,0.6916639804840088,0.06717699766159058,63.220115661621094,0.1770170032978058
2020-07-12,0.12678299844264984,0.27914899587631226,4.015896797180176,,236.76905822753906,18.23654556274414,9276.5,0.0036299999337643385,,6.450017929077148,242.13169860839844,18.35694122314453,0.04261099919676781,,7.309183120727539,44.63610076904297,1.0167160034179688,0.09500200301408768,69.13372039794922,0.20053799450397491
2020-07-19,0.12371200323104858,0.3882009983062744,4.189864158630371,4.986753940582275,227.096435546875,17.955778121948242,9185.8173828125,0.003381999908015132,,6.0790791511535645,238.48751831054688,14.703351020812988,0.03996099904179573,,8.065190315246582,42.552730560302734,0.9203490018844604,0.0998769998550415,68.77247619628906,0.19913500547409058
2020-07-26,0.14810800552368164,0.3205470144748688,3.80503511428833,,246.82443237304688,19.521024703979492,9905.1669921875,0.003234999952837825,,6.620230197906494,309.64361572265625,17.289915084838867,0.04101800173521042,,7.49900484085083,47.97871780395508,1.5651099681854248,0.09873200207948685,77.94244384765625,0.21498200297355652
2020-08-02,0.13350500166416168,0.30119800567626953,3.8917980194091797,,283.781982421875,20.944887161254883,11053.6142578125,0.0033360000234097242,,7.17868185043335,370.6717224121094,18.7976131439209,0.04309200122952461,,8.27177619934082,56.64144515991211,1.7428100109100342,0.10254999995231628,84.96739959716797,0.28706198930740356
2020-08-09,0.14524400234222412,0.4255070090293884,5.283985137939453,,300.4008483886719,22.475536346435547,11675.7392578125,0.0034630000591278076,,6.893592834472656,391.1204528808594,18.774457931518555,0.044950999319553375,,13.853204727172852,57.13903045654297,2.6652278900146484,0.10508599877357483,93.05657196044922,0.2886529862880707
2020-08-16,0.13847100734710693,0.6294170022010803,6.221525192260742,,307.86529541015625,23.497102737426758,11892.8037109375,0.003524000057950616,,7.244569778442383,433.78662109375,17.311832427978516,0.053047001361846924,,18.80418586730957,63.826541900634766,3.385653018951416,0.11461900174617767,91.22023010253906,0.30349200963974
2020-08-23,0.12159500271081924,0.613548994064331,8.524182319641113,,284.9570617675781,21.87084197998047,11664.84765625,0.003413999918848276,3.9670660495758057,6.777528762817383,391.3844909667969,20.47020721435547,0.04883300140500069,,15.174675941467285,60.623260498046875,3.3224310874938965,0.10305000096559525,91.31260681152344,0.28538599610328674
2020-08-30,0.11743699759244919,0.51870197057724,7.635519027709961,,279.0695495605469,23.644914627075195,11711.505859375,0.0032999999821186066,5.8698811531066895,6.685410976409912,428.3957214355469,23.271316528320312,0.047022998332977295,,16.472963333129883,62.725341796875,4.4358229637146,0.0982469990849495,96.148193359375,0.28303399682044983
2020-09-06,0.09306000173091888,0.3746350109577179,5.185610771179199,,228.45327758789062,23.190662384033203,10280.3515625,0.00278700003400445,4.799468040466309,5.192959785461426,353.3622741699219,20.203025817871094,0.03667899966239929,,12.913728713989258,48.05357360839844,3.086042881011963,0.07786200195550919,80.33264923095703,0.24073100090026855
2020-09-13,0.09485600143671036,0.3772760033607483,5.28172492980957,,221.8260040283203,31.058629989624023,10323.755859375,0.0027759999502450228,5.2979512214660645,5.075143814086914,365.57000732421875,18.18144989013672,0.03660599887371063,,11.993545532226562,48.066036224365234,3.2258388996124268,0.08006100356578827,89.50423431396484,0.24180099368095398
2020-09-20,0.08943299949169159,0.32780998945236206,4.666289806365967,,226.41571044921875,26.392133712768555,10938.271484375,0.0027779999654740095,4.672449111938477,5.109914779663086,371.0528259277344,16.745330810546875,0.03348100185394287,,9.768121719360352,47.100528717041016,2.8709030151367188,0.07740599662065506,93.36177062988281,0.24674299359321594
2020-09-27,0.10128699988126755,0.31384000182151794,4.734845161437988,4.62553596496582,228.81472778320312,26.199216842651367,10775.26953125,0.0026920000091195107,4.310280799865723,5.447576999664307,357.4385070800781,15.173900604248047,0.031530000269412994,,10.76908016204834,46.09169387817383,3.152946949005127,0.07333599776029587,97.18185424804688,0.2427549958229065
2020-10-04,0.09634800255298615,0.31327301263809204,5.306818962097168,3.9611101150512695,221.39239501953125,28.9438533782959,10669.5830078125,0.002635000040754676,4.173911094665527,5.162937164306641,352.5790100097656,21.564393997192383,0.030674999579787254,,9.40491008758545,46.730106353759766,2.5159950256347656,0.07295499742031097,105.56314086914062,0.2476850003004074
2020-10-11,0.10653799772262573,0.3322010040283203,6.0797600746154785,4.095879077911377,239.6698455810547,28.555580139160156,11384.181640625,0.0026740001048892736,4.262162208557129,5.4377570152282715,375.1420593261719,26.476743698120117,0.03407600149512291,,10.847407341003418,50.727901458740234,2.4265780448913574,0.07722900062799454,125.921875,0.25571900606155396
2020-10-18,0.10738799721002579,0.3162580132484436,5.763816833496094,4.116062164306641,249.81216430664062,30.659523010253906,11483.359375,0.0025859999004751444,4.104650974273682,5.2227349281311035,378.21368408203125,32.4410285949707,0.03273800015449524,,10.88071346282959,47.619544982910156,2.2142670154571533,0.07955099642276764,123.62600708007812,0.24222500622272491
2020-10-25,0.10635100305080414,0.3031879961490631,5.299009799957275,4.153210163116455,271.0794372558594,30.107540130615234,13031.173828125,0.002652999944984913,4.335230827331543,5.548081874847412,406.2177734375,38.49485778808594,0.03198299929499626,,12.160058975219727,58.674800872802734,1.7874590158462524,0.08314300328493118,130.79931640625,0.25321298837661743
2020-11-01,0.09819699823856354,0.2572909891605377,4.735604763031006,3.682663917541504,267.5558166503906,28.461565017700195,13737.109375,0.0025820001028478146,4.22561502456665,5.214980125427246,396.3581848144531,31.591875076293945,0.029322000220417976,,11.536629676818848,55.587623596191406,1.5998400449752808,0.07847800105810165,126.5552978515625,0.23979699611663818
2020-11-08,0.10662099719047546,0.2664940059185028,4.803346157073975,3.476598024368286,270.6977844238281,28.305116653442383,15479.5673828125,0.002710999920964241,4.372093200683594,5.17813777923584,453.5547790527344,30.691877365112305,0.030277999117970467,,12.656035423278809,61.05504608154297,2.1565980911254883,0.08153799921274185,120.33414459228516,0.2539390027523041
2020-11-15,0.10053099691867828,0.2548860013484955,4.9801411628723145,3.5365800857543945,241.36802673339844,27.621030807495117,15955.587890625,0.0027749999426305294,4.379988193511963,5.027723789215088,447.55908203125,27.825685501098633,0.03127000108361244,,12.12181282043457,62.27992248535156,2.04323410987854,0.08029399812221527,114.62094116210938,0.2696419954299927
2020-11-22,0.14475999772548676,0.2970300018787384,5.463234901428223,3.8899691104888916,286.993408203125,29.925071716308594,18370.001953125,0.0033289999701082706,5.481853008270264,6.020376205444336,558.068115234375,29.709884643554688,0.033661000430583954,,14.444801330566406,82.70420837402344,2.1448450088500977,0.10352600365877151,123.33387756347656,0.44369998574256897
2020-11-29,0.16663900017738342,0.3175579905509949,5.425221920013428,3.7043120861053467,283.9314880371094,30.117603302001953,18177.484375,0.003447999944910407,5.190351963043213,6.392298221588135,575.758056640625,30.01217269897461,0.03365600109100342,,13.372918128967285,79.23506927490234,1.915155053138733,0.19422399997711182,123.99252319335938,0.6062459945678711
2020-12-06,0.1588670015335083,0.33714398741722107,5.207972049713135,3.599608898162842,286.3561096191406,29.540803909301758,19345.12109375,0.003387999953702092,5.135868072509766,6.161809921264648,601.9089965820312,29.360336303710938,0.036851998418569565,,13.49239730834961,83.55533599853516,1.8542490005493164,0.17563000321388245,134.6505584716797,0.6198509931564331
2020-12-13,0.15396399796009064,0.3091430068016052,5.1895341873168945,3.331057071685791,275.3485107421875,29.10169219970703,19142.3828125,0.0032560001127421856,4.891211986541748,6.114131927490234,589.6632080078125,30.087234497070312,0.03495199978351593,,12.933703422546387,82.00064086914062,1.5654560327529907,0.17485199868679047,151.90992736816406,0.51146399974823
2020-12-20,0.1619880050420761,0.3390049934387207,5.025793075561523,3.311469078063965,348.1605529785156,34.16029739379883,23477.294921875,0.004625000059604645,5.188476085662842,6.474915981292725,638.2908325195312,28.348827362060547,0.036945998668670654,,13.070074081420898,114.6659927368164,1.5635759830474854,0.17697900533676147,152.50001525878906,0.5560579895973206
2020-12-27,0.15442200005054474,0.3191229999065399,4.827108860015869,2.906161069869995,338.1799621582031,33.51184844970703,26272.294921875,0.004548000171780586,5.136190891265869,5.807237148284912,682.642333984375,22.26886749267578,0.031814999878406525,,12.129708290100098,127.5169677734375,1.3030420541763306,0.1449729949235916,157.25827026367188,0.28303900361061096
2021-01-03,0.20499500632286072,0.4227670133113861,5.813898086547852,3.4729440212249756,421.78985595703125,41.14897918701172,32782.0234375,0.009770999662578106,10.033283233642578,6.557407855987549,975.5076904296875,21.42637825012207,0.033048998564481735,,13.650172233581543,160.19058227539062,2.1617519855499268,0.1364230066537857,138.06442260742188,0.2258480042219162
2021-01-10,0.3048950135707855,0.4620310068130493,6.430041790008545,6.586495876312256,603.5962524414062,42.4484748840332,38356.44140625,0.009859999641776085,9.305047988891602,8.894905090332031,1262.2467041015625,23.497114181518555,0.049789998680353165,,16.2474308013916,171.11483764648438,3.466110944747925,0.28874900937080383,185.1379852294922,0.31833600997924805
2021-01-17,0.3798519968986511,0.5840569734573364,8.506616592407227,13.20268440246582,478.7698059082031,45.68461227416992,35791.27734375,0.009066999889910221,16.984254837036133,7.651183128356934,1230.1722412109375,24.35165786743164,0.06131799891591072,,23.166772842407227,142.43081665039062,3.81813907623291,0.30356600880622864,159.58282470703125,0.2773840129375458
2021-01-24,0.35388100147247314,0.5634490251541138,8.240554809570312,12.463919639587402,440.10333251953125,41.88160705566406,32289.37890625,0.008727000094950199,17.999649047851562,7.633081912994385,1391.609375,22.759355545043945,0.09386499971151352,,24.701858520507812,141.47731018066406,3.634411096572876,0.27155598998069763,137.47047424316406,0.2735089957714081
2021-01-31,0.344897985458374,0.6512479782104492,8.137375831604004,13.516318321228027,399.7699279785156,44.27599334716797,33114.359375,0.037195999175310135,16.121315002441406,7.4120378494262695,1314.9862060546875,22.27235984802246,0.08212199807167053,,22.598434448242188,129.57081604003906,4.264143943786621,0.30570200085639954,138.06069946289062,0.49231401085853577
2021-02-07,0.663237988948822,0.8450400233268738,13.916703224182129,24.207178115844727,445.169677734375,68.59052276611328,38903.44140625,0.07878199964761734,19.793615341186523,8.293875694274902,1614.227783203125,24.080337524414062,0.09631200134754181,,24.79012107849121,151.14007568359375,6.700462818145752,0.3834730088710785,150.74122619628906,0.41795799136161804
2021-02-14,0.8484190106391907,1.4720920324325562,19.243099212646484,38.57595443725586,724.0156860351562,136.426513671875,48717.2890625,0.06253699958324432,27.095735549926758,16.143665313720703,1805.0841064453125,47.475772857666016,0.12696999311447144,,33.290321350097656,214.43026733398438,8.738896369934082,0.5176439881324768,230.6996307373047,0.5941929817199707
2021-02-21,1.1005200147628784,1.3081640005111694,21.591426849365234,36.147972106933594,707.5924072265625,293.923583984375,57539.9453125,0.055980000644922256,39.69622802734375,15.662422180175781,1935.60107421875,44.78836441040039,0.14720499515533447,,34.152740478515625,227.23135375976562,11.0855131149292,0.49876800179481506,247.6500244140625,0.5485600233078003
2021-02-28,1.3080589771270752,1.0172239542007446,17.622764587402344,23.823219299316406,459.91448974609375,209.57440185546875,45137.76953125,0.04805200174450874,33.60725784301758,10.312784194946289,1416.0489501953125,35.991943359375,0.11542099714279175,,24.663532257080078,164.9271697998047,13.08924674987793,0.40665099024772644,217.98951721191406,0.41495299339294434
2021-03-07,1.1333669424057007,1.1036490201950073,19.4936580657959,26.65015411376953,516.1735229492188,240.17921447753906,51206.69140625,0.052122000604867935,35.18865966796875,11.526579856872559,1723.15380859375,41.53217697143555,0.15266700088977814,,28.5482120513916,190.7591094970703,13.877732276916504,0.4128440022468567,208.65786743164062,0.46686699986457825
2021-03-14,1.0591540336608887,1.1303900480270386,18.5537052154541,29.05876922607422,557.757080078125,264.6367492675781,59302.31640625,0.05859199911355972,36.57925033569336,12.78416633605957,1854.5643310546875,54.541751861572266,0.3669469952583313,,28.789424896240234,215.2960968017578,14.50826644897461,0.3915329873561859,233.17828369140625,0.442111998796463
2021-03-21,1.18913996219635,1.1817710399627686,20.507261276245117,32.81172180175781,526.5610961914062,264.88616943359375,57523.421875,0.05723400041460991,36.793609619140625,11.999411582946777,1788.217041015625,80.99925231933594,0.34411001205444336,,29.272838592529297,196.42774963378906,14.332205772399902,0.4049989879131317,233.20999145507812,0.5198349952697754
2021-03-28,1.1911239624023438,1.2367429733276367,19.308496475219727,28.69735336303711,501.00360107421875,269.1912841796875,55950.74609375,0.05369799956679344,32.29789352416992,11.880669593811035,1691.35595703125,125.44705200195312,0.34257400035858154,,26.69699478149414,185.0284881591797,18.016233444213867,0.39934098720550537,233.97366333007812,0.5507559776306152
2021-04-04,1.1914199590682983,1.3149319887161255,21.73773193359375,29.3297119140625,566.5130615234375,351.6243896484375,58758.5546875,0.05740400031208992,44.6522102355957,14.617213249206543,2093.122802734375,183.77664184570312,0.33306699991226196,,30.9572811126709,204.04290771484375,24.061323165893555,0.43780699372291565,261.9903259277344,0.6467289924621582
2021-04-11,1.2667349576950073,1.5204880237579346,23.345903396606445,31.60232162475586,696.6084594726562,525.3855590820312,60204.96484375,0.07464899867773056,41.423397064208984,20.43368148803711,2157.656982421875,179.18431091308594,0.34918099641799927,,33.91918182373047,253.63446044921875,27.9318904876709,0.5888100266456604,327.3172607421875,1.3605300188064575
2021-04-18,1.275501012802124,1.4540380239486694,21.377643585205078,29.253093719482422,965.6826171875,481.03424072265625,56216.18359375,0.3204750120639801,37.34743118286133,37.008113861083984,2237.136962890625,156.309326171875,0.31154701113700867,,39.06591033935547,273.09881591796875,32.30291748046875,0.544734001159668,337.78582763671875,1.4059979915618896
2021-04-25,1.0882500410079956,1.094038963317871,18.650671005249023,21.543121337890625,757.708740234375,505.0770568847656,49004.25390625,0.2511110007762909,29.762489318847656,29.111286163330078,2316.0595703125,133.92662048339844,0.24509400129318237,,31.540620803833008,223.6328582763672,47.36762619018555,0.4164380133152008,355.37060546875,1.032256007194519
2021-05-02,1.3268120288848877,1.3871430158615112,23.09726333618164,31.304956436157227,974.6554565429688,622.1010131835938,56631.078125,0.37604600191116333,36.6545295715332,44.903751373291016,2952.05615234375,162.5815887451172,0.3288860023021698,,39.50485610961914,269.1043701171875,46.890987396240234,0.5594919919967651,405.1292419433594,1.5626410245895386
2021-05-09,1.7705620527267456,1.5126049518585205,28.779552459716797,39.021636962890625,1428.52880859375,662.2285766601562,58232.31640625,0.5700700283050537,40.312843322753906,117.37632751464844,3928.8447265625,146.41610717773438,0.29188698530197144,,52.19869613647461,386.4507751464844,44.330196380615234,0.6285889744758606,483.5836181640625,1.5352929830551147
2021-05-16,2.309113025665283,1.400199055671692,24.323753356933594,36.5188102722168,1168.72900390625,562.829833984375,46456.05859375,0.5148950219154358,42.63151168823242,93.78987884521484,3587.506103515625,107.6959228515625,0.3292210102081299,225.08676147460938,40.73714828491211,296.6270446777344,47.200828552246094,0.7143020033836365,390.9146728515625,1.452605962753296
2021-05-23,1.325435996055603,0.8259029984474182,11.738483428955078,15.756152153015137,556.1397705078125,262.9456787109375,34770.58203125,0.30807098746299744,18.029441833496094,51.96479415893555,2109.579833984375,65.10672760009766,0.23295900225639343,144.61146545410156,20.008373260498047,143.5193634033203,24.68874740600586,0.36780500411987305,227.9290771484375,0.7970150113105774
2021-05-30,1.577278971672058,0.8501799702644348,12.588836669921875,16.534385681152344,663.5120239257812,325.7840270996094,35678.12890625,0.3022240102291107,20.473987579345703,66.36599731445312,2390.305419921875,68.42208099365234,0.2184859961271286,111.35319519042969,26.86960220336914,170.9782257080078,28.602659225463867,0.37568798661231995,262.333740234375,0.9066089987754822
2021-06-06,1.6782480478286743,1.024901032447815,15.098883628845215,17.400110244750977,657.4957275390625,393.8202209472656,35862.37890625,0.3718070089817047,24.20159912109375,64.10669708251953,2715.0927734375,87.02347564697266,0.22867999970912933,104.58992004394531,27.551576614379883,176.63943481445312,42.30837631225586,0.38125500082969666,272.5946960449219,0.945285975933075
2021-06-13,1.5583590269088745,1.040552020072937,12.500146865844727,14.775566101074219,614.3549194335938,366.6489562988281,39097.859375,0.3243820071220398,22.07633399963379,59.05662536621094,2508.3916015625,73.18509674072266,0.19670699536800385,64.56804656982422,23.337600708007812,170.93087768554688,38.77043533325195,0.3447299897670746,261.1946105957031,0.8831599950790405
2021-06-20,1.4291880130767822,0.9360150098800659,12.013412475585938,13.970991134643555,557.5296020507812,340.06719970703125,35698.296875,0.2809000015258789,20.67236328125,51.11225128173828,2246.364501953125,63.315895080566406,0.1933950036764145,47.21138000488281,21.735416412353516,155.09259033203125,35.32201385498047,0.2976300120353699,264.6008605957031,0.7763770222663879
2021-06-27,1.3352019786834717,0.834954023361206,10.049683570861816,10.919079780578613,476.8872985839844,290.5670166015625,34649.64453125,0.2644500136375427,15.015593528747559,42.331085205078125,1978.8946533203125,56.127647399902344,0.1822820007801056,42.89836120605469,18.344139099121094,132.34788513183594,31.929391860961914,0.25864800810813904,211.19906616210938,0.6469230055809021
2021-07-04,1.458184003829956,0.8798410296440125,12.263547897338867,12.350099563598633,526.4296875,307.7320861816406,35287.78125,0.2464829981327057,16.014026641845703,56.24565887451172,2321.72412109375,58.772308349609375,0.19421499967575073,46.851593017578125,19.26283836364746,144.90585327148438,34.31060028076172,0.26812800765037537,219.84141540527344,0.6949449777603149
2021-07-11,1.3481450080871582,0.8924329876899719,14.06259536743164,12.413664817810059,498.2137145996094,322.0316467285156,34240.1875,0.21585600078105927,15.48243522644043,49.690425872802734,2139.664794921875,55.09626007080078,0.17155000567436218,39.690391540527344,18.363967895507812,134.24583435058594,32.17784118652344,0.24615700542926788,211.5214385986328,0.6359350085258484
2021-07-18,1.183698058128357,0.7999110221862793,10.983057975769043,10.70465087890625,439.6506042480469,302.4804992675781,31796.810546875,0.18223300576210022,12.682146072387695,41.98915100097656,1895.5521240234375,46.89200210571289,0.18229800462722778,32.381263732910156,15.502411842346191,119.51201629638672,26.751909255981445,0.23073799908161163,199.52015686035156,0.5879219770431519
2021-07-25,1.2285009622573853,0.890030026435852,11.451760292053223,11.2407865524292,456.024658203125,302.4361572265625,35350.1875,0.19786399602890015,13.712599754333496,48.462284088134766,2191.373779296875,49.005374908447266,0.1766120046377182,42.58781814575195,16.759658813476562,127.59797668457031,28.168773651123047,0.2617419958114624,213.48745727539062,0.6063569784164429
2021-08-01,1.3177299499511719,0.8141409754753113,12.362028121948242,12.877431869506836,527.8416137695312,333.4840087890625,39974.89453125,0.2044370025396347,18.413965225219727,50.41701126098633,2561.85205078125,53.93782424926758,0.20614799857139587,40.91436767578125,22.12683868408203,140.73553466796875,34.25436019897461,0.27617698907852173,236.2314453125,0.7259219884872437
2021-08-08,1.4278299808502197,0.8254209756851196,13.132248878479004,14.814119338989258,556.0963134765625,342.06475830078125,43798.1171875,0.2400449961423874,19.676132202148438,57.159027099609375,3013.732666015625,64.46961975097656,0.21380400657653809,55.23996353149414,23.045608520507812,149.8477325439453,37.673824310302734,0.28733599185943604,256.8537292480469,0.7787389755249023
2021-08-15,2.1691529750823975,0.9964510202407837,15.904951095581055,18.795135498046875,703.1863403320312,414.59503173828125,47047.00390625,0.34144100546836853,23.17401695251465,74.8968505859375,3310.504150390625,73.18621063232422,0.25212299823760986,63.49159622192383,27.90401268005371,184.904296875,53.74515914916992,0.3916090130805969,272.2369384765625,1.288159966468811
2021-08-22,2.7137250900268555,1.1581649780273438,21.857561111450195,43.53219985961914,672.6182861328125,449.0534973144531,49321.65234375,0.3149630129337311,27.736873626708984,67.51551818847656,3242.115478515625,77.2397689819336,0.24159899353981018,64.81656646728516,28.022817611694336,186.31309509277344,72.80391693115234,0.37310901284217834,305.6070556640625,1.2277220487594604
2021-08-29,2.8559861183166504,1.0215229988098145,21.201059341430664,47.50910568237305,660.1724853515625,480.28302001953125,48829.83203125,0.281125009059906,25.73291778564453,63.441280364990234,3227.002685546875,73.67280578613281,0.2530899941921234,72.12100219726562,25.813661575317383,174.7042236328125,94.46967315673828,0.3437409996986389,291.57196044921875,1.1408319473266602
2021-09-05,2.9108240604400635,1.3166719675064087,25.75535774230957,48.178924560546875,764.1975708007812,504.619873046875,51753.41015625,0.3145270049571991,34.408790588378906,73.59529876708984,3952.133544921875,113.60474395751953,0.3073279857635498,79.27398681640625,33.5034294128418,231.333984375,142.0708770751953,0.3973909914493561,315.1960754394531,1.3054980039596558
2021-09-12,2.5817270278930664,2.3794798851013184,34.999603271484375,59.259429931640625,647.3294677734375,416.6832275390625,46063.26953125,0.25061699748039246,35.77433776855469,58.17897033691406,3410.134521484375,83.78145599365234,0.4206089973449707,59.54058837890625,29.379243850708008,183.23448181152344,174.53762817382812,0.3331559896469116,256.3243408203125,1.119636058807373
2021-09-19,2.282299041748047,1.9734530448913574,44.542789459228516,70.07572174072266,609.2835083007812,408.4716491699219,47260.21875,0.23314200341701508,33.801334381103516,55.33708572387695,3329.447998046875,83.51979064941406,0.3960709869861603,57.18523025512695,27.395748138427734,175.7406005859375,152.51669311523438,0.31418299674987793,259.9263610839844,1.0484280586242676
2021-09-26,2.2084949016571045,1.7736339569091797,39.619590759277344,66.86196899414062,503.66741943359375,344.1817626953125,43208.5390625,0.20496200025081635,28.828662872314453,47.1963005065918,3062.265380859375,55.73310470581055,0.3348349928855896,43.6741943359375,24.602155685424805,150.640869140625,135.69937133789062,0.2761650085449219,234.10971069335938,0.944720983505249
2021-10-03,2.252872943878174,1.9876610040664673,38.79066467285156,68.717041015625,570.4993286132812,430.5088195800781,48199.953125,0.2217479944229126,32.105255126953125,53.71692657470703,3418.358642578125,69.07921600341797,0.4004569947719574,50.2718391418457,27.559040069580078,170.60997009277344,172.5891571044922,0.31509700417518616,259.0079040527344,1.0551700592041016
2021-10-10,2.197213888168335,1.7714530229568481,32.51460266113281,56.59357452392578,586.6426391601562,405.0693054199219,54771.578125,0.22980499267578125,34.4664192199707,53.04412841796875,3425.852783203125,69.88310241699219,0.3434630036354065,45.07952880859375,25.648935317993164,175.31857299804688,148.0487060546875,0.33251699805259705,270.700439453125,1.1384530067443848
2021-10-17,2.1569631099700928,1.7681440114974976,32.414329528808594,56.07736587524414,611.6915283203125,470.62554931640625,61553.6171875,0.23789800703525543,42.073951721191406,53.069522857666016,3847.1044921875,63.41889190673828,0.35619500279426575,44.102447509765625,26.54088592529297,183.73052978515625,159.74380493164062,0.382656991481781,260.8040466308594,1.0934679508209229
2021-10-24,2.1234350204467773,1.8166329860687256,34.29521560668945,64.51839447021484,617.8567504882812,476.63311767578125,60930.8359375,0.2770479917526245,42.385658264160156,55.04384231567383,4087.903076171875,62.658470153808594,0.36757299304008484,43.403900146484375,29.770856857299805,190.9056854248047,202.3619842529297,0.3728429973125458,289.7657775878906,1.0842829942703247
2021-10-31,1.9650260210037231,1.8286900520324707,37.26321792602539,64.28780364990234,596.2386474609375,524.3644409179688,61318.95703125,0.28024399280548096,42.742095947265625,54.3254508972168,4288.07421875,64.41033935546875,0.40703099966049194,45.03350830078125,29.98500633239746,191.81637573242188,202.4210205078125,0.37285101413726807,273.70703125,1.113247036933899
2021-11-07,2.021872043609619,1.8654299974441528,35.71665954589844,87.7054214477539,600.8812866210938,650.4540405273438,63326.98828125,0.2663150131702423,52.27798080444336,53.89679718017578,4620.5546875,62.59418487548828,0.3947640061378479,53.728450775146484,32.34956359863281,202.0513153076172,249.823486328125,0.36343398690223694,267.1040344238281,1.2175339460372925
2021-11-14,2.0408530235290527,1.9831290245056152,31.88081169128418,95.4035415649414,678.7428588867188,650.9180908203125,65466.83984375,0.26291200518608093,46.40182113647461,56.160709381103516,4626.35888671875,62.56440734863281,0.43834200501441956,48.27361297607422,33.77658462524414,278.00750732421875,238.42552185058594,0.3774290084838867,275.1365966796875,1.1885969638824463
2021-11-21,1.8397630453109741,1.8339359760284424,31.03998565673828,128.59982299804688,575.9271850585938,585.2942504882812,58730.4765625,0.22632800042629242,42.005706787109375,50.5678825378418,4269.73291015625,53.28694534301758,0.38554298877716064,43.3924560546875,29.036161422729492,221.77194213867188,231.28262329101562,0.3441599905490875,250.87969970703125,1.0601730346679688
2021-11-28,1.5928549766540527,1.7117149829864502,27.404687881469727,110.58901977539062,568.336181640625,611.3668212890625,57248.45703125,0.20747199654579163,35.76512145996094,47.523162841796875,4294.45361328125,56.49541091918945,0.33242300152778625,41.812034606933594,24.823909759521484,199.35421752929688,200.67665100097656,0.32363998889923096,239.05331420898438,0.9687510132789612
2021-12-05,1.3781050443649292,1.7584830522537231,24.625228881835938,85.79002380371094,453.4902648925781,557.7830810546875,49368.84765625,0.17125500738620758,28.310138702392578,38.83784866333008,4198.32275390625,39.08121871948242,0.2755419909954071,30.320066452026367,19.47732162475586,156.4097900390625,196.1682586669922,0.2805449962615967,201.2701416015625,0.8055949807167053
2021-12-12,1.3472820520401,1.5420000553131104,24.574207305908203,88.10911560058594,458.7115783691406,570.823974609375,50098.3359375,0.16989099979400635,29.608980178833008,37.96453857421875,4134.453125,39.79555130004883,0.2559190094470978,28.489110946655273,20.456584930419922,159.20396423339844,173.43167114257812,0.27625998854637146,198.01776123046875,0.841323971748352
2021-12-19,1.2446609735488892,1.3555690050125122,22.1431827545166,107.67378234863281,433.01910400390625,529.9720458984375,46707.015625,0.1695760041475296,24.791400909423828,34.86055374145508,3922.592529296875,35.792240142822266,0.32359299063682556,22.668968200683594,18.85244369506836,153.07763671875,180.09805297851562,0.25326499342918396,183.8477783203125,0.8350329995155334
2021-12-26,1.4560450315475464,1.608536958694458,32.204071044921875,115.21482849121094,452.2210998535156,546.9949951171875,50809.515625,0.19001999497413635,31.332836151123047,37.97376251220703,4067.328125,37.29099655151367,0.3189780116081238,26.727596282958984,23.00971221923828,155.99234008789062,198.000732421875,0.2914699912071228,217.1085968017578,0.921180009841919
2022-01-02,1.3775839805603027,1.6740410327911377,35.60345458984375,113.18633270263672,447.8326416015625,531.3966674804688,47345.21875,0.17440299689769745,29.73116683959961,35.39639663696289,3829.56494140625,35.79262161254883,0.31215301156044006,27.28641128540039,21.831890106201172,151.2554931640625,176.38284301757812,0.2917029857635498,239.3717041015625,0.8591179847717285
2022-01-09,1.17385995388031,1.4020320177078247,34.975589752197266,89.20655822753906,377.10284423828125,438.8030700683594,41911.6015625,0.15106500685214996,24.6273193359375,29.766279220581055,3157.75146484375,30.234939575195312,0.272504985332489,36.04344177246094,27.56621742248535,131.29832458496094,140.83900451660156,0.2612740099430084,190.5654754638672,0.7545049786567688
2022-01-16,1.407251000404358,1.4303719997406006,43.605411529541016,92.23979949951172,388.71160888671875,498.42791748046875,43113.87890625,0.17717599868774414,27.665128707885742,32.26341247558594,3350.921875,30.41349220275879,0.27932998538017273,31.162372589111328,25.55315589904785,146.533203125,147.8565216064453,0.2587670087814331,224.06605529785156,0.778954029083252
2022-01-23,1.122370958328247,0.9877099990844727,34.3968505859375,64.72541046142578,301.8079528808594,383.9339599609375,36276.8046875,0.14186300337314606,18.82877540588379,25.08349609375,2535.0390625,19.455968856811523,0.22222299873828888,21.244489669799805,16.56523323059082,112.08950805664062,99.5782241821289,0.20059199631214142,156.395751953125,0.6287559866905212
2022-01-30,1.0374729633331299,0.9452559947967529,27.15929412841797,67.97378540039062,290.500732421875,377.6129150390625,37917.6015625,0.13947099447250366,18.172527313232422,25.012617111206055,2603.466552734375,19.8370304107666,0.21839800477027893,19.27977180480957,17.76853370666504,108.79985809326172,93.29767608642578,0.19550999999046326,147.91908264160156,0.603181004524231
2022-02-06,1.1445469856262207,1.0238540172576904,31.251079559326172,78.75726318359375,325.0093688964844,419.5455627441406,42412.43359375,0.15376999974250793,21.903335571289062,29.89212989807129,3057.47607421875,22.447750091552734,0.2580380141735077,23.3769474029541,18.039453506469727,127.44550323486328,115.29975891113281,0.22368299961090088,173.5258026123047,0.6836469769477844
2022-02-13,1.0458190441131592,0.9007099866867065,26.34610939025879,78.24311828613281,334.8714904785156,398.88677978515625,42197.515625,0.14894799888134003,18.831485748291016,32.68633270263672,2883.46337890625,20.66428565979004,0.22753599286079407,19.856170654296875,15.735865592956543,126.20421600341797,93.24410247802734,0.2116210013628006,174.39193725585938,0.8102729916572571
2022-02-20,0.9329019784927368,0.8464999794960022,26.241548538208008,77.33678436279297,303.1356201171875,380.825927734375,38431.37890625,0.13686800003051758,16.930509567260742,27.411935806274414,2628.6484375,19.838817596435547,0.21572700142860413,18.709476470947266,14.649103164672852,110.83203887939453,90.90141296386719,0.1949319988489151,153.93527221679688,0.7782959938049316
2022-02-27,0.858335018157959,0.797120988368988,26.751556396484375,74.9911880493164,304.1036071777344,360.5310363769531,37709.78515625,0.12311100214719772,17.473413467407227,27.370370864868164,2621.8017578125,20.34723663330078,0.2100670039653778,17.22153091430664,13.654266357421875,103.10559844970703,85.51905059814453,0.18126800656318665,150.72886657714844,0.721992015838623
2022-03-06,0.8237519860267639,0.7474219799041748,28.128135681152344,72.52902221679688,283.0827941894531,375.0111999511719,38419.984375,0.12076599895954132,16.978824615478516,26.60816764831543,2555.037353515625,18.389894485473633,0.20276199281215668,16.64771842956543,13.338134765625,101.59391784667969,84.54218292236328,0.1733669936656952,159.145751953125,0.7259939908981323
2022-03-13,0.7909950017929077,0.6824730038642883,26.29718589782715,68.07599639892578,280.4122314453125,361.8498229980469,37849.6640625,0.11160799860954285,17.24793243408203,25.411287307739258,2518.944580078125,17.26533317565918,0.19982300698757172,15.782535552978516,12.740457534790039,102.11479949951172,78.93607330322266,0.17722800374031067,176.1702423095703,0.7613509893417358
2022-03-20,0.8770920038223267,0.7422130107879639,27.794452667236328,84.72430419921875,326.9633483886719,390.76837158203125,41247.82421875,0.11915399879217148,18.638643264770508,38.191558837890625,2860.459228515625,17.628698348999023,0.20876899361610413,16.739185333251953,14.552144050598145,114.82913970947266,88.61486053466797,0.1969909965991974,194.60247802734375,0.8061209917068481
2022-03-27,1.1821479797363281,0.9483680129051208,29.89373207092285,89.82484436035156,376.5374450683594,430.5032653808594,46820.4921875,0.14473199844360352,22.44786262512207,48.083648681640625,3291.57763671875,23.679473876953125,0.2426770031452179,21.933528900146484,16.84952735900879,129.39747619628906,107.08422088623047,0.22978700697422028,215.1116180419922,0.8573430180549622
2022-04-03,1.1859409809112549,0.9340879917144775,31.960296630859375,98.0777816772461,378.7779541015625,450.348876953125,46453.56640625,0.14645299315452576,23.2082462310791,46.744571685791016,3522.83349609375,25.449071884155273,0.24853399395942688,22.56974983215332,18.09421730041504,128.9462127685547,136.77532958984375,0.2370470017194748,217.2458038330078,0.8429499864578247
2022-04-10,1.0308849811553955,0.7537890076637268,26.590843200683594,81.81646728515625,320.9402770996094,418.5906677246094,42207.671875,0.14953500032424927,19.285306930541992,40.47355651855469,3211.866943359375,21.097211837768555,0.20938199758529663,17.432296752929688,15.34876823425293,111.17377471923828,111.74243927001953,0.20183899998664856,236.041748046875,0.7566140294075012
2022-04-17,0.9174659848213196,0.7109889984130859,23.29709815979004,75.70925903320312,328.70330810546875,407.3777160644531,39716.953125,0.13945899903774261,17.780473709106445,36.640560150146484,2993.4033203125,19.733657836914062,0.19259800016880035,16.461952209472656,13.76498794555664,109.04278564453125,100.40969848632812,0.19738000631332397,241.26454162597656,0.7531539797782898
2022-04-24,0.8863499760627747,0.7006329894065857,22.330360412597656,71.60303497314453,308.1383972167969,399.1053771972656,39469.29296875,0.13194699585437775,18.15865707397461,33.6341552734375,2922.732666015625,18.891368865966797,0.18561500310897827,16.1866455078125,13.287423133850098,104.62260437011719,99.23579406738281,0.18989700078964233,252.90615844726562,0.6987389922142029
2022-05-01,0.7903439998626709,0.6019409894943237,18.026411056518555,58.85614776611328,284.4119873046875,390.281982421875,38469.09375,0.1327729970216751,15.381729125976562,27.692960739135742,2827.756103515625,15.133082389831543,0.1463090032339096,13.057557106018066,11.312018394470215,99.43577575683594,89.6715087890625,0.1759900003671646,212.6691131591797,0.6078439950942993
2022-05-08,0.73956298828125,0.7259299755096436,15.697351455688477,51.52122497558594,261.7698059082031,355.39874267578125,34059.265625,0.12420699745416641,13.254074096679688,26.449798583984375,2517.4599609375,13.092665672302246,0.1276489943265915,11.890286445617676,9.990030288696289,93.97643280029297,75.22018432617188,0.16173799335956573,217.23892211914062,0.5665270090103149
2022-05-15,0.5975000262260437,0.4911699891090393,12.35256576538086,36.542335510253906,214.53973388671875,312.0077209472656,31305.11328125,0.09284300357103348,11.795572280883789,22.117475509643555,2145.706787109375,9.169946670532227,0.10778100043535233,9.219331741333008,7.941104888916016,71.5303726196289,58.81126022338867,0.1448429971933365,171.67938232421875,0.4473710060119629
2022-05-22,0.5426179766654968,0.4443050026893616,11.424871444702148,31.807361602783203,198.9332275390625,319.6090087890625,30323.72265625,0.08610499650239944,10.186107635498047,21.132465362548828,2043.170166015625,8.470876693725586,0.104482002556324,8.247998237609863,7.356995105743408,71.77400207519531,52.75518035888672,0.13570299744606018,187.16049194335938,0.42233699560165405
2022-05-29,0.48112601041793823,0.3783400058746338,9.588885307312012,26.12006950378418,185.31155395507812,305.9750671386719,29445.95703125,0.08268599957227707,9.980676651000977,23.668785095214844,1812.031005859375,7.626445770263672,0.09054200351238251,7.124303817749023,6.7126288414001465,63.74662780761719,44.90961456298828,0.13075999915599823,186.0727081298828,0.3890160024166107
2022-06-05,0.5670899748802185,0.3912059962749481,9.186871528625488,24.164182662963867,180.0278778076172,298.9347229003906,29906.662109375,0.08122900128364563,9.34499740600586,21.817276000976562,1805.2049560546875,7.365964889526367,0.09346500039100647,7.327753067016602,7.636984825134277,63.2078742980957,38.480533599853516,0.14369599521160126,187.98410034179688,0.3953799903392792
2022-06-12,0.4968610107898712,0.32695499062538147,7.141839027404785,17.387441635131836,147.1142120361328,255.9508819580078,26762.6484375,0.06433600187301636,7.450017929077148,16.6712646484375,1445.216552734375,5.714780807495117,0.06987900286912918,5.6942620277404785,6.341506004333496,48.228904724121094,30.743270874023438,0.11928699910640717,159.0411376953125,0.3454900085926056
2022-06-19,0.48436400294303894,0.3145569860935211,6.770890235900879,16.18973731994629,120.19225311279297,214.9205322265625,20553.271484375,0.06039600074291229,7.516707897186279,15.342697143554688,1127.656494140625,5.476021766662598,0.06647100299596786,5.475736141204834,6.599023818969727,54.32316589355469,34.24374771118164,0.1145709976553917,114.21699523925781,0.3260529935359955
2022-06-26,0.48965299129486084,0.33229801058769226,8.044570922851562,19.692432403564453,113.07980346679688,233.85874938964844,21027.294921875,0.07317700237035751,7.835564136505127,16.68427276611328,1199.8316650390625,5.831831932067871,0.06876800209283829,5.767800807952881,6.745378017425537,56.87614440917969,39.40808868408203,0.12021899968385696,125.3242416381836,0.3588640093803406
2022-07-03,0.4555869996547699,0.3096199929714203,8.097222328186035,16.660402297973633,105.5800552368164,218.98031616210938,19297.076171875,0.06717900186777115,6.843846797943115,14.805073738098145,1073.7669677734375,5.310824871063232,0.06238599866628647,5.2425432205200195,6.2058610916137695,50.97217559814453,33.38593292236328,0.1089479997754097,116.36841583251953,0.3217029869556427
2022-07-10,0.4632200002670288,0.3098919987678528,8.79794692993164,19.152053833007812,107.04318237304688,234.65557861328125,20860.44921875,0.06726299971342087,6.858699798583984,15.135857582092285,1168.401611328125,5.484713077545166,0.06503500044345856,6.3925700187683105,6.201322078704834,52.16814041137695,36.697608947753906,0.10741200298070908,129.15737915039062,0.3256630003452301
2022-07-17,0.4473530054092407,0.33716100454330444,8.908312797546387,20.605005264282227,110.63470458984375,247.84848022460938,20779.34375,0.06310699880123138,6.923593044281006,19.183923721313477,1338.6357421875,5.688718795776367,0.06492099910974503,7.232586860656738,6.348729133605957,55.721351623535156,38.64472198486328,0.10650999844074249,135.9535675048828,0.34341201186180115
2022-07-24,0.5138139724731445,0.34126201272010803,10.014190673828125,23.86612319946289,132.38540649414062,261.8648681640625,22609.1640625,0.06772399693727493,7.413887023925781,25.603914260864258,1599.4766845703125,5.648096084594727,0.0722699984908104,6.615821838378906,7.106037139892578,58.48570251464844,41.00658416748047,0.11342699825763702,151.45973205566406,0.3592599928379059
2022-07-31,0.5170199871063232,0.33608099818229675,10.37525463104248,23.74578285217285,139.98597717285156,283.5794677734375,23336.896484375,0.06827200204133987,8.645670890808105,36.453609466552734,1681.517333984375,9.83788013458252,0.07595600187778473,8.990435600280762,7.666137218475342,59.909507751464844,42.400203704833984,0.11778700351715088,154.8455810546875,0.3804579973220825
2022-08-07,0.5274699926376343,0.35558098554611206,11.368800163269043,27.889965057373047,141.35702514648438,322.921142578125,23175.890625,0.06893999874591827,8.646408081054688,37.72114944458008,1699.350830078125,8.782747268676758,0.07692699879407883,8.216343879699707,8.307045936584473,61.1023063659668,40.6055908203125,0.12368600070476532,164.7894287109375,0.3725059926509857
2022-08-14,0.570343017578125,0.36430099606513977,11.594616889953613,28.215635299682617,139.5986785888672,317.98663330078125,24319.333984375,0.08168700337409973,8.958501815795898,41.58486557006836,1936.802001953125,8.23807144165039,0.07895799726247787,8.018590927124023,8.774847984313965,63.30875778198242,44.916568756103516,0.1256050020456314,165.52017211914062,0.3764509856700897
2022-08-21,0.4635460078716278,0.3067840039730072,10.642571449279785,22.977310180664062,119.31036376953125,302.0562744140625,21534.12109375,0.06944800168275833,7.438866138458252,33.668453216552734,1619.3189697265625,6.415201187133789,0.06924699991941452,6.457871913909912,7.087409019470215,55.492027282714844,36.533199310302734,0.11109700053930283,154.50930786132812,0.3453019857406616
2022-08-28,0.43004900217056274,0.2820360064506531,10.511011123657227,18.430381774902344,113.46882629394531,276.2508850097656,19616.814453125,0.061785999685525894,6.84318208694458,30.870969772338867,1430.54736328125,5.615006923675537,0.06252399832010269,6.283412933349609,6.263700008392334,53.61201858520508,30.39228630065918,0.10285300016403198,146.42282104492188,0.3230949938297272
2022-09-04,0.5030840039253235,0.31230199337005615,13.002375602722168,19.005001068115234,118.1373519897461,278.84185791015625,19986.712890625,0.06322599947452545,7.3704328536987305,32.45296096801758,1577.6416015625,6.263213157653809,0.06155499815940857,6.6878862380981445,7.145918846130371,60.90089416503906,32.106956481933594,0.10638900101184845,155.63113403320312,0.3317990005016327
2022-09-11,0.5097519755363464,0.3264800012111664,15.682127952575684,20.658855438232422,130.25624084472656,295.161865234375,21769.255859375,0.06371399760246277,7.698151111602783,38.49298858642578,1761.800048828125,6.404723167419434,0.06403599679470062,7.173721790313721,8.01537799835205,62.24362564086914,34.96596145629883,0.11434999853372574,158.8603515625,0.355118989944458
2022-09-18,0.4471859931945801,0.29252299666404724,14.673307418823242,16.732431411743164,111.87236785888672,266.31317138671875,19419.505859375,0.05751999840140343,6.4452362060546875,29.54010581970215,1335.3291015625,5.2518110275268555,0.05744900181889534,5.8417181968688965,7.507727146148682,52.84428405761719,31.05985450744629,0.10726100206375122,140.52911376953125,0.35832300782203674
2022-09-25,0.4461880028247833,0.3888689875602722,14.017520904541016,17.33123016357422,113.50005340576172,274.0612487792969,18802.09765625,0.06115199998021126,6.201147079467773,28.32634925842285,1294.216796875,5.717006206512451,0.0590520016849041,5.909628868103027,7.865859031677246,52.63199996948242,32.33536148071289,0.11739400029182434,141.10409545898438,0.49262699484825134
2022-10-02,0.41963300108909607,0.3542659878730774,12.025121688842773,16.53337860107422,114.40396881103516,284.43310546875,19044.107421875,0.05928799882531166,6.163300037384033,26.930599212646484,1276.093505859375,5.377714157104492,0.056391000747680664,5.90354585647583,7.13367223739624,51.9116325378418,32.05569839477539,0.11857099831104279,136.91734313964844,0.44885000586509705
2022-10-09,0.4230720102787018,0.33870500326156616,13.204748153686523,16.903053283691406,117.22793579101562,278.2380676269531,19446.42578125,0.06215599924325943,6.475232124328613,26.974227905273438,1322.604248046875,5.431464195251465,0.060088999569416046,5.857564926147461,7.62626314163208,53.910037994384766,32.913883209228516,0.12883999943733215,145.68626403808594,0.5340610146522522
2022-10-16,0.37028101086616516,0.3226720094680786,11.712130546569824,15.755318641662598,110.33349609375,272.51995849609375,19268.09375,0.05891399830579758,6.18602991104126,23.12560272216797,1306.296630859375,5.153086185455322,0.06138499826192856,4.988574981689453,7.175411224365234,51.480918884277344,30.168840408325195,0.11348699778318405,143.1643829345703,0.47701001167297363
2022-10-23,0.3620989918708801,0.3156979978084564,12.111275672912598,16.30229377746582,110.88642120361328,276.0081787109375,19567.0078125,0.060346998274326324,5.960238933563232,23.407028198242188,1363.447021484375,5.11720609664917,0.06057300046086311,5.021913051605225,7.0656352043151855,53.95036697387695,29.270071029663086,0.11195400357246399,144.4880828857422,0.46903300285339355
2022-10-30,0.406046986579895,0.3592570126056671,13.934368133544922,18.265605926513672,116.28987884521484,313.7547912597656,20635.603515625,0.11780200153589249,6.652472972869873,24.531824111938477,1590.7833251953125,5.393941879272461,0.06063799932599068,5.323338031768799,7.788180828094482,55.38955307006836,32.9659309387207,0.11121899634599686,147.528564453125,0.45845499634742737
2022-11-06,0.4030050039291382,0.4041379988193512,14.48029899597168,18.27923011779785,116.6838607788086,339.3893737792969,20926.486328125,0.11460600048303604,6.820865154266357,24.851177215576172,1572.2347412109375,5.835936069488525,0.059238001704216,5.208559989929199,8.121048927307129,68.08605194091797,32.6835823059082,0.1091649979352951,154.91976928710938,0.47067001461982727
2022-11-13,0.3301270008087158,0.2621769905090332,10.176499366760254,13.052020072937012,99.6465072631836,276.5794372558594,16353.365234375,0.08489300310611725,5.75324821472168,19.95764923095703,1221.8192138671875,4.293975830078125,0.045329999178647995,3.9536681175231934,6.072445869445801,57.48717498779297,13.164528846740723,0.08831500262022018,127.46772003173828,0.3402960002422333
2022-11-20,0.3123070001602173,0.2561129927635193,9.349942207336426,12.196779251098633,104.89090728759766,264.2351379394531,16291.83203125,0.07717400044202805,5.290356159210205,18.179649353027344,1142.4666748046875,4.164133071899414,0.046153999865055084,3.597996950149536,5.771728038787842,62.00232696533203,12.252833366394043,0.08657799661159515,129.82012939453125,0.3619450032711029
2022-11-27,0.3124539852142334,0.24046599864959717,9.928853988647461,12.876786231994629,111.24122619628906,307.4292907714844,16444.626953125,0.0987119972705841,5.298929214477539,19.82428741455078,1195.126953125,4.344768047332764,0.04916299879550934,3.899630069732666,6.902108192443848,75.04431915283203,14.115766525268555,0.09014300256967545,136.4353485107422,0.396820992231369
2022-12-04,0.3227500021457672,0.24011200666427612,10.266463279724121,13.925615310668945,111.15482330322266,292.2882995605469,17130.486328125,0.10428600013256073,5.595656871795654,19.51238441467285,1280.256591796875,4.579728126525879,0.04815499857068062,4.354118824005127,7.446814060211182,77.21428680419922,13.718218803405762,0.08784700185060501,142.35516357421875,0.390735000371933
2022-12-11,0.30771100521087646,0.22308699786663055,9.542969703674316,12.995100021362305,106.33975219726562,284.3904113769531,17104.193359375,0.09287499636411667,5.167613983154297,18.91400909423828,1263.8685302734375,4.287731170654297,0.047933001071214676,4.221512794494629,6.714855194091797,76.6280517578125,13.427809715270996,0.083917997777462,150.44447326660156,0.3817490041255951
2022-12-18,0.26633501052856445,0.18884100019931793,8.864653587341309,11.92267894744873,102.10164642333984,251.15638732910156,16757.9765625,0.07864099740982056,4.663687229156494,15.967288970947266,1184.7152099609375,3.0572550296783447,0.043894000351428986,3.6844470500946045,5.963430881500244,64.55413055419922,12.41312026977539,0.07659699767827988,144.34039306640625,0.35027000308036804
2022-12-25,0.2592700123786926,0.1658719927072525,9.020415306091309,11.684593200683594,101.35171508789062,243.14149475097656,16841.986328125,0.07595200091600418,4.493043899536133,16.18886375427246,1218.9620361328125,2.963340997695923,0.04351399838924408,3.766606092453003,5.985958099365234,69.20626831054688,11.387903213500977,0.07385600358247757,145.2751007080078,0.3463920056819916
2023-01-01,0.24977099895477295,0.1774660050868988,9.464468955993652,10.865915298461914,96.95507049560547,244.13697814941406,16625.080078125,0.07022500038146973,4.370816230773926,15.772024154663086,1200.96484375,3.1114180088043213,0.0380840003490448,4.017571926116943,5.622443199157715,70.81565856933594,9.982172966003418,0.07252400368452072,148.57693481445312,0.3387629985809326
2023-01-08,0.29521799087524414,0.19955000281333923,10.538479804992676,12.072585105895996,103.42367553710938,274.38507080078125,17091.14453125,0.07360100001096725,4.801004886627197,20.320838928222656,1287.3594970703125,3.439846992492676,0.0418660007417202,4.107790946960449,5.933166027069092,77.6822738647461,14.31993293762207,0.07716900110244751,155.6488037109375,0.3453580141067505
2023-01-15,0.3503679931163788,0.24033500254154205,12.79348087310791,16.797117233276367,124.90913391113281,302.0706481933594,20880.798828125,0.08613099902868271,5.928098201751709,22.458284378051758,1552.4794921875,4.696173191070557,0.05222700163722038,5.149487018585205,6.6939568519592285,87.36553192138672,22.873306274414062,0.08806300163269043,174.0115203857422,0.38488098978996277
2023-01-22,0.37659400701522827,0.24671100080013275,13.311491012573242,17.362272262573242,128.63442993164062,303.04644775390625,22720.416015625,0.08830399811267853,6.205265998840332,22.542543411254883,1628.382080078125,5.431602954864502,0.06906100362539291,5.546072959899902,6.985128879547119,87.62997436523438,24.232789993286133,0.09103599935770035,177.02378845214844,0.400967001914978
2023-01-29,0.39631301164627075,0.2621929943561554,13.819515228271484,21.07977867126465,136.7196807861328,317.3362121582031,23774.56640625,0.09023299813270569,6.615758895874023,22.774587631225586,1646.1556396484375,5.487431049346924,0.06941500306129456,6.2557759284973145,7.387718200683594,95.05005645751953,26.132387161254883,0.09443999826908112,186.2373046875,0.41376399993896484
2023-02-05,0.3924719989299774,0.25710201263427734,14.754555702209473,20.108016967773438,134.46292114257812,327.8693542480469,22955.666015625,0.09209500253200531,6.644723892211914,22.880298614501953,1631.6458740234375,5.2969818115234375,0.06995599716901779,5.629796028137207,6.984615802764893,96.45875549316406,23.493438720703125,0.09098599851131439,166.95095825195312,0.3989369869232178
2023-02-12,0.36429598927497864,0.2483370006084442,13.537372589111328,17.76869773864746,122.90042877197266,312.9296569824219,21788.203125,0.08214399963617325,6.176514148712158,21.043527603149414,1515.03369140625,4.919552803039551,0.08641800284385681,5.5077900886535645,6.807923793792725,92.39573669433594,21.489978790283203,0.08506599813699722,159.3105926513672,0.3752819895744324
2023-02-19,0.4001069962978363,0.2781600058078766,14.134859085083008,19.80207633972168,135.9656524658203,311.93585205078125,24327.642578125,0.08696600049734116,7.443704128265381,22.4853458404541,1681.4361572265625,8.43526840209961,0.08742599934339523,7.325887203216553,7.99688720703125,97.56421661376953,24.84075164794922,0.09057900309562683,161.98513793945312,0.38631701469421387
2023-02-26,0.3689729869365692,0.25572600960731506,12.971450805664062,18.44385528564453,136.25645446777344,308.9970703125,23561.212890625,0.0822020024061203,6.689603805541992,21.41509437561035,1640.817138671875,6.90660285949707,0.07484500110149384,6.2404279708862305,7.491860866546631,95.25562286376953,23.256088256835938,0.0889270007610321,151.3755340576172,0.37804099917411804
2023-03-05,0.3371019959449768,0.22718599438667297,12.025495529174805,16.159337997436523,124.03861236572266,288.69970703125,22435.513671875,0.07479500025510788,5.980068206787109,19.769027709960938,1564.46875,6.141830921173096,0.06403400003910065,5.347765922546387,6.94422721862793,89.9533462524414,20.97858428955078,0.0827530026435852,149.53465270996094,0.3671939969062805
2023-03-12,0.33153900504112244,0.20239099860191345,11.774876594543457,16.256580352783203,121.01817321777344,289.67578125,22163.94921875,0.07100100070238113,5.916477203369141,18.808155059814453,1590.29296875,5.73008918762207,0.06208699941635132,5.250957012176514,6.589978218078613,76.31184387207031,20.310531616210938,0.08306699991226196,150.90472412109375,0.37331798672676086
2023-03-19,0.3460099995136261,0.2210180014371872,12.346330642700195,17.563106536865234,136.12599182128906,336.9782409667969,28038.67578125,0.07481300085783005,6.470154762268066,21.143640518188477,1785.5765380859375,6.288142204284668,0.06487900018692017,5.4287872314453125,7.102636814117432,84.43609619140625,21.90340232849121,0.08793000131845474,153.6919403076172,0.3884649872779846
2023-03-26,0.3562450110912323,0.2108290046453476,11.32776927947998,17.13402557373047,124.87345886230469,328.88800048828125,27994.330078125,0.07441700249910355,6.052051067352295,20.351091384887695,1775.6767578125,5.69449520111084,0.06203800067305565,4.995433807373047,7.262111186981201,93.52519226074219,20.97551918029785,0.09196200221776962,161.56651306152344,0.44881701469421387
2023-04-02,0.38175299763679504,0.21409499645233154,11.125761032104492,17.263288497924805,123.0359878540039,313.9286193847656,28199.30859375,0.07908900082111359,6.267229080200195,20.436399459838867,1795.7081298828125,5.55596923828125,0.07287099957466125,5.073861122131348,7.259294033050537,93.01597595214844,20.536975860595703,0.106625996530056,160.2241668701172,0.5189530253410339
2023-04-09,0.3896929919719696,0.21685099601745605,11.040395736694336,17.560928344726562,125.55250549316406,312.87225341796875,28333.05078125,0.08329000324010849,6.216215133666992,20.56362533569336,1859.3878173828125,5.750400066375732,0.06471800059080124,5.022748947143555,7.212092876434326,90.67667388916016,20.29946517944336,0.10481300204992294,160.32949829101562,0.5058339834213257
2023-04-16,0.45175498723983765,0.23485900461673737,12.697114944458008,20.20197868347168,134.45375061035156,348.2209167480469,30315.35546875,0.09047199785709381,6.833064079284668,22.27078628540039,2120.005859375,6.34276819229126,0.06920900195837021,6.07863187789917,8.136897087097168,100.26744842529297,25.361927032470703,0.10745400190353394,163.61671447753906,0.5213919878005981
2023-04-23,0.3889999985694885,0.18795199692249298,10.827010154724121,16.86546516418457,119.92919158935547,330.61883544921875,27591.384765625,0.07881999760866165,5.917685031890869,19.71506690979004,1862.06201171875,5.272049903869629,0.06030799821019173,5.423529148101807,7.079930782318115,86.89732360839844,21.480138778686523,0.0945729985833168,157.36422729492188,0.4650160074234009
2023-04-30,0.39735400676727295,0.18094700574874878,11.573060035705566,17.166259765625,118.2165756225586,337.6455383300781,29268.806640625,0.07976900041103363,5.901270866394043,19.476402282714844,1876.92431640625,5.43885612487793,0.06378600001335144,6.432433128356934,7.052085876464844,88.53362274169922,22.832014083862305,0.09464800357818604,156.45655822753906,0.4723320007324219
2023-05-07,0.37690600752830505,0.17381499707698822,11.005036354064941,16.447729110717773,116.38961791992188,321.6110534667969,28454.978515625,0.07671000063419342,5.641276836395264,18.76584243774414,1873.076416015625,5.03908109664917,0.05654099956154823,5.550878047943115,6.909634113311768,83.5726089477539,21.844228744506836,0.09204600006341934,157.0870361328125,0.45036399364471436
2023-05-14,0.3707610070705414,0.16298599541187286,10.915787696838379,15.03024959564209,115.3438491821289,312.1358947753906,26930.638671875,0.07198599725961685,5.354409217834473,18.12555694580078,1800.5009765625,4.452134132385254,0.05181000009179115,5.19055700302124,6.543808937072754,83.44429779052734,20.953397750854492,0.08872299641370773,153.9666748046875,0.4258599877357483
2023-05-21,0.3603630065917969,0.16166600584983826,10.477790832519531,14.313434600830078,114.65476989746094,306.5067138671875,26753.826171875,0.07214199751615524,5.273439884185791,17.940706253051758,1804.5313720703125,4.377230167388916,0.05226200073957443,5.05457878112793,6.429470062255859,92.27886962890625,19.609437942504883,0.088127002120018,150.16659545898438,0.4575499892234802
2023-05-28,0.3829990029335022,0.15325100719928741,10.93750286102295,14.935823440551758,116.52263641357422,314.2700500488281,28085.646484375,0.0736130028963089,5.508674144744873,18.54694175720215,1910.9141845703125,4.6634907722473145,0.05341000109910965,5.006111145019531,6.638851165771484,91.57996368408203,20.7985782623291,0.08869799971580505,155.41477966308594,0.48288899660110474
2023-06-04,0.3776929974555969,0.1518149971961975,10.751866340637207,14.782492637634277,115.72877502441406,305.15679931640625,27119.06640625,0.0724710002541542,5.319441795349121,18.218000411987305,1890.5135498046875,4.6562299728393555,0.05019700154662132,4.79341983795166,6.456024169921875,94.2899169921875,21.8189754486084,0.09138800203800201,148.2159423828125,0.5359110236167908
2023-06-11,0.2726300060749054,0.11072000116109848,8.4445161819458,11.575257301330566,102.82831573486328,235.4387969970703,25940.16796875,0.06158699840307236,4.521618843078613,15.077999114990234,1753.415283203125,3.4276649951934814,0.04438700154423714,3.6568729877471924,5.173130989074707,77.69893646240234,15.558775901794434,0.08351399749517441,138.15882873535156,0.5212209820747375
2023-06-18,0.26096299290657043,0.11491599678993225,8.559378623962402,11.342635154724121,107.03558349609375,244.08726501464844,26336.212890625,0.06216700002551079,4.530962944030762,15.226117134094238,1720.5775146484375,3.6776139736175537,0.0452129989862442,3.957106113433838,5.161345958709717,77.17825317382812,15.43823528289795,0.07949800044298172,137.25193786621094,0.4875729978084564
2023-06-25,0.2923249900341034,0.1371230036020279,9.470749855041504,13.442519187927246,195.39999389648438,238.8929901123047,30480.26171875,0.0667639970779419,5.194805145263672,18.36353874206543,1900.506103515625,4.126609802246094,0.05174100026488304,4.329483985900879,6.150530815124512,88.2751693725586,16.97138023376465,0.09164600074291229,163.44493103027344,0.4902769923210144
2023-07-02,0.29205501079559326,0.12373200058937073,9.58806324005127,13.119144439697266,298.8141174316406,246.25791931152344,30620.76953125,0.06803800165653229,5.501914978027344,20.380796432495117,1937.4383544921875,4.108939170837402,0.0500900000333786,4.197686195373535,6.530424118041992,113.21729278564453,19.453594207763672,0.107294000685215,168.60145568847656,0.4844929873943329
2023-07-09,0.2845909893512726,0.11050800234079361,9.433234214782715,13.607531547546387,265.5489807128906,234.22836303710938,30171.234375,0.0654349997639656,5.079419136047363,18.62398338317871,1863.009765625,4.336453914642334,0.04714599996805191,4.032832145690918,6.148781776428223,95.17955017089844,21.3490047454834,0.09901099652051926,165.8794403076172,0.4685499966144562
2023-07-16,0.3148840069770813,0.11596400290727615,9.391098976135254,14.28956413269043,249.92123413085938,242.65682983398438,30249.1328125,0.06955400109291077,5.306897163391113,18.801546096801758,1923.681884765625,4.353238105773926,0.050836000591516495,4.086441993713379,6.616024971008301,92.90528106689453,27.384082794189453,0.13167999684810638,165.4209747314453,0.7468600273132324
2023-07-23,0.31716299057006836,0.11608599871397018,9.287364959716797,13.560688972473145,249.65774536132812,242.45596313476562,30084.5390625,0.0718189999461174,5.397666931152344,18.699596405029297,1889.191650390625,4.5651960372924805,0.05344400182366371,4.212907791137695,7.895740032196045,93.25886535644531,24.766815185546875,0.1560799926519394,163.7012176513672,0.7386829853057861
2023-07-30,0.31563299894332886,0.10954999923706055,9.002388954162598,13.128493309020996,252.8351287841797,242.52598571777344,29275.30859375,0.07806099951267242,5.186025142669678,18.8690242767334,1861.643798828125,4.314192771911621,0.052896998822689056,4.27125883102417,7.5561699867248535,94.09105682373047,24.261018753051758,0.1566849946975708,160.262451171875,0.7051360011100769
2023-08-06,0.2920820116996765,0.10970800369977951,8.475852966308594,12.572416305541992,222.56349182128906,242.79859924316406,29041.85546875,0.07426600158214569,4.998167037963867,17.811513900756836,1827.4620361328125,4.154808044433594,0.057381998747587204,4.1175150871276855,7.1017937660217285,82.4717025756836,23.18569564819336,0.13912999629974365,159.62782287597656,0.6230869889259338
2023-08-13,0.28953099250793457,0.11681900173425674,8.373977661132812,12.274397850036621,228.3480682373047,240.03334045410156,29282.9140625,0.07478299736976624,4.986302852630615,17.5143985748291,1839.2801513671875,4.094109058380127,0.05694499984383583,4.031182765960693,7.369263172149658,81.97803497314453,24.24288558959961,0.1378989964723587,158.22772216796875,0.6261019706726074
2023-08-20,0.27070900797843933,0.09728900343179703,7.865499973297119,10.873089790344238,188.9172821044922,216.63580322265625,26189.583984375,0.06383000314235687,4.519974231719971,15.560737609863281,1684.85205078125,3.564516067504883,0.061448000371456146,3.5843799114227295,6.216061115264893,65.25251007080078,21.77327537536621,0.12983499467372894,147.29470825195312,0.5395470261573792
2023-08-27,0.26344600319862366,0.09517700225114822,7.178999900817871,10.19877815246582,198.01083374023438,218.35800170898438,26089.693359375,0.06317099928855896,4.4923930168151855,16.007808685302734,1657.5130615234375,3.311906099319458,0.05820399895310402,3.4882490634918213,6.023508071899414,65.36711120605469,20.78683853149414,0.12089899927377701,145.36038208007812,0.5238440036773682
2023-09-03,0.2557930052280426,0.09445799887180328,6.808621883392334,9.884934425354004,196.30442810058594,214.3999481201172,25969.56640625,0.06317300349473953,4.261632919311523,15.380008697509766,1636.11767578125,3.166429042816162,0.048638999462127686,3.255831003189087,6.025086879730225,63.93811798095703,19.578746795654297,0.11906199902296066,140.83998107910156,0.5050489902496338
2023-09-10,0.2490520030260086,0.0919400006532669,6.66104793548584,9.474143028259277,190.58035278320312,212.31802368164062,25832.2265625,0.061326999217271805,4.151950836181641,15.090848922729492,1616.828857421875,3.1117570400238037,0.047860998660326004,3.0975100994110107,6.017714023590088,61.12152862548828,18.248830795288086,0.13372300565242767,142.89443969726562,0.49781399965286255
2023-09-17,0.24731600284576416,0.09492599964141846,6.9462199211120605,9.106959342956543,209.76336669921875,216.4657745361328,26534.1875,0.06151700019836426,4.0745978355407715,15.404818534851074,1622.896728515625,3.337709903717041,0.04962100088596344,2.929795980453491,6.143582820892334,63.57822799682617,18.831628799438477,0.11617700010538101,145.7978515625,0.4930410087108612
2023-09-24,0.243026003241539,0.10110499709844589,6.97852897644043,8.787721633911133,204.7707061767578,208.28289794921875,26256.826171875,0.060743000358343124,3.9901950359344482,15.082249641418457,1580.8533935546875,3.2097959518432617,0.049862999469041824,2.9197139739990234,6.989484786987305,63.58713912963867,19.374290466308594,0.11226200312376022,143.7339324951172,0.5023880004882812
2023-10-01,0.2658950090408325,0.1062529981136322,7.5643391609191895,9.739897727966309,242.1915283203125,218.04713439941406,27983.75,0.06319300085306168,4.261009216308594,16.68221092224121,1733.8104248046875,3.4608230590820312,0.05078100040555,3.3092079162597656,8.047098159790039,68.23331451416016,23.83648681640625,0.11438799649477005,149.16140747070312,0.5242040157318115
2023-10-08,0.25662899017333984,0.1013680025935173,6.943635940551758,10.096406936645508,228.08560180664062,211.51998901367188,27935.08984375,0.06100799888372421,4.014286041259766,15.507917404174805,1633.548583984375,3.396152973175049,0.04805900156497955,3.0943470001220703,7.69350004196167,65.36454772949219,23.24642562866211,0.11075499653816223,156.19122314453125,0.5179610252380371
2023-10-15,0.24735599756240845,0.09442900121212006,6.603028774261475,9.17321491241455,215.15821838378906,209.7425079345703,27159.65234375,0.05934999883174896,3.7549779415130615,14.940232276916504,1558.06982421875,3.2232398986816406,0.04678799957036972,3.147516965866089,7.422249794006348,61.65643310546875,21.922027587890625,0.10629399865865707,152.44898986816406,0.4878459870815277
2023-10-22,0.2635729908943176,0.09417799860239029,6.749466896057129,10.063459396362305,243.489501953125,217.74737548828125,29993.896484375,0.06159599870443344,3.9647159576416016,15.832366943359375,1663.429931640625,3.4172849655151367,0.04992600157856941,3.2309720516204834,10.132683753967285,65.19058227539062,29.03668212890625,0.11068899929523468,158.96075439453125,0.5224869847297668
2023-10-29,0.2952829897403717,0.10640499740839005,7.316870212554932,11.361387252807617,246.32803344726562,227.14845275878906,34538.48046875,0.06935899704694748,4.3125457763671875,16.659635543823242,1795.5460205078125,3.7912681102752686,0.0524899996817112,4.0295610427856445,11.103344917297363,68.80084228515625,32.822608947753906,0.11578600108623505,174.354248046875,0.5563939809799194
2023-11-05,0.34286999702453613,0.12164600193500519,8.375170707702637,12.366694450378418,238.23455810546875,244.32247924804688,35049.35546875,0.07122399657964706,4.773220062255859,18.01346206665039,1894.15771484375,4.1166839599609375,0.05589500069618225,4.065974235534668,12.227702140808105,71.66265106201172,41.23860168457031,0.12589800357818604,169.69207763671875,0.6611469984054565
2023-11-12,0.38338300585746765,0.14573800563812256,9.531819343566895,18.845966339111328,236.5060272216797,247.6400146484375,37054.51953125,0.07798100262880325,5.707890033721924,20.03531837463379,2045.18701171875,5.141964912414551,0.062144000083208084,4.66605806350708,16.001081466674805,74.89127349853516,56.15409851074219,0.1242000013589859,171.1243438720703,0.6615359783172607
2023-11-19,0.38452500104904175,0.14132599532604218,9.383025169372559,22.85964584350586,230.48040771484375,246.58778381347656,37386.546875,0.08057600259780884,5.444248199462891,19.615449905395508,2013.2044677734375,4.886618137359619,0.06258399784564972,4.6041131019592285,14.939276695251465,70.64031219482422,61.393558502197266,0.12115699797868729,164.18600463867188,0.627498984336853
2023-11-26,0.3881849944591522,0.13632799685001373,9.930932998657227,21.110458374023438,226.91014099121094,232.0471954345703,37479.12109375,0.07870399951934814,5.32512903213501,19.11562728881836,2063.2861328125,4.600481033325195,0.06292100250720978,4.664306163787842,14.789013862609863,70.05899047851562,57.6427001953125,0.1200060024857521,169.5430450439453,0.6168190240859985
2023-12-03,0.39515501260757446,0.15124499797821045,9.543779373168945,21.968658447265625,230.08058166503906,228.09820556640625,39978.390625,0.08561500161886215,5.54657506942749,19.820890426635742,2193.691650390625,4.576581001281738,0.06228699907660484,4.70905876159668,15.7426118850708,72.25643157958984,63.03996658325195,0.12203200161457062,172.25978088378906,0.6237229704856873
2023-12-10,0.5941550135612488,0.2012999951839447,10.666178703308105,37.07502746582031,250.95263671875,239.733154296875,43779.69921875,0.10180100053548813,7.3415751457214355,21.9511661529541,2352.462646484375,5.143714904785156,0.07505899667739868,5.564806938171387,16.333545684814453,77.14188385009766,74.70588684082031,0.13298599421977997,175.762451171875,0.6615779995918274
2023-12-17,0.5803139805793762,0.19063599407672882,11.13099193572998,40.662322998046875,225.9416961669922,239.30828857421875,41364.6640625,0.09309700131416321,6.792212963104248,19.990297317504883,2196.481201171875,5.285759925842285,0.07854200154542923,10.59050178527832,14.020898818969727,71.23487091064453,71.00051879882812,0.12223300337791443,167.79757690429688,0.6104180216789246
2023-12-24,0.5939549803733826,0.231331005692482,11.244524955749512,47.711238861083984,229.19573974609375,264.71710205078125,43016.1171875,0.09189499914646149,8.647969245910645,20.8762264251709,2265.692138671875,5.6405510902404785,0.09031300246715546,9.764100074768066,15.31032657623291,71.17471313476562,112.48521423339844,0.12612900137901306,171.4071807861328,0.6135179996490479
2023-12-31,0.5942050218582153,0.22277699410915375,10.591959953308105,38.5449104309082,259.262939453125,312.4356994628906,42265.1875,0.08947200328111649,8.193986892700195,21.90871238708496,2281.47119140625,6.929972171783447,0.08591599762439728,13.320262908935547,14.946123123168945,72.7984390258789,101.50582122802734,0.12895900011062622,165.02818298339844,0.6149410009384155
2024-01-07,0.4941740036010742,0.17802099883556366,9.408578872680664,33.62965393066406,232.1685028076172,302.8905334472656,43943.09765625,0.07822500169277191,6.8958330154418945,19.235271453857422,2222.865966796875,5.611790180206299,0.07520700246095657,11.2575101852417,13.140296936035156,64.2574691772461,89.2763442993164,0.1152309998869896,146.12338256835938,0.5517410039901733
2024-01-14,0.5259810090065002,0.18374499678611755,9.98592472076416,35.33799743652344,246.0057830810547,299.05133056640625,41796.26953125,0.07997799664735794,7.327098846435547,26.44902992248535,2472.2412109375,5.815956115722656,0.07706499844789505,12.613301277160645,14.79709243774414,69.81559753417969,94.13314056396484,0.11811500042676926,154.16371154785156,0.5762330293655396
2024-01-21,0.5031049847602844,0.17005300521850586,9.631035804748535,32.473045349121094,236.9248504638672,318.3186950683594,41545.78515625,0.08527299761772156,6.807318210601807,24.482133865356445,2453.9130859375,5.371271133422852,0.07542700320482254,11.068115234375,15.391012191772461,71.60008239746094,90.84843444824219,0.11551299691200256,157.4999542236328,0.546110987663269
2024-01-28,0.4897190034389496,0.1639540046453476,9.423107147216797,34.79377365112305,236.90118408203125,304.9756164550781,42035.59375,0.07881300151348114,6.839127063751221,23.495054244995117,2257.208740234375,5.192930221557617,0.07335600256919861,12.327214241027832,14.517561912536621,68.39750671386719,95.93798065185547,0.11375799775123596,160.75698852539062,0.5240939855575562
2024-02-04,0.49425598978996277,0.1589049994945526,8.962185859680176,34.844993591308594,235.22705078125,304.7341613769531,42583.58203125,0.07823800295591354,6.6672282218933105,24.992704391479492,2289.546142578125,4.927725791931152,0.06841100007295609,12.730938911437988,18.17605972290039,66.93138885498047,95.47695922851562,0.10931199789047241,165.7895965576172,0.5032879710197449
2024-02-11,0.5414100289344788,0.1793690025806427,9.737347602844238,39.732269287109375,276.5019226074219,320.78753662109375,48293.91796875,0.0811930000782013,7.096012115478516,25.89167022705078,2507.570556640625,5.307243824005127,0.07829199731349945,12.971975326538086,20.12895965576172,71.54000091552734,107.49528503417969,0.11115200072526932,120.61019897460938,0.5260840058326721
2024-02-18,0.6187340021133423,0.1962449997663498,10.582174301147461,40.254661560058594,270.41644287109375,349.6799621582031,52122.546875,0.08516599982976913,7.8500590324401855,26.51744270324707,2878.998046875,6.275467872619629,0.08974699676036835,13.651597023010254,20.096508026123047,70.7302474975586,112.17467498779297,0.1158669963479042,122.18738555908203,0.5569030046463013
2024-02-25,0.5913789868354797,0.2074359953403473,10.372125625610352,37.44997024536133,267.8255920410156,388.5517272949219,51733.23828125,0.08609899878501892,7.923061847686768,27.188621520996094,3112.697265625,8.117400169372559,0.10923200100660324,12.46552562713623,18.704635620117188,70.08211517333984,103.4534912109375,0.1164420023560524,129.17430114746094,0.5424249768257141
2024-03-03,0.7282379865646362,0.25082099437713623,12.168292045593262,42.6048583984375,469.36279296875,414.3810729980469,63167.37109375,0.15383599698543549,9.797439575195312,33.535037994384766,3490.99365234375,10.487898826599121,0.11300300061702728,13.179264068603516,20.513017654418945,90.66835021972656,130.45086669921875,0.1356319934129715,150.08303833007812,0.6270719766616821
2024-03-10,0.7172269821166992,0.26283198595046997,13.171441078186035,42.052711486816406,423.9754333496094,529.374755859375,69019.7890625,0.16991999745368958,10.278813362121582,36.16098403930664,3881.193115234375,10.712620735168457,0.12593799829483032,14.157525062561035,21.75461196899414,87.50755310058594,144.5151824951172,0.13984300196170807,146.60830688476562,0.6084319949150085
2024-03-17,0.681098997592926,0.2754270136356354,12.268336296081543,58.115814208984375,402.6595153808594,571.0855712890625,68390.625,0.15433000028133392,10.115609169006348,31.946256637573242,3642.4130859375,9.175634384155273,0.11636500060558319,12.646515846252441,18.674497604370117,85.85752868652344,202.12356567382812,0.13215599954128265,140.99462890625,0.6192319989204407
2024-03-24,0.6461570262908936,0.2561030089855194,11.611393928527832,55.6641960144043,484.7536315917969,567.9948120117188,67234.171875,0.17645299434661865,9.369309425354004,31.573196411132812,3454.636474609375,8.917427062988281,0.10986299812793732,15.133993148803711,18.532669067382812,89.69075012207031,183.57345581054688,0.13500499725341797,141.8865966796875,0.6329500079154968
2024-03-31,0.650426983833313,0.2679220139980316,12.295455932617188,54.11042785644531,680.4213256835938,606.9086303710938,71333.6484375,0.22006399929523468,9.64262580871582,34.31129837036133,3647.8564453125,9.965422630310059,0.115727998316288,18.7785587310791,19.137727737426758,105.18340301513672,202.87413024902344,0.14111800491809845,128.2857666015625,0.6292250156402588
2024-04-07,0.5894740223884583,0.23543299734592438,11.08511734008789,49.387210845947266,684.9078369140625,584.1021728515625,69362.5546875,0.19910800457000732,8.70672607421875,33.89302062988281,3453.49462890625,8.833585739135742,0.10585799813270569,17.137191772460938,17.922143936157227,101.17562866210938,179.6498565673828,0.12933899462223053,131.3164825439453,0.59483402967453
2024-04-14,0.46891099214553833,0.1795469969511032,8.361625671386719,37.316444396972656,527.90087890625,567.2184448242188,65738.7265625,0.1622850000858307,6.8693461418151855,27.044130325317383,3156.94189453125,6.163818836212158,0.08361099660396576,12.89488410949707,14.119750022888184,79.9143295288086,151.28494262695312,0.11076299846172333,121.53353118896484,0.5042579770088196
2024-04-21,0.4992919862270355,0.1873989999294281,8.740612983703613,37.11705017089844,502.52093505859375,579.6199340820312,64926.64453125,0.15826000273227692,7.135028839111328,27.450271606445312,3147.28857421875,6.476399898529053,0.08877699822187424,15.099538803100586,15.080411911010742,84.16567993164062,148.60931396484375,0.11385499686002731,118.64810943603516,0.5246800184249878
2024-04-28,0.46047401428222656,0.19296899437904358,8.19984245300293,33.93898010253906,470.62127685546875,600.0711669921875,63113.23046875,0.146698996424675,6.723606109619141,27.968963623046875,3262.774658203125,5.89553689956665,0.10352800041437149,13.552374839782715,13.808069229125977,83.95203399658203,137.85641479492188,0.11228600144386292,126.5915756225586,0.5103769898414612
2024-05-05,0.4583339989185333,0.1965789943933487,9.33621597290039,37.401939392089844,469.2642822265625,592.140380859375,64031.1328125,0.16106800734996796,7.306784152984619,27.681726455688477,3137.2490234375,6.154695987701416,0.1103219985961914,12.998931884765625,14.375481605529785,81.37557220458984,145.71302795410156,0.11096200346946716,134.41847229003906,0.5297840237617493
2024-05-12,0.4376530051231384,0.17698299884796143,8.479360580444336,33.167240142822266,433.1579284667969,594.424560546875,61448.39453125,0.1412310004234314,6.6203789710998535,26.71379852294922,2928.701904296875,5.604376792907715,0.10856900364160538,11.724303245544434,13.546971321105957,81.38278198242188,143.52081298828125,0.10465600341558456,133.18690490722656,0.49947500228881836
2024-05-19,0.467602014541626,0.17493200302124023,8.20897388458252,35.621829986572266,484.9183044433594,574.6316528320312,66278.3671875,0.14910699427127838,6.937534809112549,27.600696563720703,3071.843017578125,5.553036212921143,0.11096300184726715,12.614998817443848,16.581558227539062,82.2212142944336,170.0913543701172,0.10559800267219543,134.49465942382812,0.5096610188484192
2024-05-26,0.4583750069141388,0.18940000236034393,8.402209281921387,36.752044677734375,483.971435546875,599.825927734375,68518.09375,0.16621999442577362,7.547234058380127,31.7169132232666,3825.8974609375,5.8523759841918945,0.10676699876785278,12.057968139648438,17.046470642089844,83.8999252319336,163.3509063720703,0.10868600010871887,142.33709716796875,0.5282109975814819
2024-06-02,0.4464940130710602,0.18261800706386566,8.289015769958496,34.932491302490234,458.3445739746094,603.026611328125,67751.6015625,0.15720100700855255,6.989039897918701,28.934589385986328,3780.89599609375,5.808423042297363,0.09919700026512146,11.868753433227539,18.148576736450195,83.05375671386719,163.24990844726562,0.10519800335168839,152.6875457763672,0.5134819746017456
2024-06-09,0.44410601258277893,0.1703300029039383,7.881793975830078,32.96836853027344,474.4519348144531,673.3153076171875,69647.9921875,0.14677399396896362,6.522762775421143,26.963499069213867,3705.90380859375,6.128446102142334,0.09144199639558792,11.030340194702148,16.357593536376953,80.51000213623047,162.08360290527344,0.0998150035738945,173.8992462158203,0.49858298897743225
2024-06-16,0.41637900471687317,0.15555399656295776,7.216836929321289,30.038869857788086,428.1529846191406,610.0540161132812,66639.046875,0.1369370073080063,6.388068199157715,25.439159393310547,3620.5634765625,5.238096237182617,0.08633600175380707,9.614850044250488,15.126066207885742,78.90593719482422,151.12550354003906,0.09899500012397766,177.2930145263672,0.4888319969177246
2024-06-23,0.3803029954433441,0.13228900730609894,6.693802833557129,25.05120277404785,381.1669616699219,577.2108764648438,63180.796875,0.12225700169801712,5.64489221572876,22.63799285888672,3418.61181640625,4.285868167877197,0.07621099799871445,7.886980056762695,13.177005767822266,73.380126953125,128.59042358398438,0.08954700082540512,164.17977905273438,0.4794889986515045
2024-06-30,0.392192006111145,0.14419899880886078,6.720983028411865,29.360876083374023,393.6454162597656,581.7711181640625,62678.29296875,0.12430500239133835,6.208572864532471,23.66849136352539,3432.88916015625,4.471592903137207,0.07652100175619125,8.158838272094727,14.260198593139648,75.27999877929688,146.49249267578125,0.09108799695968628,167.92013549804688,0.4754830002784729
2024-07-07,0.34661799669265747,0.12651999294757843,5.789626121520996,25.705129623413086,312.7734680175781,490.6131286621094,55849.109375,0.10423199832439423,5.9062628746032715,19.75033950805664,2929.38720703125,3.633152961730957,0.06456699967384338,6.912590026855469,12.351334571838379,62.062255859375,131.7740936279297,0.08388999849557877,149.10812377929688,0.4198229908943176
2024-07-14,0.43234801292419434,0.15198899805545807,6.226527214050293,26.36935806274414,376.9600830078125,544.8187255859375,60787.79296875,0.11544899642467499,6.328077793121338,22.57889175415039,3244.0791015625,4.267838954925537,0.07210300117731094,8.62303352355957,13.426870346069336,69.96685791015625,147.622314453125,0.10464899986982346,159.6997528076172,0.52286297082901
2024-07-21,0.44607698917388916,0.15934500098228455,6.540921211242676,32.60565948486328,400.7705383300781,601.8511962890625,68154.5234375,0.14016899466514587,6.419742107391357,24.16719627380371,3536.60546875,4.775507926940918,0.07470499724149704,10.732657432556152,14.806570053100586,73.988525390625,184.54161071777344,0.10530900210142136,164.6875762939453,0.5974670052528381
2024-07-28,0.40738698840141296,0.139164999127388,6.221149921417236,27.40057373046875,416.67303466796875,584.099609375,68255.8671875,0.13007499277591705,5.721426010131836,22.646202087402344,3271.464599609375,4.445803165435791,0.0675320029258728,9.357606887817383,13.293225288391113,71.1284408569336,184.88607788085938,0.10024300217628479,164.43466186523438,0.601947009563446
2024-08-04,0.3439379930496216,0.1146320030093193,5.039577007293701,21.22766876220703,331.857666015625,497.0390930175781,58116.9765625,0.10373300313949585,4.683842182159424,18.901809692382812,2686.39892578125,3.5256049633026123,0.055243998765945435,7.323976993560791,10.871526718139648,62.396121978759766,138.05508422851562,0.088189996778965,150.46397399902344,0.5233960151672363
2024-08-11,0.32832199335098267,0.11533199995756149,4.90261697769165,20.428546905517578,330.2902526855469,503.8045349121094,58719.484375,0.10056599974632263,4.496322154998779,18.421485900878906,2553.252197265625,3.4891319274902344,0.05264800041913986,6.833847999572754,10.008923530578613,59.70698165893555,141.52685546875,0.09788399934768677,149.0154266357422,0.5529320240020752
2024-08-18,0.33483099937438965,0.11878199875354767,4.566294193267822,20.819700241088867,333.3903503417969,531.6085205078125,58483.96484375,0.1001719981431961,4.391077041625977,18.582971572875977,2613.357177734375,3.549952983856201,0.05314100161194801,7.140541076660156,10.095947265625,66.38336181640625,142.58688354492188,0.09352000057697296,151.23391723632812,0.5638750195503235
2024-08-25,0.3849790096282959,0.14180099964141846,5.063717842102051,26.964920043945312,356.3801574707031,574.2499389648438,64333.54296875,0.10969799757003784,4.824508190155029,20.122182846069336,2749.15771484375,4.159570217132568,0.05900299921631813,8.516169548034668,12.108485221862793,64.84695434570312,158.90911865234375,0.10096000134944916,166.53488159179688,0.6001840233802795
2024-09-01,0.33173999190330505,0.1185000017285347,4.306014060974121,21.44817352294922,312.7499694824219,512.59521484375,57325.48828125,0.09535399824380875,4.073627948760986,17.63356590270996,2427.90234375,3.3624119758605957,0.047954998910427094,7.195940971374512,10.372398376464844,63.52634048461914,128.6905517578125,0.09004800021648407,169.71270751953125,0.5479900240898132
2024-09-08,0.33865898847579956,0.12517499923706055,3.803571939468384,23.215967178344727,305.2160949707031,503.0001525878906,54841.56640625,0.0960799977183342,4.1641058921813965,17.935142517089844,2297.29296875,3.4075160026550293,0.04944799840450287,7.4117817878723145,10.335866928100586,60.89545440673828,129.98951721191406,0.08995000272989273,171.95692443847656,0.5292909741401672
2024-09-15,0.3385230004787445,0.12647099792957306,4.062117099761963,23.837696075439453,316.6377258300781,553.9722900390625,59182.8359375,0.10293299704790115,4.40186882019043,17.816959381103516,2320.897216796875,3.450982093811035,0.05013899877667427,8.328871726989746,10.823186874389648,63.336692810058594,131.4993896484375,0.09519200026988983,170.25546264648438,0.5709750056266785
2024-09-22,0.3517720103263855,0.13218800723552704,4.59576416015625,27.337196350097656,342.98187255859375,588.0869140625,63648.7109375,0.1063390001654625,4.314034938812256,18.908185958862305,2582.862548828125,3.7274320125579834,0.05384499952197075,8.261249542236328,11.132943153381348,68.59842681884766,144.80364990234375,0.096049003303051,176.7974853515625,0.5876209735870361
2024-09-29,0.39759698510169983,0.14127099514007568,5.030847072601318,29.069881439208984,352.8612365722656,596.4111938476562,65635.3046875,0.1246739998459816,4.768427848815918,20.450212478637695,2659.346923828125,4.085205078125,0.06142200157046318,9.552041053771973,12.48232364654541,69.31442260742188,158.62916564941406,0.10170499980449677,152.91757202148438,0.6419469714164734
2024-10-06,0.357230007648468,0.12681299448013306,4.644476890563965,26.928571701049805,324.4873352050781,570.542724609375,62818.953125,0.1114799976348877,4.188560962677002,18.750303268432617,2439.957763671875,3.6953530311584473,0.05416300147771835,8.509588241577148,11.276307106018066,67.06830596923828,146.44236755371094,0.09245499968528748,147.6326141357422,0.5335919857025146
2024-10-13,0.34803399443626404,0.12070100009441376,4.336760997772217,29.171485900878906,321.17864990234375,571.8217163085938,62851.375,0.11133600026369095,4.157303810119629,18.543956756591797,2467.677001953125,3.563206911087036,0.05113000050187111,7.916998863220215,10.731656074523926,64.75692749023438,147.5724334716797,0.09032800048589706,148.56869506835938,0.5315399765968323
2024-10-20,0.3648410141468048,0.13034099340438843,4.683897018432617,28.93516731262207,369.35589599609375,605.517822265625,69001.703125,0.14208300411701202,4.571722984313965,20.159778594970703,2746.364013671875,3.9825150966644287,0.0558909997344017,8.344012260437012,11.962789535522461,74.31231689453125,166.9398193359375,0.09719499945640564,163.2498016357422,0.547652006149292
2024-10-27,0.33987200260162354,0.11582600325345993,4.449714183807373,25.732751846313477,352.1592712402344,588.7158203125,67929.296875,0.14431199431419373,4.124960899353027,18.395816802978516,2505.940673828125,3.5639030933380127,0.04884599894285202,7.790670871734619,10.980671882629395,71.07989501953125,176.5491943359375,0.09418000280857086,162.90989685058594,0.516381025314331
2024-11-03,0.3342849910259247,0.1094919964671135,3.9796009063720703,23.538249969482422,340.2908935546875,557.6416015625,68741.1171875,0.15145400166511536,3.7885890007019043,17.78680419921875,2456.42529296875,3.339992046356201,0.042851999402046204,7.183899879455566,10.764084815979004,66.91110229492188,162.55130004882812,0.09066499769687653,156.91033935546875,0.5029309988021851
2024-11-10,0.5903090238571167,0.14550699293613434,5.264926910400391,31.9826717376709,442.1380310058594,628.302490234375,80474.1875,0.27909499406814575,5.252132892608643,23.066057205200195,3191.331298828125,4.266575813293457,0.05495399981737137,8.99902629852295,14.289252281188965,76.52312469482422,210.6137237548828,0.10847199708223343,162.097900390625,0.589381992816925
2024-11-17,0.7023249864578247,0.18369999527931213,5.680302143096924,34.73808670043945,432.03131103515625,618.4000854492188,89845.8515625,0.3665600121021271,5.41603422164917,25.81916046142578,3075.66162109375,4.340086936950684,0.09029000252485275,8.97469425201416,13.778284072875977,87.05650329589844,237.57553100585938,0.1964160054922104,156.45103454589844,1.0543349981307983
2024-11-24,1.0231059789657593,0.2840979993343353,8.750693321228027,42.04306411743164,514.7054443359375,660.3175659179688,98013.8203125,0.4298819899559021,8.8135347366333,28.858877182006836,3363.659912109375,5.7165608406066895,0.14717699587345123,11.64759635925293,17.94485855102539,96.94950866699219,252.91952514648438,0.5374209880828857,161.95704650878906,1.4324109554290771
2024-12-01,1.1552519798278809,0.48757699131965637,8.918917655944824,45.09182357788086,532.6294555664062,655.9324951171875,97279.7890625,0.4400230050086975,9.307755470275879,33.21342086791992,3711.1650390625,6.8878397941589355,0.20935100317001343,12.852599143981934,18.889429092407227,119.86519622802734,237.06993103027344,0.5693879723548889,163.19873046875,2.320223093032837
2024-12-08,1.1962909698486328,0.4983629882335663,10.1338472366333,53.933502197265625,623.3380126953125,743.295654296875,101236.015625,0.4672969877719879,10.412901878356934,37.15409469604492,4005.70458984375,7.886321067810059,0.3286539912223816,14.559106826782227,26.144575119018555,135.17453002929688,236.67233276367188,0.4943520128726959,222.5482177734375,2.6083478927612305
2024-12-15,1.1017080545425415,0.43074899911880493,9.096175193786621,50.754615783691406,546.8533935546875,719.13427734375,104298.6953125,0.4062719941139221,9.029330253601074,33.70417785644531,3951.941162109375,6.718183994293213,0.2955709993839264,13.172595977783203,29.2235107421875,121.13903045654297,223.6576690673828,0.4301280081272125,222.3091278076172,2.4469499588012695
2024-12-22,0.8829759955406189,0.3475880026817322,6.398767948150635,36.51603317260742,445.06976318359375,648.7047119140625,95104.9375,0.31219199299812317,6.830101013183594,25.95163917541504,3277.53515625,4.827970027923584,0.2651279866695404,9.909358978271484,22.04706573486328,99.56405639648438,180.16891479492188,0.35593900084495544,189.7898406982422,2.1993319988250732
2024-12-29,0.8586400151252747,0.3253040015697479,6.289590835571289,35.826663970947266,438.50543212890625,693.7545166015625,93530.2265625,0.31431999802589417,6.862186908721924,25.527992248535156,3349.513427734375,4.95213508605957,0.2789370119571686,10.144951820373535,20.938785552978516,98.27505493164062,189.7442626953125,0.33789798617362976,192.60665893554688,2.093179941177368
2025-01-05,1.0934669971466064,0.40515100955963135,7.343753814697266,43.0792350769043,470.9113464355469,709.25830078125,98314.9609375,0.3825629949569702,7.679114818572998,28.11792755126953,3634.103759765625,5.919938087463379,0.30129700899124146,12.115070343017578,23.63523292541504,115.46582794189453,213.3936309814453,0.4406900107860565,196.70982360839844,2.3997271060943604
2025-01-12,0.9685549736022949,0.3605409860610962,6.458796977996826,36.55796432495117,447.83673095703125,693.0482788085938,94488.4375,0.33595898747444153,6.628734111785889,25.257734298706055,3265.951171875,5.0897979736328125,0.27798399329185486,10.23379135131836,19.837339401245117,102.35240936279297,188.5603790283203,0.4225809872150421,199.9111328125,2.5063140392303467
2025-01-19,0.991191029548645,0.39631199836730957,5.889194011688232,35.575374603271484,426.2817077636719,682.2039794921875,101089.609375,0.35775700211524963,6.232108116149902,25.369773864746094,3208.96435546875,4.969770908355713,0.3262380063533783,9.86599063873291,24.2492733001709,115.33399963378906,250.58636474609375,0.43288999795913696,203.90447998046875,2.954716920852661
2025-01-26,0.9548559784889221,0.38229700922966003,6.105193138122559,35.85732650756836,425.595947265625,666.7637939453125,102682.5,0.336326003074646,6.184237957000732,26.235240936279297,3236.13427734375,4.865904808044434,0.32340899109840393,8.825607299804688,24.911712646484375,117.20661163330078,240.88345336914062,0.4067789912223816,218.83660888671875,3.0262279510498047
2025-02-02,0.8017399907112122,0.30038198828697205,4.866880893707275,27.576316833496094,359.7787780761719,617.6006469726562,97688.9765625,0.26750901341438293,5.148262023925781,22.482934951782227,2868.69287109375,3.5999550819396973,0.2533169984817505,7.485926151275635,20.42749786376953,109.48184204101562,203.11962890625,0.35395699739456177,221.23451232910156,2.5797948837280273
2025-02-09,0.6827009916305542,0.27566099166870117,4.577904224395752,24.912887573242188,324.8921203613281,616.64208984375,96500.09375,0.24929000437259674,4.77225923538208,20.19149398803711,2628.72119140625,3.316422939300537,0.2295749932527542,6.963868141174316,18.30515480041504,107.45870208740234,200.49755859375,0.31458398699760437,220.1154022216797,2.396939992904663
2025-02-16,0.772005021572113,0.27542299032211304,4.760387897491455,24.837257385253906,326.4682922363281,674.100830078125,96175.03125,0.2657400071620941,4.880805969238281,20.44072914123535,2663.31591796875,3.400501012802124,0.22014600038528442,6.995984077453613,18.70529556274414,125.55438232421875,188.4864044189453,0.3426069915294647,229.68365478515625,2.7278249263763428
2025-02-23,0.7700409889221191,0.25973600149154663,4.875960826873779,24.88555335998535,327.8842468261719,657.9036865234375,96273.921875,0.24302299320697784,4.959229946136475,20.788482666015625,2821.310302734375,3.4151699542999268,0.21149900555610657,7.064761161804199,17.6387882232666,129.94187927246094,168.03811645507812,0.3335059881210327,236.32699584960938,2.5770199298858643
2025-03-02,1.1295030117034912,0.29061201214790344,4.905646800994873,24.94097328186035,333.97296142578125,622.9360961914062,94248.3515625,0.2392670065164566,5.196681976318359,20.982513427734375,2519.694580078125,3.560312032699585,0.2646560072898865,7.2255449295043945,17.41300392150879,127.49488830566406,178.49549865722656,0.35044199228286743,229.6267852783203,2.9369421005249023
2025-03-09,0.7201489806175232,0.20110900700092316,3.8021740913391113,17.957881927490234,357.228515625,554.5804443359375,80601.0390625,0.16780300438404083,4.016472816467285,17.914573669433594,2015.5091552734375,2.7827579975128174,0.19926899671554565,5.419508934020996,13.77341079711914,94.47103881835938,126.43543243408203,0.2627669870853424,211.4170684814453,2.1345760822296143
2025-03-16,0.7057639956474304,0.1864050030708313,4.626160144805908,18.291139602661133,332.9571838378906,602.2166137695312,82579.6875,0.16823500394821167,4.305270195007324,17.479427337646484,1887.43505859375,2.8362739086151123,0.1852020025253296,5.567418098449707,13.371051788330078,90.34935760498047,125.98810577392578,0.2632580101490021,209.0993194580078,2.2978670597076416
2025-03-23,0.7095080018043518,0.19162899255752563,4.803366184234619,19.811660766601562,325.2769775390625,623.3494873046875,86054.375,0.17225299775600433,4.495940208435059,17.793901443481445,2005.2991943359375,3.0237998962402344,0.1856909990310669,5.833902835845947,14.435689926147461,91.41535186767578,132.5993194580078,0.2829180061817169,216.57899475097656,2.435492992401123
2025-03-30,0.6607080101966858,0.17939099669456482,4.313941955566406,18.862831115722656,298.8476867675781,601.8302001953125,82334.5234375,0.16631899774074554,4.0395050048828125,16.48015022277832,1806.2186279296875,2.7508199214935303,0.1676120012998581,5.2685770988464355,13.387308120727539,86.00347137451172,124.64263153076172,0.2667370140552521,217.88697814941406,2.1361429691314697
2025-04-06,0.5727930068969727,0.16207100450992584,4.438739776611328,15.994715690612793,271.9084777832031,554.5949096679688,78214.484375,0.14884500205516815,3.677018880844116,14.13341236114502,1576.72802734375,2.372648000717163,0.1396619975566864,4.570930004119873,11.25341510772705,70.42854309082031,105.7120132446289,0.22612200677394867,198.9579620361328,1.917894959449768
2025-04-13,0.6380749940872192,0.18273000419139862,4.144314765930176,19.586620330810547,342.37060546875,584.04248046875,83684.9765625,0.16279199719429016,3.665757894515991,15.229037284851074,1596.685791015625,2.4928829669952393,0.16532500088214874,5.003706932067871,12.6239013671875,77.78424835205078,128.58079528808594,0.238319993019104,203.20022583007812,2.120198965072632
2025-04-20,0.6197819709777832,0.1930209994316101,4.154053211212158,19.500951766967773,335.9388732910156,592.972412109375,85174.3046875,0.15518400073051453,3.8790690898895264,16.068010330200195,1587.5142822265625,2.648184061050415,0.166020005941391,4.875729084014893,13.27574634552002,77.74858856201172,137.77459716796875,0.2435770034790039,214.35748291015625,2.0770010948181152
2025-04-27,0.7039750218391418,0.22165200114250183,4.384881019592285,21.759990692138672,345.9830322265625,603.6184692382812,93754.84375,0.1796720027923584,4.095620155334473,16.58652114868164,1792.864990234375,2.709990978240967,0.1905760020017624,5.043152809143066,14.588580131530762,85.53465270996094,148.24583435058594,0.284496009349823,233.90005493164062,2.256237030029297
2025-05-04,0.676692008972168,0.19964699447155,4.095193862915039,19.901275634765625,356.13006591796875,585.9950561523438,94315.9765625,0.17055200040340424,3.920790910720825,16.010334014892578,1808.59423828125,2.63162899017334,0.17619000375270844,4.605158805847168,13.859743118286133,85.02394104003906,143.98306274414062,0.26564300060272217,280.2715148925781,2.157794952392578
2025-05-11,0.8049889802932739,0.2395160049200058,5.3111701011657715,24.7523250579834,408.0454406738281,650.6254272460938,104106.359375,0.23150800168514252,5.0924458503723145,19.938098907470703,2510.23779296875,3.138503074645996,0.2064100056886673,5.762083053588867,17.063989639282227,99.97394561767578,173.02645874023438,0.30608901381492615,331.95758056640625,2.3665249347686768
2025-05-18,0.7606260180473328,0.22762499749660492,4.9665398597717285,23.08956527709961,406.8180847167969,652.164306640625,106446.0078125,0.2341810017824173,4.804838180541992,18.750654220581055,2498.233642578125,2.918637990951538,0.19740299880504608,5.345407962799072,15.922525405883789,101.17874145507812,173.89871215820312,0.2927820086479187,337.5039978027344,2.434170961380005
2025-05-25,0.7599830031394958,0.22159700095653534,4.793062210083008,23.441709518432617,422.8595275878906,669.9168701171875,109035.390625,0.22498400509357452,4.525113105773926,18.353172302246094,2551.763916015625,2.8157269954681396,0.1881989985704422,5.266316890716553,15.526289939880371,95.6577377319336,175.72547912597656,0.28772100806236267,417.71588134765625,2.342974901199341
2025-06-01,0.6849740147590637,0.19541500508785248,4.3664350509643555,20.873411178588867,403.7017517089844,660.9917602539062,105652.1015625,0.19363200664520264,4.064271926879883,17.090087890625,2536.266357421875,2.5694870948791504,0.16862499713897705,4.938055038452148,14.062182426452637,88.38945770263672,157.7845458984375,0.26732200384140015,348.7095947265625,2.1791839599609375
2025-06-08,0.6698989868164062,0.19055500626564026,4.2676520347595215,21.055870056152344,411.2310791015625,652.1478271484375,105793.6484375,0.18417300283908844,4.024810791015625,16.944063186645508,2510.787109375,2.486860990524292,0.16929200291633606,5.5410590171813965,13.717120170593262,87.25794219970703,152.4300994873047,0.2676509916782379,327.90277099609375,2.2654950618743896
2025-06-15,0.633849024772644,0.17648300528526306,4.093523025512695,19.114946365356445,460.8656921386719,648.28076171875,105552.0234375,0.17566899955272675,3.8218910694122314,16.680133819580078,2546.837158203125,2.4204540252685547,0.154571995139122,5.516905784606934,13.296910285949707,86.32762145996094,152.81439208984375,0.25891000032424927,314.98358154296875,2.1671769618988037
2025-06-22,0.5409830212593079,0.15974800288677216,3.716500997543335,16.499881744384766,455.07818603515625,615.99462890625,100987.140625,0.15132200717926025,3.1523730754852295,15.173989295959473,2228.213134765625,2.0653998851776123,0.1335030049085617,4.552140235900879,11.652458190917969,80.13804626464844,131.61569213867188,0.22854800522327423,298.10028076171875,2.0140280723571777
2025-06-29,0.5780860185623169,0.18594899773597717,4.206427097320557,18.741649627685547,503.7851257324219,655.0361938476562,108385.5703125,0.16960200667381287,3.547437906265259,16.9713077545166,2500.9599609375,2.3925719261169434,0.15273399651050568,5.08123779296875,13.725419998168945,87.99116516113281,153.35308837890625,0.24050599336624146,313.69854736328125,2.2070729732513428
2025-07-06,0.5860130190849304,0.17706799507141113,4.0797038078308105,18.2985897064209,491.95977783203125,663.0889892578125,109232.0703125,0.17198599874973297,3.3957769870758057,16.639205932617188,2571.236572265625,2.2917261123657227,0.1595340073108673,4.845028877258301,13.494132041931152,87.3949203491211,151.87294006347656,0.2501620054244995,319.38385009765625,2.272541046142578
2025-07-13,0.7372530102729797,0.264165997505188,4.683666229248047,21.19805335998535,507.888916015625,692.2304077148438,119116.1171875,0.19859500229358673,3.98730206489563,18.458711624145508,2973.35888671875,2.5605409145355225,0.2409379929304123,5.462666034698486,15.646004676818848,94.6480712890625,161.1940155029297,0.4720729887485504,336.2216796875,2.8359410762786865
2025-07-20,0.8587449789047241,0.29196301102638245,5.181465148925781,25.073537826538086,547.8762817382812,757.7399291992188,117300.7890625,0.27292901277542114,4.4912872314453125,24.733217239379883,3759.471435546875,2.895888090133667,0.2715280055999756,5.9864702224731445,19.30514907836914,116.86455535888672,181.54603576660156,0.463234007358551,325.4388427734375,3.459528923034668
2025-07-27,0.8320080041885376,0.28628501296043396,4.8747968673706055,25.98979949951172,590.12890625,843.261962890625,119448.4921875,0.24080300331115723,4.239684104919434,23.3016357421875,3875.24658203125,2.7617859840393066,0.29161399602890015,5.799831867218018,19.234554290771484,114.80377197265625,188.73348999023438,0.44449299573898315,325.29327392578125,3.2412819862365723
2025-08-03,0.7269759774208069,0.24339500069618225,4.274301052093506,21.37859535217285,544.4601440429688,751.5609741210938,114217.671875,0.19886399805545807,3.6039528846740723,19.86651039123535,3497.379150390625,2.343903064727783,0.24877199530601501,5.122694969177246,16.299955368041992,110.4697265625,161.95497131347656,0.3992069959640503,303.44281005859375,2.9495439529418945
2025-08-10,0.8022879958152771,0.2663399875164032,4.663980007171631,23.863525390625,570.7457885742188,805.8734741210938,119306.7578125,0.23409900069236755,4.063408851623535,23.195711135864258,4254.2177734375,2.6251869201660156,0.2593649923801422,5.635561943054199,22.102489471435547,123.7939453125,182.90301513671875,0.44452598690986633,268.4224548339844,3.1878559589385986
2025-08-17,0.9618890285491943,0.2651819884777069,4.626181125640869,25.075254440307617,582.4995727539062,856.4029541015625,117453.0625,0.23456500470638275,4.056697845458984,22.24588966369629,4473.271484375,2.5574870109558105,0.25225600600242615,5.479743003845215,25.688791275024414,120.84668731689453,191.16482543945312,0.42483600974082947,269.24383544921875,3.089040994644165
2025-08-24,0.9096069931983948,0.2712549865245819,4.785521030426025,25.72537612915039,583.865234375,876.0802001953125,113458.4296875,0.231797993183136,4.109203815460205,23.2484130859375,4779.6474609375,2.4231529235839844,0.24787500500679016,5.265811920166016,25.82159423828125,118.19590759277344,205.8523712158203,0.4075759947299957,275.9156494140625,3.0258688926696777
2025-08-31,0.8113610148429871,0.23161299526691437,4.466217994689941,23.406009674072266,544.5551147460938,857.8167724609375,108236.7109375,0.21381500363349915,3.74202299118042,20.694141387939453,4390.01904296875,2.2709879875183105,0.21891799569129944,4.754651069641113,23.22403335571289,108.90846252441406,200.86354064941406,0.35279399156570435,261.984375,2.7766408920288086
2025-09-07,0.8350589871406555,0.23075200617313385,4.485191822052002,24.692548751831055,603.4046020507812,880.613037109375,111167.6171875,0.2284429967403412,3.9948670864105225,20.479427337646484,4305.34765625,2.3950929641723633,0.2194480001926422,4.824123859405518,22.465261459350586,115.02294158935547,206.4681854248047,0.3615890145301819,271.7969970703125,2.8785619735717773
2025-09-14,0.8889909982681274,0.23956899344921112,4.642557144165039,29.49125862121582,601.4661865234375,927.24169921875,115407.65625,0.27858999371528625,4.322048187255859,21.15708351135254,4609.59765625,2.5170040130615234,0.24099799990653992,4.856814861297607,24.1313533782959,115.20269775390625,240.5576934814453,0.3901109993457794,306.0403137207031,3.032525062561035
2025-09-21,0.8852750062942505,0.23131300508975983,4.406612873077393,33.04840087890625,594.320556640625,1048.67236328125,115306.09375,0.2611590027809143,4.271018981933594,19.913774490356445,4451.3291015625,2.399600028991699,0.23420299589633942,4.70849084854126,22.997249603271484,114.11297607421875,236.57545471191406,0.3804289996623993,292.4175720214844,2.9734089374542236
2025-09-28,0.8081660270690918,0.20804299414157867,4.18208122253418,30.007946014404297,556.2056274414062,993.3155517578125,112122.640625,0.2373879998922348,3.996964931488037,18.534194946289062,4141.4765625,2.2140440940856934,0.21615299582481384,4.292815208435059,21.680927276611328,106.8475112915039,210.7377471923828,0.36774200201034546,290.3267517089844,2.8665859699249268
2025-10-05,0.8373519778251648,0.21875900030136108,4.150838851928711,30.085981369018555,594.2940673828125,1165.527587890625,123513.4765625,0.25295400619506836,4.135800838470459,19.422073364257812,4515.4228515625,2.333631992340088,0.2162880003452301,4.526138782501221,22.002395629882812,118.85699462890625,228.6011962890625,0.39601099491119385,321.4036560058594,2.9706408977508545
2025-10-12,0.7015050053596497,0.20325300097465515,3.4890151023864746,22.583330154418945,541.6370239257812,1303.1173095703125,115169.765625,0.20779499411582947,3.2469899654388428,16.74115562438965,4164.427734375,1.6614710092544556,0.18567000329494476,3.5054728984832764,19.047706604003906,98.7606430053711,197.508544921875,0.34220799803733826,304.73675537109375,2.5349578857421875
2025-10-19,0.652550995349884,0.18356600403785706,3.2287890911102295,20.594934463500977,472.87347412109375,1109.6800537109375,108666.7109375,0.19532300531864166,3.0078349113464355,15.757182121276855,3984.649658203125,1.532101035118103,0.17041699588298798,3.069355010986328,17.27528953552246,93.28386688232422,187.79820251464844,0.31779301166534424,315.5628967285156,2.390631914138794
2025-10-26,0.6810629963874817,0.1907700002193451,3.2564010620117188,20.835847854614258,558.7027587890625,1137.5869140625,114472.4453125,0.20566999912261963,3.196014881134033,16.64109230041504,4157.9892578125,1.6518080234527588,0.17987599968910217,3.2928690910339355,18.540292739868164,99.96092987060547,200.02862548828125,0.33066999912261963,348.1620178222656,2.645145893096924
2025-11-02,0.61080402135849,0.17869000136852264,3.0717051029205322,18.859472274780273,537.2799072265625,1084.35986328125,110639.625,0.18657299876213074,2.987847089767456,16.383249282836914,3911.063232421875,1.6671860218048096,0.19487500190734863,4.288271903991699,17.598976135253906,99.51091003417969,187.8259735107422,0.30510398745536804,347.2256164550781,2.529094934463501
2025-11-09,0.5786349773406982,0.1777449995279312,2.970210075378418,17.776567459106445,503.32281494140625,996.579833984375,104719.640625,0.1792600005865097,3.2328670024871826,16.156667709350586,3582.621337890625,2.774259090423584,0.17660200595855713,7.5901079177856445,15.927966117858887,110.16724395751953,164.45384216308594,0.28571799397468567,416.0004577636719,2.367656946182251
2025-11-16,0.48484501242637634,0.1589830070734024,2.7674291133880615,15.158035278320312,483.67388916015625,927.2578735351562,94177.078125,0.15866099298000336,2.7873780727386475,14.796113967895508,3092.847412109375,1.956989049911499,0.1466670036315918,4.783429145812988,13.741969108581543,95.89550018310547,137.26573181152344,0.25416600704193115,406.1081237792969,2.216609001159668
2025-11-23,0.4085490107536316,0.14364400506019592,2.492276906967163,13.277552604675293,539.2669067382812,843.2247924804688,86805.0078125,0.14483100175857544,2.2557220458984375,13.556330680847168,2801.676025390625,1.6096769571304321,0.14814600348472595,4.048952102661133,12.509099006652832,82.9775390625,130.70506286621094,0.24703000485897064,389.40020751953125,2.046264886856079
2025-11-30,0.41588500142097473,0.1369750052690506,2.378329038619995,13.774581909179688,541.7889404296875,877.5767822265625,90394.3125,0.14666900038719177,2.2185781002044678,13.739218711853027,2992.112548828125,1.5844249725341797,0.14175400137901306,3.8606760501861572,12.981496810913086,82.55572509765625,133.5648193359375,0.2487179934978485,436.30224609375,2.1609671115875244
2025-12-07,0.4168109893798828,0.1327980011701584,2.178765058517456,13.455828666687012,598.684326171875,894.0222778320312,90405.640625,0.13857600092887878,2.0915310382843018,13.117788314819336,3061.3017578125,1.455502986907959,0.13095499575138092,3.422929048538208,13.642915725708008,81.42406463623047,132.09356689453125,0.23705700039863586,362.6230773925781,2.0434200763702393
2025-12-14,0.39658400416374207,0.11899899691343307,2.1051011085510254,12.890225410461426,558.4771118164062,877.806884765625,88175.1796875,0.1341640055179596,1.9549089670181274,12.791572570800781,3060.5947265625,1.314877986907959,0.118258997797966,3.0690629482269287,13.29239273071289,78.97834777832031,129.48109436035156,0.22928999364376068,409.3028259277344,1.979287028312683
2025-12-21,0.3658910095691681,0.11144699901342392,1.9403760433197021,12.138314247131348,590.0581665039062,857.8892211914062,88621.75,0.1310579925775528,1.799973964691162,12.201783180236816,3001.61376953125,1.277387022972107,0.11187999695539474,3.0494959354400635,12.432073593139648,76.71600341796875,125.99150085449219,0.2164659947156906,471.4607238769531,1.9220119714736938
2025-12-28,0.3685019910335541,0.11979100108146667,2.073132038116455,12.636359214782715,621.391357421875,858.8287963867188,87835.8359375,0.12382499873638153,1.848762035369873,12.179569244384766,2948.568115234375,1.3350269794464111,0.11529900133609772,3.0360629558563232,12.47721004486084,78.63316345214844,125.19935607910156,0.22006799280643463,453.06854248046875,1.864359974861145
2026-01-04,0.4000909924507141,0.13582900166511536,2.337570905685425,14.22736930847168,639.0763549804688,894.3836669921875,91413.4921875,0.1493079960346222,2.139849901199341,12.801530838012695,3140.71044921875,1.4901139736175537,0.1251779943704605,3.2652299404144287,13.398759841918945,82.13314819335938,133.8996124267578,0.23253700137138367,418.1326599121094,2.0900208950042725
2026-01-11,0.3902849853038788,0.13207300007343292,2.5693581104278564,13.677188873291016,647.7793579101562,902.7507934570312,90827.4609375,0.13773700594902039,2.0661659240722656,12.343557357788086,3118.88525390625,1.4541319608688354,0.11720400303602219,3.144505023956299,13.174175262451172,78.68950653076172,139.49046325683594,0.2241860032081604,558.52734375,2.0710649490356445
2026-01-18,0.3756929934024811,0.12286199629306793,2.427838087081909,12.995943069458008,591.7774658203125,932.5913696289062,93634.4296875,0.13165900111198425,2.067770004272461,12.248403549194336,3281.15771484375,1.4518150091171265,0.11197400093078613,3.9007880687713623,13.329924583435059,72.25719451904297,137.99542236328125,0.218190997838974,573.1436767578125,1.992658019065857
2026-01-25,0.33870500326156616,0.11452499777078629,2.2353320121765137,11.484868049621582,571.1719970703125,864.7267456054688,86572.21875,0.11929900199174881,1.821653962135315,11.121826171875,2815.90234375,1.2498270273208618,0.10310599952936172,3.2325429916381836,11.505537986755371,67.1728286743164,118.77285766601562,0.2030390053987503,449.3143615722656,1.8330260515213013
2026-02-01,0.2860319912433624,0.10050799697637558,1.9125339984893799,9.915943145751953,515.9072875976562,758.4573974609375,76974.4453125,0.10434400290250778,1.496878981590271,9.515374183654785,2267.96484375,1.0358879566192627,0.08870600163936615,2.6227920055389404,9.410691261291504,58.482112884521484,100.85052490234375,0.17497900128364563,404.9494934082031,1.5913419723510742
2026-02-08,0.2702629864215851,0.09692499786615372,1.950184941291809,9.08948802947998,527.0006103515625,640.253662109375,70264.7265625,0.09673800319433212,1.3371039628982544,8.57300853729248,2088.762939453125,0.9327679872512817,0.09125600010156631,2.4358179569244385,8.832435607910156,54.545467376708984,87.04410552978516,0.16164200007915497,318.3287353515625,1.4321850538253784
2026-02-15,0.2817800045013428,0.09581000357866287,2.1377570629119873,9.28593635559082,554.0848999023438,614.6380004882812,68788.1875,0.10265699774026871,1.3567869663238525,8.726852416992188,1966.04296875,0.9629719853401184,0.10028500109910965,2.4145259857177734,8.78187084197998,55.03819274902344,86.00509643554688,0.17032000422477722,331.2537841796875,1.474856972694397
2026-02-22,0.2713859975337982,0.08680900186300278,2.250324010848999,8.871542930603027,570.2996826171875,614.4066772460938,67659.390625,0.09545300155878067,1.3123029470443726,8.518675804138184,1957.805908203125,0.9284160137176514,0.09803099930286407,2.1514739990234375,8.672669410705566,53.46723175048828,82.79097747802734,0.1549219936132431,327.8302001953125,1.3930779695510864
2026-03-01,0.27358001470565796,0.08566199988126755,1.7998579740524292,9.030876159667969,441.91741943359375,618.107177734375,65738.1015625,0.09192900359630585,1.537121057510376,8.48140811920166,1939.066650390625,0.9645280241966248,0.09695799648761749,2.3684699535369873,8.67234992980957,53.24626159667969,83.5776596069336,0.154216006398201,341.9925842285156,1.3517290353775024
2026-03-08,0.24924999475479126,0.08183100074529648,1.7367229461669922,8.820452690124512,442.72332763671875,612.0388793945312,65969.78125,0.08916299790143967,1.451653003692627,7.984694957733154,1936.604736328125,0.9349880218505859,0.09401699900627136,2.424762010574341,8.523436546325684,52.63649368286133,81.62458801269531,0.14838099479675293,334.9960632324219,1.3414009809494019
2026-03-15,0.26984700560569763,0.09246700257062912,1.8598949909210205,9.93514347076416,469.6052551269531,673.701171875,72789.9140625,0.09739399701356888,1.439507007598877,8.463035583496094,2177.476318359375,0.8937609791755676,0.09616799652576447,2.671168088912964,9.48212718963623,56.18583297729492,92.25182342529297,0.1691489964723587,358.20587158203125,1.4475510120391846
2026-03-22,0.25059500336647034,0.08556699752807617,1.768170952796936,9.018503189086914,468.1551208496094,626.601318359375,67845.2109375,0.09010399878025055,1.4115079641342163,8.030608177185059,2053.04833984375,0.8470579981803894,0.08912499994039536,2.3433170318603516,8.685224533081055,53.48957061767578,86.12834930419922,0.15591199696063995,362.0674133300781,1.3848830461502075
2026-03-29,0.2395620048046112,0.08101700246334076,1.6427210569381714,8.595704078674316,452.0548400878906,605.6762084960938,65954.921875,0.09039700031280518,1.2580100297927856,7.928077220916748,1982.5596923828125,0.799360990524292,0.08801399916410446,2.1976070404052734,8.405261993408203,53.29500961303711,81.42240142822266,0.1644809991121292,326.9917907714844,1.3272759914398193
2026-04-05,0.2504270076751709,0.12135600298643112,1.694720983505249,9.055030822753906,427.5994873046875,601.5355834960938,68981.8984375,0.0922669991850853,1.2430139780044556,8.73122501373291,2108.99560546875,0.8424040079116821,0.08795300126075745,2.2874960899353027,8.811627388000488,54.1145133972168,81.8544921875,0.16256999969482422,330.9884948730469,1.325495958328247
2026-04-12,0.23627200722694397,0.10194599628448486,1.7252620458602905,9.03339672088623,421.12530517578125,592.2140502929688,70753.40625,0.09083399921655655,1.2232530117034912,8.13296127319336,2192.201171875,0.8585150241851807,0.08520899713039398,2.4132258892059326,8.737156867980957,53.48984909057617,81.53523254394531,0.15043599903583527,335.1197509765625,1.3249980211257935
2026-04-19,0.24252399802207947,0.1016009971499443,1.7581230401992798,9.01020622253418,435.4740905761719,616.5244750976562,73856.3515625,0.09306000173091888,1.2403279542922974,8.237988471984863,2264.9169921875,0.906810998916626,0.08735399693250656,2.4095959663391113,9.070685386657715,54.07212448120117,83.58094787597656,0.16671299934387207,347.6779479980469,1.3946529626846313
2026-04-26,0.2523280084133148,0.12002400308847427,2.003288984298706,9.465227127075195,455.03466796875,636.1114501953125,78657.5390625,0.09928900003433228,1.2622979879379272,8.52861499786377,2369.72900390625,0.944242000579834,0.09235800057649612,2.4469830989837646,9.494078636169434,56.307533264160156,86.97038269042969,0.17091600596904755,391.79888916015625,1.4315749406814575
2026-05-03,0.24943499267101288,0.11327999830245972,1.8753989934921265,9.08486557006836,443.2322082519531,617.4823608398438,78538.2265625,0.10827399790287018,1.2101110219955444,8.49004077911377,2321.6357421875,0.9238560199737549,0.0877240002155304,2.346168041229248,9.13150405883789,55.28659439086914,83.89957427978516,0.15795500576496124,391.4801025390625,1.387578010559082
2026-05-10,0.2825010120868683,0.12908999621868134,2.014863967895508,10.231649398803711,463.61016845703125,663.6634521484375,82138.9296875,0.11251799762248993,1.3823779821395874,9.959733963012695,2369.0439453125,1.1476229429244995,0.0974159985780716,3.3681459426879883,10.712529182434082,60.38174819946289,96.42698669433594,0.16947300732135773,409.83038330078125,1.4728070497512817
2026-05-17,0.25187599658966064,0.10762099921703339,2.028820037841797,9.180000305175781,404.5113830566406,648.7941284179688,77429.3515625,0.10877499729394913,1.2485430240631104,8.850235939025879,2127.645263671875,0.9401620030403137,0.09002500027418137,2.541701078414917,9.554132461547852,54.564796447753906,85.1729507446289,0.14923499524593353,389.0983581542969,1.4009430408477783
2026-05-24,0.24212899804115295,0.11163199692964554,2.0485620498657227,9.207113265991211,346.84869384765625,656.0982666015625,76981.125,0.10219399631023407,1.2446399927139282,8.90769100189209,2097.993896484375,0.9554679989814758,0.08838000148534775,2.5570030212402344,9.428999900817871,52.76504135131836,85.24969482421875,0.14749500155448914,392.71380615234375,1.3500330448150635
2026-05-31,0.23528699576854706,0.1272200047969818,1.9520699977874756,8.959918975830078,302.3821105957031,708.584228515625,73579.6875,0.10025600343942642,1.1863269805908203,8.171785354614258,2004.341552734375,0.9351800084114075,0.0964599996805191,2.72066593170166,9.126693725585938,52.00375747680664,82.29830169677734,0.25918900966644287,367.1900329589844,1.3313210010528564
2026-06-07,0.16497400403022766,0.09426599740982056,1.711827039718628,6.796093940734863,229.83473205566406,603.6289672851562,63239.51953125,0.08608900010585785,0.9706199765205383,7.098470211029053,1686.396240234375,0.7712519764900208,0.08181100338697433,2.371674060821533,7.898484230041504,42.837921142578125,66.31063079833984,0.20585599541664124,303.7239685058594,1.1546510457992554
2026-06-14,0.1827850043773651,0.09246800094842911,2.004925012588501,6.77577018737793,210.0198211669922,616.0859375,65710.3984375,0.08876600116491318,0.994521975517273,7.212155818939209,1724.61328125,0.7936739921569824,0.0810839980840683,2.5215768814086914,8.166221618652344,45.358802795410156,71.16618347167969,0.19096800684928894,340.22271728515625,1.1858290433883667
2026-06-21,0.15663400292396545,0.0892530009150505,1.7540949583053589,6.105950832366943,194.8099365234375,583.7516479492188,63237.5390625,0.08217199891805649,0.9410660266876221,7.286613941192627,1704.58056640625,0.7810249924659729,0.07802599668502808,2.2114579677581787,7.775335788726807,44.43974685668945,72.41815948486328,0.20983299612998962,320.23419189453125,1.1244189739227295
2026-06-28,0.143668994307518,0.087567999958992,1.5724250078201294,6.4427618980407715,190.84939575195312,550.69970703125,59532.33984375,0.0730929970741272,0.8095660209655762,7.04885196685791,1570.3612060546875,0.7155200242996216,0.07094399631023407,2.1404640674591064,7.259969234466553,42.46259307861328,71.31294250488281,0.17284399271011353,310.43536376953125,1.0475759506225586
2026-07-05,0.18936599791049957,0.09093599766492844,1.5929559469223022,6.917265892028809,243.87551879882812,588.9351196289062,63547.8828125,0.07773400098085403,0.8794050216674805,7.226755142211914,1783.0059814453125,0.7989090085029602,0.07611099630594254,2.2045300006866455,8.054323196411133,45.71608352661133,81.42304229736328,0.20274099707603455,327.9427490234375,1.1558929681777954
2026-07-12,0.16195900738239288,0.08347299695014954,1.5650780200958252,6.401956081390381,239.96250915527344,573.9483032226562,63758.21875,0.07268299907445908,0.8442080020904541,6.8448100090026855,1805.7880859375,0.7708150148391724,0.06755200028419495,2.218890905380249,7.991987228393555,43.969947814941406,76.87384033203125,0.18641699850559235,324.5320129394531,1.085737943649292
2026-07-19,0.16598300635814667,0.08280300348997116,1.4749759435653687,6.455794811248779,214.87779235839844,570.4041748046875,64690.8046875,0.07231000065803528,0.8182129859924316,6.946715831756592,1871.508544921875,0.7184919714927673,0.06645499914884567,2.134840965270996,8.37110710144043,47.04228973388672,76.35526275634766,0.18796400725841522,335.8968811035156,1.0959210395812988
2026-07-26,0.16571199893951416,0.08477099984884262,1.398408055305481,6.734386920928955,216.81288146972656,574.5038452148438,65340.30078125,0.07329700142145157,0.826026976108551,7.089820861816406,1953.4112548828125,0.7440770268440247,0.07013899832963943,2.1928980350494385,8.812352180480957,47.7939567565918,76.60216522216797,0.18229900300502777,353.7385559082031,1.1116650104522705
2026-08-02,0.18935400247573853,0.08596000075340271,1.2638989686965942,6.5414509773254395,212.52003479003906,587.5682983398438,63482.0,0.07067900151014328,0.7977579832077026,6.617613792419434,1882.52197265625,0.7175490260124207,0.06995999813079834,2.072406053543091,8.369572639465332,44.63468933105469,73.44882202148438,0.17398099601268768,364.1014709472656,1.0846099853515625
2026-08-09,0.19465400278568268,0.08233900368213654,1.3721040487289429,6.416309833526611,214.5253143310547,601.7662963867188,64844.88671875,0.06925500184297562,0.7981579899787903,6.418801784515381,1908.6827392578125,0.7008129954338074,0.06858000159263611,2.1676740646362305,8.179046630859375,45.403289794921875,76.21212768554688,0.16216999292373657,394.69305419921875,1.0289150476455688
2026-08-16,0.1761319935321808,0.07943200320005417,1.4738869667053223,6.333705902099609,203.46914672851562,607.104248046875,63024.3203125,0.06955000013113022,0.7594339847564697,6.210830211639404,1880.9083251953125,0.6758459806442261,0.06540799885988235,2.229465961456299,9.463849067687988,44.06612777709961,75.27230072021484,0.15787799656391144,410.3641357421875,1.0013999938964844
