date,open,high,low,close
2023-09-11 01:00:00,1.0714,1.0738,1.071,1.0737
2023-09-11 05:00:00,1.0736,1.0741,1.0722,1.0729
2023-09-11 09:00:00,1.0728,1.07345,1.0716,1.0727
2023-09-11 13:00:00,1.07275,1.076,1.0722,1.075
2023-09-11 17:00:00,1.0751,1.0753,1.0743,1.075
2023-09-11 21:00:00,1.0746,1.0754,1.0743,1.0744
2023-09-12 01:00:00,1.0743,1.0768,1.0737,1.0739
2023-09-12 05:00:00,1.0739,1.0741,1.0713,1.0714
2023-09-12 09:00:00,1.07145,1.07265,1.0705,1.0708
2023-09-12 13:00:00,1.0707,1.0737,1.0705,1.0723
2023-09-12 17:00:00,1.0723,1.0765,1.0723,1.0754
2023-09-12 21:00:00,1.07545,1.07645,1.0751,1.0759
2023-09-13 01:00:00,1.07595,1.0765,1.0745,1.0752
2023-09-13 05:00:00,1.0753,1.0755,1.0731,1.0736
2023-09-13 09:00:00,1.07355,1.0762,1.0711,1.0748
2023-09-13 13:00:00,1.0747,1.0756,1.07265,1.07405
2023-09-13 17:00:00,1.0741,1.0749,1.0728,1.0729
2023-09-13 21:00:00,1.0729,1.0743,1.0728,1.074
2023-09-14 01:00:00,1.074,1.0749,1.0732,1.0748
2023-09-14 05:00:00,1.0747,1.0753,1.0732,1.07345
2023-09-14 09:00:00,1.0734,1.0747,1.0655,1.0676
2023-09-14 13:00:00,1.0676,1.0697,1.0645,1.0648
2023-09-14 17:00:00,1.0649,1.0651,1.0631,1.0643
2023-09-14 21:00:00,1.06435,1.0645,1.0634,1.0642
2023-09-15 01:00:00,1.0642,1.0654,1.0633,1.0653
2023-09-15 05:00:00,1.0654,1.0669,1.0648,1.0666
2023-09-15 09:00:00,1.0665,1.0669,1.0644,1.065
2023-09-15 13:00:00,1.065,1.0688,1.065,1.0673
2023-09-15 17:00:00,1.0672,1.0676,1.0657,1.066
2023-09-17 21:00:00,1.0662,1.0672,1.066,1.0672
2023-09-18 01:00:00,1.0672,1.0674,1.0661,1.0669
2023-09-18 05:00:00,1.0669,1.0678,1.0656,1.0665
2023-09-18 09:00:00,1.0664,1.0675,1.0656,1.0658
2023-09-18 13:00:00,1.0657,1.0699,1.0654,1.0692
2023-09-18 17:00:00,1.0693,1.0699,1.06775,1.0692
2023-09-18 21:00:00,1.0689,1.0697,1.0685,1.0689
2023-09-19 01:00:00,1.0689,1.069,1.0678,1.0681
2023-09-19 05:00:00,1.068,1.0696,1.06745,1.0687
2023-09-19 09:00:00,1.0686,1.0718,1.06815,1.06995
2023-09-19 13:00:00,1.0699,1.0701,1.0678,1.0685
2023-09-19 17:00:00,1.0685,1.0692,1.0676,1.0679
2023-09-19 21:00:00,1.06795,1.0686,1.0678,1.0685
2023-09-20 01:00:00,1.0685,1.069,1.06765,1.0679
2023-09-20 05:00:00,1.06785,1.0697,1.0673,1.0697
2023-09-20 09:00:00,1.06965,1.07055,1.06915,1.0699
2023-09-20 13:00:00,1.0699,1.0737,1.0697,1.0736
2023-09-20 17:00:00,1.0735,1.0736,1.065,1.0661
2023-09-20 21:00:00,1.0661,1.0665,1.063,1.0632
2023-09-21 01:00:00,1.0631,1.0642,1.0617,1.0637
2023-09-21 05:00:00,1.0637,1.0663,1.0632,1.0655
2023-09-21 09:00:00,1.0654,1.0665,1.0625,1.0642
2023-09-21 13:00:00,1.0644,1.0673,1.0638,1.0656
2023-09-21 17:00:00,1.0655,1.0671,1.0655,1.0662
2023-09-21 21:00:00,1.066,1.0664,1.0653,1.0657
2023-09-22 01:00:00,1.0657,1.0658,1.0641,1.0655
2023-09-22 05:00:00,1.06545,1.0668,1.0615,1.0647
2023-09-22 09:00:00,1.06465,1.0661,1.0634,1.0655
2023-09-22 13:00:00,1.0655,1.0672,1.0642,1.0655
2023-09-22 17:00:00,1.06555,1.0662,1.0639,1.0647
2023-09-24 21:00:00,1.0655,1.06555,1.0643,1.06545
2023-09-25 01:00:00,1.06545,1.0655,1.0643,1.0648
2023-09-25 05:00:00,1.065,1.0654,1.0623,1.0626
2023-09-25 09:00:00,1.06255,1.0644,1.0618,1.06225
2023-09-25 13:00:00,1.0623,1.0625,1.0575,1.05895
2023-09-25 17:00:00,1.0589,1.05985,1.0585,1.0593
2023-09-25 21:00:00,1.05935,1.0597,1.05805,1.0584
2023-09-26 01:00:00,1.0584,1.0593,1.05785,1.0592
2023-09-26 05:00:00,1.0592,1.06,1.0569,1.0595
2023-09-26 09:00:00,1.0596,1.061,1.0589,1.0606
2023-09-26 13:00:00,1.0606,1.0606,1.0567,1.0569
2023-09-26 17:00:00,1.0569,1.0577,1.0562,1.0572
2023-09-26 21:00:00,1.0572,1.0575,1.0556,1.056
2023-09-27 01:00:00,1.056,1.057,1.0557,1.056
2023-09-27 05:00:00,1.056,1.0574,1.05555,1.0559
2023-09-27 09:00:00,1.056,1.0564,1.0534,1.0547
2023-09-27 13:00:00,1.0546,1.0549,1.05,1.0503
2023-09-27 17:00:00,1.0503,1.0519,1.0488,1.0503
2023-09-27 21:00:00,1.0506,1.0516,1.0502,1.0516
2023-09-28 01:00:00,1.0516,1.0516,1.0497,1.05045
2023-09-28 05:00:00,1.0505,1.0524,1.0491,1.05165
2023-09-28 09:00:00,1.0517,1.0558,1.0516,1.0518
2023-09-28 13:00:00,1.0518,1.0579,1.0518,1.0558
2023-09-28 17:00:00,1.05575,1.0568,1.055,1.0565
2023-09-28 21:00:00,1.0561,1.0568,1.0558,1.0565
2023-09-29 01:00:00,1.0564,1.0583,1.0562,1.058
2023-09-29 05:00:00,1.0581,1.0617,1.0575,1.061
2023-09-29 09:00:00,1.0609,1.0617,1.0589,1.0598
2023-09-29 13:00:00,1.06,1.0608,1.057,1.05775
2023-09-29 17:00:00,1.0577,1.058,1.0564,1.0572
2023-10-01 20:00:00,1.0571,1.0574,1.0558,1.0563
2023-10-02 00:00:00,1.0564,1.0572,1.0562,1.0569
2023-10-02 04:00:00,1.057,1.0592,1.056,1.0572
2023-10-02 08:00:00,1.0572,1.0579,1.053,1.0531
2023-10-02 12:00:00,1.0532,1.0538,1.0492,1.0499
2023-10-02 16:00:00,1.0499,1.0505,1.048,1.048
2023-10-02 20:00:00,1.048,1.0483,1.0475,1.0479
2023-10-03 00:00:00,1.048,1.0481,1.0463,1.0468
2023-10-03 04:00:00,1.0468,1.0484,1.046,1.04825
2023-10-03 08:00:00,1.0483,1.0494,1.0469,1.0474
2023-10-03 12:00:00,1.0474,1.0486,1.0448,1.0453
2023-10-03 16:00:00,1.0453,1.048,1.0452,1.0471
2023-10-03 20:00:00,1.0471,1.0474,1.0463,1.0469
2023-10-04 00:00:00,1.0468,1.0476,1.0457,1.0459
2023-10-04 04:00:00,1.0459,1.0486,1.0452,1.0484
2023-10-04 08:00:00,1.0484,1.0517,1.0479,1.0498
2023-10-04 12:00:00,1.0499,1.0532,1.0483,1.0518
2023-10-04 16:00:00,1.0518,1.0522,1.0497,1.05155
2023-10-04 20:00:00,1.0515,1.0516,1.0503,1.0507
2023-10-05 00:00:00,1.0507,1.053,1.0502,1.0526
2023-10-05 04:00:00,1.0526,1.0527,1.0501,1.051
2023-10-05 08:00:00,1.0508,1.0526,1.0503,1.0523
2023-10-05 12:00:00,1.0524,1.0538,1.05,1.0526
2023-10-05 16:00:00,1.0526,1.0552,1.0524,1.055
2023-10-05 20:00:00,1.05495,1.0552,1.0544,1.0547
2023-10-06 00:00:00,1.0547,1.0548,1.0538,1.05425
2023-10-06 04:00:00,1.0543,1.0551,1.0531,1.0551
2023-10-06 08:00:00,1.055,1.0568,1.0542,1.0567
2023-10-06 12:00:00,1.0566,1.06,1.0482,1.0595
2023-10-06 16:00:00,1.05945,1.06,1.0575,1.059
2023-10-08 20:00:00,1.056,1.0569,1.055,1.0566
2023-10-09 00:00:00,1.05665,1.0575,1.0551,1.05525
2023-10-09 04:00:00,1.0553,1.0559,1.0519,1.0523
2023-10-09 08:00:00,1.0523,1.0545,1.052,1.05265
2023-10-09 12:00:00,1.0528,1.0558,1.0522,1.0539
2023-10-09 16:00:00,1.054,1.057,1.0534,1.0569
2023-10-09 20:00:00,1.0569,1.058,1.056,1.0578
2023-10-10 00:00:00,1.0579,1.0584,1.0566,1.057
2023-10-10 04:00:00,1.057,1.0573,1.0554,1.0571
2023-10-10 08:00:00,1.0572,1.0612,1.057,1.0576
2023-10-10 12:00:00,1.0576,1.0619,1.0574,1.0617
2023-10-10 16:00:00,1.06175,1.062,1.05925,1.0605
2023-10-10 20:00:00,1.0604,1.061,1.06,1.0604
2023-10-11 00:00:00,1.0604,1.0615,1.0602,1.0604
2023-10-11 04:00:00,1.0605,1.0629,1.05955,1.0599
2023-10-11 08:00:00,1.06,1.0615,1.0593,1.0603
2023-10-11 12:00:00,1.0604,1.0635,1.0581,1.06125
2023-10-11 16:00:00,1.06125,1.0616,1.0585,1.0612
2023-10-11 20:00:00,1.06125,1.0626,1.0612,1.0623
2023-10-12 00:00:00,1.0623,1.0629,1.062,1.0628
2023-10-12 04:00:00,1.0629,1.064,1.062,1.062
2023-10-12 08:00:00,1.0621,1.0627,1.0614,1.062
2023-10-12 12:00:00,1.06195,1.0627,1.0545,1.0552
2023-10-12 16:00:00,1.0553,1.0561,1.0526,1.0531
2023-10-12 20:00:00,1.0532,1.0538,1.0527,1.0535
2023-10-13 00:00:00,1.0537,1.0549,1.0534,1.05455
2023-10-13 04:00:00,1.0546,1.0558,1.0532,1.0552
2023-10-13 08:00:00,1.0551,1.0558,1.0514,1.0524
2023-10-13 12:00:00,1.0526,1.05475,1.0495,1.0501
2023-10-13 16:00:00,1.0501,1.0516,1.0499,1.05135
2023-10-15 20:00:00,1.05115,1.0526,1.0509,1.0522
2023-10-16 00:00:00,1.0522,1.0526,1.0516,1.0524
2023-10-16 04:00:00,1.0524,1.0539,1.0522,1.0535
2023-10-16 08:00:00,1.0534,1.0543,1.0523,1.0537
2023-10-16 12:00:00,1.0537,1.0556,1.0526,1.0544
2023-10-16 16:00:00,1.0545,1.0563,1.0541,1.0563
2023-10-16 20:00:00,1.0562,1.0563,1.0553,1.0554
2023-10-17 00:00:00,1.0554,1.05605,1.0546,1.0549
2023-10-17 04:00:00,1.055,1.0555,1.0533,1.055
2023-10-17 08:00:00,1.0548,1.0579,1.05325,1.05755
2023-10-17 12:00:00,1.0575,1.0593,1.0538,1.05925
2023-10-17 16:00:00,1.0592,1.0595,1.0564,1.0577
2023-10-17 20:00:00,1.0577,1.0579,1.0572,1.0573
2023-10-18 00:00:00,1.0572,1.0579,1.056,1.0576
2023-10-18 04:00:00,1.0576,1.0595,1.057,1.0579
2023-10-18 08:00:00,1.0579,1.0587,1.0552,1.0561
2023-10-18 12:00:00,1.0561,1.0575,1.05255,1.053
2023-10-18 16:00:00,1.0532,1.0554,1.0523,1.0536
2023-10-18 20:00:00,1.0535,1.054,1.0534,1.0539
2023-10-19 00:00:00,1.0538,1.0542,1.0532,1.0534
2023-10-19 04:00:00,1.0534,1.0549,1.05275,1.05375
2023-10-19 08:00:00,1.0537,1.05655,1.05295,1.0558
2023-10-19 12:00:00,1.05575,1.0581,1.0556,1.0569
2023-10-19 16:00:00,1.05695,1.0615,1.0556,1.0589
2023-10-19 20:00:00,1.0587,1.0589,1.0578,1.0587
2023-10-20 00:00:00,1.0587,1.0587,1.0568,1.0577
2023-10-20 04:00:00,1.0577,1.0579,1.05645,1.057
2023-10-20 08:00:00,1.0571,1.0599,1.0568,1.0592
2023-10-20 12:00:00,1.0591,1.06,1.0565,1.0591
2023-10-20 16:00:00,1.0591,1.0604,1.0581,1.0592
2023-10-22 20:00:00,1.0598,1.0598,1.0589,1.0589
2023-10-23 00:00:00,1.0589,1.0591,1.05735,1.0575
2023-10-23 04:00:00,1.0575,1.0598,1.0572,1.0598
2023-10-23 08:00:00,1.0598,1.06155,1.05905,1.0603
2023-10-23 12:00:00,1.0602,1.0647,1.0591,1.0646
2023-10-23 16:00:00,1.0645,1.0678,1.0641,1.0666
2023-10-23 20:00:00,1.0665,1.0673,1.0663,1.0669
2023-10-24 00:00:00,1.067,1.0688,1.0667,1.0683
2023-10-24 04:00:00,1.0683,1.0696,1.06565,1.0664
2023-10-24 08:00:00,1.0659,1.0662,1.0621,1.06345
2023-10-24 12:00:00,1.06355,1.06365,1.0583,1.0594
2023-10-24 16:00:00,1.0595,1.0602,1.0583,1.0592
2023-10-24 20:00:00,1.0591,1.0596,1.0587,1.05955
2023-10-25 00:00:00,1.0596,1.0606,1.0589,1.0602
2023-10-25 04:00:00,1.0602,1.0607,1.0579,1.0587
2023-10-25 08:00:00,1.05875,1.0597,1.0566,1.0573
2023-10-25 12:00:00,1.0573,1.0596,1.0566,1.0583
2023-10-25 16:00:00,1.0583,1.0587,1.0566,1.0568
2023-10-25 20:00:00,1.0568,1.0575,1.056,1.0566
2023-10-26 00:00:00,1.0566,1.057,1.0541,1.0547
2023-10-26 04:00:00,1.0547,1.0549,1.05325,1.0549
2023-10-26 08:00:00,1.0548,1.0553,1.0531,1.0536
2023-10-26 12:00:00,1.0536,1.056,1.0523,1.0532
2023-10-26 16:00:00,1.0532,1.0565,1.0525,1.0556
2023-10-26 20:00:00,1.0557,1.0566,1.0555,1.0564
2023-10-27 00:00:00,1.0564,1.0567,1.05525,1.0565
2023-10-27 04:00:00,1.0564,1.057,1.05515,1.0558
2023-10-27 08:00:00,1.0559,1.0568,1.0535,1.0537
2023-10-27 12:00:00,1.0538,1.0598,1.0535,1.0591
2023-10-27 16:00:00,1.0591,1.0597,1.0557,1.0571
2023-10-29 20:00:00,1.0569,1.0573,1.0558,1.0562
2023-10-30 00:00:00,1.0562,1.0566,1.0555,1.056
2023-10-30 04:00:00,1.056,1.0568,1.0552,1.0556
2023-10-30 08:00:00,1.0555,1.0596,1.0547,1.0586
2023-10-30 12:00:00,1.0585,1.0625,1.0582,1.0619
2023-10-30 16:00:00,1.0619,1.0622,1.06,1.0618
2023-10-30 20:00:00,1.0617,1.0618,1.0612,1.0615
2023-10-31 00:00:00,1.0614,1.0615,1.0591,1.0594
2023-10-31 04:00:00,1.0595,1.0626,1.0591,1.0621
2023-10-31 08:00:00,1.0621,1.0675,1.0615,1.0656
2023-10-31 12:00:00,1.0655,1.0661,1.0566,1.0566
2023-10-31 16:00:00,1.0566,1.0586,1.0558,1.058
2023-10-31 20:00:00,1.0581,1.05835,1.0572,1.0578
2023-11-01 00:00:00,1.0577,1.0581,1.0566,1.0571
2023-11-01 04:00:00,1.057,1.0578,1.0559,1.0565
2023-11-01 08:00:00,1.0566,1.0568,1.0541,1.0543
2023-11-01 12:00:00,1.0543,1.0571,1.0522,1.0539
2023-11-01 16:00:00,1.0537,1.0571,1.0518,1.05675
2023-11-01 20:00:00,1.0568,1.0587,1.0567,1.0587
2023-11-02 00:00:00,1.0587,1.0602,1.0583,1.06
2023-11-02 04:00:00,1.06,1.061,1.0593,1.06035
2023-11-02 08:00:00,1.0604,1.0639,1.0591,1.0634
2023-11-02 12:00:00,1.0635,1.0668,1.0617,1.0618
2023-11-02 16:00:00,1.0617,1.0633,1.061,1.0623
2023-11-02 20:00:00,1.06225,1.0625,1.0615,1.0616
2023-11-03 00:00:00,1.0615,1.0629,1.0615,1.06245
2023-11-03 04:00:00,1.06255,1.0634,1.0625,1.0628
2023-11-03 08:00:00,1.0629,1.0653,1.0619,1.0647
2023-11-03 12:00:00,1.0647,1.0736,1.0645,1.0731
2023-11-03 16:00:00,1.0732,1.0747,1.0722,1.0726
2023-11-05 20:00:00,1.0729,1.0734,1.0724,1.0731
2023-11-06 00:00:00,1.0732,1.07345,1.0722,1.0734
2023-11-06 04:00:00,1.0734,1.0744,1.0732,1.0734
2023-11-06 08:00:00,1.0734,1.0756,1.0732,1.07515
2023-11-06 12:00:00,1.0752,1.0755,1.0726,1.0744
2023-11-06 16:00:00,1.0745,1.0749,1.0722,1.0724
2023-11-06 20:00:00,1.0724,1.0724,1.0716,1.07185
2023-11-07 00:00:00,1.0719,1.072,1.0705,1.0709
2023-11-07 04:00:00,1.0709,1.0712,1.0692,1.0697
2023-11-07 08:00:00,1.0697,1.0707,1.0665,1.0674
2023-11-07 12:00:00,1.0675,1.069,1.0664,1.0684
2023-11-07 16:00:00,1.0684,1.0705,1.0673,1.0695
2023-11-07 20:00:00,1.0695,1.0703,1.069,1.0696
2023-11-08 00:00:00,1.0696,1.0699,1.0686,1.069
2023-11-08 04:00:00,1.069,1.0694,1.0675,1.068
2023-11-08 08:00:00,1.068,1.0683,1.0659,1.0678
2023-11-08 12:00:00,1.06775,1.0708,1.066,1.0706
2023-11-08 16:00:00,1.0705,1.0716,1.0701,1.07025
2023-11-08 20:00:00,1.0703,1.0712,1.0699,1.0712
2023-11-09 00:00:00,1.0711,1.0716,1.0703,1.0708
2023-11-09 04:00:00,1.0708,1.0712,1.0701,1.0705
2023-11-09 08:00:00,1.0705,1.071,1.068,1.0689
2023-11-09 12:00:00,1.0689,1.07265,1.0687,1.0715
2023-11-09 16:00:00,1.0715,1.0717,1.066,1.0668
2023-11-09 20:00:00,1.0668,1.0675,1.0663,1.0667
2023-11-10 00:00:00,1.0667,1.0675,1.0663,1.067
2023-11-10 04:00:00,1.0669,1.0672,1.06565,1.0662
2023-11-10 08:00:00,1.0663,1.0689,1.0663,1.0678
2023-11-10 12:00:00,1.0676,1.0693,1.0663,1.067
2023-11-10 16:00:00,1.0669,1.0688,1.0663,1.068
2023-11-12 20:00:00,1.0685,1.0691,1.0682,1.06905
2023-11-13 00:00:00,1.069,1.0691,1.0681,1.0686
2023-11-13 04:00:00,1.0686,1.0698,1.0684,1.0692
2023-11-13 08:00:00,1.0692,1.0701,1.06845,1.0687
2023-11-13 12:00:00,1.0688,1.0693,1.0665,1.0689
2023-11-13 16:00:00,1.069,1.0707,1.0685,1.0701
2023-11-13 20:00:00,1.0703,1.0705,1.0693,1.0702
2023-11-14 00:00:00,1.0701,1.0703,1.0694,1.0696
2023-11-14 04:00:00,1.0697,1.0709,1.0692,1.0706
2023-11-14 08:00:00,1.07065,1.0731,1.0696,1.0719
2023-11-14 12:00:00,1.072,1.08425,1.0707,1.0838
2023-11-14 16:00:00,1.0838,1.0883,1.0837,1.0882
2023-11-14 20:00:00,1.0881,1.0888,1.0875,1.0878
2023-11-15 00:00:00,1.0878,1.0883,1.0865,1.0882
2023-11-15 04:00:00,1.0882,1.0884,1.0865,1.0872
2023-11-15 08:00:00,1.0873,1.088,1.0844,1.0867
2023-11-15 12:00:00,1.0867,1.0886,1.0831,1.08635
2023-11-15 16:00:00,1.08655,1.0869,1.0841,1.0846
2023-11-15 20:00:00,1.0846,1.0854,1.0842,1.0853
2023-11-16 00:00:00,1.0854,1.0856,1.083,1.0833
2023-11-16 04:00:00,1.0833,1.0846,1.0832,1.0841
2023-11-16 08:00:00,1.084,1.0861,1.0838,1.0851
2023-11-16 12:00:00,1.0852,1.0896,1.0839,1.0878
2023-11-16 16:00:00,1.0878,1.0883,1.0846,1.0857
2023-11-16 20:00:00,1.0856,1.0859,1.0845,1.0854
2023-11-17 00:00:00,1.0854,1.08575,1.0848,1.0854
2023-11-17 04:00:00,1.0854,1.0857,1.0835,1.0838
2023-11-17 08:00:00,1.0838,1.0875,1.0825,1.0867
2023-11-17 12:00:00,1.0865,1.0894,1.0857,1.0886
2023-11-17 16:00:00,1.0887,1.0905,1.0874,1.09
2023-11-19 20:00:00,1.0911,1.09155,1.0905,1.09055
2023-11-20 00:00:00,1.0905,1.0925,1.0897,1.0925
2023-11-20 04:00:00,1.0924,1.0936,1.0913,1.0916
2023-11-20 08:00:00,1.0917,1.0941,1.0915,1.09225
2023-11-20 12:00:00,1.0924,1.0946,1.0918,1.0938
2023-11-20 16:00:00,1.0939,1.0953,1.0935,1.0947
2023-11-20 20:00:00,1.0946,1.0948,1.0936,1.0945
2023-11-21 00:00:00,1.0945,1.0964,1.0942,1.09635
2023-11-21 04:00:00,1.0964,1.0966,1.0951,1.0954
2023-11-21 08:00:00,1.0953,1.0964,1.0939,1.09395
2023-11-21 12:00:00,1.0939,1.0962,1.0932,1.0935
2023-11-21 16:00:00,1.09345,1.0944,1.09,1.09155
2023-11-21 20:00:00,1.09155,1.0919,1.0909,1.0917
2023-11-22 00:00:00,1.0917,1.0923,1.0909,1.0915
2023-11-22 04:00:00,1.0915,1.0917,1.0896,1.0915
2023-11-22 08:00:00,1.0915,1.092,1.0882,1.09
2023-11-22 12:00:00,1.09,1.0918,1.0852,1.0866
2023-11-22 16:00:00,1.08655,1.0888,1.0861,1.0885
2023-11-22 20:00:00,1.0884,1.089,1.0882,1.0888
2023-11-23 00:00:00,1.0888,1.0906,1.0888,1.0905
2023-11-23 04:00:00,1.0905,1.0918,1.0901,1.0913
2023-11-23 08:00:00,1.0914,1.09305,1.0896,1.0914
2023-11-23 12:00:00,1.0915,1.0915,1.0887,1.091
2023-11-23 16:00:00,1.091,1.091,1.0903,1.09035
2023-11-23 20:00:00,1.09035,1.0908,1.09,1.09045
2023-11-24 00:00:00,1.0905,1.09115,1.08945,1.0899
2023-11-24 04:00:00,1.08995,1.0913,1.0897,1.09085
2023-11-24 08:00:00,1.09085,1.092,1.0901,1.0914
2023-11-24 12:00:00,1.0914,1.09455,1.0907,1.0939
2023-11-24 16:00:00,1.094,1.0949,1.0928,1.0947
2023-11-26 20:00:00,1.09385,1.0948,1.09365,1.0939
2023-11-27 00:00:00,1.0941,1.095,1.0926,1.0946
2023-11-27 04:00:00,1.0946,1.096,1.0942,1.0947
2023-11-27 08:00:00,1.0947,1.0957,1.0939,1.09535
2023-11-27 12:00:00,1.0953,1.09555,1.0925,1.0932
2023-11-27 16:00:00,1.0933,1.0957,1.0928,1.0956
2023-11-27 20:00:00,1.0955,1.096,1.0948,1.0959
2023-11-28 00:00:00,1.096,1.0963,1.0953,1.0955
2023-11-28 04:00:00,1.09555,1.09555,1.0934,1.0936
2023-11-28 08:00:00,1.0936,1.0958,1.0936,1.095
2023-11-28 12:00:00,1.095,1.1002,1.0945,1.0982
2023-11-28 16:00:00,1.0981,1.1009,1.0973,1.0991
2023-11-28 20:00:00,1.0991,1.1006,1.0976,1.1003
2023-11-29 00:00:00,1.1004,1.1018,1.0998,1.0998
2023-11-29 04:00:00,1.09985,1.1005,1.0981,1.0985
2023-11-29 08:00:00,1.0979,1.0998,1.0969,1.0985
2023-11-29 12:00:00,1.0985,1.0995,1.096,1.0975
2023-11-29 16:00:00,1.0975,1.0995,1.0961,1.0983
2023-11-29 20:00:00,1.0983,1.0984,1.0968,1.0974
2023-11-30 00:00:00,1.0974,1.09845,1.0967,1.0974
2023-11-30 04:00:00,1.09745,1.0982,1.094,1.095
2023-11-30 08:00:00,1.0952,1.096,1.0909,1.0916
2023-11-30 12:00:00,1.0916,1.0949,1.0892,1.0907
2023-11-30 16:00:00,1.0911,1.0917,1.0884,1.0889
2023-11-30 20:00:00,1.089,1.0895,1.0873,1.0892
2023-12-01 00:00:00,1.0892,1.0913,1.0892,1.0901
2023-12-01 04:00:00,1.09015,1.0913,1.0894,1.0895
2023-12-01 08:00:00,1.0896,1.0905,1.0882,1.0896
2023-12-01 12:00:00,1.0898,1.0901,1.0833,1.084
2023-12-01 16:00:00,1.0838,1.0893,1.0829,1.0872
2023-12-03 20:00:00,1.0887,1.0895,1.0878,1.0886
2023-12-04 00:00:00,1.0886,1.0887,1.0867,1.08805
2023-12-04 04:00:00,1.088,1.0881,1.085,1.0854
2023-12-04 08:00:00,1.0854,1.0881,1.0854,1.0869
2023-12-04 12:00:00,1.0869,1.0877,1.0804,1.0815
2023-12-04 16:00:00,1.0814,1.0829,1.0811,1.0828
2023-12-04 20:00:00,1.0829,1.0838,1.0827,1.0838
2023-12-05 00:00:00,1.0838,1.0846,1.0835,1.084
2023-12-05 04:00:00,1.084,1.0848,1.0804,1.0808
2023-12-05 08:00:00,1.0808,1.0843,1.0806,1.0819
2023-12-05 12:00:00,1.0819,1.0839,1.0798,1.0806
2023-12-05 16:00:00,1.0806,1.0814,1.0778,1.0784
2023-12-05 20:00:00,1.0783,1.0801,1.0781,1.0794
2023-12-06 00:00:00,1.0793,1.0799,1.0788,1.0797
2023-12-06 04:00:00,1.07965,1.0802,1.0778,1.079
2023-12-06 08:00:00,1.079,1.0798,1.07745,1.078
2023-12-06 12:00:00,1.078,1.0804,1.0772,1.079
2023-12-06 16:00:00,1.079,1.08,1.0767,1.0768
2023-12-06 20:00:00,1.0769,1.077,1.0758,1.0766
2023-12-07 00:00:00,1.0766,1.07725,1.07595,1.076
2023-12-07 04:00:00,1.076,1.0781,1.0755,1.078
2023-12-07 08:00:00,1.0781,1.0785,1.0764,1.077
2023-12-07 12:00:00,1.0771,1.0798,1.0759,1.0784
2023-12-07 16:00:00,1.0785,1.0817,1.0785,1.07985
2023-12-07 20:00:00,1.0798,1.0804,1.0789,1.079
2023-12-08 00:00:00,1.0791,1.0801,1.0783,1.0791
2023-12-08 04:00:00,1.0792,1.0793,1.0773,1.078
2023-12-08 08:00:00,1.0779,1.0791,1.0772,1.0783
2023-12-08 12:00:00,1.0783,1.0787,1.0724,1.07685
2023-12-08 16:00:00,1.0769,1.077,1.0741,1.0759
2023-12-10 20:00:00,1.0762,1.0768,1.0757,1.0766
2023-12-11 00:00:00,1.0766,1.0774,1.07635,1.07645
2023-12-11 04:00:00,1.0764,1.0771,1.0753,1.0755
2023-12-11 08:00:00,1.0756,1.0779,1.0751,1.07645
2023-12-11 12:00:00,1.07655,1.077,1.0741,1.0744
2023-12-11 16:00:00,1.0744,1.077,1.0741,1.0761
2023-12-11 20:00:00,1.0761,1.0766,1.0759,1.0765
2023-12-12 00:00:00,1.0766,1.077,1.0761,1.0768
2023-12-12 04:00:00,1.0768,1.0783,1.0764,1.0779
2023-12-12 08:00:00,1.0777,1.0808,1.0773,1.0796
2023-12-12 12:00:00,1.0796,1.0829,1.0768,1.0785
2023-12-12 16:00:00,1.0785,1.0798,1.0781,1.07905
2023-12-12 20:00:00,1.0791,1.08,1.0789,1.0798
2023-12-13 00:00:00,1.0799,1.08,1.0784,1.0787
2023-12-13 04:00:00,1.0787,1.0793,1.078,1.0784
2023-12-13 08:00:00,1.0785,1.0793,1.0773,1.0783
2023-12-13 12:00:00,1.0784,1.081,1.0781,1.0795
2023-12-13 16:00:00,1.0794,1.0892,1.0779,1.0888
2023-12-13 20:00:00,1.0888,1.0896,1.0865,1.0883
2023-12-14 00:00:00,1.0883,1.0915,1.088,1.0906
2023-12-14 04:00:00,1.0906,1.0909,1.088,1.0881
2023-12-14 08:00:00,1.0881,1.0932,1.088,1.0928
2023-12-14 12:00:00,1.093,1.0998,1.0907,1.09935
2023-12-14 16:00:00,1.0993,1.101,1.0979,1.0992
2023-12-14 20:00:00,1.0991,1.1004,1.0988,1.0994
2023-12-15 00:00:00,1.0995,1.1001,1.0977,1.0999
2023-12-15 04:00:00,1.0999,1.1004,1.0981,1.0994
2023-12-15 08:00:00,1.0993,1.1,1.09465,1.0969
2023-12-15 12:00:00,1.0969,1.097,1.0904,1.0916
2023-12-15 16:00:00,1.0915,1.0917,1.0889,1.09
2023-12-17 20:00:00,1.0903,1.0903,1.0892,1.0894
2023-12-18 00:00:00,1.0896,1.0914,1.0894,1.0911
2023-12-18 04:00:00,1.09115,1.093,1.0909,1.0922
2023-12-18 08:00:00,1.092,1.0928,1.0907,1.0913
2023-12-18 12:00:00,1.0913,1.0932,1.0909,1.0914
2023-12-18 16:00:00,1.0915,1.0928,1.0913,1.0917
2023-12-18 20:00:00,1.0917,1.0927,1.0913,1.0923
2023-12-19 00:00:00,1.0924,1.093,1.0915,1.0926
2023-12-19 04:00:00,1.0925,1.09415,1.092,1.093
2023-12-19 08:00:00,1.0928,1.09495,1.0928,1.0937
2023-12-19 12:00:00,1.0938,1.0987,1.0938,1.0986
2023-12-19 16:00:00,1.0986,1.09865,1.097,1.0975
2023-12-19 20:00:00,1.0976,1.09855,1.0972,1.0979
2023-12-20 00:00:00,1.0979,1.0979,1.0967,1.097
2023-12-20 04:00:00,1.097,1.0971,1.0951,1.0967
2023-12-20 08:00:00,1.0966,1.0972,1.0936,1.0937
2023-12-20 12:00:00,1.0937,1.0975,1.0934,1.0974
2023-12-20 16:00:00,1.0974,1.0976,1.0943,1.0947
2023-12-20 20:00:00,1.0945,1.0949,1.093,1.0944
2023-12-21 00:00:00,1.0943,1.0955,1.09405,1.0949
2023-12-21 04:00:00,1.0949,1.0956,1.0942,1.0947
2023-12-21 08:00:00,1.0947,1.0985,1.0936,1.098
2023-12-21 12:00:00,1.0981,1.1002,1.0972,1.099
2023-12-21 16:00:00,1.099,1.1001,1.0978,1.0999
2023-12-21 20:00:00,1.0999,1.1013,1.0993,1.1006
2023-12-22 00:00:00,1.10065,1.101,1.0995,1.0998
2023-12-22 04:00:00,1.0998,1.1008,1.0994,1.1
2023-12-22 08:00:00,1.1001,1.103,1.1,1.1026
2023-12-22 12:00:00,1.1027,1.10405,1.1002,1.1011
2023-12-22 16:00:00,1.1011,1.1024,1.1,1.10155
2023-12-25 16:00:00,1.1013,1.1015,1.1006,1.101
2023-12-25 20:00:00,1.1011,1.1023,1.1006,1.1019
2023-12-26 00:00:00,1.1019,1.1029,1.10155,1.1028
2023-12-26 04:00:00,1.10275,1.1028,1.10205,1.1023
2023-12-26 08:00:00,1.1022,1.1027,1.101,1.1014
2023-12-26 12:00:00,1.1014,1.1033,1.1008,1.1025
2023-12-26 16:00:00,1.1025,1.1045,1.1024,1.1045
2023-12-26 20:00:00,1.1044,1.1045,1.104,1.1042
2023-12-27 00:00:00,1.1042,1.1043,1.1029,1.1036
2023-12-27 04:00:00,1.1037,1.105,1.1037,1.10415
2023-12-27 08:00:00,1.1041,1.106,1.1038,1.1058
2023-12-27 12:00:00,1.1059,1.1115,1.1048,1.1107
2023-12-27 16:00:00,1.1108,1.1123,1.1099,1.1102
2023-12-27 20:00:00,1.1101,1.111,1.1101,1.1109
2023-12-28 00:00:00,1.1109,1.1123,1.1108,1.1119
2023-12-28 04:00:00,1.1119,1.1126,1.1105,1.1117
2023-12-28 08:00:00,1.1117,1.114,1.1104,1.11195
2023-12-28 12:00:00,1.11205,1.11205,1.1072,1.1107
2023-12-28 16:00:00,1.1107,1.1107,1.1056,1.1065
2023-12-28 20:00:00,1.1065,1.1071,1.106,1.1068
2023-12-29 00:00:00,1.1068,1.10845,1.1063,1.1066
2023-12-29 04:00:00,1.1066,1.1077,1.1061,1.1066
2023-12-29 08:00:00,1.1065,1.1078,1.1044,1.1077
2023-12-29 12:00:00,1.1077,1.108,1.1042,1.1049
2023-12-29 16:00:00,1.105,1.1067,1.1038,1.1041
2024-01-01 16:00:00,1.1044,1.1047,1.1036,1.1043
2024-01-01 20:00:00,1.1042,1.1047,1.1035,1.1037
2024-01-02 00:00:00,1.1037,1.1044,1.1018,1.1025
2024-01-02 04:00:00,1.10245,1.1038,1.1015,1.1015
2024-01-02 08:00:00,1.1017,1.1039,1.0966,1.0969
2024-01-02 12:00:00,1.097,1.0972,1.0941,1.0944
2024-01-02 16:00:00,1.0944,1.0962,1.0941,1.0947
2024-01-02 20:00:00,1.0947,1.0951,1.0938,1.0942
2024-01-03 00:00:00,1.0942,1.09625,1.0941,1.0961
2024-01-03 04:00:00,1.0961,1.0963,1.0951,1.0961
2024-01-03 08:00:00,1.096,1.0966,1.0915,1.0919
2024-01-03 12:00:00,1.092,1.0939,1.0898,1.0905
2024-01-03 16:00:00,1.0905,1.0926,1.0893,1.0918
2024-01-03 20:00:00,1.0918,1.0928,1.0915,1.0926
2024-01-04 00:00:00,1.09265,1.0931,1.0916,1.0926
2024-01-04 04:00:00,1.0926,1.0943,1.092,1.0938
2024-01-04 08:00:00,1.0938,1.0972,1.0934,1.0948
2024-01-04 12:00:00,1.0947,1.0966,1.0932,1.0954
2024-01-04 16:00:00,1.0955,1.0964,1.0941,1.0948
2024-01-04 20:00:00,1.0947,1.0954,1.0943,1.0946
2024-01-05 00:00:00,1.0945,1.0956,1.0939,1.09395
2024-01-05 04:00:00,1.0939,1.09415,1.0922,1.0924
2024-01-05 08:00:00,1.0923,1.093,1.0903,1.0915
2024-01-05 12:00:00,1.0915,1.0999,1.0877,1.09785
2024-01-05 16:00:00,1.0978,1.0981,1.0936,1.0946
2024-01-07 20:00:00,1.0946,1.095,1.0935,1.0942
2024-01-08 00:00:00,1.0941,1.0953,1.09315,1.0933
2024-01-08 04:00:00,1.0934,1.0953,1.093,1.09455
2024-01-08 08:00:00,1.0945,1.0951,1.0922,1.0939
2024-01-08 12:00:00,1.0938,1.0975,1.0937,1.097
2024-01-08 16:00:00,1.097,1.0979,1.0949,1.0962
2024-01-08 20:00:00,1.0962,1.0962,1.0949,1.09495
2024-01-09 00:00:00,1.0949,1.0966,1.0949,1.0963
2024-01-09 04:00:00,1.0963,1.0964,1.0946,1.0957
2024-01-09 08:00:00,1.0957,1.0957,1.0928,1.0931
2024-01-09 12:00:00,1.0932,1.0951,1.0917,1.0918
2024-01-09 16:00:00,1.0917,1.094,1.0911,1.0925
2024-01-09 20:00:00,1.0926,1.0933,1.0925,1.0932
2024-01-10 00:00:00,1.0932,1.0937,1.0926,1.0929
2024-01-10 04:00:00,1.0929,1.0945,1.09235,1.0927
2024-01-10 08:00:00,1.0927,1.0955,1.0923,1.0947
2024-01-10 12:00:00,1.0946,1.0969,1.0932,1.0967
2024-01-10 16:00:00,1.0967,1.0971,1.0952,1.097
2024-01-10 20:00:00,1.097,1.0975,1.0962,1.0974
2024-01-11 00:00:00,1.0974,1.0985,1.09725,1.098
2024-01-11 04:00:00,1.09805,1.0989,1.0974,1.0978
2024-01-11 08:00:00,1.0979,1.0983,1.0958,1.0978
2024-01-11 12:00:00,1.0979,1.1,1.093,1.0946
2024-01-11 16:00:00,1.0946,1.0983,1.0936,1.0981
2024-01-11 20:00:00,1.0982,1.0983,1.0956,1.0982
2024-01-12 00:00:00,1.0983,1.0985,1.0972,1.0978
2024-01-12 04:00:00,1.0978,1.0981,1.096,1.0968
2024-01-12 08:00:00,1.0966,1.0983,1.0947,1.0949
2024-01-12 12:00:00,1.0949,1.0987,1.0936,1.0966
2024-01-12 16:00:00,1.0966,1.0974,1.0947,1.0957
2024-01-14 20:00:00,1.0954,1.0954,1.0944,1.0944
2024-01-15 00:00:00,1.0945,1.0968,1.0941,1.0964
2024-01-15 04:00:00,1.0964,1.0967,1.0951,1.0954
2024-01-15 08:00:00,1.0955,1.0966,1.09335,1.0945
2024-01-15 12:00:00,1.0946,1.096,1.0938,1.095
2024-01-15 16:00:00,1.0949,1.0954,1.09455,1.095
2024-01-15 20:00:00,1.0951,1.0952,1.0945,1.0945
2024-01-16 00:00:00,1.0945,1.0947,1.0915,1.0919
2024-01-16 04:00:00,1.0919,1.09265,1.0909,1.0919
2024-01-16 08:00:00,1.0919,1.0924,1.0874,1.0893
2024-01-16 12:00:00,1.0893,1.0898,1.0865,1.0886
2024-01-16 16:00:00,1.0886,1.08945,1.0863,1.0874
2024-01-16 20:00:00,1.0874,1.0879,1.087,1.0878
2024-01-17 00:00:00,1.0879,1.0885,1.0865,1.0866
2024-01-17 04:00:00,1.0865,1.0874,1.0855,1.087
2024-01-17 08:00:00,1.0871,1.0884,1.0861,1.0878
2024-01-17 12:00:00,1.0879,1.0882,1.0844,1.0848
2024-01-17 16:00:00,1.0849,1.0879,1.0848,1.0874
2024-01-17 20:00:00,1.0873,1.0886,1.087,1.0885
2024-01-18 00:00:00,1.0886,1.0903,1.088,1.0895
2024-01-18 04:00:00,1.0896,1.0907,1.0886,1.0889
2024-01-18 08:00:00,1.0888,1.0899,1.0877,1.089
2024-01-18 12:00:00,1.089,1.0894,1.0846,1.0852
2024-01-18 16:00:00,1.0852,1.0871,1.085,1.0861
2024-01-18 20:00:00,1.0862,1.0881,1.0861,1.0881
2024-01-19 00:00:00,1.088,1.089,1.08765,1.0889
2024-01-19 04:00:00,1.08895,1.08895,1.08745,1.088
2024-01-19 08:00:00,1.0879,1.0894,1.0868,1.0887
2024-01-19 12:00:00,1.08875,1.089,1.0865,1.08825
2024-01-19 16:00:00,1.0883,1.0896,1.088,1.0892
2024-01-21 20:00:00,1.0892,1.0898,1.0885,1.0892
2024-01-22 00:00:00,1.0892,1.09095,1.0891,1.0902
2024-01-22 04:00:00,1.0903,1.091,1.0897,1.0897
2024-01-22 08:00:00,1.08975,1.0903,1.0882,1.0889
2024-01-22 12:00:00,1.089,1.09,1.088,1.0886
2024-01-22 16:00:00,1.08855,1.09,1.088,1.0885
2024-01-22 20:00:00,1.0886,1.0887,1.0877,1.0878
2024-01-23 00:00:00,1.0877,1.0896,1.0875,1.0892
2024-01-23 04:00:00,1.0893,1.0917,1.0892,1.0908
2024-01-23 08:00:00,1.0909,1.0911,1.086,1.0866
2024-01-23 12:00:00,1.0867,1.0876,1.0821,1.0832
2024-01-23 16:00:00,1.0831,1.0848,1.0825,1.0845
2024-01-23 20:00:00,1.0845,1.08595,1.0844,1.0857
2024-01-24 00:00:00,1.0857,1.0862,1.0852,1.0859
2024-01-24 04:00:00,1.0859,1.088,1.08575,1.0872
2024-01-24 08:00:00,1.0875,1.0908,1.0863,1.0893
2024-01-24 12:00:00,1.0894,1.0932,1.0888,1.09
2024-01-24 16:00:00,1.0901,1.0909,1.0882,1.0889
2024-01-24 20:00:00,1.0888,1.089,1.0877,1.0881
2024-01-25 00:00:00,1.0882,1.0882,1.087,1.0878
2024-01-25 04:00:00,1.08785,1.0892,1.0875,1.0887
2024-01-25 08:00:00,1.0888,1.09,1.0882,1.0896
2024-01-25 12:00:00,1.0896,1.09015,1.0829,1.0832
2024-01-25 16:00:00,1.0831,1.0852,1.0821,1.0836
2024-01-25 20:00:00,1.0836,1.0848,1.0833,1.0845
2024-01-26 00:00:00,1.0846,1.08495,1.0838,1.0845
2024-01-26 04:00:00,1.0845,1.0845,1.0813,1.082
2024-01-26 08:00:00,1.0819,1.0877,1.0817,1.08745
2024-01-26 12:00:00,1.0875,1.0886,1.0855,1.0865
2024-01-26 16:00:00,1.0863,1.0871,1.0854,1.0858
2024-01-28 20:00:00,1.08465,1.085,1.0842,1.0843
2024-01-29 00:00:00,1.0843,1.085,1.08395,1.0845
2024-01-29 04:00:00,1.08455,1.085,1.0835,1.0837
2024-01-29 08:00:00,1.0837,1.0842,1.0814,1.0822
2024-01-29 12:00:00,1.0823,1.0837,1.0796,1.0797
2024-01-29 16:00:00,1.0798,1.0821,1.0796,1.0818
2024-01-29 20:00:00,1.0819,1.0841,1.0819,1.0833
2024-01-30 00:00:00,1.0835,1.0843,1.08295,1.08305
2024-01-30 04:00:00,1.0831,1.0834,1.0811,1.0822
2024-01-30 08:00:00,1.0823,1.08485,1.0816,1.0843
2024-01-30 12:00:00,1.0842,1.0857,1.0829,1.08375
2024-01-30 16:00:00,1.0837,1.0848,1.0831,1.0846
2024-01-30 20:00:00,1.0846,1.0848,1.0837,1.0842
2024-01-31 00:00:00,1.0842,1.0848,1.0816,1.0818
2024-01-31 04:00:00,1.0819,1.0823,1.0806,1.0816
2024-01-31 08:00:00,1.0817,1.08405,1.0809,1.0839
2024-01-31 12:00:00,1.084,1.0888,1.0833,1.0863
2024-01-31 16:00:00,1.08615,1.0867,1.0816,1.0841
2024-01-31 20:00:00,1.084,1.0842,1.0795,1.0804
2024-02-01 00:00:00,1.0804,1.0822,1.0802,1.0812
2024-02-01 04:00:00,1.0812,1.0814,1.0783,1.0794
2024-02-01 08:00:00,1.0793,1.0814,1.078,1.0809
2024-02-01 12:00:00,1.0808,1.0832,1.0806,1.0828
2024-02-01 16:00:00,1.0827,1.0875,1.0827,1.0872
2024-02-01 20:00:00,1.0872,1.0877,1.0867,1.0874
2024-02-02 00:00:00,1.0875,1.088,1.087,1.0877
2024-02-02 04:00:00,1.0877,1.0888,1.0872,1.0881
2024-02-02 08:00:00,1.08815,1.0898,1.0873,1.0883
2024-02-02 12:00:00,1.0884,1.0886,1.0783,1.0802
2024-02-02 16:00:00,1.0803,1.0804,1.07805,1.07925
2024-02-04 20:00:00,1.0784,1.0787,1.077,1.0779
2024-02-05 00:00:00,1.078,1.0783,1.0768,1.07775
2024-02-05 04:00:00,1.0779,1.0785,1.0772,1.078
2024-02-05 08:00:00,1.07805,1.0787,1.0746,1.0755
2024-02-05 12:00:00,1.0755,1.0758,1.0724,1.0725
2024-02-05 16:00:00,1.0726,1.0747,1.0724,1.0742
2024-02-05 20:00:00,1.0743,1.0745,1.0737,1.0741
2024-02-06 00:00:00,1.0741,1.07495,1.0741,1.07445
2024-02-06 04:00:00,1.0743,1.0762,1.0743,1.0752
2024-02-06 08:00:00,1.0753,1.076,1.0724,1.074
2024-02-06 12:00:00,1.07385,1.0749,1.0722,1.0744
2024-02-06 16:00:00,1.0744,1.0755,1.0739,1.0749
2024-02-06 20:00:00,1.075,1.0758,1.0749,1.0757
2024-02-07 00:00:00,1.0757,1.0767,1.07555,1.0759
2024-02-07 04:00:00,1.0759,1.0773,1.0756,1.0773
2024-02-07 08:00:00,1.0774,1.0774,1.0758,1.0772
2024-02-07 12:00:00,1.07715,1.0784,1.0755,1.0757
2024-02-07 16:00:00,1.0758,1.0776,1.0756,1.0772
2024-02-07 20:00:00,1.0772,1.0777,1.077,1.0776
2024-02-08 00:00:00,1.0775,1.07855,1.07735,1.0782
2024-02-08 04:00:00,1.0782,1.0789,1.0776,1.07805
2024-02-08 08:00:00,1.078,1.07855,1.07605,1.0762
2024-02-08 12:00:00,1.0762,1.0768,1.0741,1.0761
2024-02-08 16:00:00,1.0761,1.0783,1.076,1.0774
2024-02-08 20:00:00,1.07755,1.078,1.0774,1.0778
2024-02-09 00:00:00,1.0778,1.0779,1.077,1.0771
2024-02-09 04:00:00,1.0771,1.0783,1.07695,1.078
2024-02-09 08:00:00,1.0781,1.0785,1.0762,1.0772
2024-02-09 12:00:00,1.0772,1.0795,1.0763,1.0787
2024-02-09 16:00:00,1.0786,1.0791,1.0779,1.0783
2024-02-09 20:00:00,1.0783,1.0789,1.0779,1.0786
2024-02-11 20:00:00,1.0781,1.0798,1.0781,1.0797
2024-02-12 00:00:00,1.0798,1.08,1.0791,1.0792
2024-02-12 04:00:00,1.0791,1.0806,1.0789,1.0803
2024-02-12 08:00:00,1.0803,1.0803,1.0763,1.0769
2024-02-12 12:00:00,1.077,1.0774,1.0755,1.0768
2024-02-12 16:00:00,1.0768,1.0787,1.0765,1.07695
2024-02-12 20:00:00,1.07695,1.0776,1.07695,1.0772
2024-02-13 00:00:00,1.0772,1.0775,1.076,1.0762
2024-02-13 04:00:00,1.0762,1.0778,1.0761,1.0771
2024-02-13 08:00:00,1.0772,1.0782,1.0756,1.0779
2024-02-13 12:00:00,1.0778,1.0799,1.0701,1.0717
2024-02-13 16:00:00,1.0717,1.0722,1.0701,1.0701
2024-02-13 20:00:00,1.0701,1.0713,1.0701,1.0708
2024-02-14 00:00:00,1.0709,1.0715,1.0703,1.0713
2024-02-14 04:00:00,1.0713,1.0719,1.0705,1.07075
2024-02-14 08:00:00,1.0708,1.0711,1.06945,1.0707
2024-02-14 12:00:00,1.0708,1.0726,1.0701,1.0721
2024-02-14 16:00:00,1.072,1.0734,1.072,1.0728
2024-02-14 20:00:00,1.0728,1.0732,1.0726,1.0732
2024-02-15 00:00:00,1.0732,1.0736,1.0725,1.07255
2024-02-15 04:00:00,1.07255,1.07415,1.0724,1.0732
2024-02-15 08:00:00,1.0734,1.0741,1.0728,1.0735
2024-02-15 12:00:00,1.0736,1.0785,1.0736,1.0761
2024-02-15 16:00:00,1.0762,1.0772,1.0755,1.077
2024-02-15 20:00:00,1.0768,1.0777,1.0768,1.07725
2024-02-16 00:00:00,1.0773,1.0774,1.0759,1.076
2024-02-16 04:00:00,1.076,1.0768,1.0758,1.076
2024-02-16 08:00:00,1.0762,1.07805,1.076,1.0778
2024-02-16 12:00:00,1.07775,1.0778,1.0732,1.077
2024-02-16 16:00:00,1.0771,1.07875,1.0762,1.0776
2024-02-16 20:00:00,1.0777,1.0779,1.0773,1.0778
2024-02-18 20:00:00,1.07765,1.07855,1.077,1.07845
2024-02-19 00:00:00,1.0785,1.0789,1.0775,1.0776
2024-02-19 04:00:00,1.0776,1.079,1.0775,1.07825
2024-02-19 08:00:00,1.0783,1.0787,1.0772,1.0777
2024-02-19 12:00:00,1.0777,1.078,1.0762,1.0768
2024-02-19 16:00:00,1.0768,1.0784,1.0762,1.0779
2024-02-19 20:00:00,1.0779,1.0783,1.077,1.0775
2024-02-20 00:00:00,1.0776,1.0777,1.0762,1.0768
2024-02-20 04:00:00,1.0768,1.0775,1.0766,1.0769
2024-02-20 08:00:00,1.077,1.081,1.0768,1.0798
2024-02-20 12:00:00,1.0799,1.0839,1.0795,1.0822
2024-02-20 16:00:00,1.0823,1.0825,1.0806,1.0806
2024-02-20 20:00:00,1.0806,1.0813,1.0804,1.081
2024-02-21 00:00:00,1.081,1.0819,1.0806,1.0818
2024-02-21 04:00:00,1.0819,1.0819,1.0806,1.0812
2024-02-21 08:00:00,1.081,1.0815,1.079,1.0798
2024-02-21 12:00:00,1.08,1.082,1.0796,1.0805
2024-02-21 16:00:00,1.08055,1.08245,1.07995,1.0817
2024-02-21 20:00:00,1.0817,1.0823,1.0812,1.082
2024-02-22 00:00:00,1.0821,1.0833,1.0819,1.0826
2024-02-22 04:00:00,1.08265,1.0854,1.0825,1.0853
2024-02-22 08:00:00,1.0854,1.0888,1.0844,1.0857
2024-02-22 12:00:00,1.08575,1.0859,1.0803,1.081
2024-02-22 16:00:00,1.081,1.0827,1.0808,1.0823
2024-02-22 20:00:00,1.08225,1.0827,1.0818,1.0825
2024-02-23 00:00:00,1.0825,1.0833,1.0815,1.0825
2024-02-23 04:00:00,1.08255,1.0832,1.0821,1.0829
2024-02-23 08:00:00,1.0829,1.0833,1.0814,1.0827
2024-02-23 12:00:00,1.0827,1.084,1.0812,1.0821
2024-02-23 16:00:00,1.0821,1.083,1.0815,1.0822
2024-02-23 20:00:00,1.0823,1.0825,1.0817,1.0821
2024-02-25 20:00:00,1.0826,1.0833,1.0818,1.0819
2024-02-26 00:00:00,1.0819,1.0821,1.0812,1.0819
2024-02-26 04:00:00,1.0819,1.0837,1.0817,1.08325
2024-02-26 08:00:00,1.0831,1.0854,1.0827,1.0851
2024-02-26 12:00:00,1.0852,1.086,1.0838,1.0852
2024-02-26 16:00:00,1.085,1.0856,1.084,1.08465
2024-02-26 20:00:00,1.0846,1.0853,1.0846,1.0851
2024-02-27 00:00:00,1.085,1.0854,1.08455,1.0852
2024-02-27 04:00:00,1.0853,1.0863,1.0846,1.0856
2024-02-27 08:00:00,1.0856,1.0866,1.0842,1.0858
2024-02-27 12:00:00,1.0858,1.0863,1.0833,1.0847
2024-02-27 16:00:00,1.0846,1.0858,1.084,1.0844
2024-02-27 20:00:00,1.0844,1.0848,1.0841,1.0842
2024-02-28 00:00:00,1.0842,1.0846,1.0833,1.0835
2024-02-28 04:00:00,1.0835,1.0836,1.0816,1.0823
2024-02-28 08:00:00,1.08235,1.0825,1.0796,1.0816
2024-02-28 12:00:00,1.0816,1.0838,1.0806,1.0835
2024-02-28 16:00:00,1.0833,1.0846,1.0831,1.0833
2024-02-28 20:00:00,1.0834,1.0842,1.0833,1.0838
2024-02-29 00:00:00,1.0838,1.084,1.0828,1.0837
2024-02-29 04:00:00,1.0837,1.084,1.0826,1.0829
2024-02-29 08:00:00,1.0829,1.08545,1.0829,1.0834
2024-02-29 12:00:00,1.0834,1.08565,1.0819,1.08225
2024-02-29 16:00:00,1.0823,1.0825,1.0795,1.0803
2024-02-29 20:00:00,1.0803,1.081,1.08,1.0806
2024-03-01 00:00:00,1.0806,1.0822,1.0805,1.0817
2024-03-01 04:00:00,1.0817,1.0817,1.0808,1.0813
2024-03-01 08:00:00,1.0813,1.0823,1.0798,1.0818
2024-03-01 12:00:00,1.0819,1.0842,1.0798,1.0836
2024-03-01 16:00:00,1.0835,1.0844,1.0823,1.0842
2024-03-01 20:00:00,1.0841,1.0842,1.0833,1.0837
2024-03-03 20:00:00,1.0839,1.0844,1.0838,1.0841
2024-03-04 00:00:00,1.0842,1.08485,1.0838,1.0844
2024-03-04 04:00:00,1.0844,1.0854,1.0842,1.0853
2024-03-04 08:00:00,1.0854,1.0858,1.0838,1.08565
2024-03-04 12:00:00,1.0857,1.0864,1.084,1.0864
2024-03-04 16:00:00,1.0863,1.0867,1.0855,1.08565
2024-03-04 20:00:00,1.0857,1.086,1.0854,1.0854
2024-03-05 00:00:00,1.0854,1.0856,1.08475,1.0854
2024-03-05 04:00:00,1.0854,1.08545,1.0842,1.0845
2024-03-05 08:00:00,1.0848,1.0856,1.0842,1.085
2024-03-05 12:00:00,1.085,1.0877,1.0841,1.0872
2024-03-05 16:00:00,1.0872,1.0872,1.0851,1.08525
2024-03-05 20:00:00,1.0853,1.0859,1.0849,1.0857
2024-03-06 00:00:00,1.0856,1.0856,1.0842,1.08505
2024-03-06 04:00:00,1.0851,1.0867,1.085,1.0862
2024-03-06 08:00:00,1.0862,1.088,1.0859,1.0875
2024-03-06 12:00:00,1.0876,1.0909,1.0867,1.0905
2024-03-06 16:00:00,1.0905,1.0915,1.08935,1.0897
2024-03-06 20:00:00,1.0896,1.0902,1.0893,1.09
2024-03-07 00:00:00,1.0899,1.09075,1.08935,1.0901
2024-03-07 04:00:00,1.0901,1.0906,1.0891,1.0894
2024-03-07 08:00:00,1.0894,1.0903,1.0888,1.0894
2024-03-07 12:00:00,1.0894,1.0931,1.0867,1.0929
2024-03-07 16:00:00,1.093,1.0949,1.0924,1.0947
2024-03-07 20:00:00,1.0947,1.0952,1.09425,1.0951
2024-03-08 00:00:00,1.0951,1.0956,1.09445,1.0948
2024-03-08 04:00:00,1.0947,1.0951,1.0932,1.0934
2024-03-08 08:00:00,1.0932,1.0939,1.0926,1.0935
2024-03-08 12:00:00,1.09345,1.0981,1.0919,1.09605
2024-03-08 16:00:00,1.0962,1.0962,1.0933,1.0942
2024-03-08 20:00:00,1.0942,1.0944,1.0934,1.0937
2024-03-10 20:00:00,1.0939,1.0944,1.0936,1.0943
2024-03-11 00:00:00,1.0943,1.0947,1.09375,1.0942
2024-03-11 04:00:00,1.0941,1.09475,1.09355,1.0943
2024-03-11 08:00:00,1.0942,1.0949,1.09325,1.0943
2024-03-11 12:00:00,1.0943,1.0943,1.0914,1.0927
2024-03-11 16:00:00,1.0927,1.093,1.0918,1.0926
2024-03-11 20:00:00,1.0926,1.0932,1.092,1.0931
2024-03-12 00:00:00,1.093,1.0939,1.0926,1.0937
2024-03-12 04:00:00,1.0936,1.094,1.0932,1.0933
2024-03-12 08:00:00,1.0932,1.0936,1.09215,1.0933
2024-03-12 12:00:00,1.0934,1.0943,1.0902,1.0918
2024-03-12 16:00:00,1.0918,1.0926,1.0912,1.09195
2024-03-12 20:00:00,1.0926,1.093,1.09195,1.0926
2024-03-13 00:00:00,1.0926,1.0931,1.0923,1.0928
2024-03-13 04:00:00,1.0928,1.0932,1.092,1.0927
2024-03-13 08:00:00,1.0927,1.0946,1.092,1.0942
2024-03-13 12:00:00,1.0942,1.0947,1.09315,1.0944
2024-03-13 16:00:00,1.0944,1.0964,1.094,1.0947
2024-03-13 20:00:00,1.09475,1.0955,1.0947,1.0953
2024-03-14 00:00:00,1.0953,1.0955,1.0941,1.0942
2024-03-14 04:00:00,1.0942,1.0943,1.0932,1.0935
2024-03-14 08:00:00,1.0936,1.0945,1.0935,1.0942
2024-03-14 12:00:00,1.0942,1.0945,1.0882,1.0887
2024-03-14 16:00:00,1.0888,1.0893,1.088,1.0891
2024-03-14 20:00:00,1.0891,1.0892,1.0882,1.08825
2024-03-15 00:00:00,1.0882,1.0884,1.0873,1.0877
2024-03-15 04:00:00,1.0877,1.08855,1.0873,1.0881
2024-03-15 08:00:00,1.0881,1.09,1.0877,1.08935
2024-03-15 12:00:00,1.0894,1.0895,1.08815,1.0888
2024-03-15 16:00:00,1.0887,1.0892,1.0883,1.0889
2024-03-15 20:00:00,1.08895,1.08905,1.0886,1.0887
2024-03-17 20:00:00,1.089,1.0892,1.0882,1.0883
2024-03-18 00:00:00,1.0884,1.0892,1.088,1.0885
2024-03-18 04:00:00,1.08855,1.0897,1.0885,1.0892
2024-03-18 08:00:00,1.0892,1.0907,1.0891,1.0904
2024-03-18 12:00:00,1.0903,1.0905,1.0881,1.08855
2024-03-18 16:00:00,1.0885,1.0885,1.0866,1.0869
2024-03-18 20:00:00,1.0869,1.0877,1.0869,1.0873
2024-03-19 00:00:00,1.0873,1.0877,1.08665,1.0874
2024-03-19 04:00:00,1.0873,1.0877,1.0852,1.0855
2024-03-19 08:00:00,1.0854,1.0857,1.0835,1.085
2024-03-19 12:00:00,1.085,1.0865,1.0846,1.08585
2024-03-19 16:00:00,1.0859,1.0867,1.0854,1.08655
2024-03-19 20:00:00,1.0865,1.0868,1.0861,1.08615
2024-03-20 00:00:00,1.0861,1.0871,1.08585,1.087
2024-03-20 04:00:00,1.087,1.0873,1.0865,1.0866
2024-03-20 08:00:00,1.0865,1.0865,1.0836,1.0843
2024-03-20 12:00:00,1.0843,1.0857,1.0837,1.0855
2024-03-20 16:00:00,1.0855,1.0923,1.0854,1.0922
2024-03-20 20:00:00,1.092,1.0938,1.0918,1.0938
2024-03-21 00:00:00,1.0938,1.0939,1.093,1.0936
2024-03-21 04:00:00,1.0935,1.0943,1.0925,1.0929
2024-03-21 08:00:00,1.0929,1.0929,1.0887,1.0909
2024-03-21 12:00:00,1.091,1.0917,1.0856,1.086
2024-03-21 16:00:00,1.086,1.0867,1.08555,1.0857
2024-03-21 20:00:00,1.0857,1.0864,1.0857,1.0862
2024-03-22 00:00:00,1.0863,1.0869,1.0836,1.0838
2024-03-22 04:00:00,1.0838,1.0842,1.082,1.0825
2024-03-22 08:00:00,1.0825,1.0829,1.0808,1.0816
2024-03-22 12:00:00,1.0816,1.0832,1.081,1.0815
2024-03-22 16:00:00,1.0817,1.0817,1.0802,1.0806
2024-03-22 20:00:00,1.0806,1.081,1.0804,1.08075
2024-03-24 20:00:00,1.0808,1.081,1.0805,1.0807
2024-03-25 00:00:00,1.0808,1.0823,1.0802,1.0814
2024-03-25 04:00:00,1.0814,1.0823,1.081,1.0814
2024-03-25 08:00:00,1.0814,1.083,1.0807,1.0828
2024-03-25 12:00:00,1.08285,1.08425,1.0828,1.0838
2024-03-25 16:00:00,1.0837,1.084,1.0833,1.0839
2024-03-25 20:00:00,1.08395,1.0841,1.0833,1.0837
2024-03-26 00:00:00,1.0838,1.0846,1.0835,1.08365
2024-03-26 04:00:00,1.0837,1.0853,1.0837,1.08425
2024-03-26 08:00:00,1.0842,1.0865,1.0838,1.0856
2024-03-26 12:00:00,1.0857,1.0859,1.0825,1.0828
2024-03-26 16:00:00,1.0828,1.0836,1.0824,1.0829
2024-03-26 20:00:00,1.0829,1.0834,1.0829,1.0833
2024-03-27 00:00:00,1.0833,1.0833,1.0821,1.0827
2024-03-27 04:00:00,1.0826,1.08335,1.0823,1.0826
2024-03-27 08:00:00,1.0827,1.0839,1.0818,1.0821
2024-03-27 12:00:00,1.0821,1.0823,1.0811,1.0821
2024-03-27 16:00:00,1.0821,1.0828,1.0817,1.0828
2024-03-27 20:00:00,1.0827,1.0829,1.081,1.0813
2024-03-28 00:00:00,1.0812,1.0826,1.0808,1.08215
2024-03-28 04:00:00,1.0822,1.0827,1.08,1.0801
2024-03-28 08:00:00,1.0801,1.0802,1.0775,1.0784
2024-03-28 12:00:00,1.0784,1.0819,1.0783,1.0802
2024-03-28 16:00:00,1.0801,1.0806,1.0785,1.0788
2024-03-28 20:00:00,1.0789,1.0796,1.0785,1.0791
2024-03-29 00:00:00,1.0792,1.0792,1.0774,1.0775
2024-03-29 04:00:00,1.0775,1.0783,1.0768,1.0768
2024-03-29 08:00:00,1.0769,1.0792,1.0768,1.0788
2024-03-29 12:00:00,1.0787,1.0806,1.0782,1.0792
2024-03-29 16:00:00,1.0792,1.0796,1.07865,1.0792
2024-03-29 20:00:00,1.0791,1.0799,1.0791,1.0793
2024-03-31 20:00:00,1.0792,1.0798,1.0785,1.0792
2024-04-01 00:00:00,1.0793,1.0799,1.0785,1.07905
2024-04-01 04:00:00,1.0791,1.0793,1.07825,1.0786
2024-04-01 08:00:00,1.07865,1.0792,1.0779,1.07845
2024-04-01 12:00:00,1.0785,1.0786,1.0731,1.0733
2024-04-01 16:00:00,1.07325,1.0745,1.0731,1.0742
2024-04-01 20:00:00,1.0742,1.0745,1.0736,1.0737
2024-04-02 00:00:00,1.0737,1.0739,1.073,1.073
2024-04-02 04:00:00,1.073,1.0743,1.0724,1.0742
2024-04-02 08:00:00,1.0741,1.0754,1.0726,1.07515
2024-04-02 12:00:00,1.0752,1.0779,1.0745,1.077
2024-04-02 16:00:00,1.07685,1.07705,1.076,1.0768
2024-04-02 20:00:00,1.0768,1.0775,1.0766,1.0768
2024-04-03 00:00:00,1.0768,1.07805,1.0766,1.07775
2024-04-03 04:00:00,1.0777,1.0779,1.0764,1.0771
2024-04-03 08:00:00,1.07705,1.0785,1.0765,1.0784
2024-04-03 12:00:00,1.0783,1.0831,1.07725,1.0826
2024-04-03 16:00:00,1.0827,1.0837,1.0821,1.0833
2024-04-03 20:00:00,1.0834,1.0841,1.08325,1.0838
2024-04-04 00:00:00,1.0838,1.0845,1.0835,1.0843
2024-04-04 04:00:00,1.08425,1.0859,1.0839,1.0858
2024-04-04 08:00:00,1.0857,1.0866,1.0851,1.0853
2024-04-04 12:00:00,1.0854,1.0877,1.085,1.0865
2024-04-04 16:00:00,1.0865,1.0867,1.0833,1.0833
2024-04-04 20:00:00,1.0833,1.0842,1.0831,1.08365
2024-04-05 00:00:00,1.0837,1.0844,1.0823,1.08265
2024-04-05 04:00:00,1.0827,1.0841,1.0822,1.0839
2024-04-05 08:00:00,1.0838,1.0846,1.0831,1.0836
2024-04-05 12:00:00,1.0835,1.0848,1.0791,1.084
2024-04-05 16:00:00,1.084,1.0845,1.0831,1.0836
2024-04-05 20:00:00,1.0835,1.0838,1.0833,1.0837
2024-04-07 21:00:00,1.0828,1.0833,1.0823,1.0827
2024-04-08 01:00:00,1.0827,1.0844,1.0827,1.0832
2024-04-08 05:00:00,1.08325,1.0838,1.0822,1.08235
2024-04-08 09:00:00,1.0823,1.0836,1.0821,1.0834
2024-04-08 13:00:00,1.0835,1.0859,1.0835,1.085
2024-04-08 17:00:00,1.08505,1.0863,1.0849,1.0859
2024-04-08 21:00:00,1.0859,1.08635,1.0855,1.0859
2024-04-09 01:00:00,1.0859,1.0863,1.0854,1.0857
2024-04-09 05:00:00,1.0857,1.0863,1.0848,1.0858
2024-04-09 09:00:00,1.0858,1.0884,1.0857,1.0881
2024-04-09 13:00:00,1.088,1.0886,1.0852,1.0855
2024-04-09 17:00:00,1.0854,1.0859,1.08475,1.08565
2024-04-09 21:00:00,1.0857,1.086,1.08545,1.0857
2024-04-10 01:00:00,1.0857,1.0859,1.085,1.0853
2024-04-10 05:00:00,1.08525,1.0861,1.0848,1.0861
2024-04-10 09:00:00,1.0861,1.0867,1.07785,1.0781
2024-04-10 13:00:00,1.0781,1.0783,1.0728,1.07365
2024-04-10 17:00:00,1.0737,1.0755,1.0729,1.0743
2024-04-10 21:00:00,1.07435,1.0747,1.07385,1.07425
2024-04-11 01:00:00,1.07425,1.0749,1.0741,1.0747
2024-04-11 05:00:00,1.0746,1.075,1.0726,1.0741
2024-04-11 09:00:00,1.074,1.0747,1.0715,1.0741
2024-04-11 13:00:00,1.0742,1.0757,1.0699,1.0717
2024-04-11 17:00:00,1.0718,1.0734,1.07155,1.07265
2024-04-11 21:00:00,1.073,1.073,1.0722,1.0726
2024-04-12 01:00:00,1.0726,1.0728,1.071,1.0711
2024-04-12 05:00:00,1.0711,1.0715,1.067,1.0671
2024-04-12 09:00:00,1.0671,1.0675,1.0631,1.0639
2024-04-12 13:00:00,1.06385,1.0651,1.06225,1.0642
2024-04-12 17:00:00,1.0642,1.0651,1.0637,1.064
2024-04-14 21:00:00,1.0649,1.065,1.0643,1.06455
2024-04-15 01:00:00,1.06455,1.0655,1.06395,1.06525
2024-04-15 05:00:00,1.0653,1.0665,1.065,1.0656
2024-04-15 09:00:00,1.0657,1.0665,1.0631,1.0648
2024-04-15 13:00:00,1.0648,1.0661,1.0621,1.0635
2024-04-15 17:00:00,1.0635,1.064,1.062,1.0624
2024-04-15 21:00:00,1.0624,1.0629,1.0618,1.0618
2024-04-16 01:00:00,1.06185,1.06195,1.0606,1.0615
2024-04-16 05:00:00,1.0614,1.0625,1.0602,1.06165
2024-04-16 09:00:00,1.0619,1.0654,1.0617,1.0638
2024-04-16 13:00:00,1.0638,1.0645,1.0618,1.0625
2024-04-16 17:00:00,1.0625,1.0635,1.06015,1.06185
2024-04-16 21:00:00,1.062,1.0626,1.0612,1.0622
2024-04-17 01:00:00,1.0622,1.06355,1.06195,1.0625
2024-04-17 05:00:00,1.0625,1.0649,1.0606,1.0641
2024-04-17 09:00:00,1.0641,1.065,1.0631,1.0636
2024-04-17 13:00:00,1.0635,1.0657,1.0629,1.0649
2024-04-17 17:00:00,1.0648,1.068,1.0648,1.06725
2024-04-17 21:00:00,1.0673,1.06755,1.0664,1.067
2024-04-18 01:00:00,1.0671,1.06805,1.0664,1.0679
2024-04-18 05:00:00,1.0678,1.069,1.0675,1.0679
2024-04-18 09:00:00,1.0679,1.0682,1.0659,1.0662
2024-04-18 13:00:00,1.0663,1.0669,1.0646,1.0654
2024-04-18 17:00:00,1.0653,1.0655,1.0641,1.0643
2024-04-18 21:00:00,1.0644,1.0646,1.0636,1.06385
2024-04-19 01:00:00,1.0638,1.0644,1.061,1.0634
2024-04-19 05:00:00,1.0634,1.0659,1.0626,1.0645
2024-04-19 09:00:00,1.0646,1.0674,1.0643,1.06655
2024-04-19 13:00:00,1.0665,1.0678,1.06395,1.0654
2024-04-19 17:00:00,1.0654,1.0659,1.0646,1.0655
2024-04-21 21:00:00,1.06595,1.0665,1.0652,1.0654
2024-04-22 01:00:00,1.0654,1.0671,1.0654,1.0666
2024-04-22 05:00:00,1.06655,1.0669,1.0647,1.0658
2024-04-22 09:00:00,1.0656,1.0662,1.0631,1.06405
2024-04-22 13:00:00,1.0639,1.0651,1.0624,1.0649
2024-04-22 17:00:00,1.0649,1.0661,1.0648,1.0654
2024-04-22 21:00:00,1.06545,1.06595,1.065,1.06585
2024-04-23 01:00:00,1.06585,1.0661,1.0654,1.0655
2024-04-23 05:00:00,1.0655,1.0696,1.0638,1.067
2024-04-23 09:00:00,1.067,1.0678,1.0653,1.0672
2024-04-23 13:00:00,1.0672,1.0711,1.066,1.0701
2024-04-23 17:00:00,1.07,1.0708,1.0699,1.0701
2024-04-23 21:00:00,1.0701,1.0711,1.0699,1.07095
2024-04-24 01:00:00,1.07095,1.0715,1.07045,1.07055
2024-04-24 05:00:00,1.0705,1.0708,1.068,1.0683
2024-04-24 09:00:00,1.0684,1.0694,1.0678,1.0687
2024-04-24 13:00:00,1.0687,1.0703,1.0681,1.069
2024-04-24 17:00:00,1.0691,1.0707,1.0687,1.0699
2024-04-24 21:00:00,1.0695,1.0705,1.0694,1.0703
2024-04-25 01:00:00,1.0704,1.071,1.0697,1.071
2024-04-25 05:00:00,1.07095,1.0729,1.0707,1.0725
2024-04-25 09:00:00,1.07255,1.0741,1.0686,1.0693
2024-04-25 13:00:00,1.0692,1.0736,1.0678,1.0731
2024-04-25 17:00:00,1.0732,1.0739,1.0723,1.073
2024-04-25 21:00:00,1.07295,1.0732,1.0722,1.0727
2024-04-26 01:00:00,1.0727,1.073,1.0718,1.0723
2024-04-26 05:00:00,1.07225,1.0753,1.0722,1.0741
2024-04-26 09:00:00,1.07405,1.0743,1.0711,1.07165
2024-04-26 13:00:00,1.0718,1.0724,1.0674,1.0695
2024-04-26 17:00:00,1.0695,1.07075,1.0691,1.0693
2024-04-28 21:00:00,1.0702,1.0711,1.0701,1.071
2024-04-29 01:00:00,1.071,1.0734,1.0707,1.0729
2024-04-29 05:00:00,1.0728,1.0734,1.0701,1.0705
2024-04-29 09:00:00,1.0705,1.0728,1.06965,1.0704
2024-04-29 13:00:00,1.0703,1.073,1.069,1.0726
2024-04-29 17:00:00,1.0726,1.073,1.0715,1.0721
2024-04-29 21:00:00,1.0724,1.0724,1.071,1.07155
2024-04-30 01:00:00,1.0715,1.0718,1.0702,1.0706
2024-04-30 05:00:00,1.0706,1.0713,1.0689,1.0712
2024-04-30 09:00:00,1.0711,1.0736,1.069,1.07
2024-04-30 13:00:00,1.0701,1.072,1.0676,1.0679
2024-04-30 17:00:00,1.0679,1.0683,1.0665,1.06665
2024-04-30 21:00:00,1.06655,1.0674,1.0658,1.06615
2024-05-01 01:00:00,1.0662,1.06635,1.0655,1.0656
2024-05-01 05:00:00,1.06555,1.0671,1.0649,1.0668
2024-05-01 09:00:00,1.0669,1.0685,1.0666,1.0685
2024-05-01 13:00:00,1.0684,1.0692,1.067,1.0671
2024-05-01 17:00:00,1.0672,1.0733,1.067,1.0712
2024-05-01 21:00:00,1.0711,1.0722,1.0706,1.0711
2024-05-02 01:00:00,1.07115,1.0721,1.0707,1.0718
2024-05-02 05:00:00,1.07175,1.0728,1.0699,1.0704
2024-05-02 09:00:00,1.07045,1.0713,1.0694,1.07005
2024-05-02 13:00:00,1.0701,1.0722,1.0674,1.0716
2024-05-02 17:00:00,1.0716,1.073,1.07135,1.0726
2024-05-02 21:00:00,1.0727,1.0732,1.0724,1.0731
2024-05-03 01:00:00,1.0732,1.0739,1.0731,1.0733
2024-05-03 05:00:00,1.07325,1.0745,1.0724,1.0742
2024-05-03 09:00:00,1.0743,1.0812,1.0738,1.0795
2024-05-03 13:00:00,1.0794,1.0798,1.0751,1.0764
2024-05-03 17:00:00,1.0764,1.077,1.0759,1.07635
2024-05-05 21:00:00,1.07625,1.077,1.0755,1.0767
2024-05-06 01:00:00,1.0768,1.0772,1.0762,1.0764
2024-05-06 05:00:00,1.0762,1.0776,1.0758,1.0769
2024-05-06 09:00:00,1.0769,1.0791,1.0766,1.0788
2024-05-06 13:00:00,1.0787,1.0789,1.0771,1.0774
2024-05-06 17:00:00,1.07745,1.0777,1.0766,1.0769
2024-05-06 21:00:00,1.077,1.0776,1.0766,1.0776
2024-05-07 01:00:00,1.0775,1.0777,1.076,1.07655
2024-05-07 05:00:00,1.07655,1.077,1.0755,1.0764
2024-05-07 09:00:00,1.0764,1.0779,1.0755,1.0775
2024-05-07 13:00:00,1.0776,1.0787,1.0766,1.077
2024-05-07 17:00:00,1.0771,1.0771,1.0747,1.07555
2024-05-07 21:00:00,1.07545,1.0757,1.0747,1.0747
2024-05-08 01:00:00,1.0748,1.0749,1.07375,1.0741
2024-05-08 05:00:00,1.0741,1.0749,1.0734,1.07445
2024-05-08 09:00:00,1.07445,1.0754,1.074,1.0748
2024-05-08 13:00:00,1.0749,1.0758,1.0744,1.0745
2024-05-08 17:00:00,1.0746,1.0749,1.0741,1.07475
2024-05-08 21:00:00,1.0747,1.0751,1.0742,1.0743
2024-05-09 01:00:00,1.0743,1.0752,1.07415,1.0746
2024-05-09 05:00:00,1.0746,1.0747,1.0726,1.0728
2024-05-09 09:00:00,1.0728,1.0762,1.0724,1.076
2024-05-09 13:00:00,1.0758,1.0782,1.0751,1.0776
2024-05-09 17:00:00,1.0776,1.0785,1.0774,1.07825
2024-05-09 21:00:00,1.0782,1.0786,1.0776,1.0779
2024-05-10 01:00:00,1.0779,1.07835,1.07725,1.0774
2024-05-10 05:00:00,1.0774,1.0787,1.0772,1.0781
2024-05-10 09:00:00,1.0781,1.0787,1.0766,1.077
2024-05-10 13:00:00,1.07705,1.0791,1.076,1.0777
2024-05-10 17:00:00,1.0776,1.0778,1.0768,1.0771
2024-05-12 21:00:00,1.0774,1.0776,1.0768,1.07695
2024-05-13 01:00:00,1.0768,1.0774,1.0766,1.077
2024-05-13 05:00:00,1.077,1.0785,1.0768,1.0783
2024-05-13 09:00:00,1.0785,1.08,1.0776,1.0797
2024-05-13 13:00:00,1.0798,1.0807,1.0789,1.0793
2024-05-13 17:00:00,1.0793,1.0795,1.0787,1.0789
2024-05-13 21:00:00,1.07895,1.07945,1.0785,1.0788
2024-05-14 01:00:00,1.0788,1.079,1.07835,1.0786
2024-05-14 05:00:00,1.0786,1.0789,1.0775,1.07835
2024-05-14 09:00:00,1.0784,1.081,1.07675,1.0803
2024-05-14 13:00:00,1.0803,1.0826,1.08,1.0817
2024-05-14 17:00:00,1.0817,1.0823,1.0816,1.0818
2024-05-14 21:00:00,1.0819,1.0822,1.0813,1.08175
2024-05-15 01:00:00,1.0817,1.08285,1.08155,1.08215
2024-05-15 05:00:00,1.08215,1.0835,1.0821,1.08295
2024-05-15 09:00:00,1.083,1.0869,1.0821,1.0861
2024-05-15 13:00:00,1.0861,1.0875,1.0831,1.0873
2024-05-15 17:00:00,1.0871,1.0886,1.08705,1.0884
2024-05-15 21:00:00,1.0885,1.0896,1.0879,1.0894
2024-05-16 01:00:00,1.08935,1.0894,1.0882,1.0884
2024-05-16 05:00:00,1.0885,1.0886,1.0866,1.0874
2024-05-16 09:00:00,1.0873,1.0875,1.0861,1.08635
2024-05-16 13:00:00,1.0863,1.0876,1.0854,1.0873
2024-05-16 17:00:00,1.0874,1.0875,1.0865,1.0867
2024-05-16 21:00:00,1.0866,1.087,1.0859,1.0863
2024-05-17 01:00:00,1.0863,1.0864,1.0854,1.0857
2024-05-17 05:00:00,1.0856,1.0869,1.0841,1.0843
2024-05-17 09:00:00,1.0844,1.0847,1.0835,1.0842
2024-05-17 13:00:00,1.0844,1.0878,1.0843,1.0869
2024-05-17 17:00:00,1.08685,1.0877,1.0868,1.0869
2024-05-19 21:00:00,1.0871,1.0877,1.0869,1.0875
2024-05-20 01:00:00,1.0875,1.08825,1.0871,1.088
2024-05-20 05:00:00,1.0881,1.08845,1.0869,1.08745
2024-05-20 09:00:00,1.0875,1.0875,1.0854,1.0857
2024-05-20 13:00:00,1.0858,1.087,1.0858,1.0865
2024-05-20 17:00:00,1.0866,1.0871,1.08565,1.08565
2024-05-20 21:00:00,1.0859,1.0862,1.0856,1.0862
2024-05-21 01:00:00,1.0862,1.0862,1.0851,1.0859
2024-05-21 05:00:00,1.0859,1.087,1.0856,1.0867
2024-05-21 09:00:00,1.0867,1.0875,1.0854,1.0857
2024-05-21 13:00:00,1.0857,1.0862,1.0842,1.08525
2024-05-21 17:00:00,1.0854,1.0857,1.0846,1.08545
2024-05-21 21:00:00,1.08545,1.086,1.08535,1.08575
2024-05-22 01:00:00,1.0857,1.0864,1.0852,1.0853
2024-05-22 05:00:00,1.0854,1.0863,1.0846,1.08485
2024-05-22 09:00:00,1.0849,1.085,1.0822,1.0832
2024-05-22 13:00:00,1.0831,1.08445,1.0831,1.0843
2024-05-22 17:00:00,1.08425,1.0847,1.0817,1.0822
2024-05-22 21:00:00,1.08245,1.0829,1.08215,1.0826
2024-05-23 01:00:00,1.0826,1.0833,1.0821,1.0827
2024-05-23 05:00:00,1.0827,1.0845,1.0812,1.0839
2024-05-23 09:00:00,1.084,1.08545,1.08325,1.08525
2024-05-23 13:00:00,1.08525,1.0861,1.0818,1.0818
2024-05-23 17:00:00,1.0819,1.0821,1.0804,1.0815
2024-05-23 21:00:00,1.08145,1.0816,1.08075,1.0811
2024-05-24 01:00:00,1.081,1.0814,1.08055,1.08095
2024-05-24 05:00:00,1.0809,1.0829,1.0807,1.0825
2024-05-24 09:00:00,1.08245,1.0854,1.0823,1.0852
2024-05-24 13:00:00,1.0852,1.0858,1.0842,1.0847
2024-05-24 17:00:00,1.0847,1.0854,1.0846,1.0847
2024-05-26 21:00:00,1.085,1.085,1.0846,1.0849
2024-05-27 01:00:00,1.0849,1.08525,1.0847,1.08485
2024-05-27 05:00:00,1.0849,1.0854,1.08435,1.085
2024-05-27 09:00:00,1.085,1.08675,1.084,1.085
2024-05-27 13:00:00,1.085,1.0862,1.0844,1.0859
2024-05-27 17:00:00,1.086,1.0861,1.0857,1.0858
2024-05-27 21:00:00,1.08585,1.0869,1.0854,1.0866
2024-05-28 01:00:00,1.0865,1.088,1.0864,1.0877
2024-05-28 05:00:00,1.0876,1.088,1.0867,1.0871
2024-05-28 09:00:00,1.087,1.0889,1.08665,1.0877
2024-05-28 13:00:00,1.0876,1.088,1.0857,1.0875
2024-05-28 17:00:00,1.08745,1.0876,1.0855,1.0857
2024-05-28 21:00:00,1.0857,1.08605,1.08475,1.0851
2024-05-29 01:00:00,1.0851,1.0857,1.0844,1.0847
2024-05-29 05:00:00,1.0848,1.0859,1.0829,1.0837
2024-05-29 09:00:00,1.0838,1.0859,1.0835,1.0846
2024-05-29 13:00:00,1.0847,1.0847,1.0808,1.0815
2024-05-29 17:00:00,1.0815,1.0817,1.08,1.0801
2024-05-29 21:00:00,1.0802,1.0809,1.0795,1.0797
2024-05-30 01:00:00,1.07965,1.0805,1.0792,1.0795
2024-05-30 05:00:00,1.0796,1.0819,1.0788,1.0816
2024-05-30 09:00:00,1.0816,1.0833,1.0808,1.083
2024-05-30 13:00:00,1.0829,1.0845,1.0825,1.084
2024-05-30 17:00:00,1.084,1.0844,1.0827,1.08325
2024-05-30 21:00:00,1.083,1.0835,1.0829,1.0832
2024-05-31 01:00:00,1.08325,1.0834,1.0811,1.0818
2024-05-31 05:00:00,1.0818,1.0838,1.0814,1.0836
2024-05-31 09:00:00,1.0835,1.0882,1.0834,1.08805
2024-05-31 13:00:00,1.08805,1.08805,1.084,1.0847
2024-05-31 17:00:00,1.0847,1.0853,1.084,1.0849
2024-06-02 21:00:00,1.0851,1.0857,1.0849,1.0857
2024-06-03 01:00:00,1.08565,1.0859,1.0849,1.08515
2024-06-03 05:00:00,1.0852,1.0859,1.0833,1.084
2024-06-03 09:00:00,1.084,1.085,1.0827,1.0845
2024-06-03 13:00:00,1.0845,1.08905,1.0844,1.0885
2024-06-03 17:00:00,1.0884,1.0905,1.0882,1.0905
2024-06-03 21:00:00,1.0905,1.0916,1.0901,1.09135
2024-06-04 01:00:00,1.0913,1.0914,1.0905,1.09095
2024-06-04 05:00:00,1.0909,1.0911,1.0873,1.088
2024-06-04 09:00:00,1.0881,1.0882,1.0859,1.0865
2024-06-04 13:00:00,1.0865,1.0884,1.0862,1.088
2024-06-04 17:00:00,1.08805,1.0888,1.08775,1.088
2024-06-04 21:00:00,1.088,1.0886,1.0878,1.0884
2024-06-05 01:00:00,1.0884,1.08865,1.0877,1.08805
2024-06-05 05:00:00,1.0881,1.0882,1.087,1.0875
2024-06-05 09:00:00,1.0875,1.08845,1.0859,1.0883
2024-06-05 13:00:00,1.0884,1.0892,1.0854,1.0865
2024-06-05 17:00:00,1.0865,1.0877,1.0861,1.0868
2024-06-05 21:00:00,1.0869,1.0882,1.0869,1.0882
2024-06-06 01:00:00,1.0882,1.0896,1.0882,1.0887
2024-06-06 05:00:00,1.0887,1.0888,1.0871,1.0878
2024-06-06 09:00:00,1.0877,1.0902,1.0862,1.0882
2024-06-06 13:00:00,1.0882,1.0892,1.0872,1.0882
2024-06-06 17:00:00,1.08815,1.0894,1.088,1.0889
2024-06-06 21:00:00,1.0891,1.0894,1.0886,1.08895
2024-06-07 01:00:00,1.089,1.08985,1.0887,1.0895
2024-06-07 05:00:00,1.0895,1.0899,1.0883,1.0889
2024-06-07 09:00:00,1.089,1.0903,1.0824,1.0833
2024-06-07 13:00:00,1.0833,1.0836,1.0803,1.0805
2024-06-07 17:00:00,1.0806,1.0808,1.08,1.0802
2024-06-09 21:00:00,1.0778,1.0781,1.0774,1.0777
2024-06-10 01:00:00,1.0779,1.078,1.0748,1.0755
2024-06-10 05:00:00,1.0755,1.0768,1.0748,1.0757
2024-06-10 09:00:00,1.0757,1.0761,1.0732,1.0741
2024-06-10 13:00:00,1.07415,1.0759,1.0733,1.0754
2024-06-10 17:00:00,1.0754,1.0767,1.075,1.0765
2024-06-10 21:00:00,1.07655,1.07685,1.0759,1.0764
2024-06-11 01:00:00,1.07635,1.0771,1.07615,1.0768
2024-06-11 05:00:00,1.0768,1.0774,1.0743,1.07455
2024-06-11 09:00:00,1.0745,1.0756,1.0723,1.0733
2024-06-11 13:00:00,1.0732,1.0739,1.072,1.0737
2024-06-11 17:00:00,1.07375,1.0749,1.0736,1.074
2024-06-11 21:00:00,1.074,1.0743,1.0735,1.07365
2024-06-12 01:00:00,1.0737,1.0743,1.0734,1.0737
2024-06-12 05:00:00,1.07365,1.0754,1.0735,1.0747
2024-06-12 09:00:00,1.07465,1.0831,1.0744,1.08265
2024-06-12 13:00:00,1.0826,1.0852,1.0817,1.08445
2024-06-12 17:00:00,1.0844,1.0846,1.0804,1.0809
2024-06-12 21:00:00,1.0809,1.0816,1.0807,1.0812
2024-06-13 01:00:00,1.0813,1.0816,1.0803,1.0804
2024-06-13 05:00:00,1.0804,1.0817,1.08,1.0805
2024-06-13 09:00:00,1.0806,1.0817,1.078,1.0793
2024-06-13 13:00:00,1.0793,1.0808,1.0733,1.0736
2024-06-13 17:00:00,1.0736,1.0744,1.0735,1.0737
2024-06-13 21:00:00,1.07385,1.0741,1.0735,1.0737
2024-06-14 01:00:00,1.07365,1.0745,1.07345,1.07365
2024-06-14 05:00:00,1.07365,1.0737,1.069,1.0693
2024-06-14 09:00:00,1.0692,1.0706,1.0671,1.0689
2024-06-14 13:00:00,1.069,1.0702,1.0667,1.0701
2024-06-14 17:00:00,1.07,1.0708,1.0694,1.0702
2024-06-16 21:00:00,1.0707,1.0708,1.0701,1.0703
2024-06-17 01:00:00,1.0704,1.0706,1.0699,1.0705
2024-06-17 05:00:00,1.0704,1.0713,1.0686,1.0707
2024-06-17 09:00:00,1.0707,1.0718,1.0701,1.07135
2024-06-17 13:00:00,1.0715,1.0728,1.0711,1.07255
2024-06-17 17:00:00,1.0725,1.0738,1.0723,1.07345
2024-06-17 21:00:00,1.07345,1.0741,1.0731,1.0737
2024-06-18 01:00:00,1.07365,1.0737,1.072,1.07215
2024-06-18 05:00:00,1.0722,1.0736,1.07145,1.07195
2024-06-18 09:00:00,1.0719,1.0734,1.0709,1.0731
2024-06-18 13:00:00,1.0731,1.0762,1.073,1.0738
2024-06-18 17:00:00,1.0739,1.07435,1.0732,1.07395
2024-06-18 21:00:00,1.0738,1.0743,1.0737,1.0738
2024-06-19 01:00:00,1.07375,1.0743,1.0734,1.0735
2024-06-19 05:00:00,1.0736,1.0742,1.0724,1.074
2024-06-19 09:00:00,1.0739,1.0753,1.0732,1.0746
2024-06-19 13:00:00,1.0747,1.0751,1.0741,1.0747
2024-06-19 17:00:00,1.0747,1.0747,1.07425,1.0744
2024-06-19 21:00:00,1.0744,1.0749,1.0743,1.0746
2024-06-20 01:00:00,1.0746,1.0749,1.0739,1.0741
2024-06-20 05:00:00,1.0743,1.0743,1.0713,1.0716
2024-06-20 09:00:00,1.0716,1.0732,1.0713,1.0718
2024-06-20 13:00:00,1.0718,1.0731,1.0703,1.0707
2024-06-20 17:00:00,1.07075,1.0718,1.0701,1.0702
2024-06-20 21:00:00,1.07025,1.0708,1.0701,1.0707
2024-06-21 01:00:00,1.0707,1.0719,1.0705,1.07185
2024-06-21 05:00:00,1.07185,1.0721,1.0671,1.0691
2024-06-21 09:00:00,1.0691,1.0698,1.0676,1.0695
2024-06-21 13:00:00,1.0695,1.06985,1.0678,1.06925
2024-06-21 17:00:00,1.0692,1.0697,1.069,1.0691
2024-06-23 21:00:00,1.0694,1.0696,1.0684,1.06925
2024-06-24 01:00:00,1.0692,1.0695,1.0684,1.06945
2024-06-24 05:00:00,1.06945,1.0718,1.06945,1.0713
2024-06-24 09:00:00,1.0714,1.0736,1.0713,1.0735
2024-06-24 13:00:00,1.0736,1.0747,1.0723,1.0728
2024-06-24 17:00:00,1.0727,1.0739,1.0722,1.0733
2024-06-24 21:00:00,1.0737,1.0738,1.073,1.0734
2024-06-25 01:00:00,1.07345,1.074,1.0732,1.074
2024-06-25 05:00:00,1.074,1.0745,1.072,1.0734
2024-06-25 09:00:00,1.0734,1.0736,1.0702,1.0705
2024-06-25 13:00:00,1.0705,1.0713,1.069,1.0704
2024-06-25 17:00:00,1.0705,1.0718,1.0704,1.0714
2024-06-25 21:00:00,1.0714,1.0716,1.07055,1.0711
2024-06-26 01:00:00,1.0712,1.07185,1.0707,1.07105
2024-06-26 05:00:00,1.0711,1.0711,1.06855,1.0695
2024-06-26 09:00:00,1.0696,1.07,1.0677,1.0677
2024-06-26 13:00:00,1.0676,1.0696,1.0666,1.0683
2024-06-26 17:00:00,1.0682,1.0691,1.0675,1.06805
2024-06-26 21:00:00,1.068,1.0683,1.0677,1.0678
2024-06-27 01:00:00,1.06785,1.0695,1.0678,1.0694
2024-06-27 05:00:00,1.0694,1.0699,1.068,1.0688
2024-06-27 09:00:00,1.0688,1.0722,1.0687,1.0721
2024-06-27 13:00:00,1.072,1.07265,1.07,1.0706
2024-06-27 17:00:00,1.0707,1.0709,1.0701,1.07045
2024-06-27 21:00:00,1.07035,1.0711,1.0697,1.06975
2024-06-28 01:00:00,1.06975,1.0699,1.0684,1.0687
2024-06-28 05:00:00,1.0687,1.0704,1.0686,1.0698
2024-06-28 09:00:00,1.0697,1.072,1.0692,1.0705
2024-06-28 13:00:00,1.0705,1.0722,1.0692,1.0717
2024-06-28 17:00:00,1.0716,1.0725,1.0706,1.0715
2024-06-30 21:00:00,1.0737,1.075,1.0734,1.07465
2024-07-01 01:00:00,1.0746,1.0761,1.0743,1.0756
2024-07-01 05:00:00,1.07545,1.07765,1.0749,1.0768
2024-07-01 09:00:00,1.0768,1.0769,1.074,1.0748
2024-07-01 13:00:00,1.0749,1.077,1.072,1.0732
2024-07-01 17:00:00,1.0731,1.0743,1.0724,1.0741
2024-07-01 21:00:00,1.074,1.0741,1.07335,1.0735
2024-07-02 01:00:00,1.0736,1.0737,1.07275,1.0729
2024-07-02 05:00:00,1.073,1.0736,1.0711,1.07205
2024-07-02 09:00:00,1.072,1.0734,1.0709,1.0731
2024-07-02 13:00:00,1.0732,1.0747,1.0724,1.0732
2024-07-02 17:00:00,1.0732,1.0747,1.0732,1.0746
2024-07-02 21:00:00,1.0744,1.0755,1.0744,1.0748
2024-07-03 01:00:00,1.0748,1.0748,1.07405,1.07425
2024-07-03 05:00:00,1.07425,1.0764,1.0736,1.0759
2024-07-03 09:00:00,1.0758,1.0779,1.0752,1.0774
2024-07-03 13:00:00,1.0775,1.0817,1.07715,1.0796
2024-07-03 17:00:00,1.0795,1.0796,1.0778,1.07875
2024-07-03 21:00:00,1.0789,1.07945,1.0784,1.07925
2024-07-04 01:00:00,1.0793,1.0795,1.0783,1.0787
2024-07-04 05:00:00,1.0786,1.0804,1.0785,1.0801
2024-07-04 09:00:00,1.0802,1.0803,1.0794,1.0797
2024-07-04 13:00:00,1.0796,1.0814,1.0795,1.0813
2024-07-04 17:00:00,1.0812,1.0814,1.081,1.0811
2024-07-04 21:00:00,1.0812,1.0818,1.0809,1.0814
2024-07-05 01:00:00,1.0814,1.0825,1.0814,1.0822
2024-07-05 05:00:00,1.0822,1.0831,1.0817,1.08285
2024-07-05 09:00:00,1.0827,1.0842,1.0802,1.083
2024-07-05 13:00:00,1.0829,1.0835,1.081,1.0826
2024-07-05 17:00:00,1.0826,1.0843,1.0825,1.08385
2024-07-07 21:00:00,1.0825,1.0829,1.0819,1.0822
2024-07-08 01:00:00,1.08215,1.0837,1.082,1.0828
2024-07-08 05:00:00,1.0829,1.0843,1.0814,1.08385
2024-07-08 09:00:00,1.0838,1.0845,1.0823,1.0844
2024-07-08 13:00:00,1.0844,1.0845,1.08285,1.0832
2024-07-08 17:00:00,1.0832,1.0834,1.0822,1.0824
2024-07-08 21:00:00,1.08245,1.0833,1.0824,1.0827
2024-07-09 01:00:00,1.08275,1.08315,1.0819,1.083
2024-07-09 05:00:00,1.083,1.0831,1.0815,1.0823
2024-07-09 09:00:00,1.0822,1.0829,1.0812,1.0816
2024-07-09 13:00:00,1.0817,1.0829,1.0806,1.081
2024-07-09 17:00:00,1.081,1.0817,1.0806,1.0813
2024-07-09 21:00:00,1.0814,1.08175,1.0812,1.0812
2024-07-10 01:00:00,1.0812,1.0821,1.08105,1.0819
2024-07-10 05:00:00,1.08185,1.08255,1.0812,1.08145
2024-07-10 09:00:00,1.0815,1.0829,1.0814,1.0827
2024-07-10 13:00:00,1.0827,1.0829,1.0819,1.0826
2024-07-10 17:00:00,1.0827,1.0831,1.0817,1.08305
2024-07-10 21:00:00,1.08305,1.0837,1.0827,1.0836
2024-07-11 01:00:00,1.0835,1.084,1.08315,1.0836
2024-07-11 05:00:00,1.0836,1.0848,1.08315,1.0847
2024-07-11 09:00:00,1.0848,1.08995,1.08425,1.0888
2024-07-11 13:00:00,1.0886,1.0899,1.0864,1.08675
2024-07-11 17:00:00,1.0867,1.087,1.0859,1.08685
2024-07-11 21:00:00,1.0867,1.0875,1.0864,1.0869
2024-07-12 01:00:00,1.0869,1.0873,1.0863,1.08695
2024-07-12 05:00:00,1.0871,1.0888,1.0861,1.0887
2024-07-12 09:00:00,1.0887,1.0893,1.0874,1.0891
2024-07-12 13:00:00,1.0892,1.0911,1.0886,1.0904
2024-07-12 17:00:00,1.0905,1.0911,1.0901,1.0906
2024-07-14 21:00:00,1.0886,1.0889,1.0883,1.0889
2024-07-15 01:00:00,1.08885,1.0896,1.0886,1.0894
2024-07-15 05:00:00,1.0894,1.0909,1.0884,1.09075
2024-07-15 09:00:00,1.09085,1.09205,1.0902,1.0907
2024-07-15 13:00:00,1.0907,1.09225,1.09,1.09065
2024-07-15 17:00:00,1.0906,1.0906,1.0893,1.0894
2024-07-15 21:00:00,1.0895,1.0899,1.0891,1.0891
2024-07-16 01:00:00,1.0891,1.0895,1.0888,1.0892
2024-07-16 05:00:00,1.08925,1.0903,1.0883,1.0901
2024-07-16 09:00:00,1.0901,1.09059,1.08754,1.0881
2024-07-16 13:00:00,1.08808,1.08895,1.08712,1.0889
2024-07-16 17:00:00,1.08889,1.09032,1.08875,1.08996
2024-07-16 21:00:00,1.089915,1.09035,1.08954,1.089768
2024-07-17 01:00:00,1.089777,1.09073,1.08952,1.09031
2024-07-17 05:00:00,1.09031,1.09443,1.08949,1.094187
2024-07-17 09:00:00,1.09419,1.09456,1.09287,1.09426
2024-07-17 13:00:00,1.09424,1.09486,1.09235,1.09302
2024-07-17 17:00:00,1.09299,1.09407,1.0928,1.09394
2024-07-17 21:00:00,1.093895,1.09416,1.09364,1.09371
2024-07-18 01:00:00,1.0937,1.09395,1.09313,1.09336
2024-07-18 05:00:00,1.093363,1.09393,1.0926,1.09307
2024-07-18 09:00:00,1.09307,1.09375,1.09235,1.09284
2024-07-18 13:00:00,1.09285,1.09295,1.09046,1.091627
2024-07-18 17:00:00,1.09161,1.09168,1.08935,1.08964
2024-07-18 21:00:00,1.08983,1.09037,1.08904,1.089203
2024-07-19 01:00:00,1.089217,1.08952,1.08858,1.088712
2024-07-19 05:00:00,1.088723,1.0891,1.08757,1.087913
2024-07-19 09:00:00,1.0879,1.08946,1.0877,1.0889
2024-07-19 13:00:00,1.08891,1.08916,1.08789,1.088502
2024-07-19 17:00:00,1.088512,1.0889,1.08754,1.08851
2024-07-21 21:00:00,1.089987,1.09032,1.08921,1.0894
2024-07-22 01:00:00,1.0894,1.08959,1.08844,1.088757
2024-07-22 05:00:00,1.088747,1.08929,1.08786,1.088808
2024-07-22 09:00:00,1.088823,1.08959,1.08748,1.087817
2024-07-22 13:00:00,1.087822,1.08871,1.08728,1.08863
2024-07-22 17:00:00,1.0886,1.08928,1.08855,1.08911
2024-07-22 21:00:00,1.089175,1.08959,1.08848,1.08899
2024-07-23 01:00:00,1.089,1.08972,1.08871,1.089093
2024-07-23 05:00:00,1.08909,1.08917,1.08677,1.08779
2024-07-23 09:00:00,1.08779,1.08787,1.08545,1.08561
2024-07-23 13:00:00,1.0856,1.08584,1.08435,1.08536
2024-07-23 17:00:00,1.08536,1.08568,1.08489,1.085398
2024-07-23 21:00:00,1.085335,1.08569,1.08453,1.08468
2024-07-24 01:00:00,1.08468,1.08507,1.08413,1.0847
2024-07-24 05:00:00,1.08471,1.08543,1.08254,1.08352
2024-07-24 09:00:00,1.08352,1.08597,1.08321,1.0858
2024-07-24 13:00:00,1.085843,1.0867,1.08473,1.085107
2024-07-24 17:00:00,1.085097,1.08554,1.08357,1.084002
2024-07-24 21:00:00,1.08412,1.08447,1.08345,1.08396
2024-07-25 01:00:00,1.0839,1.08444,1.0836,1.084007
2024-07-25 05:00:00,1.084018,1.08583,1.08281,1.08456
2024-07-25 09:00:00,1.08461,1.08593,1.08358,1.084993
2024-07-25 13:00:00,1.084977,1.08652,1.08298,1.08621
2024-07-25 17:00:00,1.08622,1.08705,1.08431,1.084547
2024-07-25 21:00:00,1.084565,1.0856,1.08423,1.08539
2024-07-26 01:00:00,1.085385,1.08608,1.08517,1.0859
2024-07-26 05:00:00,1.0859,1.0861,1.0842,1.0852
2024-07-26 09:00:00,1.08515,1.0865,1.0849,1.08605
2024-07-26 13:00:00,1.086065,1.08686,1.08513,1.08654
2024-07-26 17:00:00,1.08653,1.08659,1.08524,1.08558
2024-07-28 21:00:00,1.085622,1.0867,1.08506,1.086348
2024-07-29 01:00:00,1.086358,1.08704,1.08579,1.085907
2024-07-29 05:00:00,1.08591,1.08635,1.08313,1.08324
2024-07-29 09:00:00,1.08323,1.08426,1.08146,1.08162
2024-07-29 13:00:00,1.0816,1.08242,1.08025,1.08215
2024-07-29 17:00:00,1.082167,1.08263,1.08191,1.082102
2024-07-29 21:00:00,1.08229,1.08282,1.08151,1.08171
2024-07-30 01:00:00,1.08171,1.08256,1.0814,1.08242
2024-07-30 05:00:00,1.08239,1.08351,1.08157,1.082873
2024-07-30 09:00:00,1.082877,1.08361,1.08014,1.080193
2024-07-30 13:00:00,1.080188,1.08171,1.07978,1.08138
2024-07-30 17:00:00,1.08139,1.08181,1.08081,1.081507
2024-07-30 21:00:00,1.08137,1.08204,1.08104,1.08201
2024-07-31 01:00:00,1.08199,1.08307,1.08162,1.082558
2024-07-31 05:00:00,1.082568,1.0828,1.08062,1.082303
2024-07-31 09:00:00,1.082293,1.08504,1.08215,1.08407
2024-07-31 13:00:00,1.08411,1.08499,1.08039,1.080938
2024-07-31 17:00:00,1.080923,1.08335,1.08015,1.08257
2024-07-31 21:00:00,1.08265,1.08316,1.08211,1.082793
2024-08-01 01:00:00,1.08276,1.08359,1.0824,1.082698
2024-08-01 05:00:00,1.082702,1.08301,1.07808,1.078442
2024-08-01 09:00:00,1.078428,1.08088,1.07773,1.07966
2024-08-01 13:00:00,1.07964,1.08195,1.07799,1.078638
2024-08-01 17:00:00,1.078647,1.07959,1.07823,1.07917
2024-08-01 21:00:00,1.07918,1.07958,1.07814,1.079098
2024-08-02 01:00:00,1.079098,1.07992,1.07842,1.07977
2024-08-02 05:00:00,1.07977,1.08157,1.07859,1.081457
2024-08-02 09:00:00,1.081473,1.08974,1.08142,1.089132
2024-08-02 13:00:00,1.089112,1.0927,1.08839,1.091207
2024-08-02 17:00:00,1.091228,1.09171,1.09069,1.09112
2024-08-04 21:00:00,1.090653,1.0923,1.0904,1.09167
2024-08-05 01:00:00,1.09166,1.09402,1.09117,1.093233
2024-08-05 05:00:00,1.093263,1.09754,1.08921,1.095098
2024-08-05 09:00:00,1.09513,1.10095,1.09326,1.099063
2024-08-05 13:00:00,1.099123,1.10037,1.09474,1.095992
2024-08-05 17:00:00,1.095973,1.09649,1.09469,1.095158
2024-08-05 21:00:00,1.09502,1.09635,1.09434,1.096277
2024-08-06 01:00:00,1.09628,1.09635,1.09492,1.095193
2024-08-06 05:00:00,1.095207,1.09554,1.09182,1.092777
2024-08-06 09:00:00,1.092777,1.09284,1.09034,1.09053
2024-08-06 13:00:00,1.090537,1.09353,1.09049,1.092788
2024-08-06 17:00:00,1.092777,1.09349,1.09223,1.09318
2024-08-06 21:00:00,1.09302,1.09343,1.09229,1.09298
2024-08-07 01:00:00,1.09298,1.09309,1.09105,1.09117
2024-08-07 05:00:00,1.09116,1.09284,1.0905,1.091882
2024-08-07 09:00:00,1.091893,1.09272,1.0908,1.0922
2024-08-07 13:00:00,1.09218,1.0937,1.0912,1.09222
2024-08-07 17:00:00,1.09221,1.09275,1.09172,1.09228
2024-08-07 21:00:00,1.0922,1.09344,1.09172,1.092812
2024-08-08 01:00:00,1.09282,1.09382,1.09231,1.093163
2024-08-08 05:00:00,1.09317,1.09456,1.09296,1.09371
2024-08-08 09:00:00,1.0937,1.09401,1.08914,1.089758
2024-08-08 13:00:00,1.089768,1.09151,1.08809,1.090883
2024-08-08 17:00:00,1.090882,1.09199,1.0907,1.091868
2024-08-08 21:00:00,1.09162,1.09207,1.09108,1.091292
2024-08-09 01:00:00,1.091322,1.09249,1.09116,1.092032
2024-08-09 05:00:00,1.092022,1.09295,1.09127,1.09174
2024-08-09 09:00:00,1.09177,1.09262,1.09087,1.09117
2024-08-09 13:00:00,1.09117,1.09319,1.09094,1.091865
2024-08-09 17:00:00,1.091875,1.0924,1.09144,1.09165
2024-08-11 21:00:00,1.091302,1.09203,1.09113,1.091832
2024-08-12 01:00:00,1.091843,1.09235,1.09124,1.091913
2024-08-12 05:00:00,1.091938,1.09289,1.09154,1.092077
2024-08-12 09:00:00,1.09208,1.09303,1.09173,1.092002
2024-08-12 13:00:00,1.092,1.09398,1.0915,1.09229
2024-08-12 17:00:00,1.09228,1.09355,1.09219,1.09313
2024-08-12 21:00:00,1.09306,1.09369,1.09268,1.093008
2024-08-13 01:00:00,1.093003,1.09398,1.09289,1.093922
2024-08-13 05:00:00,1.093948,1.09416,1.09204,1.092342
2024-08-13 09:00:00,1.092342,1.0947,1.09133,1.09409
2024-08-13 13:00:00,1.0941,1.09745,1.09378,1.097243
2024-08-13 17:00:00,1.097252,1.10002,1.09694,1.099382
2024-08-13 21:00:00,1.09906,1.09989,1.09812,1.099207
2024-08-14 01:00:00,1.099203,1.09971,1.09884,1.099298
2024-08-14 05:00:00,1.099305,1.10205,1.0986,1.10194
2024-08-14 09:00:00,1.10192,1.10386,1.10036,1.10171
2024-08-14 13:00:00,1.10169,1.10478,1.10152,1.10184
2024-08-14 17:00:00,1.10184,1.10189,1.10104,1.10125
2024-08-14 21:00:00,1.10122,1.10183,1.10089,1.10098
2024-08-15 01:00:00,1.10097,1.10126,1.1003,1.10118
2024-08-15 05:00:00,1.10118,1.1016,1.1005,1.10062
2024-08-15 09:00:00,1.1006,1.10148,1.09515,1.09566
2024-08-15 13:00:00,1.09568,1.099,1.09493,1.0978
2024-08-15 17:00:00,1.097797,1.09803,1.0969,1.097173
2024-08-15 21:00:00,1.097355,1.09775,1.09677,1.097583
2024-08-16 01:00:00,1.09759,1.0983,1.09739,1.098213
2024-08-16 05:00:00,1.098213,1.09902,1.09763,1.0981
2024-08-16 09:00:00,1.09808,1.09955,1.09785,1.099395
2024-08-16 13:00:00,1.0994,1.10049,1.09823,1.10038
2024-08-16 17:00:00,1.1004,1.10316,1.10035,1.10283
2024-08-18 21:00:00,1.10253,1.10364,1.10224,1.10304
2024-08-19 01:00:00,1.10303,1.10422,1.10273,1.10397
2024-08-19 05:00:00,1.10399,1.1051,1.10352,1.10373
2024-08-19 09:00:00,1.10372,1.10447,1.10305,1.1039
2024-08-19 13:00:00,1.10388,1.10744,1.10297,1.10737
2024-08-19 17:00:00,1.10735,1.10879,1.107,1.10853
2024-08-19 21:00:00,1.10837,1.10892,1.10784,1.1082
2024-08-20 01:00:00,1.1082,1.10876,1.10745,1.10771
2024-08-20 05:00:00,1.1077,1.10892,1.10714,1.10797
2024-08-20 09:00:00,1.10799,1.10991,1.10746,1.10983
2024-08-20 13:00:00,1.10983,1.11195,1.10922,1.11149
2024-08-20 17:00:00,1.11149,1.11316,1.11086,1.11299
2024-08-20 21:00:00,1.11293,1.1133,1.11191,1.11278
2024-08-21 01:00:00,1.11278,1.11285,1.11161,1.11191
2024-08-21 05:00:00,1.11191,1.11293,1.111,1.11186
2024-08-21 09:00:00,1.11185,1.11304,1.11096,1.11249
2024-08-21 13:00:00,1.11251,1.11486,1.1098,1.11464
2024-08-21 17:00:00,1.11465,1.11745,1.11453,1.11504
2024-08-21 21:00:00,1.11506,1.11585,1.11434,1.11473
2024-08-22 01:00:00,1.11476,1.11496,1.11401,1.11435
2024-08-22 05:00:00,1.11434,1.11669,1.11269,1.11426
2024-08-22 09:00:00,1.11427,1.11464,1.11249,1.11402
2024-08-22 13:00:00,1.11403,1.11419,1.10978,1.11105
2024-08-22 17:00:00,1.11106,1.11142,1.10984,1.11119
2024-08-22 21:00:00,1.11089,1.11229,1.11036,1.11199
2024-08-23 01:00:00,1.11197,1.11292,1.11177,1.11278
2024-08-23 05:00:00,1.11278,1.11323,1.11121,1.11228
2024-08-23 09:00:00,1.11229,1.11277,1.11106,1.11144
2024-08-23 13:00:00,1.11141,1.11966,1.11052,1.11739
2024-08-23 17:00:00,1.11739,1.12013,1.11728,1.11934
2024-08-25 21:00:00,1.11914,1.1202,1.1186,1.1194
2024-08-26 01:00:00,1.11938,1.12006,1.11813,1.11833
2024-08-26 05:00:00,1.11834,1.11898,1.11756,1.11804
2024-08-26 09:00:00,1.11803,1.11831,1.11581,1.11614
2024-08-26 13:00:00,1.11613,1.11794,1.11497,1.11713
2024-08-26 17:00:00,1.11711,1.1176,1.11583,1.11612
2024-08-26 21:00:00,1.11599,1.11674,1.11563,1.1161
2024-08-27 01:00:00,1.1161,1.11711,1.11594,1.11684
2024-08-27 05:00:00,1.1168,1.11745,1.11609,1.11671
2024-08-27 09:00:00,1.11665,1.11791,1.11499,1.11587
2024-08-27 13:00:00,1.1159,1.11722,1.11522,1.11658
2024-08-27 17:00:00,1.1166,1.1191,1.11642,1.11845
2024-08-27 21:00:00,1.11835,1.11888,1.11742,1.11799
2024-08-28 01:00:00,1.11799,1.11804,1.11578,1.11596
2024-08-28 05:00:00,1.11594,1.11613,1.11346,1.11414
2024-08-28 09:00:00,1.11411,1.11461,1.11046,1.11119
2024-08-28 13:00:00,1.11119,1.11382,1.11098,1.11149
2024-08-28 17:00:00,1.11147,1.11221,1.11049,1.11201
2024-08-28 21:00:00,1.11198,1.1133,1.11156,1.11314
2024-08-29 01:00:00,1.11315,1.11376,1.11269,1.11356
2024-08-29 05:00:00,1.11354,1.11405,1.10715,1.10849
2024-08-29 09:00:00,1.10851,1.11003,1.10724,1.10842
2024-08-29 13:00:00,1.10844,1.10901,1.10555,1.10816
2024-08-29 17:00:00,1.10817,1.10858,1.10743,1.10775
2024-08-29 21:00:00,1.10766,1.10849,1.10725,1.10807
2024-08-30 01:00:00,1.10805,1.10825,1.10694,1.10741
2024-08-30 05:00:00,1.10741,1.10956,1.10732,1.10748
2024-08-30 09:00:00,1.10756,1.10891,1.10573,1.1068
2024-08-30 13:00:00,1.10681,1.10807,1.10434,1.10495
2024-08-30 17:00:00,1.105,1.10571,1.10434,1.1047
2024-09-01 21:00:00,1.1046,1.10562,1.10416,1.10535
2024-09-02 01:00:00,1.10536,1.1056,1.10436,1.10485
2024-09-02 05:00:00,1.10486,1.10778,1.1045,1.10676
2024-09-02 09:00:00,1.10677,1.10733,1.10582,1.1068
2024-09-02 13:00:00,1.10681,1.10723,1.10598,1.10659
2024-09-02 17:00:00,1.1066,1.10749,1.10654,1.1073
2024-09-02 21:00:00,1.1069,1.10762,1.10586,1.10606
2024-09-03 01:00:00,1.10608,1.10707,1.10535,1.10544
2024-09-03 05:00:00,1.10542,1.10682,1.10478,1.10485
2024-09-03 09:00:00,1.10486,1.1053,1.10329,1.10479
2024-09-03 13:00:00,1.10482,1.10714,1.10356,1.10395
2024-09-03 17:00:00,1.10393,1.10453,1.10261,1.10434
2024-09-03 21:00:00,1.10438,1.10517,1.10354,1.10483
2024-09-04 01:00:00,1.10482,1.10576,1.10471,1.10564
2024-09-04 05:00:00,1.10563,1.10633,1.10464,1.10518
2024-09-04 09:00:00,1.10519,1.10589,1.10397,1.10526
2024-09-04 13:00:00,1.10525,1.10956,1.10496,1.10846
2024-09-04 17:00:00,1.10845,1.10866,1.10652,1.10823
2024-09-04 21:00:00,1.10824,1.10871,1.10753,1.10792
2024-09-05 01:00:00,1.10794,1.1086,1.10744,1.10771
2024-09-05 05:00:00,1.10769,1.11007,1.10762,1.10991
2024-09-05 09:00:00,1.10991,1.11202,1.10868,1.10927
2024-09-05 13:00:00,1.10925,1.11113,1.10759,1.1101
2024-09-05 17:00:00,1.11011,1.11137,1.10991,1.11106
2024-09-05 21:00:00,1.11097,1.11152,1.11041,1.11134
2024-09-06 01:00:00,1.11133,1.1118,1.11089,1.11159
2024-09-06 05:00:00,1.11159,1.11214,1.11105,1.1118
2024-09-06 09:00:00,1.11174,1.11563,1.10774,1.11217
2024-09-06 13:00:00,1.11211,1.11357,1.10652,1.10769
2024-09-06 17:00:00,1.10769,1.109,1.10692,1.10861
2024-09-08 21:00:00,1.10871,1.10916,1.10819,1.10834
2024-09-09 01:00:00,1.10833,1.10914,1.10742,1.10757
2024-09-09 05:00:00,1.10759,1.10763,1.10454,1.10477
2024-09-09 09:00:00,1.10476,1.10594,1.10354,1.10392
2024-09-09 13:00:00,1.10397,1.10525,1.10337,1.10488
2024-09-09 17:00:00,1.1049,1.10542,1.1033,1.10353
2024-09-09 21:00:00,1.10363,1.10425,1.10281,1.10308
2024-09-10 01:00:00,1.10307,1.10411,1.10302,1.10401
2024-09-10 05:00:00,1.104,1.105,1.10332,1.10379
2024-09-10 09:00:00,1.10377,1.10443,1.10262,1.10295
2024-09-10 13:00:00,1.10299,1.10351,1.10147,1.10267
2024-09-10 17:00:00,1.10262,1.10282,1.10176,1.10196
2024-09-10 21:00:00,1.10193,1.10243,1.1016,1.102
2024-09-11 01:00:00,1.102,1.10475,1.10179,1.10465
2024-09-11 05:00:00,1.10468,1.10523,1.10364,1.10439
2024-09-11 09:00:00,1.10438,1.10551,1.1003,1.10176
2024-09-11 13:00:00,1.10163,1.10268,1.10017,1.1016
2024-09-11 17:00:00,1.1016,1.10271,1.10098,1.10119
2024-09-11 21:00:00,1.10133,1.10179,1.10057,1.10068
2024-09-12 01:00:00,1.10069,1.10173,1.10061,1.10169
2024-09-12 05:00:00,1.10163,1.10242,1.10051,1.10156
2024-09-12 09:00:00,1.1016,1.10329,1.10073,1.10256
2024-09-12 13:00:00,1.10251,1.10484,1.10244,1.1046
2024-09-12 17:00:00,1.10462,1.1077,1.10421,1.10745
2024-09-12 21:00:00,1.10738,1.10878,1.10689,1.10871
2024-09-13 01:00:00,1.10871,1.10906,1.1079,1.10844
2024-09-13 05:00:00,1.10845,1.10945,1.10727,1.10928
2024-09-13 09:00:00,1.10929,1.1101,1.10789,1.10929
2024-09-13 13:00:00,1.10932,1.11023,1.10765,1.1084
2024-09-13 17:00:00,1.1084,1.10864,1.10713,1.10765
2024-09-15 21:00:00,1.1087,1.10929,1.10847,1.10896
2024-09-16 01:00:00,1.10895,1.11053,1.10866,1.10972
2024-09-16 05:00:00,1.10971,1.11265,1.10955,1.11229
2024-09-16 09:00:00,1.11228,1.11333,1.11157,1.11251
2024-09-16 13:00:00,1.11249,1.11379,1.11164,1.1129
2024-09-16 17:00:00,1.11291,1.11344,1.11159,1.11329
2024-09-16 21:00:00,1.11328,1.1134,1.11218,1.11231
2024-09-17 01:00:00,1.1123,1.11301,1.11216,1.11245
2024-09-17 05:00:00,1.11244,1.11467,1.11155,1.11447
2024-09-17 09:00:00,1.11446,1.11451,1.11176,1.11248
2024-09-17 13:00:00,1.11249,1.11286,1.11116,1.11195
2024-09-17 17:00:00,1.11194,1.11238,1.11108,1.11133
2024-09-17 21:00:00,1.1115,1.1129,1.11114,1.11271
2024-09-18 01:00:00,1.1127,1.11309,1.11198,1.11202
2024-09-18 05:00:00,1.11201,1.11337,1.11151,1.11297
2024-09-18 09:00:00,1.11296,1.11402,1.11177,1.11224
2024-09-18 13:00:00,1.11223,1.11402,1.11079,1.11244
2024-09-18 17:00:00,1.11245,1.11896,1.10965,1.11182
2024-09-18 21:00:00,1.11143,1.11244,1.10787,1.10817
2024-09-19 01:00:00,1.10815,1.11217,1.10683,1.11204
2024-09-19 05:00:00,1.11203,1.11695,1.112,1.11629
2024-09-19 09:00:00,1.11628,1.11792,1.11254,1.11261
2024-09-19 13:00:00,1.1126,1.11587,1.11163,1.11556
2024-09-19 17:00:00,1.11557,1.11683,1.11522,1.11617
2024-09-19 21:00:00,1.11635,1.11668,1.1157,1.11605
2024-09-20 01:00:00,1.11607,1.11697,1.11571,1.11651
2024-09-20 05:00:00,1.11652,1.11822,1.11522,1.11645
2024-09-20 09:00:00,1.11646,1.11772,1.11539,1.11744
2024-09-20 13:00:00,1.11743,1.11765,1.11359,1.11739
2024-09-20 17:00:00,1.11737,1.11747,1.11559,1.11633
2024-09-22 21:00:00,1.11624,1.11645,1.11559,1.1159
2024-09-23 01:00:00,1.11588,1.11654,1.11556,1.11637
2024-09-23 05:00:00,1.11636,1.11677,1.1083,1.10926
2024-09-23 09:00:00,1.10925,1.11262,1.1092,1.11225
2024-09-23 13:00:00,1.11226,1.11438,1.11151,1.11253
2024-09-23 17:00:00,1.11255,1.11289,1.11094,1.11114
2024-09-23 21:00:00,1.11152,1.11197,1.11041,1.11058
2024-09-24 01:00:00,1.11059,1.11181,1.11031,1.1117
2024-09-24 05:00:00,1.11172,1.11452,1.11041,1.11403
2024-09-24 09:00:00,1.11402,1.11482,1.11219,1.1141
2024-09-24 13:00:00,1.11409,1.11639,1.11323,1.11586
2024-09-24 17:00:00,1.11585,1.1181,1.11545,1.11805
2024-09-24 21:00:00,1.11795,1.11945,1.11775,1.11945
2024-09-25 01:00:00,1.11935,1.1199,1.1185,1.1196
2024-09-25 05:00:00,1.1196,1.1197,1.1182,1.1185
2024-09-25 09:00:00,1.1185,1.1208,1.1178,1.1193
2024-09-25 13:00:00,1.12054,1.12084,1.11326,1.11344
2024-09-25 17:00:00,1.11345,1.11392,1.11212,1.11327
2024-09-25 21:00:00,1.11332,1.11382,1.11274,1.11366
2024-09-26 01:00:00,1.11369,1.11458,1.11312,1.11419
2024-09-26 05:00:00,1.11417,1.11584,1.11254,1.11414
2024-09-26 09:00:00,1.11415,1.11659,1.11371,1.11512
2024-09-26 13:00:00,1.11513,1.11897,1.11254,1.11693
2024-09-26 17:00:00,1.11692,1.11845,1.1168,1.1177
2024-09-26 21:00:00,1.11772,1.11829,1.11676,1.11693
2024-09-27 01:00:00,1.11692,1.11737,1.11621,1.11647
2024-09-27 05:00:00,1.11647,1.11765,1.11245,1.11446
2024-09-27 09:00:00,1.11447,1.12021,1.11369,1.11998
2024-09-27 13:00:00,1.11995,1.12034,1.11461,1.11518
2024-09-27 17:00:00,1.11518,1.1169,1.115,1.11639
2024-09-29 21:00:00,1.1171,1.11744,1.11673,1.11709
2024-09-30 01:00:00,1.11711,1.11731,1.11559,1.11617
2024-09-30 05:00:00,1.11618,1.12094,1.11557,1.12057
2024-09-30 09:00:00,1.12059,1.12063,1.1183,1.11898
2024-09-30 13:00:00,1.11899,1.11917,1.11346,1.11486
2024-09-30 17:00:00,1.1149,1.11641,1.11133,1.11351
2024-09-30 21:00:00,1.11343,1.11432,1.11268,1.11322
2024-10-01 01:00:00,1.11323,1.11438,1.11308,1.11406
2024-10-01 05:00:00,1.11408,1.11444,1.10977,1.11031
2024-10-01 09:00:00,1.11028,1.11151,1.10699,1.10712
2024-10-01 13:00:00,1.10712,1.10872,1.10479,1.1055
2024-10-01 17:00:00,1.10544,1.10779,1.10456,1.10679
2024-10-01 21:00:00,1.10676,1.10747,1.10631,1.10657
2024-10-02 01:00:00,1.10658,1.10745,1.106,1.10631
2024-10-02 05:00:00,1.10629,1.10833,1.10538,1.10725
2024-10-02 09:00:00,1.10725,1.10779,1.10506,1.10536
2024-10-02 13:00:00,1.10537,1.10661,1.10324,1.10465
2024-10-02 17:00:00,1.10468,1.10541,1.10364,1.10451
2024-10-02 21:00:00,1.10454,1.10518,1.10369,1.10392
2024-10-03 01:00:00,1.10393,1.10412,1.10317,1.1033
2024-10-03 05:00:00,1.10331,1.10467,1.10245,1.10379
2024-10-03 09:00:00,1.10376,1.10491,1.10279,1.10322
2024-10-03 13:00:00,1.1032,1.10441,1.1008,1.10304
2024-10-03 17:00:00,1.10305,1.10367,1.10247,1.1032
2024-10-03 21:00:00,1.10327,1.10401,1.10279,1.10347
2024-10-04 01:00:00,1.10347,1.10365,1.10249,1.10278
2024-10-04 05:00:00,1.10279,1.10362,1.10207,1.10255
2024-10-04 09:00:00,1.1025,1.10373,1.09588,1.096097
2024-10-04 13:00:00,1.096083,1.09822,1.0951,1.095967
2024-10-04 17:00:00,1.095978,1.09794,1.09573,1.097555
2024-10-06 20:00:00,1.0971,1.09723,1.0964,1.097068
2024-10-07 00:00:00,1.097058,1.09781,1.09678,1.097217
2024-10-07 04:00:00,1.097208,1.0974,1.09579,1.09695
2024-10-07 08:00:00,1.09697,1.09811,1.09539,1.09769
2024-10-07 12:00:00,1.097717,1.09852,1.09692,1.0976
2024-10-07 16:00:00,1.097608,1.09873,1.09653,1.097242
2024-10-07 20:00:00,1.097233,1.09801,1.09683,1.097437
2024-10-08 00:00:00,1.097447,1.09872,1.09724,1.09834
2024-10-08 04:00:00,1.09833,1.09959,1.09782,1.09953
2024-10-08 08:00:00,1.09953,1.09975,1.09782,1.09878
2024-10-08 12:00:00,1.09876,1.09903,1.09606,1.096977
2024-10-08 16:00:00,1.096988,1.09787,1.09654,1.097787
2024-10-08 20:00:00,1.097768,1.09854,1.09713,1.097552
2024-10-09 00:00:00,1.097557,1.09792,1.09664,1.096782
2024-10-09 04:00:00,1.096788,1.09765,1.09507,1.096037
2024-10-09 08:00:00,1.096,1.09711,1.0953,1.09542
2024-10-09 12:00:00,1.095413,1.09603,1.09393,1.095098
2024-10-09 16:00:00,1.095052,1.09509,1.09358,1.093857
2024-10-09 20:00:00,1.093878,1.09469,1.09354,1.09417
2024-10-10 00:00:00,1.09414,1.09465,1.09386,1.094358
2024-10-10 04:00:00,1.094348,1.09451,1.09329,1.09374
2024-10-10 08:00:00,1.09377,1.09401,1.09267,1.0931
2024-10-10 12:00:00,1.0931,1.09578,1.0905,1.09248
2024-10-10 16:00:00,1.09249,1.09351,1.08997,1.093443
2024-10-10 20:00:00,1.093473,1.094,1.09249,1.093363
2024-10-11 00:00:00,1.093352,1.09411,1.09292,1.09397
2024-10-11 04:00:00,1.09397,1.09458,1.09319,1.09447
2024-10-11 08:00:00,1.09447,1.09542,1.09271,1.09309
2024-10-11 12:00:00,1.0931,1.09528,1.09258,1.094137
2024-10-11 16:00:00,1.094148,1.0948,1.09327,1.093328
2024-10-11 20:00:00,1.093317,1.09408,1.0932,1.09355
2024-10-13 20:00:00,1.09307,1.09325,1.09218,1.092322
2024-10-14 00:00:00,1.092337,1.09297,1.0915,1.092577
2024-10-14 04:00:00,1.092553,1.09315,1.09221,1.09284
2024-10-14 08:00:00,1.09282,1.09371,1.09088,1.09128
2024-10-14 12:00:00,1.09126,1.09277,1.09044,1.0907
2024-10-14 16:00:00,1.0907,1.09089,1.08877,1.090397
2024-10-14 20:00:00,1.090377,1.09146,1.09021,1.09091
2024-10-15 00:00:00,1.09092,1.09103,1.08954,1.08966
2024-10-15 04:00:00,1.08964,1.08991,1.08845,1.089862
2024-10-15 08:00:00,1.089873,1.09167,1.08968,1.090098
2024-10-15 12:00:00,1.09012,1.09172,1.0898,1.0899
2024-10-15 16:00:00,1.0899,1.09029,1.08815,1.088668
2024-10-15 20:00:00,1.088688,1.08959,1.08827,1.088328
2024-10-16 00:00:00,1.088313,1.08961,1.08817,1.089097
2024-10-16 04:00:00,1.089097,1.08935,1.08749,1.088227
2024-10-16 08:00:00,1.08822,1.08977,1.08774,1.08944
2024-10-16 12:00:00,1.08944,1.09019,1.08658,1.08725
2024-10-16 16:00:00,1.0873,1.08771,1.0853,1.085792
2024-10-16 20:00:00,1.085778,1.08811,1.08559,1.085897
2024-10-17 00:00:00,1.0859,1.08656,1.08509,1.08531
2024-10-17 04:00:00,1.085303,1.08587,1.08487,1.08548
2024-10-17 08:00:00,1.08546,1.08678,1.08486,1.08634
2024-10-17 12:00:00,1.08632,1.08743,1.08107,1.08367
2024-10-17 16:00:00,1.08369,1.08374,1.08206,1.08281
2024-10-17 20:00:00,1.08279,1.08354,1.0825,1.082908
2024-10-18 00:00:00,1.083,1.08401,1.0827,1.08387
2024-10-18 04:00:00,1.08388,1.08491,1.08367,1.084108
2024-10-18 08:00:00,1.08411,1.08523,1.08338,1.08483
2024-10-18 12:00:00,1.08482,1.08649,1.08462,1.085357
2024-10-18 16:00:00,1.085348,1.08687,1.08525,1.086387
2024-10-18 20:00:00,1.086372,1.08714,1.08626,1.08675
2024-10-20 20:00:00,1.08671,1.08722,1.08643,1.086832
2024-10-21 00:00:00,1.086838,1.08695,1.08634,1.08664
2024-10-21 04:00:00,1.08663,1.08667,1.08459,1.084827
2024-10-21 08:00:00,1.084823,1.08587,1.08443,1.085587
2024-10-21 12:00:00,1.085577,1.08595,1.08196,1.082018
2024-10-21 16:00:00,1.082008,1.08235,1.08108,1.081538
2024-10-21 20:00:00,1.081523,1.08223,1.08112,1.081542
2024-10-22 00:00:00,1.081543,1.08218,1.08139,1.081923
2024-10-22 04:00:00,1.081913,1.08385,1.08178,1.083677
2024-10-22 08:00:00,1.083668,1.08375,1.08139,1.081767
2024-10-22 12:00:00,1.081758,1.08221,1.08005,1.08047
2024-10-22 16:00:00,1.08045,1.08147,1.07938,1.079497
2024-10-22 20:00:00,1.079467,1.08026,1.07924,1.079648
2024-10-23 00:00:00,1.079632,1.0806,1.07919,1.080237
2024-10-23 04:00:00,1.080227,1.0807,1.07802,1.07818
2024-10-23 08:00:00,1.07817,1.07919,1.07628,1.076332
2024-10-23 12:00:00,1.07634,1.07868,1.0761,1.077888
2024-10-23 16:00:00,1.077878,1.0787,1.07669,1.07858
2024-10-23 20:00:00,1.07859,1.07874,1.07786,1.078047
2024-10-24 00:00:00,1.078057,1.07903,1.07795,1.07868
2024-10-24 04:00:00,1.078698,1.07993,1.07704,1.07958
2024-10-24 08:00:00,1.079573,1.08086,1.07917,1.07951
2024-10-24 12:00:00,1.07953,1.08117,1.07869,1.08051
2024-10-24 16:00:00,1.08052,1.08294,1.08023,1.082867
2024-10-24 20:00:00,1.08292,1.08314,1.08223,1.082393
2024-10-25 00:00:00,1.082412,1.0828,1.08199,1.08218
2024-10-25 04:00:00,1.082193,1.08277,1.08133,1.082442
2024-10-25 08:00:00,1.08239,1.08377,1.08211,1.08215
2024-10-25 12:00:00,1.08215,1.084,1.08104,1.08121
2024-10-25 16:00:00,1.081212,1.08125,1.07928,1.079557
2024-10-25 20:00:00,1.07959,1.07995,1.07924,1.07958
2024-10-27 20:00:00,1.07949,1.08021,1.07856,1.079632
2024-10-28 00:00:00,1.079607,1.08018,1.07817,1.078302
2024-10-28 04:00:00,1.078302,1.0806,1.07818,1.08042
2024-10-28 08:00:00,1.08041,1.08218,1.08006,1.08196
2024-10-28 12:00:00,1.08194,1.08281,1.08128,1.08189
2024-10-28 16:00:00,1.08188,1.08266,1.08097,1.081517
2024-10-28 20:00:00,1.081538,1.08189,1.08084,1.081773
2024-10-29 00:00:00,1.081762,1.08198,1.08058,1.080808
2024-10-29 04:00:00,1.080807,1.08166,1.08052,1.08096
2024-10-29 08:00:00,1.08097,1.08268,1.07964,1.079915
2024-10-29 12:00:00,1.079895,1.08126,1.07685,1.07977
2024-10-29 16:00:00,1.07977,1.08167,1.0792,1.081408
2024-10-29 20:00:00,1.08139,1.08223,1.08102,1.081983
2024-10-30 00:00:00,1.081973,1.08265,1.08133,1.081433
2024-10-30 04:00:00,1.081422,1.08267,1.08127,1.081923
2024-10-30 08:00:00,1.081927,1.08599,1.08182,1.082445
2024-10-30 12:00:00,1.08242,1.08672,1.08066,1.08638
2024-10-30 16:00:00,1.08637,1.08718,1.08533,1.08602
2024-10-30 20:00:00,1.08607,1.08626,1.08524,1.08583
2024-10-31 00:00:00,1.08583,1.08598,1.08437,1.085
2024-10-31 04:00:00,1.08499,1.08645,1.08448,1.085897
2024-10-31 08:00:00,1.085923,1.08759,1.08509,1.086785
2024-10-31 12:00:00,1.086847,1.08887,1.08457,1.08554
2024-10-31 16:00:00,1.08552,1.08787,1.08533,1.087737
2024-10-31 20:00:00,1.087753,1.08886,1.08767,1.08841
2024-11-01 00:00:00,1.08841,1.08891,1.08748,1.08766
2024-11-01 04:00:00,1.08763,1.08794,1.08679,1.08682
2024-11-01 08:00:00,1.0868,1.08698,1.0852,1.0868
2024-11-01 12:00:00,1.08681,1.09062,1.0847,1.08486
2024-11-01 16:00:00,1.0848,1.08547,1.08339,1.083588
2024-11-01 20:00:00,1.083592,1.08378,1.08298,1.08336
2024-11-03 20:00:00,1.08798,1.08846,1.08709,1.087292
2024-11-04 00:00:00,1.087292,1.09053,1.08694,1.090158
2024-11-04 04:00:00,1.09015,1.09034,1.08868,1.08913
2024-11-04 08:00:00,1.08915,1.09146,1.08889,1.091357
2024-11-04 12:00:00,1.091347,1.09153,1.0893,1.08993
2024-11-04 16:00:00,1.08994,1.09014,1.08773,1.08789
2024-11-04 20:00:00,1.08789,1.08858,1.0873,1.087368
2024-11-05 00:00:00,1.087378,1.08803,1.08721,1.087592
2024-11-05 04:00:00,1.08758,1.08912,1.0874,1.088878
2024-11-05 08:00:00,1.088888,1.09022,1.0884,1.089955
2024-11-05 12:00:00,1.08998,1.09126,1.08866,1.09021
2024-11-05 16:00:00,1.09023,1.0937,1.09007,1.09312
2024-11-05 20:00:00,1.09312,1.09378,1.09118,1.093408
2024-11-06 00:00:00,1.093382,1.09345,1.07179,1.074717
2024-11-06 04:00:00,1.074667,1.07953,1.07025,1.073427
2024-11-06 08:00:00,1.073408,1.0782,1.07008,1.070817
2024-11-06 12:00:00,1.070813,1.07403,1.06821,1.07384
2024-11-06 16:00:00,1.073818,1.07586,1.07253,1.073533
2024-11-06 20:00:00,1.073548,1.0739,1.0724,1.07317
2024-11-07 00:00:00,1.073157,1.07419,1.07125,1.073997
2024-11-07 04:00:00,1.073993,1.07706,1.07339,1.0752
2024-11-07 08:00:00,1.07523,1.0772,1.07455,1.0759
2024-11-07 12:00:00,1.07592,1.08256,1.07563,1.081107
2024-11-07 16:00:00,1.081117,1.08154,1.07665,1.078193
2024-11-07 20:00:00,1.0782,1.08105,1.07797,1.079563
2024-11-08 00:00:00,1.079562,1.07979,1.07766,1.07781
2024-11-08 04:00:00,1.0778,1.07869,1.07724,1.077977
2024-11-08 08:00:00,1.077967,1.07979,1.07607,1.07831
2024-11-08 12:00:00,1.07832,1.07848,1.074,1.07485
2024-11-08 16:00:00,1.07483,1.07507,1.06866,1.071368
2024-11-08 20:00:00,1.071347,1.07227,1.07101,1.07192
2024-11-10 20:00:00,1.07098,1.07175,1.07057,1.071322
2024-11-11 00:00:00,1.071318,1.07283,1.07082,1.071687
2024-11-11 04:00:00,1.071662,1.07226,1.06856,1.069003
2024-11-11 08:00:00,1.069003,1.06947,1.06553,1.066257
2024-11-11 12:00:00,1.066272,1.06651,1.06283,1.064728
2024-11-11 16:00:00,1.064747,1.06576,1.06446,1.06513
2024-11-11 20:00:00,1.06515,1.06637,1.06451,1.066318
2024-11-12 00:00:00,1.066323,1.06636,1.06376,1.06384
2024-11-12 04:00:00,1.06384,1.06462,1.06211,1.06322
2024-11-12 08:00:00,1.06321,1.06346,1.06108,1.06188
2024-11-12 12:00:00,1.0619,1.06277,1.06015,1.06092
2024-11-12 16:00:00,1.060897,1.06191,1.05946,1.06125
2024-11-12 20:00:00,1.06123,1.06273,1.06091,1.061667
2024-11-13 00:00:00,1.061673,1.06299,1.06106,1.061917
2024-11-13 04:00:00,1.061908,1.0623,1.06022,1.06031
2024-11-13 08:00:00,1.060293,1.06386,1.05929,1.063762
2024-11-13 12:00:00,1.063808,1.06577,1.05553,1.05888
2024-11-13 16:00:00,1.05889,1.05925,1.05561,1.056585
2024-11-13 20:00:00,1.056555,1.05692,1.05558,1.056588
2024-11-14 00:00:00,1.056598,1.0569,1.0545,1.05478
2024-11-14 04:00:00,1.05479,1.05551,1.05336,1.055127
2024-11-14 08:00:00,1.055147,1.05584,1.04956,1.05293
2024-11-14 12:00:00,1.0529,1.05781,1.05129,1.05749
2024-11-14 16:00:00,1.05747,1.05829,1.05432,1.054782
2024-11-14 20:00:00,1.054793,1.05502,1.05116,1.052965
2024-11-15 00:00:00,1.052975,1.05465,1.05233,1.05404
2024-11-15 04:00:00,1.05403,1.05645,1.05334,1.05568
2024-11-15 08:00:00,1.0556,1.05804,1.05521,1.05772
2024-11-15 12:00:00,1.05771,1.05936,1.05228,1.05354
2024-11-15 16:00:00,1.05354,1.05604,1.05329,1.053727
2024-11-15 20:00:00,1.053717,1.05457,1.0516,1.05414
2024-11-17 20:00:00,1.05316,1.05392,1.05291,1.053647
2024-11-18 00:00:00,1.053632,1.05512,1.05299,1.05344
2024-11-18 04:00:00,1.053418,1.05488,1.05331,1.05472
2024-11-18 08:00:00,1.05472,1.05716,1.05323,1.05424
2024-11-18 12:00:00,1.05424,1.05758,1.05343,1.05736
2024-11-18 16:00:00,1.05736,1.06076,1.0565,1.059092
2024-11-18 20:00:00,1.059098,1.06026,1.05888,1.059462
2024-11-19 00:00:00,1.059468,1.06011,1.05867,1.05968
2024-11-19 04:00:00,1.0597,1.06011,1.05742,1.057758
2024-11-19 08:00:00,1.057748,1.05885,1.05229,1.05618
2024-11-19 12:00:00,1.05621,1.06016,1.05593,1.05868
2024-11-19 16:00:00,1.05868,1.05956,1.05707,1.059375
2024-11-19 20:00:00,1.05936,1.06084,1.05882,1.060707
2024-11-20 00:00:00,1.060732,1.06104,1.05882,1.05899
2024-11-20 04:00:00,1.058978,1.0596,1.05764,1.05784
2024-11-20 08:00:00,1.05783,1.05795,1.05418,1.0554
2024-11-20 12:00:00,1.05547,1.05684,1.05154,1.052162
2024-11-20 16:00:00,1.052167,1.05429,1.05065,1.0539
2024-11-20 20:00:00,1.05394,1.05469,1.0536,1.054577
2024-11-21 00:00:00,1.05458,1.05536,1.0542,1.05533
2024-11-21 04:00:00,1.05533,1.05554,1.05292,1.053647
2024-11-21 08:00:00,1.053667,1.05436,1.05135,1.05202
2024-11-21 12:00:00,1.05202,1.05451,1.05086,1.05105
2024-11-21 16:00:00,1.051048,1.05152,1.04618,1.04845
2024-11-21 20:00:00,1.04845,1.04873,1.04674,1.046917
2024-11-22 00:00:00,1.046893,1.04786,1.0466,1.047503
2024-11-22 04:00:00,1.04748,1.04897,1.04613,1.04862
2024-11-22 08:00:00,1.04861,1.04987,1.03284,1.041678
2024-11-22 12:00:00,1.041698,1.04351,1.03946,1.04106
2024-11-22 16:00:00,1.04107,1.04258,1.03918,1.0411
2024-11-22 20:00:00,1.0411,1.04239,1.04078,1.04192
2024-11-24 20:00:00,1.04823,1.0502,1.04608,1.047963
2024-11-25 00:00:00,1.047918,1.04905,1.04732,1.0478
2024-11-25 04:00:00,1.04779,1.049,1.04495,1.04507
2024-11-25 08:00:00,1.04507,1.04976,1.04486,1.047947
2024-11-25 12:00:00,1.047963,1.05307,1.04737,1.048843
2024-11-25 16:00:00,1.04882,1.05112,1.04662,1.05056
2024-11-25 20:00:00,1.05055,1.05099,1.04424,1.044388
2024-11-26 00:00:00,1.044402,1.04805,1.04248,1.04781
2024-11-26 04:00:00,1.047808,1.0491,1.04716,1.0473
2024-11-26 08:00:00,1.04721,1.05213,1.04696,1.051337
2024-11-26 12:00:00,1.051318,1.05452,1.04781,1.047967
2024-11-26 16:00:00,1.047983,1.04867,1.04569,1.04729
2024-11-26 20:00:00,1.04729,1.04945,1.04714,1.049177
2024-11-27 00:00:00,1.049177,1.04971,1.04774,1.04829
2024-11-27 04:00:00,1.04829,1.05057,1.04741,1.04983
2024-11-27 08:00:00,1.04984,1.05408,1.04958,1.05262
2024-11-27 12:00:00,1.05263,1.05803,1.05197,1.057078
2024-11-27 16:00:00,1.057068,1.05881,1.05547,1.05626
2024-11-27 20:00:00,1.05628,1.05735,1.05591,1.056202
2024-11-28 00:00:00,1.056217,1.05632,1.0547,1.055238
2024-11-28 04:00:00,1.05529,1.05585,1.05316,1.054172
2024-11-28 08:00:00,1.054148,1.05568,1.05272,1.05
2024-11-28 12:00:00,1.06,1.05575,1.05299,1.05526
2024-11-28 16:00:00,1.05524,1.05575,1.05472,1.055683
2024-11-28 20:00:00,1.055683,1.05627,1.05454,1.056023
2024-11-29 00:00:00,1.056023,1.05764,1.05561,1.05738
2024-11-29 04:00:00,1.05737,1.05976,1.05649,1.057948
2024-11-29 08:00:00,1.057958,1.05826,1.05516,1.056223
2024-11-29 12:00:00,1.05628,1.05688,1.0545,1.05614
2024-11-29 16:00:00,1.056142,1.05805,1.05412,1.057972
2024-11-29 20:00:00,1.057967,1.0585,1.05729,1.05777
2024-12-01 20:00:00,1.05754,1.05796,1.05333,1.054407
2024-12-02 00:00:00,1.054397,1.05468,1.05196,1.052357
2024-12-02 04:00:00,1.052347,1.05376,1.05017,1.050277
2024-12-02 08:00:00,1.050262,1.05292,1.04956,1.052307
2024-12-02 12:00:00,1.052293,1.05389,1.04616,1.0469
2024-12-02 16:00:00,1.04692,1.04994,1.04602,1.049043
2024-12-02 20:00:00,1.049018,1.05164,1.04883,1.0501
2024-12-03 00:00:00,1.050063,1.05021,1.0482,1.04905
2024-12-03 04:00:00,1.049037,1.05121,1.04803,1.049813
2024-12-03 08:00:00,1.049802,1.05312,1.04969,1.052283
2024-12-03 12:00:00,1.052283,1.05295,1.04918,1.05167
2024-12-03 16:00:00,1.05168,1.05355,1.0503,1.05048
2024-12-03 20:00:00,1.0505,1.05131,1.05002,1.051003
2024-12-04 00:00:00,1.05099,1.05131,1.04875,1.049373
2024-12-04 04:00:00,1.049368,1.05295,1.04904,1.050917
2024-12-04 08:00:00,1.050903,1.05154,1.04823,1.05049
2024-12-04 12:00:00,1.05048,1.05446,1.0472,1.052957
2024-12-04 16:00:00,1.053,1.0543,1.0507,1.0514
2024-12-04 20:00:00,1.05141,1.0518,1.05045,1.051227
2024-12-05 00:00:00,1.051252,1.05237,1.05079,1.05229
2024-12-05 04:00:00,1.05229,1.05391,1.05173,1.053538
2024-12-05 08:00:00,1.053508,1.05468,1.05209,1.05362
2024-12-05 12:00:00,1.05367,1.05902,1.05236,1.05721
2024-12-05 16:00:00,1.05723,1.05891,1.05568,1.058772
2024-12-05 20:00:00,1.0588,1.05917,1.05807,1.058647
2024-12-06 00:00:00,1.058638,1.05869,1.05655,1.057603
2024-12-06 04:00:00,1.057592,1.0585,1.05671,1.05839
2024-12-06 08:00:00,1.058368,1.05946,1.0571,1.058717
2024-12-06 12:00:00,1.058708,1.06304,1.05437,1.056333
2024-12-06 16:00:00,1.056353,1.05759,1.0542,1.05544
2024-12-06 20:00:00,1.05547,1.05719,1.05536,1.0568
2024-12-08 20:00:00,1.05592,1.05706,1.05557,1.05656
2024-12-09 00:00:00,1.05659,1.05663,1.05365,1.053757
2024-12-09 04:00:00,1.053748,1.05671,1.05317,1.056437
2024-12-09 08:00:00,1.056443,1.05858,1.05563,1.05689
2024-12-09 12:00:00,1.05689,1.05933,1.05576,1.05912
2024-12-09 16:00:00,1.05913,1.05948,1.05514,1.055527
2024-12-09 20:00:00,1.055537,1.05588,1.05468,1.055432
2024-12-10 00:00:00,1.055442,1.0562,1.05449,1.055623
2024-12-10 04:00:00,1.055662,1.05685,1.05467,1.054883
2024-12-10 08:00:00,1.054893,1.0552,1.05228,1.05315
2024-12-10 12:00:00,1.05316,1.05341,1.0498,1.05039
2024-12-10 16:00:00,1.0504,1.05317,1.04995,1.05268
2024-12-10 20:00:00,1.05268,1.05323,1.05234,1.053127
2024-12-11 00:00:00,1.053138,1.05397,1.05275,1.05283
2024-12-11 04:00:00,1.05282,1.05308,1.04877,1.04901
2024-12-11 08:00:00,1.04903,1.0513,1.04869,1.0503
2024-12-11 12:00:00,1.05036,1.05379,1.04799,1.04906
2024-12-11 16:00:00,1.04907,1.05124,1.04814,1.04913
2024-12-11 20:00:00,1.0492,1.0507,1.04877,1.050553
2024-12-12 00:00:00,1.050553,1.05093,1.05006,1.050575
2024-12-12 04:00:00,1.050533,1.05313,1.0503,1.05166
2024-12-12 08:00:00,1.05161,1.05214,1.04941,1.05026
2024-12-12 12:00:00,1.05026,1.05215,1.04634,1.047303
2024-12-12 16:00:00,1.047282,1.05178,1.04715,1.04728
2024-12-12 20:00:00,1.04727,1.04759,1.04636,1.047373
2024-12-13 00:00:00,1.047357,1.04813,1.04593,1.046032
2024-12-13 04:00:00,1.046023,1.04667,1.04527,1.04595
2024-12-13 08:00:00,1.045888,1.04964,1.04557,1.048887
2024-12-13 12:00:00,1.04888,1.05246,1.04819,1.04892
2024-12-13 16:00:00,1.04891,1.05065,1.04865,1.04947
2024-12-13 20:00:00,1.049532,1.05072,1.04924,1.05031
2024-12-15 20:00:00,1.04865,1.05114,1.04838,1.050933
2024-12-16 00:00:00,1.050943,1.05234,1.05089,1.051192
2024-12-16 04:00:00,1.051203,1.05218,1.05042,1.050495
2024-12-16 08:00:00,1.05047,1.05255,1.04831,1.04908
2024-12-16 12:00:00,1.04909,1.05131,1.04734,1.05067
2024-12-16 16:00:00,1.05067,1.05231,1.04948,1.051
2024-12-16 20:00:00,1.05102,1.0519,1.05063,1.051693
2024-12-17 00:00:00,1.051702,1.0535,1.05111,1.05123
2024-12-17 04:00:00,1.05124,1.05129,1.04953,1.04977
2024-12-17 08:00:00,1.049757,1.05007,1.04789,1.049148
2024-12-17 12:00:00,1.049157,1.0512,1.0488,1.049888
2024-12-17 16:00:00,1.049907,1.05164,1.04878,1.048852
2024-12-17 20:00:00,1.048847,1.04986,1.04849,1.049457
2024-12-18 00:00:00,1.049447,1.05041,1.04924,1.04992
2024-12-18 04:00:00,1.04991,1.05131,1.04932,1.049713
2024-12-18 08:00:00,1.049683,1.05039,1.04871,1.04967
2024-12-18 12:00:00,1.04967,1.05036,1.04697,1.04734
2024-12-18 16:00:00,1.04739,1.04929,1.0373,1.03774
2024-12-18 20:00:00,1.037723,1.03809,1.03436,1.035083
2024-12-19 00:00:00,1.035062,1.03913,1.03502,1.037843
2024-12-19 04:00:00,1.037818,1.041,1.03744,1.039505
2024-12-19 08:00:00,1.039505,1.04227,1.03902,1.040353
2024-12-19 12:00:00,1.040353,1.04145,1.03765,1.037997
2024-12-19 16:00:00,1.037987,1.03849,1.03543,1.03614
2024-12-19 20:00:00,1.03615,1.03698,1.03583,1.036458
2024-12-20 00:00:00,1.036458,1.03696,1.03585,1.03619
2024-12-20 04:00:00,1.036207,1.03857,1.03426,1.038285
2024-12-20 08:00:00,1.038285,1.03989,1.03755,1.039178
2024-12-20 12:00:00,1.03918,1.04197,1.03857,1.039617
2024-12-20 16:00:00,1.039683,1.04479,1.03957,1.044482
2024-12-20 20:00:00,1.04448,1.04476,1.04216,1.04297
2024-12-22 20:00:00,1.043265,1.04416,1.04257,1.043357
2024-12-23 00:00:00,1.043378,1.04435,1.04267,1.04394
2024-12-23 04:00:00,1.04394,1.04458,1.0411,1.041265
2024-12-23 08:00:00,1.041273,1.042,1.03862,1.04
2024-12-23 12:00:00,1.04,1.04089,1.03839,1.039073
2024-12-23 16:00:00,1.03907,1.04184,1.0389,1.041157
2024-12-23 20:00:00,1.041133,1.04149,1.04009,1.040453
2024-12-24 00:00:00,1.040433,1.04092,1.03883,1.03909
2024-12-24 04:00:00,1.0391,1.03989,1.03899,1.03906
2024-12-24 08:00:00,1.03908,1.04059,1.03889,1.039477
2024-12-24 12:00:00,1.039502,1.0404,1.03887,1.039122
2024-12-25 20:00:00,1.04049,1.04086,1.0397,1.039928
2024-12-26 00:00:00,1.039913,1.04047,1.03926,1.04009
2024-12-26 04:00:00,1.04008,1.04032,1.03901,1.03977
2024-12-26 08:00:00,1.03975,1.04035,1.0391,1.04012
2024-12-26 12:00:00,1.04014,1.04155,1.03925,1.040983
2024-12-26 16:00:00,1.040887,1.04305,1.0406,1.041793
2024-12-26 20:00:00,1.041762,1.04274,1.04144,1.04218
2024-12-27 00:00:00,1.042183,1.04245,1.04063,1.041273
2024-12-27 04:00:00,1.041273,1.04253,1.04047,1.042198
2024-12-27 08:00:00,1.042188,1.04412,1.04087,1.043907
2024-12-27 12:00:00,1.043903,1.04446,1.04155,1.04218
2024-12-27 16:00:00,1.04221,1.04331,1.04141,1.042848
2024-12-27 20:00:00,1.042852,1.0431,1.04204,1.04259
2024-12-29 20:00:00,1.04304,1.04367,1.0423,1.042957
2024-12-30 00:00:00,1.042998,1.04318,1.04206,1.042468
2024-12-30 04:00:00,1.042458,1.0432,1.04208,1.04271
2024-12-30 08:00:00,1.042645,1.04527,1.04091,1.044808
2024-12-30 12:00:00,1.044817,1.04591,1.03714,1.038067
2024-12-30 16:00:00,1.038047,1.04075,1.03745,1.03965
2024-12-30 20:00:00,1.03966,1.04104,1.03946,1.040593
2024-12-31 00:00:00,1.040587,1.04155,1.03969,1.040878
2024-12-31 04:00:00,1.040868,1.04134,1.03994,1.041195
2024-12-31 08:00:00,1.0412,1.04249,1.04048,1.041063
2024-12-31 12:00:00,1.041047,1.04148,1.03909,1.03927
2025-01-01 20:00:00,1.03565,1.03599,1.03461,1.035098
2025-01-02 00:00:00,1.035098,1.03747,1.03433,1.03717
2025-01-02 04:00:00,1.03718,1.03759,1.03596,1.036302
2025-01-02 08:00:00,1.036302,1.03714,1.03134,1.03321
2025-01-02 12:00:00,1.03323,1.03348,1.0272,1.02742
2025-01-02 16:00:00,1.02743,1.02767,1.02222,1.02511
2025-01-02 20:00:00,1.02513,1.02732,1.02505,1.026792
2025-01-03 00:00:00,1.026792,1.02751,1.02656,1.02709
2025-01-03 04:00:00,1.02707,1.02853,1.02645,1.02809
2025-01-03 08:00:00,1.02808,1.03033,1.02726,1.0297
2025-01-03 12:00:00,1.02974,1.03062,1.02726,1.02893
2025-01-03 16:00:00,1.02891,1.03065,1.02833,1.03012
2025-01-03 20:00:00,1.03011,1.03124,1.02986,1.03088
2025-01-05 20:00:00,1.03055,1.03092,1.03022,1.030527
2025-01-06 00:00:00,1.030543,1.03186,1.02953,1.03164
2025-01-06 04:00:00,1.03163,1.03288,1.03075,1.032735
2025-01-06 08:00:00,1.032745,1.04333,1.03264,1.04218
2025-01-06 12:00:00,1.04217,1.04373,1.03494,1.03936
2025-01-06 16:00:00,1.03937,1.04035,1.03769,1.03879
2025-01-06 20:00:00,1.03882,1.0398,1.03783,1.038323
2025-01-07 00:00:00,1.038347,1.03934,1.0376,1.0393
2025-01-07 04:00:00,1.03927,1.04249,1.03902,1.041438
2025-01-07 08:00:00,1.041467,1.04348,1.0403,1.041348
2025-01-07 12:00:00,1.041373,1.04174,1.0355,1.03729
2025-01-07 16:00:00,1.037287,1.03818,1.03492,1.03556
2025-01-07 20:00:00,1.03551,1.03566,1.0337,1.03417
2025-01-08 00:00:00,1.03418,1.03552,1.03415,1.03479
2025-01-08 04:00:00,1.03477,1.03579,1.03282,1.03324
2025-01-08 08:00:00,1.03323,1.03402,1.02729,1.02973
2025-01-08 12:00:00,1.029777,1.03104,1.02804,1.03018
2025-01-08 16:00:00,1.03018,1.03247,1.02943,1.03091
2025-01-08 20:00:00,1.03093,1.03236,1.03076,1.031332
2025-01-09 00:00:00,1.031343,1.0322,1.03047,1.03112
2025-01-09 04:00:00,1.0311,1.0313,1.02875,1.02908
2025-01-09 08:00:00,1.029115,1.03181,1.02834,1.030117
2025-01-09 12:00:00,1.03012,1.03196,1.02945,1.02994
2025-01-09 16:00:00,1.02994,1.03028,1.02908,1.029807
2025-01-09 20:00:00,1.029822,1.03063,1.02939,1.029657
2025-01-10 00:00:00,1.029667,1.03049,1.02919,1.02985
2025-01-10 04:00:00,1.02985,1.03003,1.0281,1.02971
2025-01-10 08:00:00,1.029725,1.03123,1.02924,1.03016
2025-01-10 12:00:00,1.030195,1.03122,1.02106,1.02506
2025-01-10 16:00:00,1.02503,1.02516,1.02273,1.024557
2025-01-10 20:00:00,1.0246,1.02495,1.02366,1.02452
2025-01-12 20:00:00,1.02423,1.02474,1.0239,1.024313
2025-01-13 00:00:00,1.024328,1.02505,1.02125,1.021545
2025-01-13 04:00:00,1.021545,1.02253,1.02072,1.02154
2025-01-13 08:00:00,1.02153,1.02318,1.01768,1.01958
2025-01-13 12:00:00,1.01961,1.02212,1.01875,1.0197
2025-01-13 16:00:00,1.0197,1.02219,1.01915,1.02073
2025-01-13 20:00:00,1.02072,1.0278,1.02067,1.026388
2025-01-14 00:00:00,1.026388,1.02644,1.02381,1.02486
2025-01-14 04:00:00,1.02486,1.02666,1.02419,1.02546
2025-01-14 08:00:00,1.025445,1.02753,1.02517,1.02541
2025-01-14 12:00:00,1.02539,1.02961,1.02392,1.03
2025-01-14 16:00:00,1.029483,1.0306,1.02787,1.02976
2025-01-14 20:00:00,1.02984,1.03109,1.02963,1.03062
2025-01-15 00:00:00,1.030617,1.03066,1.0295,1.0302
2025-01-15 04:00:00,1.03018,1.03085,1.02865,1.0306
2025-01-15 08:00:00,1.03059,1.03174,1.02941,1.03012
2025-01-15 12:00:00,1.03013,1.03549,1.02932,1.03062
2025-01-15 16:00:00,1.03061,1.03082,1.02584,1.02934
2025-01-15 20:00:00,1.02933,1.02993,1.0285,1.02953
2025-01-16 00:00:00,1.02952,1.03003,1.02844,1.0289
2025-01-16 04:00:00,1.02891,1.0302,1.02808,1.02976
2025-01-16 08:00:00,1.02978,1.03003,1.02814,1.02903
2025-01-16 12:00:00,1.02902,1.03062,1.02605,1.0301
2025-01-16 16:00:00,1.03011,1.03154,1.02859,1.03019
2025-01-16 20:00:00,1.03018,1.03066,1.02952,1.03015
2025-01-17 00:00:00,1.03016,1.03099,1.0298,1.03008
2025-01-17 04:00:00,1.03006,1.03014,1.02774,1.02846
2025-01-17 08:00:00,1.02847,1.03104,1.02844,1.03047
2025-01-17 12:00:00,1.03046,1.0331,1.0265,1.02991
2025-01-17 16:00:00,1.0299,1.03007,1.02726,1.02763
2025-01-17 20:00:00,1.02762,1.0282,1.02679,1.02711
2025-01-19 20:00:00,1.02703,1.0281,1.02662,1.02806
2025-01-20 00:00:00,1.02807,1.03068,1.0278,1.03063
2025-01-20 04:00:00,1.03064,1.03192,1.02993,1.03168
2025-01-20 08:00:00,1.03169,1.03268,1.03048,1.0326
2025-01-20 12:00:00,1.03262,1.04305,1.03081,1.04006
2025-01-20 16:00:00,1.04008,1.04238,1.03532,1.04208
2025-01-20 20:00:00,1.04206,1.04348,1.04093,1.04211
2025-01-21 00:00:00,1.04212,1.04348,1.0352,1.03876
2025-01-21 04:00:00,1.03875,1.03994,1.03649,1.03736
2025-01-21 08:00:00,1.03734,1.03737,1.03417,1.03534
2025-01-21 12:00:00,1.03533,1.04109,1.03455,1.04007
2025-01-21 16:00:00,1.04006,1.04357,1.03983,1.04181
2025-01-21 20:00:00,1.0418,1.04358,1.03922,1.04059
2025-01-22 00:00:00,1.04058,1.0425,1.04055,1.04121
2025-01-22 04:00:00,1.0412,1.04218,1.03997,1.04119
2025-01-22 08:00:00,1.04117,1.04578,1.04094,1.04429
2025-01-22 12:00:00,1.04428,1.04462,1.0414,1.04201
2025-01-22 16:00:00,1.042,1.04232,1.04116,1.04203
2025-01-22 20:00:00,1.04202,1.04233,1.04052,1.0408
2025-01-23 00:00:00,1.04079,1.04164,1.03968,1.0409
2025-01-23 04:00:00,1.04089,1.04131,1.03899,1.04002
2025-01-23 08:00:00,1.04003,1.04207,1.03901,1.04033
2025-01-23 12:00:00,1.04034,1.04184,1.03868,1.03975
2025-01-23 16:00:00,1.03974,1.04384,1.03718,1.0423
2025-01-23 20:00:00,1.04228,1.04295,1.04122,1.04159
2025-01-24 00:00:00,1.04158,1.04543,1.04115,1.04462
2025-01-24 04:00:00,1.04461,1.04712,1.04432,1.04611
2025-01-24 08:00:00,1.0461,1.05155,1.04578,1.04862
2025-01-24 12:00:00,1.04861,1.0521,1.04635,1.05165
2025-01-24 16:00:00,1.05164,1.05219,1.04918,1.04954
2025-01-24 20:00:00,1.04952,1.04983,1.0488,1.04942
2025-01-26 20:00:00,1.04754,1.0476,1.04651,1.04677
2025-01-27 00:00:00,1.0468,1.04793,1.04588,1.04687
2025-01-27 04:00:00,1.04686,1.04716,1.04537,1.04572
2025-01-27 08:00:00,1.0457,1.05186,1.04542,1.05132
2025-01-27 12:00:00,1.05133,1.05336,1.04937,1.04992
2025-01-27 16:00:00,1.04991,1.0508,1.0479,1.04927
2025-01-27 20:00:00,1.04928,1.05021,1.04279,1.043778
2025-01-28 00:00:00,1.043758,1.0457,1.04243,1.042943
2025-01-28 04:00:00,1.042947,1.04447,1.04253,1.04342
2025-01-28 08:00:00,1.04344,1.04447,1.0419,1.042337
2025-01-28 12:00:00,1.042347,1.04416,1.04136,1.04242
2025-01-28 16:00:00,1.04242,1.04387,1.04222,1.043518
2025-01-28 20:00:00,1.043502,1.04359,1.04229,1.042737
2025-01-29 00:00:00,1.042737,1.04395,1.04254,1.04375
2025-01-29 04:00:00,1.04377,1.04441,1.04128,1.04156
2025-01-29 08:00:00,1.04164,1.0431,1.03945,1.04017
2025-01-29 12:00:00,1.04018,1.04275,1.03821,1.04195
2025-01-29 16:00:00,1.04196,1.04294,1.03878,1.0416
2025-01-29 20:00:00,1.0416,1.04279,1.04025,1.042467
2025-01-30 00:00:00,1.042467,1.04295,1.04185,1.04253
2025-01-30 04:00:00,1.04252,1.04281,1.04092,1.042388
2025-01-30 08:00:00,1.042407,1.04304,1.03911,1.0392
2025-01-30 12:00:00,1.039195,1.04684,1.03901,1.04313
2025-01-30 16:00:00,1.04313,1.04351,1.04091,1.04281
2025-01-30 20:00:00,1.04282,1.04328,1.03844,1.03973
2025-01-31 00:00:00,1.03968,1.04028,1.03763,1.038508
2025-01-31 04:00:00,1.038517,1.04133,1.03825,1.040417
2025-01-31 08:00:00,1.040417,1.04073,1.03651,1.037597
2025-01-31 12:00:00,1.037602,1.04014,1.03601,1.03964
2025-01-31 16:00:00,1.03966,1.04349,1.03613,1.0376
2025-01-31 20:00:00,1.037643,1.03881,1.03494,1.03612
2025-02-02 20:00:00,1.02493,1.02717,1.02325,1.024713
2025-02-03 00:00:00,1.024707,1.02679,1.02096,1.022158
2025-02-03 04:00:00,1.022147,1.02522,1.02202,1.022498
2025-02-03 08:00:00,1.022512,1.02563,1.02124,1.02524
2025-02-03 12:00:00,1.02523,1.03368,1.02423,1.031582
2025-02-03 16:00:00,1.031648,1.03221,1.02689,1.02842
2025-02-03 20:00:00,1.02849,1.03563,1.02825,1.032812
2025-02-04 00:00:00,1.032833,1.03316,1.03082,1.03144
2025-02-04 04:00:00,1.03148,1.03176,1.02717,1.031147
2025-02-04 08:00:00,1.031147,1.03498,1.03087,1.03224
2025-02-04 12:00:00,1.032233,1.03863,1.03201,1.03803
2025-02-04 16:00:00,1.03802,1.03877,1.03652,1.038187
2025-02-04 20:00:00,1.038197,1.03881,1.03706,1.037143
2025-02-05 00:00:00,1.037173,1.03871,1.03695,1.037968
2025-02-05 04:00:00,1.03798,1.04104,1.0373,1.04027
2025-02-05 08:00:00,1.04024,1.0431,1.03898,1.04148
2025-02-05 12:00:00,1.04147,1.04446,1.04013,1.04221
2025-02-05 16:00:00,1.04222,1.04252,1.04043,1.040717
2025-02-05 20:00:00,1.04071,1.04097,1.03964,1.039872
2025-02-06 00:00:00,1.039877,1.04059,1.03895,1.0392
2025-02-06 04:00:00,1.0392,1.03943,1.03777,1.03801
2025-02-06 08:00:00,1.03802,1.03812,1.03555,1.03628
2025-02-06 12:00:00,1.036232,1.03769,1.03522,1.03694
2025-02-06 16:00:00,1.03693,1.0397,1.03656,1.03849
2025-02-06 20:00:00,1.03848,1.03913,1.03789,1.03853
2025-02-07 00:00:00,1.038517,1.03914,1.03741,1.037965
2025-02-07 04:00:00,1.03801,1.03907,1.03724,1.03893
2025-02-07 08:00:00,1.03892,1.04004,1.03771,1.03826
2025-02-07 12:00:00,1.03824,1.0416,1.03266,1.035502
2025-02-07 16:00:00,1.035532,1.03627,1.03044,1.03326
2025-02-07 20:00:00,1.03326,1.03388,1.03212,1.03276
2025-02-09 20:00:00,1.0296,1.03141,1.02865,1.030978
2025-02-10 00:00:00,1.030987,1.03189,1.02983,1.031157
2025-02-10 04:00:00,1.031168,1.03259,1.03099,1.03134
2025-02-10 08:00:00,1.0313,1.0337,1.03064,1.032083
2025-02-10 12:00:00,1.032063,1.03268,1.03039,1.03149
2025-02-10 16:00:00,1.03153,1.03184,1.03043,1.030693
2025-02-10 20:00:00,1.030677,1.03136,1.02978,1.030098
2025-02-11 00:00:00,1.030083,1.03071,1.02918,1.02983
2025-02-11 04:00:00,1.029822,1.03109,1.02974,1.03034
2025-02-11 08:00:00,1.03034,1.03256,1.02997,1.03221
2025-02-11 12:00:00,1.03221,1.03438,1.03163,1.034
2025-02-11 16:00:00,1.034003,1.0382,1.03388,1.0358
2025-02-11 20:00:00,1.03581,1.03683,1.0357,1.036328
2025-02-12 00:00:00,1.036377,1.03682,1.03537,1.036185
2025-02-12 04:00:00,1.036205,1.03797,1.03547,1.0376
2025-02-12 08:00:00,1.0376,1.03862,1.03645,1.0375
2025-02-12 12:00:00,1.03751,1.03831,1.03167,1.03746
2025-02-12 16:00:00,1.0374,1.04302,1.03501,1.03914
2025-02-12 20:00:00,1.03911,1.03979,1.03797,1.039238
2025-02-13 00:00:00,1.039252,1.04223,1.03871,1.04189
2025-02-13 04:00:00,1.0419,1.04406,1.04185,1.042578
2025-02-13 08:00:00,1.042593,1.04295,1.03922,1.04031
2025-02-13 12:00:00,1.040293,1.04389,1.03753,1.04334
2025-02-13 16:00:00,1.04333,1.04458,1.03725,1.04372
2025-02-13 20:00:00,1.04371,1.04714,1.04351,1.046172
2025-02-14 00:00:00,1.046172,1.04674,1.04536,1.04591
2025-02-14 04:00:00,1.04591,1.04727,1.04468,1.046492
2025-02-14 08:00:00,1.046507,1.04882,1.04627,1.04678
2025-02-14 12:00:00,1.04674,1.05146,1.04566,1.05085
2025-02-14 16:00:00,1.05084,1.05107,1.04939,1.04992
2025-02-14 20:00:00,1.04987,1.0499,1.04867,1.04912
2025-02-16 20:00:00,1.048635,1.04957,1.04834,1.04887
2025-02-17 00:00:00,1.04888,1.05069,1.04852,1.04946
2025-02-17 04:00:00,1.04949,1.04986,1.04801,1.048237
2025-02-17 08:00:00,1.04827,1.04898,1.04707,1.04819
2025-02-17 12:00:00,1.04821,1.04854,1.04667,1.04798
2025-02-17 16:00:00,1.04798,1.04851,1.04766,1.04817
2025-02-17 20:00:00,1.04816,1.04879,1.0475,1.048507
2025-02-18 00:00:00,1.048498,1.04868,1.04618,1.04629
2025-02-18 04:00:00,1.04629,1.04699,1.0452,1.04636
2025-02-18 08:00:00,1.04635,1.04696,1.04545,1.04629
2025-02-18 12:00:00,1.0463,1.04675,1.04413,1.0467
2025-02-18 16:00:00,1.04664,1.047,1.04349,1.04452
2025-02-18 20:00:00,1.04452,1.04557,1.04374,1.044827
2025-02-19 00:00:00,1.044803,1.04526,1.04408,1.045143
2025-02-19 04:00:00,1.045152,1.04618,1.0448,1.04513
2025-02-19 08:00:00,1.04513,1.04565,1.04186,1.04247
2025-02-19 12:00:00,1.042453,1.04418,1.04213,1.04242
2025-02-19 16:00:00,1.04241,1.04329,1.04007,1.04257
2025-02-19 20:00:00,1.04254,1.04306,1.04183,1.042083
2025-02-20 00:00:00,1.042102,1.04379,1.04185,1.04313
2025-02-20 04:00:00,1.04314,1.04347,1.04234,1.04316
2025-02-20 08:00:00,1.0432,1.04468,1.04285,1.04384
2025-02-20 12:00:00,1.04385,1.04759,1.0433,1.04742
2025-02-20 16:00:00,1.04738,1.05039,1.0464,1.05014
2025-02-20 20:00:00,1.0501,1.05062,1.04934,1.050053
2025-02-21 00:00:00,1.050047,1.0505,1.04843,1.050267
2025-02-21 04:00:00,1.050288,1.05054,1.04876,1.04922
2025-02-21 08:00:00,1.04923,1.04969,1.04628,1.04691
2025-02-21 12:00:00,1.04693,1.04933,1.04523,1.045432
2025-02-21 16:00:00,1.045418,1.04683,1.0449,1.046233
2025-02-21 20:00:00,1.046202,1.04684,1.04554,1.04609
2025-02-23 20:00:00,1.04661,1.04854,1.04629,1.047397
2025-02-24 00:00:00,1.047413,1.05287,1.04714,1.05193
2025-02-24 04:00:00,1.05196,1.05211,1.04865,1.049117
2025-02-24 08:00:00,1.049148,1.0493,1.04634,1.04686
2025-02-24 12:00:00,1.04685,1.0476,1.04525,1.0469
2025-02-24 16:00:00,1.0469,1.04862,1.04653,1.047483
2025-02-24 20:00:00,1.047532,1.04799,1.04601,1.046132
2025-02-25 00:00:00,1.046148,1.04768,1.04594,1.04733
2025-02-25 04:00:00,1.04733,1.04806,1.04632,1.046442
2025-02-25 08:00:00,1.046442,1.049,1.04559,1.048952
2025-02-25 12:00:00,1.048963,1.05197,1.04879,1.04989
2025-02-25 16:00:00,1.04984,1.05187,1.04837,1.05106
2025-02-25 20:00:00,1.05106,1.05234,1.05089,1.052058
2025-02-26 00:00:00,1.052042,1.05254,1.05011,1.05045
2025-02-26 04:00:00,1.05043,1.05058,1.04868,1.049393
2025-02-26 08:00:00,1.049382,1.05121,1.04865,1.049157
2025-02-26 12:00:00,1.049148,1.05097,1.04746,1.05059
2025-02-26 16:00:00,1.05062,1.05294,1.04816,1.04914
2025-02-26 20:00:00,1.0491,1.0493,1.04783,1.048803
2025-02-27 00:00:00,1.048807,1.04885,1.04646,1.04656
2025-02-27 04:00:00,1.04658,1.04806,1.04589,1.047553
2025-02-27 08:00:00,1.04756,1.04878,1.047,1.0476
2025-02-27 12:00:00,1.04759,1.04924,1.04093,1.04142
2025-02-27 16:00:00,1.04153,1.04186,1.04001,1.0404
2025-02-27 20:00:00,1.04046,1.04088,1.03872,1.039378
2025-02-28 00:00:00,1.039413,1.04047,1.03802,1.03882
2025-02-28 04:00:00,1.03885,1.04011,1.03825,1.03963
2025-02-28 08:00:00,1.0396,1.04085,1.03922,1.03988
2025-02-28 12:00:00,1.03987,1.04205,1.0393,1.040002
2025-02-28 16:00:00,1.04,1.04119,1.03596,1.03678
2025-02-28 20:00:00,1.03679,1.03795,1.03619,1.03773
2025-03-02 20:00:00,1.040505,1.04218,1.03978,1.041233
2025-03-03 00:00:00,1.041233,1.0424,1.0402,1.041698
2025-03-03 04:00:00,1.041698,1.0421,1.04016,1.04056
2025-03-03 08:00:00,1.04056,1.04585,1.03881,1.04527
2025-03-03 12:00:00,1.04527,1.05044,1.04524,1.048472
2025-03-03 16:00:00,1.04846,1.05048,1.0472,1.047378
2025-03-03 20:00:00,1.047317,1.04933,1.0466,1.048563
2025-03-04 00:00:00,1.048552,1.04966,1.04747,1.04773
2025-03-04 04:00:00,1.04774,1.0501,1.04708,1.049292
2025-03-04 08:00:00,1.049313,1.05452,1.0486,1.054428
2025-03-04 12:00:00,1.054438,1.05603,1.04961,1.052632
2025-03-04 16:00:00,1.05263,1.06025,1.05149,1.060105
2025-03-04 20:00:00,1.060072,1.06378,1.06002,1.062377
2025-03-05 00:00:00,1.062337,1.06281,1.06016,1.06182
2025-03-05 04:00:00,1.06183,1.0677,1.06151,1.06746
2025-03-05 08:00:00,1.06744,1.07225,1.06584,1.06783
2025-03-05 12:00:00,1.0679,1.07779,1.06783,1.076542
2025-03-05 16:00:00,1.076528,1.07912,1.07608,1.07904
2025-03-05 20:00:00,1.07902,1.0797,1.07845,1.079387
2025-03-06 00:00:00,1.079417,1.08206,1.07869,1.079012
2025-03-06 04:00:00,1.078965,1.08227,1.07836,1.07993
2025-03-06 08:00:00,1.079897,1.08174,1.07799,1.07992
2025-03-06 12:00:00,1.079932,1.08548,1.07879,1.08172
2025-03-06 16:00:00,1.08173,1.08386,1.0765,1.08022
2025-03-06 20:00:00,1.08017,1.08038,1.07748,1.078747
2025-03-07 00:00:00,1.078737,1.08152,1.0781,1.080627
2025-03-07 04:00:00,1.08058,1.08412,1.08028,1.082993
2025-03-07 08:00:00,1.083013,1.08717,1.0826,1.085
2025-03-07 12:00:00,1.08491,1.08895,1.0835,1.087
2025-03-07 16:00:00,1.087013,1.08733,1.08253,1.08426
2025-03-07 20:00:00,1.08427,1.08517,1.08289,1.08333
2025-03-09 20:00:00,1.08551,1.08659,1.08441,1.08603
2025-03-10 00:00:00,1.08602,1.08717,1.083,1.0831
2025-03-10 04:00:00,1.08317,1.08452,1.08105,1.0823
2025-03-10 08:00:00,1.08228,1.08753,1.0805,1.0851
2025-03-10 12:00:00,1.08508,1.08606,1.08206,1.083712
2025-03-10 16:00:00,1.083703,1.08462,1.08173,1.08322
2025-03-10 20:00:00,1.08318,1.0844,1.08251,1.08397
2025-03-11 00:00:00,1.083957,1.08612,1.08388,1.085443
2025-03-11 04:00:00,1.08542,1.09023,1.08354,1.08908
2025-03-11 08:00:00,1.08907,1.09212,1.0881,1.09047
2025-03-11 12:00:00,1.09046,1.09311,1.08949,1.092637
2025-03-11 16:00:00,1.092723,1.09479,1.09175,1.092
2025-03-11 20:00:00,1.09201,1.09247,1.09067,1.091423
2025-03-12 00:00:00,1.091417,1.09161,1.08959,1.0897
2025-03-12 04:00:00,1.08974,1.09094,1.08872,1.090167
2025-03-12 08:00:00,1.090158,1.09269,1.08973,1.0901
2025-03-12 12:00:00,1.09009,1.09354,1.08755,1.09234
2025-03-12 16:00:00,1.09243,1.09283,1.08789,1.089033
2025-03-12 20:00:00,1.089033,1.08951,1.0883,1.088567
2025-03-13 00:00:00,1.088567,1.08976,1.08823,1.08852
2025-03-13 04:00:00,1.088492,1.08939,1.08595,1.08654
2025-03-13 08:00:00,1.08655,1.08857,1.08433,1.08564
2025-03-13 12:00:00,1.085628,1.08815,1.08221,1.085855
2025-03-13 16:00:00,1.08584,1.08788,1.08473,1.08486
2025-03-13 20:00:00,1.08485,1.08611,1.08441,1.085492
2025-03-14 00:00:00,1.085468,1.08591,1.0834,1.084563
2025-03-14 04:00:00,1.084563,1.08519,1.08303,1.08388
2025-03-14 08:00:00,1.08393,1.09132,1.08351,1.08967
2025-03-14 12:00:00,1.08968,1.09118,1.08653,1.08718
2025-03-14 16:00:00,1.087163,1.08902,1.08701,1.088322
2025-03-14 20:00:00,1.088313,1.08863,1.08737,1.0879
2025-03-16 20:00:00,1.08799,1.08861,1.08741,1.087973
2025-03-17 00:00:00,1.08798,1.08907,1.08741,1.08832
2025-03-17 04:00:00,1.08835,1.08944,1.08684,1.08765
2025-03-17 08:00:00,1.0877,1.09123,1.08702,1.09022
2025-03-17 12:00:00,1.09023,1.09303,1.08866,1.09218
2025-03-17 16:00:00,1.092162,1.09269,1.09113,1.092073
2025-03-17 20:00:00,1.092097,1.09284,1.09159,1.09183
2025-03-18 00:00:00,1.09183,1.09215,1.09061,1.0909
2025-03-18 04:00:00,1.09086,1.09371,1.09034,1.093527
2025-03-18 08:00:00,1.093507,1.0955,1.09141,1.09164
2025-03-18 12:00:00,1.0917,1.09346,1.08922,1.092675
2025-03-18 16:00:00,1.092665,1.09522,1.09234,1.094658
2025-03-18 20:00:00,1.09464,1.09497,1.09375,1.093867
2025-03-19 00:00:00,1.093878,1.09455,1.09315,1.093837
2025-03-19 04:00:00,1.093813,1.09386,1.08728,1.08924
2025-03-19 08:00:00,1.08927,1.09136,1.08912,1.0909
2025-03-19 12:00:00,1.09085,1.0918,1.08752,1.08771
2025-03-19 16:00:00,1.08774,1.09138,1.08603,1.08991
2025-03-19 20:00:00,1.08987,1.0914,1.08956,1.09118
2025-03-20 00:00:00,1.09119,1.09178,1.09031,1.09099
2025-03-20 04:00:00,1.09099,1.09109,1.08645,1.087938
2025-03-20 08:00:00,1.087938,1.08862,1.08333,1.08499
2025-03-20 12:00:00,1.084952,1.08563,1.08145,1.084725
2025-03-20 16:00:00,1.08473,1.08549,1.08389,1.08533
2025-03-20 20:00:00,1.08534,1.08596,1.08451,1.085352
2025-03-21 00:00:00,1.08536,1.08592,1.08332,1.08347
2025-03-21 04:00:00,1.08348,1.08422,1.08196,1.0839
2025-03-21 08:00:00,1.08386,1.08517,1.08237,1.08509
2025-03-21 12:00:00,1.08508,1.08618,1.07961,1.08068
2025-03-21 16:00:00,1.080628,1.08273,1.08042,1.08179
2025-03-21 20:00:00,1.081762,1.08197,1.08104,1.08144
2025-03-23 20:00:00,1.08204,1.08375,1.08169,1.08361
2025-03-24 00:00:00,1.083562,1.08405,1.08199,1.08204
2025-03-24 04:00:00,1.08205,1.08504,1.08168,1.083807
2025-03-24 08:00:00,1.083817,1.08589,1.08282,1.08326
2025-03-24 12:00:00,1.0833,1.08349,1.079,1.07943
2025-03-24 16:00:00,1.07941,1.08136,1.07813,1.08022
2025-03-24 20:00:00,1.0802,1.08071,1.07923,1.08026
2025-03-25 00:00:00,1.08024,1.0809,1.0794,1.08031
2025-03-25 04:00:00,1.08032,1.08093,1.07849,1.0787
2025-03-25 08:00:00,1.07876,1.08281,1.07767,1.0818
2025-03-25 12:00:00,1.08183,1.08306,1.07968,1.08033
2025-03-25 16:00:00,1.08031,1.08173,1.07906,1.0795
2025-03-25 20:00:00,1.07954,1.08027,1.07851,1.078893
2025-03-26 00:00:00,1.078903,1.07976,1.07777,1.07861
2025-03-26 04:00:00,1.07862,1.07918,1.07777,1.078618
2025-03-26 08:00:00,1.07864,1.08031,1.07851,1.07925
2025-03-26 12:00:00,1.07923,1.07958,1.07668,1.07808
2025-03-26 16:00:00,1.0781,1.07922,1.07435,1.075093
2025-03-26 20:00:00,1.075147,1.07609,1.07326,1.07412
2025-03-27 00:00:00,1.07414,1.07806,1.07406,1.07783
2025-03-27 04:00:00,1.07784,1.07874,1.0754,1.07648
2025-03-27 08:00:00,1.076507,1.08,1.07553,1.0787
2025-03-27 12:00:00,1.07871,1.08216,1.07761,1.07992
2025-03-27 16:00:00,1.07998,1.08092,1.0788,1.079497
2025-03-27 20:00:00,1.079483,1.08036,1.07937,1.0801
2025-03-28 00:00:00,1.08007,1.08013,1.0788,1.079198
2025-03-28 04:00:00,1.079213,1.08003,1.07814,1.07875
2025-03-28 08:00:00,1.078702,1.0797,1.07643,1.07721
2025-03-28 12:00:00,1.07717,1.08451,1.07635,1.08251
2025-03-28 16:00:00,1.082507,1.08336,1.08118,1.08256
2025-03-28 20:00:00,1.08256,1.08366,1.08238,1.08268
2025-03-30 20:00:00,1.08169,1.08299,1.08041,1.08232
2025-03-31 00:00:00,1.08234,1.08463,1.0823,1.08332
2025-03-31 04:00:00,1.08333,1.08497,1.08205,1.083175
2025-03-31 08:00:00,1.083185,1.08346,1.08052,1.08198
2025-03-31 12:00:00,1.08198,1.08219,1.07839,1.07942
2025-03-31 16:00:00,1.07944,1.08203,1.07848,1.08149
2025-03-31 20:00:00,1.081335,1.08236,1.08093,1.08177
2025-04-01 00:00:00,1.08177,1.08286,1.08166,1.08269
2025-04-01 04:00:00,1.08268,1.08304,1.07986,1.08019
2025-04-01 08:00:00,1.08013,1.08296,1.07781,1.07812
2025-04-01 12:00:00,1.07814,1.08129,1.07789,1.07994
2025-04-01 16:00:00,1.07988,1.0805,1.0785,1.07898
2025-04-01 20:00:00,1.07897,1.08088,1.07857,1.079445
2025-04-02 00:00:00,1.0795,1.08022,1.07868,1.07957
2025-04-02 04:00:00,1.07957,1.0798,1.078516,1.079447
2025-04-02 08:00:00,1.079447,1.081198,1.079098,1.080497
2025-04-02 12:00:00,1.080731,1.087548,1.080147,1.087193
2025-04-02 16:00:00,1.086957,1.086957,1.085069,1.085305
2025-04-02 20:00:00,1.085305,1.091465,1.081081,1.09075
2025-04-03 00:00:00,1.090394,1.092657,1.088376,1.091584
2025-04-03 04:00:00,1.091703,1.099384,1.090988,1.097213
2025-04-03 08:00:00,1.097695,1.11383,1.097454,1.10914
2025-04-03 12:00:00,1.10926,1.11359,1.10461,1.10546
2025-04-03 16:00:00,1.10534,1.10583,1.10193,1.10266
2025-04-03 20:00:00,1.10278,1.10742,1.10254,1.10473
2025-04-04 00:00:00,1.10497,1.11,1.104,1.10963
2025-04-04 04:00:00,1.10975,1.11099,1.10023,1.10023
2025-04-04 08:00:00,1.10023,1.10816,1.097454,1.10607
2025-04-04 12:00:00,1.10632,1.10914,1.096491,1.10181
2025-04-04 16:00:00,1.10193,1.10193,1.092896,1.094811
2025-04-04 20:00:00,1.094811,1.097213,1.093613,1.096251
2025-04-06 21:00:00,1.098539,1.10023,1.09517,1.096852
2025-04-07 01:00:00,1.097213,1.099022,1.092538,1.098901
2025-04-07 05:00:00,1.09866,1.10485,1.097333,1.099626
2025-04-07 09:00:00,1.099384,1.099626,1.093972,1.097815
2025-04-07 13:00:00,1.097815,1.097815,1.090631,1.093374
2025-04-07 17:00:00,1.093853,1.09517,1.090513,1.090631
2025-04-07 21:00:00,1.090513,1.09529,1.090513,1.094212
2025-04-08 01:00:00,1.094931,1.098298,1.094212,1.097815
2025-04-08 05:00:00,1.097695,1.099384,1.092657,1.093733
2025-04-08 09:00:00,1.093853,1.097093,1.091465,1.09505
2025-04-08 13:00:00,1.09529,1.09577,1.089562,1.093255
2025-04-08 17:00:00,1.093255,1.098056,1.093135,1.096011
2025-04-08 21:00:00,1.09589,1.10181,1.09529,1.10181
2025-04-09 01:00:00,1.10181,1.10717,1.10144,1.10717
2025-04-09 05:00:00,1.10656,1.10914,1.10023,1.10302
2025-04-09 09:00:00,1.10278,1.10963,1.10132,1.10791
2025-04-09 13:00:00,1.10668,1.1084,1.10193,1.10205
2025-04-09 17:00:00,1.10193,1.10534,1.092419,1.09541
2025-04-09 21:00:00,1.09565,1.098901,1.094571,1.098901
2025-04-10 01:00:00,1.09878,1.099143,1.096491,1.09866
2025-04-10 05:00:00,1.09866,1.10497,1.096732,1.10412
2025-04-10 09:00:00,1.10387,1.11334,1.10375,1.11025
2025-04-10 13:00:00,1.10975,1.12271,1.10975,1.1202
2025-04-10 17:00:00,1.11944,1.12435,1.11632,1.12057
2025-04-10 21:00:00,1.12082,1.13611,1.1197,1.13122
2025-04-11 01:00:00,1.12956,1.13559,1.12841,1.13263
2025-04-11 05:00:00,1.13225,1.14732,1.12524,1.14325
2025-04-11 09:00:00,1.1422,1.1422,1.1325,1.13986
2025-04-11 13:00:00,1.14012,1.14155,1.12829,1.13084
2025-04-11 17:00:00,1.13071,1.13662,1.1288,1.13662
2025-04-11 21:00:00,1.13636,1.13636,1.13379,1.13379
2025-04-13 21:00:00,1.13417,1.13727,1.13302,1.13688
2025-04-14 01:00:00,1.13688,1.14116,1.13623,1.13701
2025-04-14 05:00:00,1.13753,1.14247,1.13585,1.13934
2025-04-14 09:00:00,1.13934,1.14103,1.13392,1.13404
2025-04-14 13:00:00,1.13417,1.13843,1.13007,1.13366
2025-04-14 17:00:00,1.1343,1.13727,1.13327,1.13533
2025-04-14 21:00:00,1.1352,1.13675,1.13212,1.13302
2025-04-15 01:00:00,1.13327,1.13662,1.13186,1.13598
2025-04-15 05:00:00,1.13611,1.13792,1.13263,1.13494
2025-04-15 09:00:00,1.13494,1.13585,1.13135,1.13135
2025-04-15 13:00:00,1.13135,1.13314,1.12689,1.1279
2025-04-15 17:00:00,1.12765,1.12931,1.12701,1.12854
2025-04-15 21:00:00,1.12905,1.13225,1.12829,1.13199
2025-04-16 01:00:00,1.13212,1.13507,1.13212,1.13482
2025-04-16 05:00:00,1.13456,1.13947,1.13456,1.1374
2025-04-16 09:00:00,1.13714,1.13804,1.13469,1.1352
2025-04-16 13:00:00,1.13559,1.13908,1.13559,1.13779
2025-04-16 17:00:00,1.13766,1.14155,1.13662,1.14012
2025-04-16 21:00:00,1.14025,1.14116,1.13688,1.13701
2025-04-17 01:00:00,1.13688,1.1383,1.13611,1.13649
2025-04-17 05:00:00,1.13649,1.13889,1.13482,1.13796
2025-04-17 09:00:00,1.13784,1.13812,1.13349,1.13565
2025-04-17 13:00:00,1.13567,1.13861,1.1338,1.13513
2025-04-17 17:00:00,1.13505,1.13771,1.13407,1.13631
2025-04-17 21:00:00,1.13665,1.13894,1.1358,1.1374
2025-04-18 01:00:00,1.13735,1.13811,1.13654,1.137
2025-04-18 05:00:00,1.13691,1.13783,1.13555,1.13708
2025-04-18 09:00:00,1.13705,1.1389,1.13622,1.13829
2025-04-18 13:00:00,1.13836,1.13996,1.1371,1.13936
2025-04-18 17:00:00,1.13941,1.13992,1.13864,1.13864
2025-04-18 21:00:00,1.13935,1.13935,1.13935,1.13935
2025-04-20 21:00:00,1.14337,1.14866,1.14324,1.1465
2025-04-21 01:00:00,1.14668,1.15336,1.14646,1.15176
2025-04-21 05:00:00,1.15175,1.15651,1.15047,1.15593
2025-04-21 09:00:00,1.15583,1.15739,1.15128,1.15427
2025-04-21 13:00:00,1.15423,1.15435,1.14813,1.15095
2025-04-21 17:00:00,1.15097,1.15273,1.14933,1.15143
2025-04-21 21:00:00,1.15144,1.15257,1.14817,1.14901
2025-04-22 01:00:00,1.14907,1.15411,1.14856,1.15314
2025-04-22 05:00:00,1.15302,1.15478,1.1483,1.14993
2025-04-22 09:00:00,1.14997,1.15083,1.14614,1.14702
2025-04-22 13:00:00,1.14705,1.14925,1.14329,1.14347
2025-04-22 17:00:00,1.14342,1.14545,1.1417,1.14215
2025-04-22 21:00:00,1.14238,1.14318,1.13072,1.13962
2025-04-23 01:00:00,1.13977,1.14159,1.13705,1.13901
2025-04-23 05:00:00,1.13902,1.14157,1.13709,1.14131
2025-04-23 09:00:00,1.14129,1.14404,1.13858,1.14056
2025-04-23 13:00:00,1.14054,1.1413,1.13267,1.13387
2025-04-23 17:00:00,1.13403,1.13441,1.13104,1.13147
2025-04-23 21:00:00,1.13178,1.13471,1.13132,1.13464
2025-04-24 01:00:00,1.13437,1.13581,1.13319,1.13393
2025-04-24 05:00:00,1.13392,1.13937,1.13305,1.13807
2025-04-24 09:00:00,1.13806,1.13948,1.13586,1.13766
2025-04-24 13:00:00,1.13769,1.13877,1.1348,1.13797
2025-04-24 17:00:00,1.138,1.13984,1.13636,1.13891
2025-04-24 21:00:00,1.13893,1.13966,1.13465,1.13475
2025-04-25 01:00:00,1.13473,1.136,1.13154,1.13349
2025-04-25 05:00:00,1.13349,1.13691,1.13213,1.13509
2025-04-25 09:00:00,1.13506,1.1367,1.1334,1.13523
2025-04-25 13:00:00,1.13526,1.13893,1.13327,1.13685
2025-04-25 17:00:00,1.13689,1.13829,1.13566,1.136
2025-04-25 21:00:00,1.13586,1.13652,1.13586,1.13652
2025-04-27 21:00:00,1.13501,1.13652,1.13408,1.13618
2025-04-28 01:00:00,1.13638,1.13734,1.13431,1.13723
2025-04-28 05:00:00,1.13717,1.13812,1.13289,1.13427
2025-04-28 09:00:00,1.13435,1.13448,1.1342,1.13439
2025-04-29 01:00:00,1.13904,1.13936,1.1374,1.13782
2025-04-29 05:00:00,1.13785,1.14126,1.13759,1.13861
2025-04-29 09:00:00,1.13853,1.14151,1.13698,1.14115
2025-04-29 13:00:00,1.14106,1.14193,1.13786,1.14034
2025-04-29 17:00:00,1.14033,1.14053,1.13755,1.13835
2025-04-29 21:00:00,1.1388,1.13964,1.13766,1.13841
2025-04-30 01:00:00,1.13826,1.13869,1.13545,1.13732
2025-04-30 05:00:00,1.13731,1.14,1.1362,1.13727
2025-04-30 09:00:00,1.13718,1.13893,1.13557,1.13726
2025-04-30 13:00:00,1.13738,1.13795,1.13229,1.13556
2025-04-30 17:00:00,1.13557,1.13652,1.13169,1.13285
2025-04-30 21:00:00,1.13285,1.13351,1.13186,1.1322
2025-05-01 01:00:00,1.13218,1.13229,1.12992,1.13028
2025-05-01 05:00:00,1.13027,1.13314,1.12875,1.13207
2025-05-01 09:00:00,1.13199,1.13416,1.13079,1.13154
2025-05-01 13:00:00,1.13154,1.13281,1.12657,1.12911
2025-05-01 17:00:00,1.12909,1.12948,1.1275,1.12908
2025-05-01 21:00:00,1.12895,1.13001,1.1274,1.12827
2025-05-02 01:00:00,1.12827,1.13159,1.12783,1.13041
2025-05-02 05:00:00,1.13042,1.13382,1.13016,1.13342
2025-05-02 09:00:00,1.13312,1.13555,1.13039,1.13196
2025-05-02 13:00:00,1.13189,1.13815,1.13145,1.13194
2025-05-02 17:00:00,1.13194,1.13203,1.12897,1.12897
2025-05-02 21:00:00,1.12936,1.12936,1.12936,1.12936
2025-05-04 21:00:00,1.13061,1.13283,1.13019,1.13223
2025-05-05 01:00:00,1.13227,1.13472,1.13224,1.13375
2025-05-05 05:00:00,1.13376,1.13478,1.13112,1.13252
2025-05-05 09:00:00,1.13264,1.13636,1.1326,1.136
2025-05-05 13:00:00,1.13601,1.1365,1.12989,1.13023
2025-05-05 17:00:00,1.13023,1.13216,1.12965,1.13149
2025-05-05 21:00:00,1.1314,1.13222,1.12807,1.12862
2025-05-06 01:00:00,1.12863,1.13278,1.12798,1.13245
2025-05-06 05:00:00,1.13244,1.13497,1.13133,1.1326
2025-05-06 09:00:00,1.13272,1.13441,1.13052,1.13405
2025-05-06 13:00:00,1.13406,1.13701,1.13262,1.13491
2025-05-06 17:00:00,1.13491,1.13817,1.13488,1.13691
2025-05-06 21:00:00,1.13703,1.13787,1.13249,1.13427
2025-05-07 01:00:00,1.13407,1.13519,1.13263,1.13443
2025-05-07 05:00:00,1.13436,1.13785,1.13427,1.13603
2025-05-07 09:00:00,1.13581,1.13731,1.1347,1.13592
2025-05-07 13:00:00,1.13593,1.13713,1.13367,1.13494
2025-05-07 17:00:00,1.13491,1.13656,1.12913,1.13006
2025-05-07 21:00:00,1.13018,1.13229,1.12985,1.13102
2025-05-08 01:00:00,1.13099,1.13368,1.13081,1.13181
2025-05-08 05:00:00,1.1318,1.1319,1.12697,1.12878
2025-05-08 09:00:00,1.12881,1.13207,1.12747,1.12999
2025-05-08 13:00:00,1.12998,1.1317,1.12202,1.12269
2025-05-08 17:00:00,1.12259,1.12316,1.12116,1.12264
2025-05-08 21:00:00,1.12265,1.12336,1.12127,1.12267
2025-05-09 01:00:00,1.12268,1.12304,1.11964,1.1228
2025-05-09 05:00:00,1.12279,1.12597,1.12181,1.12564
2025-05-09 09:00:00,1.12563,1.12613,1.12421,1.12541
2025-05-09 13:00:00,1.1254,1.12933,1.1253,1.12577
2025-05-09 17:00:00,1.12584,1.12664,1.12449,1.1245
2025-05-11 21:00:00,1.12252,1.12396,1.12228,1.12383
2025-05-12 01:00:00,1.12386,1.12434,1.12224,1.12274
2025-05-12 05:00:00,1.12278,1.12361,1.10818,1.11377
2025-05-12 09:00:00,1.11376,1.11425,1.10716,1.11136
2025-05-12 13:00:00,1.11137,1.1135,1.10834,1.10845
2025-05-12 17:00:00,1.10848,1.10971,1.1065,1.10859
2025-05-12 21:00:00,1.10853,1.11069,1.1082,1.11052
2025-05-13 01:00:00,1.11044,1.11178,1.10987,1.11169
2025-05-13 05:00:00,1.1117,1.11249,1.11011,1.11132
2025-05-13 09:00:00,1.1112,1.11319,1.10967,1.11307
2025-05-13 13:00:00,1.11304,1.11834,1.11271,1.11761
2025-05-13 17:00:00,1.11762,1.11954,1.11673,1.1186
2025-05-13 21:00:00,1.1186,1.11978,1.11812,1.11921
2025-05-14 01:00:00,1.11923,1.12016,1.11823,1.11891
2025-05-14 05:00:00,1.11889,1.12526,1.118,1.12394
2025-05-14 09:00:00,1.12391,1.12663,1.12101,1.12253
2025-05-14 13:00:00,1.12254,1.12353,1.11754,1.11907
2025-05-14 17:00:00,1.11891,1.11973,1.11643,1.11754
2025-05-14 21:00:00,1.1177,1.11952,1.11685,1.11915
2025-05-15 01:00:00,1.11919,1.12019,1.11885,1.11929
2025-05-15 05:00:00,1.11929,1.12289,1.11852,1.12101
2025-05-15 09:00:00,1.121,1.12146,1.11789,1.12109
2025-05-15 13:00:00,1.12099,1.12243,1.11724,1.11803
2025-05-15 17:00:00,1.11808,1.11895,1.11702,1.11837
2025-05-15 21:00:00,1.11888,1.12087,1.11774,1.12049
2025-05-16 01:00:00,1.12051,1.12091,1.11959,1.12031
2025-05-16 05:00:00,1.12031,1.122,1.11968,1.1199
2025-05-16 09:00:00,1.11989,1.12091,1.11878,1.11972
2025-05-16 13:00:00,1.11976,1.12064,1.11307,1.11437
2025-05-16 17:00:00,1.11452,1.11652,1.11392,1.11611
2025-05-18 21:00:00,1.11904,1.11994,1.11799,1.11973
2025-05-19 01:00:00,1.11974,1.11996,1.11722,1.1184
2025-05-19 05:00:00,1.11843,1.12597,1.11759,1.12574
2025-05-19 09:00:00,1.12576,1.12889,1.12544,1.12571
2025-05-19 13:00:00,1.1257,1.12645,1.12287,1.1235
2025-05-19 17:00:00,1.12357,1.12461,1.12238,1.12368
2025-05-19 21:00:00,1.12373,1.12473,1.12177,1.12279
2025-05-20 01:00:00,1.12284,1.12514,1.12258,1.12424
2025-05-20 05:00:00,1.12419,1.12784,1.12416,1.12581
2025-05-20 09:00:00,1.12584,1.12673,1.12233,1.12344
2025-05-20 13:00:00,1.12342,1.12703,1.12246,1.12567
2025-05-20 17:00:00,1.12566,1.12869,1.12546,1.12839
2025-05-20 21:00:00,1.1283,1.13017,1.12744,1.12956
2025-05-21 01:00:00,1.12956,1.13409,1.12865,1.1329
2025-05-21 05:00:00,1.13288,1.13537,1.13119,1.13224
2025-05-21 09:00:00,1.13229,1.13624,1.13144,1.13346
2025-05-21 13:00:00,1.13348,1.13546,1.1323,1.13404
2025-05-21 17:00:00,1.13403,1.13629,1.13156,1.13295
2025-05-21 21:00:00,1.13296,1.1344,1.13105,1.13272
2025-05-22 01:00:00,1.13273,1.13454,1.13172,1.13333
2025-05-22 05:00:00,1.13332,1.13424,1.12948,1.13037
2025-05-22 09:00:00,1.13018,1.13153,1.12846,1.1295
2025-05-22 13:00:00,1.12951,1.13094,1.12656,1.12689
2025-05-22 17:00:00,1.12696,1.12862,1.12553,1.12808
2025-05-22 21:00:00,1.12807,1.13004,1.12774,1.1297
2025-05-23 01:00:00,1.12971,1.13215,1.12951,1.13176
2025-05-23 05:00:00,1.13177,1.1345,1.13079,1.1342
2025-05-23 09:00:00,1.13419,1.13767,1.12971,1.13335
2025-05-23 13:00:00,1.13336,1.13601,1.13103,1.13583
2025-05-23 17:00:00,1.1358,1.13698,1.1351,1.1351
2025-05-23 21:00:00,1.13603,1.13603,1.13603,1.13603
2025-05-25 21:00:00,1.13748,1.13982,1.13696,1.13969
2025-05-26 01:00:00,1.13969,1.14193,1.13878,1.14097
2025-05-26 05:00:00,1.14095,1.14192,1.13827,1.1384
2025-05-26 09:00:00,1.13847,1.13873,1.13687,1.13752
2025-05-26 13:00:00,1.13751,1.13861,1.1373,1.13833
2025-05-26 17:00:00,1.13836,1.13904,1.13782,1.13871
2025-05-26 21:00:00,1.13841,1.14034,1.13788,1.14002
2025-05-27 01:00:00,1.14003,1.14078,1.13774,1.13785
2025-05-27 05:00:00,1.13788,1.13933,1.13376,1.13493
2025-05-27 09:00:00,1.13487,1.13682,1.13401,1.13668
2025-05-27 13:00:00,1.13668,1.1376,1.13225,1.13314
2025-05-27 17:00:00,1.13317,1.13393,1.13243,1.13346
2025-05-27 21:00:00,1.13344,1.13455,1.13233,1.13346
2025-05-28 01:00:00,1.13344,1.13393,1.13004,1.13062
2025-05-28 05:00:00,1.13059,1.13348,1.12951,1.13322
2025-05-28 09:00:00,1.13321,1.13412,1.13072,1.13111
2025-05-28 13:00:00,1.13108,1.13251,1.12834,1.12937
2025-05-28 17:00:00,1.12939,1.13012,1.12841,1.12923
2025-05-28 21:00:00,1.12946,1.12988,1.12101,1.1236
2025-05-29 01:00:00,1.12346,1.12577,1.12229,1.12479
2025-05-29 05:00:00,1.1248,1.12831,1.12303,1.12722
2025-05-29 09:00:00,1.1272,1.13504,1.12679,1.13495
2025-05-29 13:00:00,1.13498,1.13803,1.13388,1.13714
2025-05-29 17:00:00,1.13715,1.13848,1.13598,1.13665
2025-05-29 21:00:00,1.13704,1.13853,1.13643,1.1373
2025-05-30 01:00:00,1.13725,1.13902,1.13453,1.1346
2025-05-30 05:00:00,1.13462,1.1355,1.13231,1.13237
2025-05-30 09:00:00,1.13237,1.13588,1.13231,1.13462
2025-05-30 13:00:00,1.13466,1.13589,1.13123,1.13502
2025-05-30 17:00:00,1.1351,1.13675,1.13445,1.13457
2025-06-01 21:00:00,1.13556,1.13752,1.13506,1.1369
2025-06-02 01:00:00,1.13686,1.13827,1.13541,1.13655
2025-06-02 05:00:00,1.13656,1.14371,1.13636,1.14201
2025-06-02 09:00:00,1.14203,1.14373,1.1409,1.14184
2025-06-02 13:00:00,1.14185,1.14507,1.14041,1.14189
2025-06-02 17:00:00,1.14182,1.14467,1.14157,1.14413
2025-06-02 21:00:00,1.1441,1.1455,1.14337,1.14433
2025-06-03 01:00:00,1.1443,1.14439,1.14157,1.14253
2025-06-03 05:00:00,1.14254,1.14324,1.14052,1.14132
2025-06-03 09:00:00,1.14116,1.14184,1.1377,1.1382
2025-06-03 13:00:00,1.13819,1.13954,1.13639,1.13735
2025-06-03 17:00:00,1.13736,1.13822,1.13674,1.13713
2025-06-03 21:00:00,1.13716,1.13896,1.13676,1.13826
2025-06-04 01:00:00,1.13827,1.13936,1.13645,1.13667
2025-06-04 05:00:00,1.13668,1.14043,1.13556,1.13995
2025-06-04 09:00:00,1.13993,1.14114,1.13746,1.14095
2025-06-04 13:00:00,1.14095,1.1435,1.13926,1.14344
2025-06-04 17:00:00,1.14334,1.14339,1.14094,1.1417
2025-06-04 21:00:00,1.14167,1.14297,1.14129,1.14292
2025-06-05 01:00:00,1.14293,1.14352,1.14077,1.14105
2025-06-05 05:00:00,1.14107,1.14255,1.14042,1.14118
2025-06-05 09:00:00,1.14128,1.14492,1.14092,1.14297
2025-06-05 13:00:00,1.14295,1.14955,1.14181,1.14468
2025-06-05 17:00:00,1.14479,1.14486,1.14309,1.14448
2025-06-05 21:00:00,1.14442,1.14576,1.14375,1.14501
2025-06-06 01:00:00,1.145,1.14528,1.14327,1.14398
2025-06-06 05:00:00,1.14399,1.14422,1.14125,1.14151
2025-06-06 09:00:00,1.14148,1.14299,1.13833,1.13978
2025-06-06 13:00:00,1.13968,1.14169,1.13715,1.1388
2025-06-06 17:00:00,1.13873,1.14023,1.13847,1.13911
2025-06-06 21:00:00,1.13957,1.13957,1.13957,1.13957
2025-06-08 21:00:00,1.14068,1.14116,1.13926,1.13939
2025-06-09 01:00:00,1.13941,1.14257,1.13938,1.14183
2025-06-09 05:00:00,1.14189,1.14364,1.14118,1.14282
2025-06-09 09:00:00,1.14286,1.14396,1.13943,1.14004
2025-06-09 13:00:00,1.14,1.14259,1.13864,1.14244
2025-06-09 17:00:00,1.14247,1.14313,1.1417,1.1421
2025-06-09 21:00:00,1.14219,1.14361,1.14145,1.14241
2025-06-10 01:00:00,1.14246,1.14285,1.13859,1.13996
2025-06-10 05:00:00,1.13996,1.14153,1.13728,1.14083
2025-06-10 09:00:00,1.14082,1.14408,1.14031,1.14323
2025-06-10 13:00:00,1.14322,1.1448,1.14154,1.14233
2025-06-10 17:00:00,1.14238,1.1437,1.14162,1.14248
2025-06-10 21:00:00,1.14265,1.144,1.14202,1.1421
2025-06-11 01:00:00,1.14213,1.14274,1.14061,1.14157
2025-06-11 05:00:00,1.14158,1.14389,1.14052,1.14315
2025-06-11 09:00:00,1.14305,1.14898,1.14263,1.14607
2025-06-11 13:00:00,1.1461,1.14964,1.14526,1.14901
2025-06-11 17:00:00,1.14899,1.15,1.14791,1.14876
2025-06-11 21:00:00,1.14879,1.15273,1.14825,1.15227
2025-06-12 01:00:00,1.15213,1.15295,1.15063,1.15155
2025-06-12 05:00:00,1.15153,1.15476,1.15057,1.15452
2025-06-12 09:00:00,1.15443,1.16328,1.15399,1.161
2025-06-12 13:00:00,1.16097,1.16176,1.15667,1.15746
2025-06-12 17:00:00,1.15761,1.15883,1.15633,1.15847
2025-06-12 21:00:00,1.15841,1.1615,1.15389,1.15589
2025-06-13 01:00:00,1.15587,1.15609,1.15138,1.15252
2025-06-13 05:00:00,1.15254,1.15606,1.15116,1.15288
2025-06-13 09:00:00,1.15285,1.15366,1.14887,1.15165
2025-06-13 13:00:00,1.15164,1.15701,1.15009,1.15546
2025-06-13 17:00:00,1.15545,1.15559,1.15332,1.15396
2025-06-13 21:00:00,1.15471,1.15471,1.15471,1.15471
2025-06-15 21:00:00,1.15412,1.15474,1.15272,1.15356
2025-06-16 01:00:00,1.15342,1.15449,1.15232,1.15359
2025-06-16 05:00:00,1.15363,1.1587,1.15359,1.15775
2025-06-16 09:00:00,1.15788,1.15865,1.15693,1.15841
2025-06-16 13:00:00,1.1584,1.16153,1.15781,1.15843
2025-06-16 17:00:00,1.1584,1.15854,1.15543,1.15612
2025-06-16 21:00:00,1.1563,1.15693,1.1542,1.15502
2025-06-17 01:00:00,1.15502,1.15677,1.15454,1.15613
2025-06-17 05:00:00,1.15613,1.15729,1.15451,1.15522
2025-06-17 09:00:00,1.15521,1.15831,1.15474,1.15504
2025-06-17 13:00:00,1.15508,1.15698,1.14982,1.14997
2025-06-17 17:00:00,1.1503,1.1509,1.14743,1.14803
2025-06-17 21:00:00,1.14793,1.14974,1.14743,1.14932
2025-06-18 01:00:00,1.14924,1.15084,1.14892,1.15054
2025-06-18 05:00:00,1.15054,1.1524,1.14981,1.15029
2025-06-18 09:00:00,1.15024,1.15174,1.14917,1.15071
2025-06-18 13:00:00,1.15058,1.15309,1.1484,1.15033
2025-06-18 17:00:00,1.15032,1.15301,1.14604,1.148
2025-06-18 21:00:00,1.14799,1.14891,1.14704,1.14811
2025-06-19 01:00:00,1.14813,1.14825,1.14503,1.14692
2025-06-19 05:00:00,1.14694,1.14796,1.14461,1.14767
2025-06-19 09:00:00,1.14771,1.14878,1.14674,1.14777
2025-06-19 13:00:00,1.14775,1.14849,1.14543,1.14566
2025-06-19 17:00:00,1.14565,1.15008,1.14551,1.14954
2025-06-19 21:00:00,1.14939,1.15243,1.14899,1.15229
2025-06-20 01:00:00,1.15227,1.15331,1.15108,1.15271
2025-06-20 05:00:00,1.15275,1.15302,1.15098,1.15231
2025-06-20 09:00:00,1.15226,1.15355,1.15057,1.15125
2025-06-20 13:00:00,1.15128,1.15375,1.14948,1.1536
2025-06-20 17:00:00,1.15361,1.15443,1.1513,1.15137
2025-06-20 21:00:00,1.15136,1.15233,1.15136,1.15233
2025-06-22 21:00:00,1.14901,1.15076,1.14807,1.14894
2025-06-23 01:00:00,1.14895,1.15071,1.14719,1.14907
2025-06-23 05:00:00,1.14909,1.15215,1.148,1.14817
2025-06-23 09:00:00,1.14818,1.14834,1.14533,1.14671
2025-06-23 13:00:00,1.14675,1.1558,1.14645,1.15448
2025-06-23 17:00:00,1.1545,1.1582,1.15403,1.15776
2025-06-23 21:00:00,1.15766,1.16093,1.1571,1.15993
2025-06-24 01:00:00,1.15993,1.16147,1.15864,1.16064
2025-06-24 05:00:00,1.16063,1.16228,1.15796,1.15926
2025-06-24 09:00:00,1.15921,1.16186,1.15915,1.16007
2025-06-24 13:00:00,1.16007,1.16422,1.15818,1.16241
2025-06-24 17:00:00,1.1624,1.1633,1.16073,1.16094
2025-06-24 21:00:00,1.16105,1.16271,1.16025,1.16255
2025-06-25 01:00:00,1.16254,1.16319,1.16108,1.1614
2025-06-25 05:00:00,1.16137,1.16229,1.15897,1.16099
2025-06-25 09:00:00,1.16099,1.16139,1.159,1.15929
2025-06-25 13:00:00,1.15928,1.16359,1.15901,1.16311
2025-06-25 17:00:00,1.16308,1.16656,1.16262,1.16585
2025-06-25 21:00:00,1.16586,1.1689,1.16512,1.16828
2025-06-26 01:00:00,1.16827,1.17135,1.16676,1.168
2025-06-26 05:00:00,1.16799,1.17453,1.16711,1.17288
2025-06-26 09:00:00,1.17275,1.17311,1.16896,1.17068
2025-06-26 13:00:00,1.17073,1.17404,1.16895,1.17301
2025-06-26 17:00:00,1.17293,1.17327,1.16945,1.17008
2025-06-26 21:00:00,1.1695,1.17106,1.16808,1.16916
2025-06-27 01:00:00,1.16917,1.17098,1.16843,1.16849
2025-06-27 05:00:00,1.16856,1.17275,1.16831,1.17094
2025-06-27 09:00:00,1.17093,1.17508,1.17008,1.17461
2025-06-27 13:00:00,1.17468,1.17541,1.17051,1.17225
2025-06-27 17:00:00,1.17226,1.17247,1.16877,1.17057
2025-06-27 21:00:00,1.17165,1.17165,1.17165,1.17165
2025-06-29 21:00:00,1.17311,1.17392,1.17158,1.17183
2025-06-30 01:00:00,1.17184,1.17348,1.17114,1.17305
2025-06-30 05:00:00,1.17303,1.17509,1.17135,1.17292
2025-06-30 09:00:00,1.17285,1.17331,1.1707,1.17131
2025-06-30 13:00:00,1.17135,1.17721,1.17107,1.17624
2025-06-30 17:00:00,1.17625,1.1789,1.17603,1.17867
2025-06-30 21:00:00,1.17808,1.1798,1.17707,1.17971
2025-07-01 01:00:00,1.17973,1.18089,1.17779,1.17862
2025-07-01 05:00:00,1.17863,1.18176,1.17673,1.18067
2025-07-01 09:00:00,1.18053,1.18306,1.17968,1.18034
2025-07-01 13:00:00,1.1804,1.18119,1.17613,1.17656
2025-07-01 17:00:00,1.17657,1.18076,1.1765,1.1806
2025-07-01 21:00:00,1.18055,1.18084,1.17973,1.18071
2025-07-02 01:00:00,1.18076,1.18103,1.17888,1.17969
2025-07-02 05:00:00,1.17968,1.17982,1.17697,1.17758
2025-07-02 09:00:00,1.17757,1.17886,1.17464,1.17567
2025-07-02 13:00:00,1.17566,1.17939,1.175,1.17883
2025-07-02 17:00:00,1.17885,1.18043,1.17881,1.17982
2025-07-02 21:00:00,1.17991,1.18089,1.1787,1.18061
2025-07-03 01:00:00,1.18065,1.18102,1.17873,1.17894
2025-07-03 05:00:00,1.17895,1.18107,1.17865,1.17979
2025-07-03 09:00:00,1.17979,1.18003,1.17169,1.1739
2025-07-03 13:00:00,1.17379,1.17908,1.17339,1.17518
2025-07-03 17:00:00,1.17517,1.17604,1.17443,1.17565
2025-07-03 21:00:00,1.17577,1.17719,1.17499,1.17661
2025-07-04 01:00:00,1.17669,1.17805,1.17559,1.17802
2025-07-04 05:00:00,1.17803,1.17857,1.17672,1.17745
2025-07-04 09:00:00,1.17739,1.17828,1.17638,1.17669
2025-07-04 13:00:00,1.1767,1.17877,1.17664,1.17744
2025-07-04 17:00:00,1.17748,1.17859,1.17667,1.17667
2025-07-04 21:00:00,1.17702,1.17702,1.17702,1.17702
2025-07-06 21:00:00,1.17806,1.17902,1.17751,1.17797
2025-07-07 01:00:00,1.17792,1.17806,1.17639,1.17659
2025-07-07 05:00:00,1.1766,1.17737,1.17233,1.17242
2025-07-07 09:00:00,1.17241,1.17358,1.1718,1.17225
2025-07-07 13:00:00,1.1722,1.17454,1.16875,1.16939
2025-07-07 17:00:00,1.16945,1.17237,1.16869,1.1708
2025-07-07 21:00:00,1.17079,1.17476,1.17071,1.17433
2025-07-08 01:00:00,1.17436,1.17499,1.17308,1.17414
2025-07-08 05:00:00,1.17413,1.17651,1.17319,1.17487
2025-07-08 09:00:00,1.17487,1.17504,1.17139,1.17209
2025-07-08 13:00:00,1.17206,1.1722,1.16827,1.17086
2025-07-08 17:00:00,1.17094,1.17295,1.17075,1.17248
2025-07-08 21:00:00,1.17246,1.17291,1.17171,1.17244
2025-07-09 01:00:00,1.17242,1.17256,1.17015,1.17124
2025-07-09 05:00:00,1.17123,1.17284,1.17024,1.17128
2025-07-09 09:00:00,1.17132,1.17197,1.16895,1.17153
2025-07-09 13:00:00,1.17155,1.17244,1.17006,1.1705
2025-07-09 17:00:00,1.17046,1.17235,1.17039,1.17185
2025-07-09 21:00:00,1.17167,1.17495,1.17147,1.17437
2025-07-10 01:00:00,1.17432,1.17445,1.17304,1.17349
2025-07-10 05:00:00,1.17348,1.17433,1.17261,1.17279
2025-07-10 09:00:00,1.17279,1.17342,1.17018,1.17064
2025-07-10 13:00:00,1.17066,1.17145,1.16704,1.1686
2025-07-10 17:00:00,1.16858,1.17025,1.16816,1.17005
2025-07-10 21:00:00,1.17006,1.17074,1.16647,1.16758
2025-07-11 01:00:00,1.16752,1.16861,1.16687,1.16766
2025-07-11 05:00:00,1.16766,1.16959,1.16704,1.16821
2025-07-11 09:00:00,1.16823,1.17012,1.16813,1.16884
2025-07-11 13:00:00,1.1689,1.17144,1.16752,1.16915
2025-07-11 17:00:00,1.16916,1.16963,1.16784,1.16843
2025-07-11 21:00:00,1.1688,1.1688,1.1688,1.1688
2025-07-13 21:00:00,1.16648,1.16948,1.16633,1.16936
2025-07-14 01:00:00,1.16939,1.16985,1.16728,1.16749
2025-07-14 05:00:00,1.16741,1.16889,1.16536,1.16816
2025-07-14 09:00:00,1.16822,1.16969,1.16787,1.16853
2025-07-14 13:00:00,1.16854,1.1696,1.166,1.16627
2025-07-14 17:00:00,1.16626,1.16731,1.16592,1.1665
2025-07-14 21:00:00,1.16663,1.16774,1.16606,1.16726
2025-07-15 01:00:00,1.16731,1.16803,1.16653,1.16759
2025-07-15 05:00:00,1.16761,1.16927,1.16717,1.16877
2025-07-15 09:00:00,1.1687,1.16919,1.16615,1.16782
2025-07-15 13:00:00,1.1678,1.168,1.15937,1.15958
2025-07-15 17:00:00,1.15964,1.16056,1.15925,1.16019
2025-07-15 21:00:00,1.16007,1.16142,1.15961,1.16087
2025-07-16 01:00:00,1.16082,1.16207,1.16057,1.16195
2025-07-16 05:00:00,1.16196,1.16288,1.16127,1.1625
2025-07-16 09:00:00,1.16251,1.16266,1.15935,1.15989
2025-07-16 13:00:00,1.15986,1.17227,1.15621,1.16391
2025-07-16 17:00:00,1.16393,1.16591,1.16201,1.16375
2025-07-16 21:00:00,1.16376,1.16423,1.1617,1.16233
2025-07-17 01:00:00,1.16236,1.16295,1.16128,1.1624
2025-07-17 05:00:00,1.1624,1.16278,1.15731,1.16003
2025-07-17 09:00:00,1.16013,1.16054,1.15559,1.15873
2025-07-17 13:00:00,1.15872,1.16028,1.15777,1.15863
2025-07-17 17:00:00,1.15862,1.16012,1.15794,1.15961
2025-07-17 21:00:00,1.1594,1.16285,1.15899,1.16245
2025-07-18 01:00:00,1.1625,1.16347,1.16179,1.16193
2025-07-18 05:00:00,1.16188,1.16461,1.16115,1.16355
2025-07-18 09:00:00,1.16354,1.16592,1.1632,1.16559
2025-07-18 13:00:00,1.16562,1.16731,1.16264,1.16288
2025-07-18 17:00:00,1.16285,1.16305,1.16172,1.16195
2025-07-18 21:00:00,1.16207,1.16207,1.16207,1.16207
2025-07-20 21:00:00,1.16268,1.16369,1.16184,1.1619
2025-07-21 01:00:00,1.16184,1.16309,1.16143,1.1629
2025-07-21 05:00:00,1.16291,1.16528,1.16275,1.16424
2025-07-21 09:00:00,1.16431,1.16735,1.16335,1.16653
2025-07-21 13:00:00,1.16653,1.17168,1.16575,1.17005
2025-07-21 17:00:00,1.16997,1.17014,1.16856,1.16931
2025-07-21 21:00:00,1.1693,1.16984,1.16829,1.16889
2025-07-22 01:00:00,1.16889,1.16961,1.16822,1.16883
2025-07-22 05:00:00,1.16887,1.17038,1.16818,1.16988
2025-07-22 09:00:00,1.16992,1.17091,1.16831,1.16904
2025-07-22 13:00:00,1.16904,1.1761,1.16789,1.1755
2025-07-22 17:00:00,1.17551,1.17553,1.17419,1.17539
2025-07-22 21:00:00,1.17538,1.17559,1.17335,1.17471
2025-07-23 01:00:00,1.17475,1.17486,1.17305,1.17348
2025-07-23 05:00:00,1.17351,1.17525,1.17272,1.17327
2025-07-23 09:00:00,1.17323,1.17393,1.17202,1.1725
2025-07-23 13:00:00,1.17248,1.17616,1.17108,1.17498
2025-07-23 17:00:00,1.1751,1.1775,1.17459,1.17697
2025-07-23 21:00:00,1.17663,1.17786,1.17621,1.17671
2025-07-24 01:00:00,1.1767,1.17799,1.17669,1.1774
2025-07-24 05:00:00,1.17741,1.17781,1.17551,1.1758
2025-07-24 09:00:00,1.17578,1.17593,1.17321,1.17361
2025-07-24 13:00:00,1.17363,1.17885,1.17308,1.17625
2025-07-24 17:00:00,1.1763,1.17777,1.17451,1.17465
2025-07-24 21:00:00,1.17427,1.17586,1.17419,1.17543
2025-07-25 01:00:00,1.17544,1.17584,1.17342,1.17401
2025-07-25 05:00:00,1.174,1.17608,1.17372,1.17432
2025-07-25 09:00:00,1.17431,1.17434,1.17116,1.17182
2025-07-25 13:00:00,1.1719,1.17388,1.17032,1.17288
2025-07-25 17:00:00,1.17291,1.1747,1.17287,1.17402
2025-07-25 21:00:00,1.17401,1.17409,1.17401,1.17409
2025-07-27 21:00:00,1.17551,1.17701,1.17538,1.17637
2025-07-28 01:00:00,1.17639,1.17697,1.17456,1.17472
2025-07-28 05:00:00,1.17464,1.17476,1.1671,1.1679
2025-07-28 09:00:00,1.16789,1.16844,1.1644,1.16577
2025-07-28 13:00:00,1.1658,1.16621,1.15984,1.15991
2025-07-28 17:00:00,1.15986,1.16015,1.15852,1.1588
2025-07-28 21:00:00,1.15877,1.15975,1.15844,1.15851
2025-07-29 01:00:00,1.15848,1.1599,1.15746,1.15886
2025-07-29 05:00:00,1.1588,1.15901,1.15274,1.15692
2025-07-29 09:00:00,1.15692,1.15882,1.15262,1.15262
2025-07-29 13:00:00,1.15248,1.15509,1.15187,1.15413
2025-07-29 17:00:00,1.15415,1.15612,1.15399,1.15466
2025-07-29 21:00:00,1.15458,1.15676,1.15453,1.15671
2025-07-30 01:00:00,1.15673,1.15725,1.15504,1.15511
2025-07-30 05:00:00,1.15509,1.15685,1.15402,1.15567
2025-07-30 09:00:00,1.15565,1.15578,1.14732,1.14732
2025-07-30 13:00:00,1.14732,1.14851,1.14575,1.14742
2025-07-30 17:00:00,1.14741,1.15039,1.13998,1.14046
2025-07-30 21:00:00,1.1408,1.14385,1.14014,1.14343
2025-07-31 01:00:00,1.14343,1.14385,1.14067,1.14359
2025-07-31 05:00:00,1.14353,1.14614,1.14305,1.14498
2025-07-31 09:00:00,1.14499,1.14516,1.14205,1.14288
2025-07-31 13:00:00,1.1429,1.14502,1.14053,1.14229
2025-07-31 17:00:00,1.14229,1.14335,1.1409,1.14149
2025-07-31 21:00:00,1.14146,1.14292,1.14109,1.14248
2025-08-01 01:00:00,1.14244,1.14289,1.14048,1.1419
2025-08-01 05:00:00,1.14188,1.14382,1.14049,1.14067
2025-08-01 09:00:00,1.14071,1.15589,1.13914,1.1545
2025-08-01 13:00:00,1.15454,1.15888,1.15362,1.15399
2025-08-01 17:00:00,1.15392,1.15977,1.15164,1.15839
2025-08-01 21:00:00,1.15831,1.15904,1.15831,1.15904
2025-08-03 21:00:00,1.15837,1.15905,1.15558,1.15581
2025-08-04 01:00:00,1.15578,1.15866,1.15504,1.15744
2025-08-04 05:00:00,1.15745,1.15836,1.15492,1.15578
2025-08-04 09:00:00,1.1558,1.15893,1.15549,1.15755
2025-08-04 13:00:00,1.15757,1.15892,1.15569,1.15722
2025-08-04 17:00:00,1.15721,1.15778,1.1563,1.1572
2025-08-04 21:00:00,1.15687,1.15888,1.15653,1.15725
2025-08-05 01:00:00,1.15719,1.1575,1.15536,1.15585
2025-08-05 05:00:00,1.15585,1.15631,1.15309,1.15364
2025-08-05 09:00:00,1.15369,1.15485,1.15276,1.15366
2025-08-05 13:00:00,1.15372,1.15862,1.15323,1.15826
2025-08-05 17:00:00,1.15827,1.1584,1.15658,1.15758
2025-08-05 21:00:00,1.15737,1.15855,1.15704,1.1574
2025-08-06 01:00:00,1.15737,1.15861,1.1564,1.15829
2025-08-06 05:00:00,1.15825,1.15889,1.157,1.1575
2025-08-06 09:00:00,1.15748,1.16286,1.15742,1.1624
2025-08-06 13:00:00,1.1624,1.16488,1.16174,1.16349
2025-08-06 17:00:00,1.16347,1.16687,1.16329,1.16596
2025-08-06 21:00:00,1.16593,1.16664,1.1651,1.16521
2025-08-07 01:00:00,1.16528,1.16769,1.16496,1.16712
2025-08-07 05:00:00,1.16715,1.16989,1.16678,1.16828
2025-08-07 09:00:00,1.16834,1.16851,1.16339,1.16513
2025-08-07 13:00:00,1.16514,1.16589,1.16128,1.16383
2025-08-07 17:00:00,1.16382,1.16721,1.16189,1.1665
2025-08-07 21:00:00,1.1665,1.168,1.16587,1.16728
2025-08-08 01:00:00,1.16732,1.16744,1.16549,1.16586
2025-08-08 05:00:00,1.16584,1.16649,1.16343,1.16366
2025-08-08 09:00:00,1.16373,1.1654,1.1628,1.16421
2025-08-08 13:00:00,1.16421,1.16682,1.16409,1.16564
2025-08-08 17:00:00,1.16562,1.16669,1.16363,1.16366
2025-08-08 21:00:00,1.16401,1.16401,1.16401,1.16401
2025-08-10 21:00:00,1.16475,1.16514,1.16416,1.16472
2025-08-11 01:00:00,1.16472,1.16763,1.16454,1.16722
2025-08-11 05:00:00,1.16723,1.16744,1.16439,1.16555
2025-08-11 09:00:00,1.16552,1.16588,1.16138,1.16205
2025-08-11 13:00:00,1.16206,1.16281,1.15896,1.16077
2025-08-11 17:00:00,1.16082,1.16209,1.15983,1.16159
2025-08-11 21:00:00,1.16157,1.16208,1.16074,1.16156
2025-08-12 01:00:00,1.16155,1.1628,1.1614,1.16276
2025-08-12 05:00:00,1.16274,1.16296,1.16072,1.16155
2025-08-12 09:00:00,1.16154,1.16568,1.15986,1.16399
2025-08-12 13:00:00,1.16418,1.16975,1.16169,1.1681
2025-08-12 17:00:00,1.16799,1.16807,1.16642,1.16755
2025-08-12 21:00:00,1.1676,1.16816,1.16664,1.16803
2025-08-13 01:00:00,1.16803,1.1688,1.16707,1.16847
2025-08-13 05:00:00,1.16846,1.17211,1.16764,1.17148
2025-08-13 09:00:00,1.17146,1.17311,1.16973,1.16989
2025-08-13 13:00:00,1.16988,1.17238,1.16937,1.17076
2025-08-13 17:00:00,1.17068,1.17115,1.16958,1.17061
2025-08-13 21:00:00,1.17063,1.1715,1.16988,1.17113
2025-08-14 01:00:00,1.17117,1.17163,1.16985,1.17043
2025-08-14 05:00:00,1.17043,1.17074,1.16677,1.16691
2025-08-14 09:00:00,1.1669,1.16974,1.16486,1.16628
2025-08-14 13:00:00,1.16637,1.1672,1.16304,1.1634
2025-08-14 17:00:00,1.16344,1.16512,1.16315,1.16482
2025-08-14 21:00:00,1.16481,1.16548,1.16455,1.16521
2025-08-15 01:00:00,1.16526,1.16651,1.16486,1.16633
2025-08-15 05:00:00,1.16631,1.16856,1.16615,1.16826
2025-08-15 09:00:00,1.16824,1.17005,1.16734,1.16936
2025-08-15 13:00:00,1.16938,1.1716,1.1681,1.17028
2025-08-15 17:00:00,1.1704,1.17089,1.16902,1.16902
2025-08-15 21:00:00,1.16901,1.17013,1.16901,1.17013
2025-08-17 21:00:00,1.17144,1.17149,1.16996,1.17016
2025-08-18 01:00:00,1.17012,1.17111,1.16936,1.17083
2025-08-18 05:00:00,1.17081,1.17092,1.1671,1.16816
2025-08-18 09:00:00,1.1682,1.16889,1.16667,1.16755
2025-08-18 13:00:00,1.16762,1.16847,1.16563,1.16576
2025-08-18 17:00:00,1.16577,1.16713,1.16568,1.16612
2025-08-18 21:00:00,1.16609,1.16757,1.1656,1.16579
2025-08-19 01:00:00,1.16583,1.16625,1.16385,1.16611
2025-08-19 05:00:00,1.16612,1.16852,1.1651,1.16753
2025-08-19 09:00:00,1.16754,1.16934,1.16718,1.16764
2025-08-19 13:00:00,1.16754,1.16784,1.16542,1.16562
2025-08-19 17:00:00,1.16565,1.16608,1.1642,1.16471
2025-08-19 21:00:00,1.16509,1.16552,1.16313,1.16393
2025-08-20 01:00:00,1.16386,1.16424,1.16215,1.16343
2025-08-20 05:00:00,1.16344,1.16474,1.1623,1.16386
2025-08-20 09:00:00,1.16383,1.16743,1.16348,1.16708
2025-08-20 13:00:00,1.16705,1.1672,1.1646,1.166
2025-08-20 17:00:00,1.16598,1.16728,1.16469,1.16526
2025-08-20 21:00:00,1.1653,1.16585,1.16411,1.16465
2025-08-21 01:00:00,1.16466,1.16505,1.16409,1.16458
2025-08-21 05:00:00,1.16459,1.16615,1.16249,1.16546
2025-08-21 09:00:00,1.16548,1.16632,1.16366,1.16469
2025-08-21 13:00:00,1.16468,1.16499,1.16006,1.16118
2025-08-21 17:00:00,1.16118,1.16191,1.16034,1.16063
2025-08-21 21:00:00,1.1606,1.16171,1.16022,1.1615
2025-08-22 01:00:00,1.16151,1.16163,1.15823,1.15847
2025-08-22 05:00:00,1.15848,1.16005,1.15829,1.15998
2025-08-22 09:00:00,1.15997,1.16142,1.1593,1.16088
2025-08-22 13:00:00,1.16089,1.17323,1.15974,1.1721
2025-08-22 17:00:00,1.1722,1.17432,1.17151,1.17152
2025-08-22 21:00:00,1.17152,1.17152,1.17152,1.17152
2025-08-24 21:00:00,1.17135,1.1715,1.16953,1.16978
2025-08-25 01:00:00,1.16977,1.17084,1.16931,1.17059
2025-08-25 05:00:00,1.17058,1.17215,1.1694,1.1704
2025-08-25 09:00:00,1.17039,1.17049,1.16851,1.16996
2025-08-25 13:00:00,1.16998,1.17095,1.16514,1.16552
2025-08-25 17:00:00,1.1655,1.16565,1.16029,1.16189
2025-08-25 21:00:00,1.16255,1.1661,1.16097,1.16473
2025-08-26 01:00:00,1.16478,1.16508,1.16236,1.16322
2025-08-26 05:00:00,1.16325,1.16448,1.16027,1.16181
2025-08-26 09:00:00,1.16182,1.16612,1.16174,1.16463
2025-08-26 13:00:00,1.16465,1.16648,1.1637,1.1649
2025-08-26 17:00:00,1.16492,1.1653,1.1633,1.16417
2025-08-26 21:00:00,1.16475,1.16529,1.16339,1.16367
2025-08-27 01:00:00,1.16368,1.16414,1.16122,1.16143
2025-08-27 05:00:00,1.16145,1.16247,1.1575,1.15891
2025-08-27 09:00:00,1.15891,1.15984,1.15744,1.15867
2025-08-27 13:00:00,1.15868,1.16417,1.15818,1.16385
2025-08-27 17:00:00,1.16386,1.16431,1.16279,1.16387
2025-08-27 21:00:00,1.16379,1.16495,1.16274,1.16454
2025-08-28 01:00:00,1.16455,1.16551,1.16385,1.16395
2025-08-28 05:00:00,1.16393,1.165,1.16283,1.16421
2025-08-28 09:00:00,1.16424,1.16872,1.16419,1.16699
2025-08-28 13:00:00,1.16696,1.16909,1.16583,1.1689
2025-08-28 17:00:00,1.16891,1.16978,1.16773,1.16825
2025-08-28 21:00:00,1.16816,1.1686,1.16726,1.16747
2025-08-29 01:00:00,1.16748,1.16767,1.1656,1.16648
2025-08-29 05:00:00,1.16647,1.1691,1.16608,1.16757
2025-08-29 09:00:00,1.16758,1.16832,1.16505,1.16583
2025-08-29 13:00:00,1.16588,1.1709,1.16533,1.17012
2025-08-29 17:00:00,1.17012,1.17031,1.16791,1.1683
2025-08-29 21:00:00,1.1683,1.1683,1.1683,1.1683
2025-08-31 21:00:00,1.16884,1.1699,1.16862,1.1697
2025-09-01 01:00:00,1.16972,1.17149,1.16879,1.17085
2025-09-01 05:00:00,1.17081,1.17369,1.17076,1.17352
2025-09-01 09:00:00,1.17354,1.17363,1.17062,1.1708
2025-09-01 13:00:00,1.17078,1.17166,1.16963,1.17046
2025-09-01 17:00:00,1.1705,1.17142,1.17007,1.17107
2025-09-01 21:00:00,1.17106,1.17188,1.17028,1.17051
2025-09-02 01:00:00,1.17048,1.17079,1.169,1.16932
2025-09-02 05:00:00,1.16933,1.17077,1.16338,1.16448
2025-09-02 09:00:00,1.16454,1.16535,1.16103,1.16175
2025-09-02 13:00:00,1.16176,1.16827,1.16151,1.16436
2025-09-02 17:00:00,1.16442,1.16488,1.16295,1.16416
2025-09-02 21:00:00,1.16386,1.16493,1.1629,1.16332
2025-09-03 01:00:00,1.16331,1.16359,1.16217,1.16315
2025-09-03 05:00:00,1.16314,1.16579,1.1608,1.16559
2025-09-03 09:00:00,1.16563,1.16656,1.16392,1.16473
2025-09-03 13:00:00,1.16488,1.16818,1.16385,1.16749
2025-09-03 17:00:00,1.16754,1.16775,1.16554,1.16603
2025-09-03 21:00:00,1.16613,1.16665,1.16544,1.16586
2025-09-04 01:00:00,1.16587,1.167,1.16496,1.16514
2025-09-04 05:00:00,1.16517,1.16614,1.16436,1.1657
2025-09-04 09:00:00,1.16572,1.16604,1.16295,1.16461
2025-09-04 13:00:00,1.16457,1.16564,1.16314,1.16393
2025-09-04 17:00:00,1.16395,1.16534,1.16345,1.16488
2025-09-04 21:00:00,1.16491,1.16614,1.16456,1.16599
2025-09-05 01:00:00,1.166,1.16746,1.16594,1.16669
2025-09-05 05:00:00,1.16673,1.16847,1.16658,1.16828
2025-09-05 09:00:00,1.16831,1.17526,1.16778,1.17329
2025-09-05 13:00:00,1.17352,1.17596,1.17139,1.17391
2025-09-05 17:00:00,1.17391,1.17396,1.17108,1.17108
2025-09-05 21:00:00,1.17108,1.17108,1.17108,1.17108
2025-09-07 21:00:00,1.1706,1.17158,1.17049,1.17129
2025-09-08 01:00:00,1.1713,1.17173,1.1706,1.1713
2025-09-08 05:00:00,1.17125,1.17427,1.1712,1.17313
2025-09-08 09:00:00,1.17313,1.17415,1.172,1.17377
2025-09-08 13:00:00,1.17376,1.1756,1.17346,1.17406
2025-09-08 17:00:00,1.17404,1.17658,1.17348,1.17627
2025-09-08 21:00:00,1.1763,1.17751,1.17559,1.17718
2025-09-09 01:00:00,1.17717,1.17782,1.1763,1.17725
2025-09-09 05:00:00,1.17724,1.1781,1.17436,1.17596
2025-09-09 09:00:00,1.17593,1.17731,1.17272,1.17376
2025-09-09 13:00:00,1.17376,1.17639,1.17147,1.1719
2025-09-09 17:00:00,1.17189,1.17237,1.17038,1.17085
2025-09-09 21:00:00,1.17088,1.17165,1.17,1.17014
2025-09-10 01:00:00,1.17027,1.17192,1.16945,1.17192
2025-09-10 05:00:00,1.17178,1.1722,1.1691,1.16997
2025-09-10 09:00:00,1.16993,1.1726,1.16912,1.17003
2025-09-10 13:00:00,1.17,1.17305,1.16959,1.17055
2025-09-10 17:00:00,1.17057,1.17119,1.16934,1.16951
2025-09-10 21:00:00,1.16946,1.17068,1.16937,1.16939
2025-09-11 01:00:00,1.16934,1.17026,1.1693,1.16993
2025-09-11 05:00:00,1.16994,1.16994,1.16837,1.16919
2025-09-11 09:00:00,1.16916,1.17205,1.16601,1.17149
2025-09-11 13:00:00,1.17156,1.17459,1.17139,1.17364
2025-09-11 17:00:00,1.17367,1.17395,1.17278,1.17339
2025-09-11 21:00:00,1.17339,1.17406,1.1727,1.17329
2025-09-12 01:00:00,1.17335,1.17344,1.17209,1.17256
2025-09-12 05:00:00,1.17258,1.17476,1.17156,1.17172
2025-09-12 09:00:00,1.17171,1.17351,1.17014,1.17123
2025-09-12 13:00:00,1.17121,1.17317,1.17033,1.17269
2025-09-12 17:00:00,1.17272,1.17417,1.17268,1.17328
2025-09-12 21:00:00,1.17328,1.17328,1.17328,1.17328
2025-09-14 21:00:00,1.17283,1.1731,1.17219,1.17268
2025-09-15 01:00:00,1.17269,1.17354,1.17227,1.1734
2025-09-15 05:00:00,1.17341,1.17441,1.17162,1.1737
2025-09-15 09:00:00,1.17367,1.17709,1.17362,1.17695
2025-09-15 13:00:00,1.17697,1.17744,1.17507,1.17585
2025-09-15 17:00:00,1.17582,1.17727,1.1758,1.1761
2025-09-15 21:00:00,1.1761,1.17659,1.17574,1.1762
2025-09-16 01:00:00,1.17622,1.17867,1.1758,1.17768
2025-09-16 05:00:00,1.17768,1.18036,1.17736,1.17946
2025-09-16 09:00:00,1.1795,1.18213,1.1791,1.18042
2025-09-16 13:00:00,1.18043,1.18717,1.18042,1.18647
2025-09-16 17:00:00,1.18643,1.18782,1.18582,1.1867
2025-09-16 21:00:00,1.18668,1.1873,1.18545,1.18583
2025-09-17 01:00:00,1.18581,1.18593,1.18512,1.18539
2025-09-17 05:00:00,1.18542,1.18596,1.18381,1.1848
2025-09-17 09:00:00,1.18484,1.18497,1.18327,1.18434
2025-09-17 13:00:00,1.18441,1.1859,1.18423,1.18531
2025-09-17 17:00:00,1.1853,1.19183,1.18078,1.18128
2025-09-17 21:00:00,1.18122,1.18288,1.18113,1.18251
2025-09-18 01:00:00,1.1825,1.18287,1.17937,1.1795
2025-09-18 05:00:00,1.17951,1.18387,1.17806,1.18277
2025-09-18 09:00:00,1.1828,1.18482,1.17953,1.17955
2025-09-18 13:00:00,1.17944,1.17961,1.17503,1.17869
2025-09-18 17:00:00,1.1787,1.17937,1.17812,1.17859
2025-09-18 21:00:00,1.17849,1.17906,1.17752,1.17865
2025-09-19 01:00:00,1.17866,1.17924,1.17705,1.17739
2025-09-19 05:00:00,1.17738,1.17781,1.17513,1.1761
2025-09-19 09:00:00,1.17609,1.17687,1.17288,1.1736
2025-09-19 13:00:00,1.1736,1.17677,1.17355,1.17531
2025-09-19 17:00:00,1.1753,1.1755,1.17406,1.17442
2025-09-19 21:00:00,1.17442,1.17442,1.17442,1.17442
2025-09-21 21:00:00,1.17408,1.17415,1.17261,1.17344
2025-09-22 01:00:00,1.17348,1.1741,1.17264,1.17306
2025-09-22 05:00:00,1.17303,1.17691,1.17298,1.17623
2025-09-22 09:00:00,1.17624,1.17871,1.17615,1.17831
2025-09-22 13:00:00,1.17838,1.179,1.17628,1.17881
2025-09-22 17:00:00,1.17883,1.18037,1.17859,1.18034
2025-09-22 21:00:00,1.18027,1.18074,1.1789,1.18062
2025-09-23 01:00:00,1.1806,1.18198,1.17966,1.17977
2025-09-23 05:00:00,1.1797,1.18052,1.17785,1.18027
2025-09-23 09:00:00,1.1803,1.18122,1.17845,1.17968
2025-09-23 13:00:00,1.17969,1.18092,1.17844,1.18049
2025-09-23 17:00:00,1.18048,1.18183,1.18029,1.18152
2025-09-23 21:00:00,1.18152,1.18188,1.18034,1.18038
2025-09-24 01:00:00,1.18037,1.18052,1.1795,1.18029
2025-09-24 05:00:00,1.18028,1.18047,1.17663,1.17718
2025-09-24 09:00:00,1.17725,1.17747,1.17395,1.17427
2025-09-24 13:00:00,1.17426,1.17462,1.17283,1.17326
2025-09-24 17:00:00,1.17327,1.17406,1.17318,1.17375
2025-09-24 21:00:00,1.17376,1.17483,1.17376,1.17474
2025-09-25 01:00:00,1.17474,1.17536,1.17406,1.1752
2025-09-25 05:00:00,1.17521,1.17523,1.17306,1.17423
2025-09-25 09:00:00,1.17428,1.17539,1.16879,1.16981
2025-09-25 13:00:00,1.16986,1.17101,1.16668,1.16708
2025-09-25 17:00:00,1.16704,1.1672,1.16454,1.16653
2025-09-25 21:00:00,1.16653,1.16713,1.1657,1.16712
2025-09-26 01:00:00,1.16711,1.16819,1.16656,1.16799
2025-09-26 05:00:00,1.16799,1.16878,1.16685,1.16805
2025-09-26 09:00:00,1.16804,1.16858,1.16618,1.1683
2025-09-26 13:00:00,1.16834,1.17046,1.16782,1.16928
2025-09-26 17:00:00,1.16926,1.17072,1.16909,1.17009
2025-09-26 21:00:00,1.17009,1.17009,1.17009,1.17009
2025-09-28 21:00:00,1.17042,1.17231,1.17038,1.17215
2025-09-29 01:00:00,1.17214,1.1733,1.17143,1.1727
2025-09-29 05:00:00,1.17267,1.17332,1.17081,1.17235
2025-09-29 09:00:00,1.17238,1.17513,1.17094,1.175
2025-09-29 13:00:00,1.17502,1.17544,1.17227,1.17292
2025-09-29 17:00:00,1.17292,1.17329,1.17202,1.17266
2025-09-29 21:00:00,1.17266,1.17323,1.17126,1.17208
2025-09-30 01:00:00,1.17212,1.17286,1.17123,1.17286
2025-09-30 05:00:00,1.17287,1.17611,1.17282,1.17556
2025-09-30 09:00:00,1.17556,1.17581,1.17331,1.17371
2025-09-30 13:00:00,1.17372,1.1759,1.17165,1.17566
2025-09-30 17:00:00,1.17566,1.17615,1.1733,1.1733
2025-09-30 21:00:00,1.17331,1.17425,1.17296,1.1736
2025-10-01 01:00:00,1.17361,1.17585,1.17303,1.17582
2025-10-01 05:00:00,1.17581,1.17786,1.1742,1.17492
2025-10-01 09:00:00,1.17498,1.17685,1.17159,1.1749
2025-10-01 13:00:00,1.17493,1.17629,1.17155,1.17227
2025-10-01 17:00:00,1.17229,1.17419,1.17216,1.17237
2025-10-01 21:00:00,1.17237,1.17373,1.17237,1.17299
2025-10-02 01:00:00,1.17297,1.17418,1.17237,1.17342
2025-10-02 05:00:00,1.17343,1.17567,1.17295,1.17537
2025-10-02 09:00:00,1.17536,1.17582,1.17344,1.17374
2025-10-02 13:00:00,1.17383,1.17437,1.16833,1.17147
2025-10-02 17:00:00,1.17149,1.17266,1.17123,1.17153
2025-10-02 21:00:00,1.17153,1.17288,1.17137,1.17242
2025-10-03 01:00:00,1.17243,1.17292,1.17163,1.17179
2025-10-03 05:00:00,1.1718,1.17446,1.17152,1.17402
2025-10-03 09:00:00,1.17397,1.17428,1.17281,1.17393
2025-10-03 13:00:00,1.17395,1.17586,1.17327,1.17397
2025-10-03 17:00:00,1.17397,1.17444,1.17267,1.17384
2025-10-03 21:00:00,1.17384,1.17423,1.17384,1.17423
2025-10-05 20:00:00,1.17243,1.1726,1.1711,1.17151
2025-10-06 00:00:00,1.17123,1.17307,1.17101,1.17237
2025-10-06 04:00:00,1.17243,1.17273,1.16624,1.16624
2025-10-06 08:00:00,1.16625,1.16792,1.16517,1.16752
2025-10-06 12:00:00,1.16754,1.17206,1.1673,1.17064
2025-10-06 16:00:00,1.17071,1.17178,1.17031,1.17107
2025-10-06 20:00:00,1.17105,1.17206,1.17084,1.17123
2025-10-07 00:00:00,1.17092,1.1711,1.16966,1.17069
2025-10-07 04:00:00,1.17031,1.17082,1.16702,1.16764
2025-10-07 08:00:00,1.16761,1.16826,1.1654,1.16625
2025-10-07 12:00:00,1.16621,1.16798,1.16542,1.16731
2025-10-07 16:00:00,1.16733,1.16811,1.16477,1.16502
2025-10-07 20:00:00,1.16503,1.16645,1.16489,1.16564
2025-10-08 00:00:00,1.16529,1.16529,1.1617,1.16238
2025-10-08 04:00:00,1.16238,1.1634,1.16071,1.1631
2025-10-08 08:00:00,1.1631,1.16361,1.16059,1.16261
2025-10-08 12:00:00,1.16268,1.16445,1.1603,1.16059
2025-10-08 16:00:00,1.16063,1.16282,1.15985,1.1628
2025-10-08 20:00:00,1.16278,1.16374,1.16234,1.16333
2025-10-09 00:00:00,1.16289,1.16475,1.1628,1.16448
2025-10-09 04:00:00,1.16448,1.1648,1.16065,1.1611
2025-10-09 08:00:00,1.1611,1.16272,1.1603,1.1612
2025-10-09 12:00:00,1.1612,1.16224,1.15471,1.15588
2025-10-09 16:00:00,1.15596,1.15664,1.15421,1.15595
2025-10-09 20:00:00,1.15593,1.15687,1.1559,1.15687
2025-10-10 00:00:00,1.15651,1.1574,1.15609,1.15731
2025-10-10 04:00:00,1.15728,1.15798,1.1561,1.15778
2025-10-10 08:00:00,1.15777,1.15892,1.15606,1.15609
2025-10-10 12:00:00,1.15613,1.16305,1.15593,1.16126
2025-10-10 16:00:00,1.16124,1.16255,1.15971,1.16126
2025-10-10 20:00:00,1.16128,1.16285,1.16039,1.16131
2025-10-12 20:00:00,1.15934,1.16131,1.15934,1.1605
2025-10-13 00:00:00,1.16011,1.16275,1.16,1.16208
2025-10-13 04:00:00,1.16207,1.16296,1.15976,1.15998
2025-10-13 08:00:00,1.15999,1.16048,1.15657,1.15683
2025-10-13 12:00:00,1.15683,1.15774,1.15574,1.15738
2025-10-13 16:00:00,1.15738,1.15789,1.15658,1.15662
2025-10-13 20:00:00,1.15661,1.15737,1.15636,1.15657
2025-10-14 00:00:00,1.15652,1.15818,1.1555,1.15795
2025-10-14 04:00:00,1.15787,1.15935,1.15427,1.15495
2025-10-14 08:00:00,1.15484,1.15631,1.15456,1.15521
2025-10-14 12:00:00,1.15529,1.16081,1.1548,1.16072
2025-10-14 16:00:00,1.16076,1.16147,1.16013,1.16055
2025-10-14 20:00:00,1.16055,1.16158,1.15999,1.16063
2025-10-15 00:00:00,1.16024,1.16258,1.16017,1.1622
2025-10-15 04:00:00,1.16226,1.16442,1.16169,1.16356
2025-10-15 08:00:00,1.16359,1.16453,1.16197,1.16199
2025-10-15 12:00:00,1.16203,1.16468,1.16105,1.1637
2025-10-15 16:00:00,1.16374,1.16448,1.16269,1.16445
2025-10-15 20:00:00,1.16443,1.1655,1.16417,1.16496
2025-10-16 00:00:00,1.16456,1.16752,1.16429,1.16621
2025-10-16 04:00:00,1.16621,1.16676,1.16432,1.16521
2025-10-16 08:00:00,1.16518,1.16637,1.16463,1.1654
2025-10-16 12:00:00,1.16537,1.16779,1.16489,1.16644
2025-10-16 16:00:00,1.16643,1.16941,1.16642,1.16889
2025-10-16 20:00:00,1.16888,1.17027,1.16848,1.17027
2025-10-17 00:00:00,1.16992,1.17121,1.16951,1.17088
2025-10-17 04:00:00,1.17094,1.17283,1.16943,1.17116
2025-10-17 08:00:00,1.17121,1.1716,1.16803,1.16849
2025-10-17 12:00:00,1.16853,1.16862,1.16568,1.16734
2025-10-17 16:00:00,1.16731,1.16822,1.16638,1.16706
2025-10-17 20:00:00,1.16727,1.16727,1.16489,1.16508
2025-10-19 20:00:00,1.16566,1.16645,1.1653,1.16618
2025-10-20 00:00:00,1.16581,1.16706,1.16566,1.16682
2025-10-20 04:00:00,1.16682,1.16754,1.16537,1.16624
2025-10-20 08:00:00,1.16623,1.16676,1.16444,1.16565
2025-10-20 12:00:00,1.1657,1.16644,1.16463,1.1655
2025-10-20 16:00:00,1.16551,1.1658,1.16384,1.16409
2025-10-20 20:00:00,1.1641,1.16509,1.16403,1.16469
2025-10-21 00:00:00,1.16438,1.16551,1.16327,1.16345
2025-10-21 04:00:00,1.16345,1.16371,1.16187,1.16254
2025-10-21 08:00:00,1.16243,1.16274,1.16066,1.16128
2025-10-21 12:00:00,1.16138,1.16179,1.15977,1.16151
2025-10-21 16:00:00,1.16152,1.16242,1.16,1.16006
2025-10-21 20:00:00,1.16009,1.16104,1.1599,1.16036
2025-10-22 00:00:00,1.16001,1.16108,1.15997,1.16077
2025-10-22 04:00:00,1.16068,1.16156,1.15996,1.16006
2025-10-22 08:00:00,1.16003,1.16019,1.15825,1.15825
2025-10-22 12:00:00,1.15824,1.16198,1.15769,1.16144
2025-10-22 16:00:00,1.16158,1.16222,1.16047,1.16058
2025-10-22 20:00:00,1.16059,1.16184,1.16058,1.16104
2025-10-23 00:00:00,1.16068,1.16072,1.1592,1.15923
2025-10-23 04:00:00,1.15926,1.16038,1.15907,1.16
2025-10-23 08:00:00,1.15999,1.16059,1.15854,1.1587
2025-10-23 12:00:00,1.15872,1.16225,1.15866,1.16144
2025-10-23 16:00:00,1.16171,1.16195,1.1605,1.16158
2025-10-23 20:00:00,1.16167,1.16219,1.16138,1.16169
2025-10-24 00:00:00,1.16169,1.16216,1.16074,1.16094
2025-10-24 04:00:00,1.16092,1.16274,1.16015,1.16186
2025-10-24 08:00:00,1.16187,1.16217,1.16054,1.16153
2025-10-24 12:00:00,1.16162,1.16475,1.16098,1.16256
2025-10-24 16:00:00,1.16256,1.16329,1.16216,1.16321
2025-10-24 20:00:00,1.16314,1.16355,1.16215,1.16246
2025-10-26 20:00:00,1.16308,1.16356,1.16261,1.16316
2025-10-27 00:00:00,1.16307,1.16478,1.16273,1.16278
2025-10-27 04:00:00,1.16282,1.16322,1.16204,1.16206
2025-10-27 08:00:00,1.1619,1.1647,1.1618,1.16457
2025-10-27 12:00:00,1.16457,1.16517,1.16324,1.16358
2025-10-27 16:00:00,1.16356,1.16514,1.16332,1.16473
2025-10-27 20:00:00,1.16471,1.16547,1.16437,1.16515
2025-10-28 00:00:00,1.16515,1.16637,1.16467,1.16603
2025-10-28 04:00:00,1.16603,1.16679,1.16512,1.16546
2025-10-28 08:00:00,1.16539,1.16647,1.16468,1.16583
2025-10-28 12:00:00,1.16589,1.16667,1.1626,1.16589
2025-10-28 16:00:00,1.16589,1.16681,1.16521,1.16521
2025-10-28 20:00:00,1.16521,1.16575,1.16486,1.16568
2025-10-29 00:00:00,1.16566,1.16603,1.16373,1.16376
2025-10-29 04:00:00,1.16374,1.16378,1.16254,1.16325
2025-10-29 08:00:00,1.16323,1.1649,1.1619,1.164
2025-10-29 12:00:00,1.16399,1.16644,1.16277,1.16634
2025-10-29 16:00:00,1.16633,1.16651,1.15782,1.15992
2025-10-29 20:00:00,1.15997,1.16067,1.15913,1.16027
2025-10-30 00:00:00,1.16025,1.16198,1.15976,1.16152
2025-10-30 04:00:00,1.16153,1.16345,1.16098,1.16176
2025-10-30 08:00:00,1.16196,1.16281,1.15969,1.15979
2025-10-30 12:00:00,1.15979,1.15993,1.15474,1.15643
2025-10-30 16:00:00,1.1564,1.15714,1.15598,1.15648
2025-10-30 20:00:00,1.15648,1.15735,1.15642,1.15724
2025-10-31 00:00:00,1.15725,1.15774,1.15655,1.1567
2025-10-31 04:00:00,1.15668,1.15735,1.15553,1.15647
2025-10-31 08:00:00,1.15644,1.15765,1.15585,1.15671
2025-10-31 12:00:00,1.15667,1.15667,1.15226,1.15403
2025-10-31 16:00:00,1.15409,1.15434,1.15219,1.15248
2025-10-31 20:00:00,1.15268,1.15392,1.15252,1.1535
2025-11-02 20:00:00,1.15301,1.15384,1.1526,1.15274
2025-11-03 00:00:00,1.15292,1.15343,1.15223,1.15343
2025-11-03 04:00:00,1.15341,1.15415,1.15318,1.154
2025-11-03 08:00:00,1.15392,1.15399,1.15078,1.15156
2025-11-03 12:00:00,1.15152,1.15219,1.15051,1.15118
2025-11-03 16:00:00,1.1527,1.15376,1.1517,1.15192
2025-11-03 20:00:00,1.15197,1.15229,1.15168,1.15187
2025-11-04 00:00:00,1.15157,1.15175,1.14983,1.1513
2025-11-04 04:00:00,1.15131,1.15333,1.15079,1.15272
2025-11-04 08:00:00,1.15272,1.1529,1.14895,1.14897
2025-11-04 12:00:00,1.14901,1.14966,1.14729,1.14912
2025-11-04 16:00:00,1.14915,1.14963,1.14786,1.1479
2025-11-04 20:00:00,1.14783,1.14861,1.14753,1.1485
2025-11-05 00:00:00,1.14849,1.14978,1.148,1.14884
2025-11-05 04:00:00,1.14888,1.14946,1.14834,1.14878
2025-11-05 08:00:00,1.1487,1.14956,1.1476,1.14882
2025-11-05 12:00:00,1.14884,1.14932,1.14689,1.14796
2025-11-05 16:00:00,1.14797,1.14871,1.14712,1.14857
2025-11-05 20:00:00,1.14863,1.14969,1.14861,1.14957
2025-11-06 00:00:00,1.1494,1.15091,1.1493,1.15066
2025-11-06 04:00:00,1.15071,1.15138,1.15036,1.1508
2025-11-06 08:00:00,1.15093,1.15232,1.15061,1.152
2025-11-06 12:00:00,1.152,1.1544,1.15142,1.15393
2025-11-06 16:00:00,1.15393,1.15524,1.15314,1.15446
2025-11-06 20:00:00,1.15446,1.1554,1.15427,1.15484
2025-11-07 00:00:00,1.15484,1.15484,1.15349,1.15383
2025-11-07 04:00:00,1.15384,1.15385,1.153,1.15323
2025-11-07 08:00:00,1.15324,1.15609,1.15295,1.15583
2025-11-07 12:00:00,1.15563,1.15912,1.15541,1.15719
2025-11-07 16:00:00,1.15716,1.15831,1.1556,1.15592
2025-11-07 20:00:00,1.15602,1.15672,1.1558,1.15661
2025-11-09 20:00:00,1.15582,1.156,1.15423,1.15439
2025-11-10 00:00:00,1.15439,1.15609,1.15437,1.15549
2025-11-10 04:00:00,1.15552,1.15715,1.15521,1.15678
2025-11-10 08:00:00,1.15675,1.1583,1.15541,1.15636
2025-11-10 12:00:00,1.15633,1.15776,1.15454,1.15457
2025-11-10 16:00:00,1.15457,1.15646,1.15409,1.15612
2025-11-10 20:00:00,1.15613,1.15648,1.15552,1.15571
2025-11-11 00:00:00,1.1557,1.15596,1.15468,1.15566
2025-11-11 04:00:00,1.15562,1.1565,1.15501,1.15596
2025-11-11 08:00:00,1.15607,1.15779,1.15542,1.15718
2025-11-11 12:00:00,1.15718,1.1605,1.15694,1.15949
2025-11-11 16:00:00,1.15943,1.15999,1.1584,1.15843
2025-11-11 20:00:00,1.15853,1.15892,1.15817,1.15872
2025-11-12 00:00:00,1.15868,1.15871,1.15749,1.15779
2025-11-12 04:00:00,1.15779,1.15887,1.15705,1.15827
2025-11-12 08:00:00,1.1583,1.15878,1.15656,1.15776
2025-11-12 12:00:00,1.15777,1.15952,1.15634,1.15945
2025-11-12 16:00:00,1.15935,1.15982,1.15847,1.15867
2025-11-12 20:00:00,1.15861,1.15942,1.1585,1.15922
2025-11-13 00:00:00,1.15923,1.15926,1.15793,1.15901
2025-11-13 04:00:00,1.15901,1.16121,1.15806,1.16111
2025-11-13 08:00:00,1.16108,1.16347,1.16056,1.16073
2025-11-13 12:00:00,1.16082,1.16427,1.16067,1.16389
2025-11-13 16:00:00,1.16387,1.16553,1.16352,1.16356
2025-11-13 20:00:00,1.16352,1.16393,1.16231,1.163
2025-11-14 00:00:00,1.16296,1.16446,1.1627,1.16383
2025-11-14 04:00:00,1.16383,1.16488,1.16329,1.16331
2025-11-14 08:00:00,1.16328,1.16373,1.1609,1.16194
2025-11-14 12:00:00,1.162,1.16536,1.16068,1.16128
2025-11-14 16:00:00,1.16132,1.16224,1.16078,1.16183
2025-11-14 20:00:00,1.16183,1.16239,1.16154,1.16154
2025-11-16 20:00:00,1.1621,1.1625,1.1612,1.16151
2025-11-17 00:00:00,1.16146,1.16149,1.15965,1.15987
2025-11-17 04:00:00,1.15989,1.16148,1.15954,1.16124
2025-11-17 08:00:00,1.16138,1.16152,1.15952,1.16013
2025-11-17 12:00:00,1.16013,1.16046,1.1582,1.15972
2025-11-17 16:00:00,1.15973,1.16017,1.15838,1.15843
2025-11-17 20:00:00,1.1584,1.15936,1.1583,1.15896
2025-11-18 00:00:00,1.1589,1.15959,1.15846,1.15922
2025-11-18 04:00:00,1.15922,1.16034,1.15888,1.15915
2025-11-18 08:00:00,1.15915,1.16061,1.158,1.15847
2025-11-18 12:00:00,1.15844,1.16081,1.1582,1.15823
2025-11-18 16:00:00,1.15823,1.15871,1.15718,1.15861
2025-11-18 20:00:00,1.15857,1.1587,1.15773,1.15803
2025-11-19 00:00:00,1.15802,1.15875,1.15734,1.15861
2025-11-19 04:00:00,1.15875,1.15969,1.15785,1.15804
2025-11-19 08:00:00,1.1583,1.1589,1.15661,1.15861
2025-11-19 12:00:00,1.15873,1.15905,1.15407,1.15471
2025-11-19 16:00:00,1.15467,1.15471,1.15189,1.1521
2025-11-19 20:00:00,1.15212,1.15422,1.15207,1.15395
2025-11-20 00:00:00,1.15394,1.15394,1.15107,1.15138
2025-11-20 04:00:00,1.15139,1.15236,1.15128,1.152
2025-11-20 08:00:00,1.15203,1.15294,1.15125,1.15148
2025-11-20 12:00:00,1.15145,1.15495,1.15078,1.15271
2025-11-20 16:00:00,1.15274,1.15409,1.15249,1.15376
2025-11-20 20:00:00,1.15379,1.1538,1.15239,1.15337
2025-11-21 00:00:00,1.15333,1.15387,1.1528,1.15363
2025-11-21 04:00:00,1.15363,1.15475,1.15346,1.1541
2025-11-21 08:00:00,1.15412,1.1552,1.15052,1.15064
2025-11-21 12:00:00,1.15047,1.15274,1.14977,1.15033
2025-11-21 16:00:00,1.15034,1.15176,1.14912,1.15139
2025-11-21 20:00:00,1.15133,1.1521,1.15095,1.15125
2025-11-23 20:00:00,1.15121,1.15153,1.1506,1.15074
2025-11-24 00:00:00,1.15074,1.1519,1.15024,1.15163
2025-11-24 04:00:00,1.15166,1.15281,1.15115,1.15118
2025-11-24 08:00:00,1.15112,1.15467,1.15102,1.15449
2025-11-24 12:00:00,1.15451,1.15498,1.15177,1.15288
2025-11-24 16:00:00,1.15287,1.15308,1.15123,1.15276
2025-11-24 20:00:00,1.15274,1.15283,1.15191,1.15197
2025-11-25 00:00:00,1.15197,1.15304,1.15174,1.15178
2025-11-25 04:00:00,1.15179,1.153,1.1512,1.15204
2025-11-25 08:00:00,1.15205,1.15413,1.15204,1.15261
2025-11-25 12:00:00,1.1526,1.15842,1.1526,1.15641
2025-11-25 16:00:00,1.1564,1.15855,1.15512,1.15851
2025-11-25 20:00:00,1.15849,1.15853,1.15596,1.1565
2025-11-26 00:00:00,1.1565,1.15919,1.1564,1.1591
2025-11-26 04:00:00,1.15911,1.15968,1.15768,1.15788
2025-11-26 08:00:00,1.15788,1.15806,1.15669,1.15747
2025-11-26 12:00:00,1.15745,1.15945,1.15495,1.1588
2025-11-26 16:00:00,1.15873,1.16006,1.15857,1.1594
2025-11-26 20:00:00,1.15937,1.16038,1.15888,1.1602
2025-11-27 00:00:00,1.1602,1.16136,1.16003,1.16032
2025-11-27 04:00:00,1.16031,1.16065,1.1586,1.15913
2025-11-27 08:00:00,1.15913,1.15959,1.15768,1.15865
2025-11-27 12:00:00,1.15863,1.15998,1.15818,1.15949
2025-11-27 16:00:00,1.15947,1.16008,1.15917,1.15958
2025-11-27 20:00:00,1.15956,1.1602,1.15947,1.15998
2025-11-28 00:00:00,1.15998,1.16023,1.15814,1.15878
2025-11-28 04:00:00,1.15878,1.15919,1.15789,1.15794
2025-11-28 08:00:00,1.15794,1.158,1.15554,1.15681
2025-11-28 12:00:00,1.1568,1.16082,1.15624,1.1605
2025-11-28 16:00:00,1.16044,1.16066,1.15935,1.16032
2025-11-28 20:00:00,1.1603,1.16048,1.1598,1.15993
2025-11-30 20:00:00,1.15938,1.16074,1.15932,1.16013
2025-12-01 00:00:00,1.16013,1.16157,1.15903,1.15965
2025-12-01 04:00:00,1.15966,1.1613,1.15914,1.16106
2025-12-01 08:00:00,1.16105,1.16319,1.16043,1.16278
2025-12-01 12:00:00,1.16275,1.16519,1.16232,1.16305
2025-12-01 16:00:00,1.16302,1.1634,1.16078,1.16087
2025-12-01 20:00:00,1.16086,1.16134,1.1607,1.16073
2025-12-02 00:00:00,1.16073,1.16128,1.16039,1.16121
2025-12-02 04:00:00,1.16122,1.16165,1.16048,1.16131
2025-12-02 08:00:00,1.1613,1.1616,1.15996,1.16127
2025-12-02 12:00:00,1.16125,1.1623,1.15956,1.16062
2025-12-02 16:00:00,1.16058,1.16239,1.15931,1.16239
2025-12-02 20:00:00,1.16238,1.16294,1.16197,1.16277
2025-12-03 00:00:00,1.16278,1.16395,1.16277,1.16379
2025-12-03 04:00:00,1.1638,1.16529,1.16365,1.1641
2025-12-03 08:00:00,1.16409,1.16665,1.16371,1.16659
2025-12-03 12:00:00,1.16656,1.16753,1.16561,1.1662
2025-12-03 16:00:00,1.16618,1.16781,1.16579,1.16739
2025-12-03 20:00:00,1.16738,1.16756,1.16641,1.16669
2025-12-04 00:00:00,1.16668,1.16669,1.16534,1.16563
2025-12-04 04:00:00,1.16563,1.1665,1.16532,1.16649
2025-12-04 08:00:00,1.16648,1.16825,1.1664,1.16805
2025-12-04 12:00:00,1.16803,1.1681,1.1651,1.16732
2025-12-04 16:00:00,1.1673,1.16749,1.16509,1.16528
2025-12-04 20:00:00,1.16528,1.16529,1.16414,1.1643
2025-12-05 00:00:00,1.16432,1.16552,1.16429,1.16492
2025-12-05 04:00:00,1.16492,1.16717,1.1649,1.16636
2025-12-05 08:00:00,1.16634,1.16647,1.16426,1.16464
2025-12-05 12:00:00,1.1646,1.16591,1.16431,1.16476
2025-12-05 16:00:00,1.16473,1.16491,1.16297,1.16435
2025-12-05 20:00:00,1.16435,1.16481,1.16398,1.16431
2025-12-07 20:00:00,1.1641,1.16471,1.16394,1.16401
2025-12-08 00:00:00,1.16403,1.16557,1.16401,1.16506
2025-12-08 04:00:00,1.16505,1.16731,1.16502,1.16602
2025-12-08 08:00:00,1.166,1.16629,1.16483,1.16523
2025-12-08 12:00:00,1.16522,1.16565,1.16186,1.16248
2025-12-08 16:00:00,1.16246,1.16421,1.16171,1.16398
2025-12-08 20:00:00,1.16398,1.16417,1.1634,1.16407
2025-12-09 00:00:00,1.16408,1.16489,1.16368,1.16464
2025-12-09 04:00:00,1.16463,1.16504,1.16388,1.1641
2025-12-09 08:00:00,1.16408,1.16575,1.16333,1.16444
2025-12-09 12:00:00,1.16442,1.16446,1.16165,1.16285
2025-12-09 16:00:00,1.16283,1.16404,1.1618,1.1628
2025-12-09 20:00:00,1.16281,1.16324,1.16249,1.16279
2025-12-10 00:00:00,1.1628,1.16292,1.16226,1.16265
2025-12-10 04:00:00,1.16265,1.16501,1.16254,1.16492
2025-12-10 08:00:00,1.16492,1.16572,1.16281,1.16357
2025-12-10 12:00:00,1.16354,1.16508,1.16271,1.16422
2025-12-10 16:00:00,1.1642,1.16818,1.16374,1.16791
2025-12-10 20:00:00,1.16789,1.17032,1.16764,1.17014
2025-12-11 00:00:00,1.17015,1.17071,1.1691,1.16921
2025-12-11 04:00:00,1.16919,1.17002,1.16831,1.16944
2025-12-11 08:00:00,1.16942,1.17176,1.16879,1.17141
2025-12-11 12:00:00,1.1714,1.1757,1.17099,1.1757
2025-12-11 16:00:00,1.17569,1.17625,1.17407,1.17413
2025-12-11 20:00:00,1.17413,1.17458,1.17363,1.17402
2025-12-12 00:00:00,1.17405,1.17463,1.17317,1.17351
2025-12-12 04:00:00,1.1735,1.1743,1.17318,1.17382
2025-12-12 08:00:00,1.17379,1.17432,1.1723,1.17272
2025-12-12 12:00:00,1.17271,1.1745,1.17193,1.17379
2025-12-12 16:00:00,1.17378,1.17502,1.17269,1.17408
2025-12-12 20:00:00,1.1741,1.17468,1.17386,1.17402
2025-12-14 20:00:00,1.17387,1.17407,1.17354,1.17373
2025-12-15 00:00:00,1.17372,1.17453,1.17288,1.17348
2025-12-15 04:00:00,1.17346,1.1738,1.1729,1.17293
2025-12-15 08:00:00,1.1729,1.17506,1.1728,1.17495
2025-12-15 12:00:00,1.17493,1.17691,1.17437,1.17628
2025-12-15 16:00:00,1.17628,1.1764,1.17387,1.17496
2025-12-15 20:00:00,1.17496,1.17562,1.17476,1.17543
2025-12-16 00:00:00,1.17543,1.17594,1.17474,1.1752
2025-12-16 04:00:00,1.17519,1.17542,1.17456,1.17509
2025-12-16 08:00:00,1.17503,1.17637,1.17478,1.17628
2025-12-16 12:00:00,1.17625,1.18017,1.17594,1.17707
2025-12-16 16:00:00,1.17707,1.17791,1.17363,1.1758
2025-12-16 20:00:00,1.17582,1.17631,1.17468,1.17493
2025-12-17 00:00:00,1.17493,1.17526,1.17373,1.17391
2025-12-17 04:00:00,1.17389,1.17395,1.17046,1.17132
2025-12-17 08:00:00,1.17127,1.17274,1.17068,1.171
2025-12-17 12:00:00,1.17099,1.17573,1.17096,1.17535
2025-12-17 16:00:00,1.17535,1.17559,1.17418,1.17447
2025-12-17 20:00:00,1.17449,1.17466,1.17391,1.17421
2025-12-18 00:00:00,1.17421,1.1746,1.17355,1.17398
2025-12-18 04:00:00,1.17396,1.17496,1.17332,1.17351
2025-12-18 08:00:00,1.17349,1.1737,1.17185,1.17216
2025-12-18 12:00:00,1.17215,1.17596,1.17137,1.17274
2025-12-18 16:00:00,1.17274,1.17454,1.17155,1.17248
2025-12-18 20:00:00,1.17249,1.17281,1.17205,1.17254
2025-12-19 00:00:00,1.17254,1.17288,1.17186,1.17214
2025-12-19 04:00:00,1.17212,1.17224,1.1705,1.17067
2025-12-19 08:00:00,1.17062,1.17178,1.17062,1.17126
2025-12-19 12:00:00,1.17126,1.17382,1.17041,1.17105
2025-12-19 16:00:00,1.17105,1.17276,1.17091,1.17236
2025-12-19 20:00:00,1.17238,1.17258,1.17072,1.17091
2025-12-21 20:00:00,1.17175,1.17219,1.17069,1.17102
2025-12-22 00:00:00,1.17101,1.17199,1.17101,1.17181
2025-12-22 04:00:00,1.17179,1.17307,1.17133,1.17301
2025-12-22 08:00:00,1.17299,1.17391,1.17244,1.17334
2025-12-22 12:00:00,1.17332,1.17688,1.17332,1.17646
2025-12-22 16:00:00,1.17646,1.17655,1.17486,1.17559
2025-12-22 20:00:00,1.17558,1.1766,1.17528,1.17652
2025-12-23 00:00:00,1.1765,1.17805,1.17639,1.17767
2025-12-23 04:00:00,1.17764,1.17808,1.17684,1.17802
2025-12-23 08:00:00,1.17802,1.18005,1.17767,1.17959
2025-12-23 12:00:00,1.17957,1.18021,1.17655,1.17697
2025-12-23 16:00:00,1.177,1.17914,1.17697,1.17908
2025-12-23 20:00:00,1.17908,1.17976,1.17879,1.17954
2025-12-24 00:00:00,1.17954,1.18082,1.17877,1.17882
2025-12-24 04:00:00,1.17879,1.18033,1.1787,1.17892
2025-12-24 08:00:00,1.17887,1.1801,1.17809,1.17933
2025-12-24 12:00:00,1.17933,1.17935,1.17849,1.17849
2025-12-25 12:00:00,1.17823,1.17907,1.17768,1.17829
2025-12-25 16:00:00,1.1783,1.17906,1.1779,1.17832
2025-12-25 20:00:00,1.17828,1.1792,1.17738,1.17845
2025-12-26 00:00:00,1.17843,1.17945,1.17777,1.17853
2025-12-26 04:00:00,1.17851,1.1788,1.17713,1.17729
2025-12-26 08:00:00,1.17727,1.17833,1.17674,1.17774
2025-12-26 12:00:00,1.17773,1.17965,1.17715,1.17779
2025-12-26 16:00:00,1.17779,1.17794,1.17623,1.17756
2025-12-26 20:00:00,1.17759,1.17817,1.1767,1.17718
2025-12-28 20:00:00,1.17695,1.1778,1.17692,1.17727
2025-12-29 00:00:00,1.17726,1.17867,1.17716,1.17743
2025-12-29 04:00:00,1.17741,1.17787,1.17541,1.17776
2025-12-29 08:00:00,1.17773,1.17887,1.17583,1.17672
2025-12-29 12:00:00,1.17672,1.17889,1.17571,1.17686
2025-12-29 16:00:00,1.17685,1.17686,1.17506,1.17674
2025-12-29 20:00:00,1.17675,1.17752,1.17653,1.17729
2025-12-30 00:00:00,1.17728,1.17768,1.17699,1.17733
2025-12-30 04:00:00,1.17731,1.17801,1.17671,1.17699
2025-12-30 08:00:00,1.17696,1.17788,1.17649,1.17669
2025-12-30 12:00:00,1.17669,1.17683,1.17459,1.17591
2025-12-30 16:00:00,1.17592,1.17675,1.17459,1.17462
2025-12-30 20:00:00,1.17464,1.17503,1.1744,1.17468
2025-12-31 00:00:00,1.17466,1.17491,1.17397,1.17438
2025-12-31 04:00:00,1.17436,1.1744,1.17306,1.1737
2025-12-31 08:00:00,1.17367,1.17479,1.1721,1.17472
2025-12-31 12:00:00,1.17472,1.17583,1.17472,1.17566
2026-01-01 12:00:00,1.17464,1.17491,1.17442,1.17455
2026-01-01 16:00:00,1.17457,1.17506,1.17429,1.17442
2026-01-01 20:00:00,1.17442,1.17522,1.17424,1.17503
2026-01-02 00:00:00,1.17501,1.17653,1.175,1.17649
2026-01-02 04:00:00,1.17647,1.17652,1.17325,1.17369
2026-01-02 08:00:00,1.1737,1.17378,1.17139,1.17214
2026-01-02 12:00:00,1.17215,1.17527,1.17164,1.17514
2026-01-02 16:00:00,1.17515,1.17527,1.17141,1.17235
2026-01-02 20:00:00,1.17234,1.17237,1.17159,1.17204
2026-01-04 20:00:00,1.17238,1.17251,1.16999,1.17061
2026-01-05 00:00:00,1.17058,1.17112,1.16724,1.16762
2026-01-05 04:00:00,1.1676,1.16926,1.16732,1.16857
2026-01-05 08:00:00,1.16855,1.16956,1.16747,1.16824
2026-01-05 12:00:00,1.16824,1.17038,1.16597,1.17032
2026-01-05 16:00:00,1.17034,1.17286,1.17031,1.1728
2026-01-05 20:00:00,1.17278,1.17292,1.17132,1.17149
2026-01-06 00:00:00,1.17145,1.17385,1.17109,1.17352
2026-01-06 04:00:00,1.1735,1.17426,1.17277,1.17284
2026-01-06 08:00:00,1.17283,1.17382,1.17056,1.17064
2026-01-06 12:00:00,1.17065,1.17176,1.16855,1.16911
2026-01-06 16:00:00,1.1692,1.17023,1.16842,1.16903
2026-01-06 20:00:00,1.16902,1.16936,1.16852,1.16881
2026-01-07 00:00:00,1.16878,1.17024,1.16861,1.16991
2026-01-07 04:00:00,1.16988,1.17025,1.16798,1.16842
2026-01-07 08:00:00,1.16843,1.16941,1.1674,1.16886
2026-01-07 12:00:00,1.16888,1.1699,1.16814,1.16872
2026-01-07 16:00:00,1.16876,1.16945,1.16791,1.16833
2026-01-07 20:00:00,1.16831,1.16844,1.16722,1.1677
2026-01-08 00:00:00,1.16767,1.16832,1.16725,1.16803
2026-01-08 04:00:00,1.16801,1.16838,1.16757,1.16781
2026-01-08 08:00:00,1.1678,1.16815,1.16697,1.16779
2026-01-08 12:00:00,1.16779,1.1678,1.16571,1.16664
2026-01-08 16:00:00,1.16665,1.16671,1.16424,1.16499
2026-01-08 20:00:00,1.16498,1.1663,1.16498,1.1658
2026-01-09 00:00:00,1.16577,1.1659,1.16463,1.16566
2026-01-09 04:00:00,1.16563,1.1657,1.16405,1.16494
2026-01-09 08:00:00,1.16494,1.16519,1.16383,1.16461
2026-01-09 12:00:00,1.16462,1.1659,1.16191,1.16377
2026-01-09 16:00:00,1.16379,1.16421,1.16284,1.1635
2026-01-09 20:00:00,1.16349,1.16387,1.163,1.1637
2026-01-10 00:00:00,1.16367,1.16413,1.16367,1.16409
2026-01-10 04:00:00,1.16407,1.16413,1.16353,1.164
2026-01-10 08:00:00,1.16399,1.16418,1.16351,1.16367
2026-01-10 12:00:00,1.16368,1.16372,1.16341,1.16345
2026-01-10 16:00:00,1.16345,1.1636,1.1634,1.16351
2026-01-10 20:00:00,1.1635,1.16354,1.16341,1.16347
2026-01-11 00:00:00,1.16345,1.16363,1.16343,1.16348
2026-01-11 04:00:00,1.16346,1.16351,1.16343,1.16344
2026-01-11 08:00:00,1.16344,1.16351,1.16337,1.16339
2026-01-11 12:00:00,1.1634,1.16446,1.16331,1.16427
2026-01-11 16:00:00,1.16427,1.16562,1.16321,1.1637
2026-01-11 20:00:00,1.16368,1.1642,1.16233,1.16236
2026-01-12 00:00:00,1.16231,1.1671,1.16226,1.16563
2026-01-12 04:00:00,1.16562,1.16878,1.16536,1.1686
2026-01-12 08:00:00,1.1686,1.16956,1.16764,1.16785
2026-01-12 12:00:00,1.16787,1.16984,1.16733,1.1682
2026-01-12 16:00:00,1.16819,1.16821,1.16657,1.16727
2026-01-12 20:00:00,1.16725,1.1673,1.16635,1.16676
2026-01-13 00:00:00,1.16673,1.16678,1.16568,1.16593
2026-01-13 04:00:00,1.16591,1.16676,1.16543,1.16645
2026-01-13 08:00:00,1.16645,1.16748,1.16596,1.16685
2026-01-13 12:00:00,1.16686,1.16757,1.16454,1.16506
2026-01-13 16:00:00,1.1651,1.16552,1.16357,1.16496
2026-01-13 20:00:00,1.16494,1.16503,1.16422,1.16428
2026-01-14 00:00:00,1.16424,1.16494,1.16361,1.16476
2026-01-14 04:00:00,1.16475,1.16516,1.16418,1.16461
2026-01-14 08:00:00,1.16462,1.1658,1.16417,1.16467
2026-01-14 12:00:00,1.16473,1.16614,1.16456,1.16602
2026-01-14 16:00:00,1.16601,1.16619,1.16361,1.16374
2026-01-14 20:00:00,1.16372,1.16476,1.16369,1.1646
2026-01-15 00:00:00,1.16459,1.16463,1.16338,1.16392
2026-01-15 04:00:00,1.16391,1.16395,1.16267,1.16296
2026-01-15 08:00:00,1.16296,1.16404,1.16266,1.1631
2026-01-15 12:00:00,1.16311,1.16352,1.15935,1.16022
2026-01-15 16:00:00,1.16021,1.16178,1.15993,1.16138
2026-01-15 20:00:00,1.16136,1.16155,1.16023,1.16095
2026-01-16 00:00:00,1.16093,1.16143,1.16027,1.16122
2026-01-16 04:00:00,1.1612,1.16152,1.16048,1.16117
2026-01-16 08:00:00,1.16118,1.16231,1.16084,1.16199
2026-01-16 12:00:00,1.16201,1.16275,1.15851,1.15934
2026-01-16 16:00:00,1.15936,1.16055,1.159,1.15968
2026-01-16 20:00:00,1.15966,1.16068,1.15961,1.16049
2026-01-17 00:00:00,1.16051,1.16058,1.15937,1.15944
2026-01-17 04:00:00,1.15943,1.16038,1.15937,1.15957
2026-01-17 08:00:00,1.15957,1.16006,1.15937,1.15945
2026-01-17 12:00:00,1.15946,1.16048,1.15939,1.16043
2026-01-17 16:00:00,1.16042,1.16061,1.1604,1.16056
2026-01-17 20:00:00,1.16053,1.16063,1.16016,1.16051
2026-01-18 00:00:00,1.16049,1.16063,1.16047,1.16059
2026-01-18 04:00:00,1.16058,1.16065,1.16053,1.16056
2026-01-18 08:00:00,1.16056,1.16067,1.15995,1.16027
2026-01-18 12:00:00,1.16028,1.16033,1.15813,1.15881
2026-01-18 16:00:00,1.1588,1.16043,1.15654,1.15786
2026-01-18 20:00:00,1.15783,1.16261,1.15754,1.16245
2026-01-19 00:00:00,1.16243,1.16368,1.16079,1.16249
2026-01-19 04:00:00,1.16248,1.16397,1.16237,1.16262
2026-01-19 08:00:00,1.16263,1.16294,1.16123,1.16285
2026-01-19 12:00:00,1.16284,1.16429,1.16255,1.16406
2026-01-19 16:00:00,1.16404,1.16494,1.16378,1.16435
2026-01-19 20:00:00,1.16432,1.16481,1.16388,1.16396
2026-01-20 00:00:00,1.16393,1.16587,1.16324,1.1657
2026-01-20 04:00:00,1.1657,1.16929,1.16566,1.16896
2026-01-20 08:00:00,1.16896,1.1739,1.16888,1.17351
2026-01-20 12:00:00,1.17351,1.1749,1.17172,1.17284
2026-01-20 16:00:00,1.17283,1.17436,1.17133,1.17133
2026-01-20 20:00:00,1.17131,1.1729,1.17109,1.17276
2026-01-21 00:00:00,1.17276,1.17343,1.17122,1.1719
2026-01-21 04:00:00,1.1719,1.17249,1.17092,1.17168
2026-01-21 08:00:00,1.1717,1.17195,1.17019,1.17138
2026-01-21 12:00:00,1.17139,1.17433,1.17018,1.1702
2026-01-21 16:00:00,1.17019,1.17114,1.16781,1.16913
2026-01-21 20:00:00,1.16911,1.16915,1.16701,1.16733
2026-01-22 00:00:00,1.1673,1.16939,1.1673,1.16891
2026-01-22 04:00:00,1.16891,1.16975,1.16845,1.16917
2026-01-22 08:00:00,1.16917,1.1704,1.16851,1.17033
2026-01-22 12:00:00,1.17031,1.17336,1.17005,1.17334
2026-01-22 16:00:00,1.17333,1.17503,1.17321,1.17443
2026-01-22 20:00:00,1.1744,1.17596,1.17427,1.17543
2026-01-23 00:00:00,1.17541,1.17545,1.17435,1.1744
2026-01-23 04:00:00,1.1744,1.17544,1.17357,1.17367
2026-01-23 08:00:00,1.17369,1.1745,1.17288,1.17375
2026-01-23 12:00:00,1.17376,1.17621,1.17329,1.17585
2026-01-23 16:00:00,1.17583,1.1814,1.17467,1.18126
2026-01-23 20:00:00,1.18123,1.18348,1.18108,1.18285
2026-01-24 00:00:00,1.18284,1.18287,1.18225,1.18231
2026-01-24 04:00:00,1.18231,1.18243,1.18204,1.18234
2026-01-24 08:00:00,1.18234,1.18245,1.18217,1.18231
2026-01-24 12:00:00,1.18231,1.18247,1.18215,1.18242
2026-01-24 16:00:00,1.1824,1.1825,1.18228,1.18247
2026-01-24 20:00:00,1.18244,1.18252,1.18229,1.18238
2026-01-25 00:00:00,1.18236,1.18249,1.18227,1.1824
2026-01-25 04:00:00,1.1824,1.1825,1.18215,1.18242
2026-01-25 08:00:00,1.18243,1.18262,1.18169,1.18213
2026-01-25 12:00:00,1.18213,1.18219,1.18056,1.18128
2026-01-25 16:00:00,1.18126,1.1865,1.18089,1.18545
2026-01-25 20:00:00,1.1854,1.18957,1.18384,1.18597
2026-01-26 00:00:00,1.18598,1.18771,1.18448,1.18621
2026-01-26 04:00:00,1.18621,1.18714,1.1837,1.18396
2026-01-26 08:00:00,1.18398,1.18665,1.18381,1.18565
2026-01-26 12:00:00,1.18564,1.18956,1.18356,1.18954
2026-01-26 16:00:00,1.18952,1.19084,1.18703,1.18798
2026-01-26 20:00:00,1.18794,1.18858,1.18732,1.18749
2026-01-27 00:00:00,1.18749,1.18992,1.18731,1.188
2026-01-27 04:00:00,1.18801,1.18827,1.18612,1.18642
2026-01-27 08:00:00,1.18646,1.18969,1.1851,1.18966
2026-01-27 12:00:00,1.18964,1.19713,1.18951,1.19523
2026-01-27 16:00:00,1.19521,1.19908,1.19514,1.19773
2026-01-27 20:00:00,1.19771,1.20656,1.19757,1.202
2026-01-28 00:00:00,1.20195,1.20223,1.19877,1.19972
2026-01-28 04:00:00,1.19973,1.20233,1.19725,1.19908
2026-01-28 08:00:00,1.19909,1.20034,1.1963,1.19695
2026-01-28 12:00:00,1.19694,1.19834,1.1932,1.19442
2026-01-28 16:00:00,1.19439,1.19523,1.18966,1.19407
2026-01-28 20:00:00,1.19402,1.19773,1.19316,1.19772
2026-01-29 00:00:00,1.1977,1.19873,1.1954,1.19861
2026-01-29 04:00:00,1.19862,1.19941,1.19682,1.19746
2026-01-29 08:00:00,1.19749,1.19859,1.19384,1.19478
2026-01-29 12:00:00,1.19476,1.19706,1.19073,1.19294
2026-01-29 16:00:00,1.19291,1.19634,1.19291,1.19525
2026-01-29 20:00:00,1.19524,1.19744,1.19471,1.19664
2026-01-30 00:00:00,1.19661,1.19733,1.18944,1.1921
2026-01-30 04:00:00,1.1921,1.1941,1.19144,1.1938
2026-01-30 08:00:00,1.19381,1.1949,1.18984,1.1949
2026-01-30 12:00:00,1.1949,1.19544,1.18842,1.18975
2026-01-30 16:00:00,1.18973,1.18977,1.18533,1.18686
2026-01-30 20:00:00,1.18683,1.18689,1.18503,1.18567
2026-01-31 00:00:00,1.18566,1.18614,1.18552,1.18608
2026-01-31 04:00:00,1.18609,1.18614,1.18558,1.18599
2026-01-31 08:00:00,1.18601,1.18614,1.18566,1.1861
2026-01-31 12:00:00,1.18609,1.18614,1.18517,1.18535
2026-01-31 16:00:00,1.18533,1.18552,1.18531,1.18539
2026-01-31 20:00:00,1.18537,1.18551,1.18527,1.18544
2026-02-01 00:00:00,1.18544,1.18572,1.18538,1.18546
2026-02-01 04:00:00,1.18547,1.18554,1.18543,1.18548
2026-02-01 08:00:00,1.18548,1.18554,1.18505,1.18523
2026-02-01 12:00:00,1.18522,1.18578,1.1849,1.18522
2026-02-01 16:00:00,1.18519,1.18739,1.18364,1.18533
2026-02-01 20:00:00,1.18534,1.18656,1.18396,1.18474
2026-02-02 00:00:00,1.18471,1.18745,1.18471,1.18652
2026-02-02 04:00:00,1.18653,1.18713,1.18429,1.18549
2026-02-02 08:00:00,1.18553,1.18713,1.18443,1.18653
2026-02-02 12:00:00,1.18652,1.18691,1.17899,1.17924
2026-02-02 16:00:00,1.17921,1.18126,1.17758,1.17897
2026-02-02 20:00:00,1.17899,1.1799,1.17814,1.17987
2026-02-03 00:00:00,1.17986,1.18149,1.17986,1.18116
2026-02-03 04:00:00,1.18115,1.18237,1.18051,1.18167
2026-02-03 08:00:00,1.18167,1.18188,1.17815,1.17879
2026-02-03 12:00:00,1.17878,1.18136,1.178,1.18135
2026-02-03 16:00:00,1.18133,1.18282,1.18063,1.18154
2026-02-03 20:00:00,1.18156,1.18255,1.18101,1.18156
2026-02-04 00:00:00,1.18155,1.18318,1.18088,1.18271
2026-02-04 04:00:00,1.18271,1.18364,1.18255,1.18319
2026-02-04 08:00:00,1.18319,1.18375,1.18063,1.18115
2026-02-04 12:00:00,1.18113,1.18272,1.17918,1.17967
2026-02-04 16:00:00,1.17963,1.18157,1.17923,1.18095
2026-02-04 20:00:00,1.18093,1.18098,1.1801,1.18011
2026-02-05 00:00:00,1.1801,1.18075,1.17849,1.17888
2026-02-05 04:00:00,1.17889,1.18036,1.17845,1.17986
2026-02-05 08:00:00,1.17987,1.18081,1.1781,1.17936
2026-02-05 12:00:00,1.17934,1.1821,1.17837,1.1793
2026-02-05 16:00:00,1.1793,1.18041,1.17865,1.17946
2026-02-05 20:00:00,1.17946,1.17948,1.17751,1.17773
2026-02-06 00:00:00,1.17773,1.17916,1.17673,1.17879
2026-02-06 04:00:00,1.1788,1.18028,1.17878,1.17915
2026-02-06 08:00:00,1.17915,1.18,1.17861,1.17902
2026-02-06 12:00:00,1.179,1.18255,1.17892,1.18193
2026-02-06 16:00:00,1.18189,1.18231,1.18112,1.18195
2026-02-06 20:00:00,1.18192,1.18276,1.1814,1.18209
2026-02-07 00:00:00,1.18209,1.1821,1.18079,1.18085
2026-02-07 04:00:00,1.18085,1.18186,1.18074,1.18096
2026-02-07 08:00:00,1.18095,1.18192,1.18073,1.18088
2026-02-07 12:00:00,1.18086,1.18195,1.18083,1.18185
2026-02-07 16:00:00,1.18182,1.18202,1.18179,1.18188
2026-02-07 20:00:00,1.18186,1.18204,1.18174,1.18188
2026-02-08 08:00:00,1.18147,1.18147,1.18147,1.18147
2026-02-08 20:00:00,1.18145,1.18272,1.18098,1.18268
2026-02-09 00:00:00,1.18265,1.18329,1.18167,1.18193
2026-02-09 04:00:00,1.18193,1.18597,1.18193,1.18557
2026-02-09 08:00:00,1.18559,1.18716,1.18518,1.18691
2026-02-09 12:00:00,1.18713,1.19262,1.18708,1.19117
2026-02-09 16:00:00,1.19124,1.19224,1.18933,1.19201
2026-02-09 20:00:00,1.19198,1.19214,1.19026,1.19038
2026-02-10 00:00:00,1.19038,1.19176,1.18968,1.19111
2026-02-10 04:00:00,1.19113,1.19126,1.1901,1.1907
2026-02-10 08:00:00,1.19071,1.19203,1.19011,1.1904
2026-02-10 12:00:00,1.19037,1.19271,1.18903,1.19148
2026-02-10 16:00:00,1.19145,1.1915,1.18879,1.19017
2026-02-10 20:00:00,1.19015,1.19037,1.18861,1.18881
2026-02-11 00:00:00,1.18882,1.19131,1.18875,1.19108
2026-02-11 04:00:00,1.1911,1.19255,1.19067,1.19175
2026-02-11 08:00:00,1.19177,1.19268,1.19074,1.19099
2026-02-11 12:00:00,1.19097,1.19101,1.18387,1.186
2026-02-11 16:00:00,1.18599,1.18946,1.1854,1.18801
2026-02-11 20:00:00,1.18799,1.18814,1.18691,1.18754
2026-02-12 00:00:00,1.18754,1.18845,1.18665,1.18697
2026-02-12 04:00:00,1.18698,1.1875,1.18535,1.1873
2026-02-12 08:00:00,1.18731,1.18884,1.18715,1.18842
2026-02-12 12:00:00,1.18839,1.1888,1.18679,1.18864
2026-02-12 16:00:00,1.18862,1.18897,1.18574,1.18702
2026-02-12 20:00:00,1.18701,1.18728,1.18634,1.18692
2026-02-13 00:00:00,1.18693,1.18729,1.1863,1.18672
2026-02-13 04:00:00,1.18673,1.18678,1.18485,1.18591
2026-02-13 08:00:00,1.1859,1.18664,1.18537,1.18585
2026-02-13 12:00:00,1.18582,1.18862,1.18503,1.18503
2026-02-13 16:00:00,1.18501,1.18838,1.18497,1.18672
2026-02-13 20:00:00,1.18672,1.18798,1.18649,1.18735
2026-02-14 00:00:00,1.18734,1.18735,1.18618,1.18627
2026-02-14 04:00:00,1.18628,1.18698,1.18615,1.18636
2026-02-14 08:00:00,1.18634,1.18693,1.18607,1.18613
2026-02-14 12:00:00,1.18611,1.18713,1.18461,1.18653
2026-02-14 16:00:00,1.18658,1.18696,1.18451,1.18495
2026-02-14 20:00:00,1.18494,1.18969,1.18405,1.18717
2026-02-15 00:00:00,1.18718,1.18723,1.18652,1.18706
2026-02-15 04:00:00,1.18706,1.18716,1.18705,1.18712
2026-02-15 08:00:00,1.18711,1.18717,1.18708,1.18715
2026-02-15 12:00:00,1.18712,1.1872,1.18625,1.1864
2026-02-15 16:00:00,1.18638,1.18776,1.18553,1.18711
2026-02-15 20:00:00,1.1871,1.18794,1.18634,1.18666
2026-02-16 00:00:00,1.18667,1.18692,1.186,1.18675
2026-02-16 04:00:00,1.18675,1.18703,1.18604,1.18631
2026-02-16 08:00:00,1.18629,1.1871,1.18583,1.18622
2026-02-16 12:00:00,1.1862,1.18632,1.1849,1.18546
2026-02-16 16:00:00,1.18544,1.18566,1.18465,1.18542
2026-02-16 20:00:00,1.18541,1.18558,1.18476,1.18504
2026-02-17 00:00:00,1.18506,1.18519,1.1839,1.18418
2026-02-17 04:00:00,1.18418,1.1846,1.18299,1.18328
2026-02-17 08:00:00,1.18326,1.18504,1.18257,1.18303
2026-02-17 12:00:00,1.18299,1.18358,1.18058,1.18112
2026-02-17 16:00:00,1.18108,1.18531,1.18108,1.18483
2026-02-17 20:00:00,1.18483,1.1858,1.18473,1.18515
2026-02-18 00:00:00,1.18516,1.1854,1.18417,1.18419
2026-02-18 04:00:00,1.18419,1.1847,1.18338,1.1835
2026-02-18 08:00:00,1.18348,1.18411,1.18293,1.1835
2026-02-18 12:00:00,1.18346,1.1849,1.18136,1.18225
2026-02-18 16:00:00,1.18223,1.18254,1.17836,1.1787
2026-02-18 20:00:00,1.1787,1.17905,1.17826,1.17886
2026-02-19 00:00:00,1.17887,1.17958,1.17861,1.1791
2026-02-19 04:00:00,1.17911,1.18038,1.17853,1.18018
2026-02-19 08:00:00,1.18017,1.18079,1.17762,1.17808
2026-02-19 12:00:00,1.17805,1.1781,1.17428,1.17634
2026-02-19 16:00:00,1.17633,1.17742,1.17564,1.17636
2026-02-19 20:00:00,1.17636,1.17785,1.17636,1.17689
2026-02-20 00:00:00,1.1769,1.17721,1.17545,1.17581
2026-02-20 04:00:00,1.1758,1.17622,1.17494,1.17521
2026-02-20 08:00:00,1.17519,1.17692,1.17448,1.17683
2026-02-20 12:00:00,1.17681,1.18064,1.17572,1.17863
2026-02-20 16:00:00,1.17858,1.17973,1.17671,1.1781
2026-02-20 20:00:00,1.17811,1.17925,1.17784,1.17878
2026-02-21 00:00:00,1.17877,1.17877,1.17832,1.17835
2026-02-21 04:00:00,1.17835,1.17857,1.17832,1.17843
2026-02-21 08:00:00,1.17841,1.17857,1.17831,1.17837
2026-02-21 12:00:00,1.17834,1.17853,1.17832,1.17836
2026-02-21 16:00:00,1.17835,1.1784,1.17833,1.17834
2026-02-21 20:00:00,1.17835,1.1784,1.17833,1.17834
2026-02-22 00:00:00,1.17835,1.1784,1.17833,1.17835
2026-02-22 04:00:00,1.17835,1.1784,1.17833,1.17837
2026-02-22 08:00:00,1.17835,1.1784,1.17833,1.17837
2026-02-22 12:00:00,1.17835,1.1784,1.17832,1.17835
2026-02-22 16:00:00,1.17833,1.17954,1.17752,1.17865
2026-02-22 20:00:00,1.17866,1.18375,1.178,1.18333
2026-02-23 00:00:00,1.1833,1.18354,1.18177,1.18239
2026-02-23 04:00:00,1.18237,1.18345,1.18157,1.18235
2026-02-23 08:00:00,1.18232,1.18242,1.17817,1.17862
2026-02-23 12:00:00,1.1786,1.18097,1.17752,1.17953
2026-02-23 16:00:00,1.17953,1.18073,1.17882,1.17914
2026-02-23 20:00:00,1.17914,1.17956,1.17846,1.17936
2026-02-24 00:00:00,1.17936,1.17963,1.17724,1.17755
2026-02-24 04:00:00,1.17754,1.17831,1.17685,1.17791
2026-02-24 08:00:00,1.17788,1.17932,1.17733,1.17815
2026-02-24 12:00:00,1.17812,1.17829,1.17671,1.1773
2026-02-24 16:00:00,1.17729,1.17904,1.17729,1.17794
2026-02-24 20:00:00,1.17794,1.17835,1.17727,1.1774
2026-02-25 00:00:00,1.17742,1.17947,1.17739,1.17906
2026-02-25 04:00:00,1.17905,1.18076,1.17882,1.17987
2026-02-25 08:00:00,1.17985,1.17998,1.17712,1.17747
2026-02-25 12:00:00,1.17744,1.18026,1.17738,1.18005
2026-02-25 16:00:00,1.18002,1.18147,1.17983,1.18073
2026-02-25 20:00:00,1.18073,1.18164,1.18037,1.18154
2026-02-26 00:00:00,1.18155,1.18288,1.18128,1.1818
2026-02-26 04:00:00,1.18178,1.18221,1.18093,1.1817
2026-02-26 08:00:00,1.18169,1.18172,1.1794,1.18011
2026-02-26 12:00:00,1.18008,1.18171,1.17804,1.17983
2026-02-26 16:00:00,1.17982,1.17992,1.1774,1.17976
2026-02-26 20:00:00,1.17976,1.1804,1.17955,1.18028
2026-02-27 00:00:00,1.18029,1.18057,1.17899,1.18042
2026-02-27 04:00:00,1.18041,1.18201,1.17977,1.18163
2026-02-27 08:00:00,1.1816,1.18221,1.17922,1.18009
2026-02-27 12:00:00,1.18006,1.18162,1.17913,1.18077
2026-02-27 16:00:00,1.18077,1.18263,1.18062,1.18192
2026-02-27 20:00:00,1.18194,1.18262,1.18115,1.18161
2026-02-28 00:00:00,1.18159,1.1816,1.1805,1.18059
2026-02-28 04:00:00,1.18058,1.18126,1.18052,1.18075
2026-02-28 08:00:00,1.18072,1.18141,1.18052,1.1806
2026-02-28 12:00:00,1.18058,1.18152,1.18053,1.18123
2026-02-28 16:00:00,1.18123,1.18169,1.18121,1.18163
2026-02-28 20:00:00,1.18164,1.18173,1.18155,1.18165
2026-03-01 00:00:00,1.18166,1.18174,1.1816,1.1817
2026-03-01 04:00:00,1.18169,1.18175,1.18151,1.18167
2026-03-01 08:00:00,1.18165,1.18177,1.18143,1.18147
2026-03-01 12:00:00,1.18144,1.1815,1.18103,1.18105
2026-03-01 16:00:00,1.18105,1.18153,1.17502,1.17839
2026-03-01 20:00:00,1.1785,1.1797,1.17527,1.17597
2026-03-02 00:00:00,1.17596,1.17959,1.17587,1.17895
2026-03-02 04:00:00,1.17894,1.17908,1.17058,1.17163
2026-03-02 08:00:00,1.17158,1.17468,1.16992,1.17337
2026-03-02 12:00:00,1.17338,1.1734,1.16809,1.16809
2026-03-02 16:00:00,1.16809,1.17137,1.16731,1.1712
2026-03-02 20:00:00,1.1712,1.1713,1.16785,1.16958
2026-03-03 00:00:00,1.16956,1.17068,1.16866,1.16913
2026-03-03 04:00:00,1.16911,1.16933,1.16433,1.16447
2026-03-03 08:00:00,1.16445,1.16449,1.15822,1.15969
2026-03-03 12:00:00,1.15967,1.16149,1.15316,1.1575
2026-03-03 16:00:00,1.1575,1.16246,1.15713,1.16142
2026-03-03 20:00:00,1.16141,1.16241,1.16104,1.16117
2026-03-04 00:00:00,1.16116,1.16118,1.15767,1.1609
2026-03-04 04:00:00,1.16088,1.16255,1.15883,1.16173
2026-03-04 08:00:00,1.16172,1.16542,1.15948,1.16352
2026-03-04 12:00:00,1.16349,1.16497,1.16183,1.16388
2026-03-04 16:00:00,1.16388,1.16458,1.1624,1.16402
2026-03-04 20:00:00,1.16403,1.16444,1.16302,1.1635
2026-03-05 00:00:00,1.1635,1.16469,1.16109,1.16124
2026-03-05 04:00:00,1.16122,1.16184,1.1588,1.16061
2026-03-05 08:00:00,1.16062,1.16464,1.15827,1.16112
2026-03-05 12:00:00,1.16109,1.16273,1.1569,1.15834
2026-03-05 16:00:00,1.15834,1.15963,1.1561,1.1572
2026-03-05 20:00:00,1.15722,1.16102,1.15713,1.16075
2026-03-06 00:00:00,1.16074,1.16213,1.1606,1.16199
2026-03-06 04:00:00,1.16197,1.16212,1.16033,1.16145
2026-03-06 08:00:00,1.16143,1.16148,1.15618,1.15631
2026-03-06 12:00:00,1.15628,1.15928,1.1547,1.15777
2026-03-06 16:00:00,1.15777,1.162,1.15777,1.16032
2026-03-06 20:00:00,1.16031,1.1624,1.15969,1.16224
2026-03-07 00:00:00,1.16222,1.16223,1.16169,1.16173
2026-03-07 04:00:00,1.16171,1.16186,1.16169,1.16178
2026-03-07 08:00:00,1.16176,1.16186,1.16169,1.16172
2026-03-07 12:00:00,1.16171,1.16196,1.16169,1.1619
2026-03-07 16:00:00,1.1619,1.16199,1.16179,1.1619
2026-03-07 20:00:00,1.16191,1.16198,1.16177,1.16188
2026-03-08 00:00:00,1.16187,1.16206,1.16172,1.16194
2026-03-08 04:00:00,1.16191,1.16199,1.16182,1.16186
2026-03-08 08:00:00,1.16183,1.16214,1.16169,1.16172
2026-03-08 12:00:00,1.16171,1.16186,1.16133,1.1618
2026-03-08 16:00:00,1.16181,1.16208,1.15514,1.15694
2026-03-08 20:00:00,1.15678,1.15805,1.15229,1.15241
2026-03-09 00:00:00,1.15241,1.15326,1.15085,1.15167
2026-03-09 04:00:00,1.15164,1.15705,1.15164,1.1562
2026-03-09 08:00:00,1.15613,1.15702,1.15166,1.1559
2026-03-09 12:00:00,1.15586,1.15924,1.15463,1.15922
2026-03-09 16:00:00,1.15922,1.16302,1.15763,1.16109
2026-03-09 20:00:00,1.16111,1.16462,1.16108,1.16165
2026-03-10 00:00:00,1.16164,1.16349,1.16083,1.16102
2026-03-10 04:00:00,1.161,1.16641,1.16079,1.16593
2026-03-10 08:00:00,1.16591,1.16598,1.1622,1.16395
2026-03-10 12:00:00,1.16395,1.1655,1.16237,1.16475
2026-03-10 16:00:00,1.16475,1.16684,1.161,1.16146
2026-03-10 20:00:00,1.16145,1.16171,1.16034,1.16114
2026-03-11 00:00:00,1.16115,1.16325,1.16072,1.16311
2026-03-11 04:00:00,1.16309,1.16426,1.16137,1.16167
2026-03-11 08:00:00,1.16165,1.16218,1.15913,1.1597
2026-03-11 12:00:00,1.15971,1.16086,1.15687,1.1571
2026-03-11 16:00:00,1.15709,1.15767,1.15637,1.15735
2026-03-11 20:00:00,1.15734,1.15754,1.15399,1.15429
2026-03-12 00:00:00,1.15427,1.15555,1.15329,1.15384
2026-03-12 04:00:00,1.1538,1.15528,1.1532,1.15497
2026-03-12 08:00:00,1.1549,1.15647,1.15445,1.15567
2026-03-12 12:00:00,1.15567,1.15569,1.15115,1.15207
2026-03-12 16:00:00,1.1521,1.15316,1.15113,1.15159
2026-03-12 20:00:00,1.15157,1.15229,1.15101,1.15221
2026-03-13 00:00:00,1.15219,1.15292,1.15051,1.15095
2026-03-13 04:00:00,1.15092,1.15097,1.14543,1.14577
2026-03-13 08:00:00,1.14577,1.14699,1.14347,1.14682
2026-03-13 12:00:00,1.14682,1.149,1.14358,1.1444
2026-03-13 16:00:00,1.1444,1.14493,1.14206,1.14224
2026-03-13 20:00:00,1.14223,1.14722,1.14113,1.14661
2026-03-14 00:00:00,1.1466,1.147,1.14431,1.14688
2026-03-14 04:00:00,1.14685,1.14707,1.14131,1.1423
2026-03-14 08:00:00,1.14233,1.1471,1.14121,1.14169
2026-03-14 12:00:00,1.14169,1.14668,1.14144,1.14617
2026-03-14 16:00:00,1.14618,1.14702,1.14296,1.1455
2026-03-14 20:00:00,1.14551,1.14706,1.14549,1.14692
2026-03-15 00:00:00,1.14691,1.14696,1.14497,1.14681
2026-03-15 04:00:00,1.14678,1.14707,1.14586,1.14693
2026-03-15 08:00:00,1.14691,1.14702,1.14444,1.14445
2026-03-15 12:00:00,1.14445,1.1445,1.14063,1.14123
2026-03-15 16:00:00,1.14124,1.14306,1.13515,1.14237
2026-03-15 20:00:00,1.14234,1.14352,1.14157,1.14352
2026-03-16 00:00:00,1.14351,1.14556,1.1435,1.14513
2026-03-16 04:00:00,1.14512,1.14516,1.14146,1.1425
2026-03-16 08:00:00,1.14243,1.14878,1.14243,1.14793
2026-03-16 12:00:00,1.14793,1.15016,1.14729,1.14855
2026-03-16 16:00:00,1.14856,1.15237,1.14777,1.15071
2026-03-16 20:00:00,1.15074,1.15102,1.14956,1.14992
2026-03-17 00:00:00,1.1499,1.15021,1.1487,1.14927
2026-03-17 04:00:00,1.14925,1.15002,1.1468,1.14943
2026-03-17 08:00:00,1.1494,1.15237,1.14893,1.15084
2026-03-17 12:00:00,1.15084,1.15421,1.15052,1.15251
2026-03-17 16:00:00,1.15251,1.15475,1.15203,1.15348
2026-03-17 20:00:00,1.1535,1.15443,1.15348,1.15396
2026-03-18 00:00:00,1.15394,1.15435,1.15324,1.15366
2026-03-18 04:00:00,1.15362,1.15493,1.1525,1.15257
2026-03-18 08:00:00,1.15254,1.1554,1.15192,1.15477
2026-03-18 12:00:00,1.15477,1.15478,1.14925,1.1515
2026-03-18 16:00:00,1.15147,1.15226,1.14693,1.14696
2026-03-18 20:00:00,1.14695,1.14735,1.14499,1.14641
2026-03-19 00:00:00,1.1464,1.1493,1.14638,1.1476
2026-03-19 04:00:00,1.1476,1.14763,1.14528,1.14528
2026-03-19 08:00:00,1.14525,1.1488,1.14437,1.14784
2026-03-19 12:00:00,1.14785,1.15358,1.1465,1.15049
2026-03-19 16:00:00,1.15045,1.16164,1.15024,1.15802
2026-03-19 20:00:00,1.158,1.15975,1.15754,1.15773
2026-03-20 00:00:00,1.15771,1.15806,1.15564,1.15572
2026-03-20 04:00:00,1.1557,1.15734,1.15531,1.15729
2026-03-20 08:00:00,1.15727,1.15804,1.15364,1.15713
2026-03-20 12:00:00,1.15714,1.15788,1.15257,1.15443
2026-03-20 16:00:00,1.15441,1.15707,1.15426,1.15578
2026-03-20 20:00:00,1.15579,1.1617,1.15578,1.16022
2026-03-21 00:00:00,1.16018,1.16051,1.15908,1.15918
2026-03-21 04:00:00,1.15915,1.15927,1.15775,1.15916
2026-03-21 08:00:00,1.15915,1.15931,1.15842,1.15915
2026-03-21 12:00:00,1.15915,1.15931,1.15871,1.15881
2026-03-21 16:00:00,1.15882,1.15918,1.15788,1.15868
2026-03-21 20:00:00,1.15867,1.15935,1.15836,1.15907
2026-03-22 00:00:00,1.15905,1.15922,1.15834,1.15893
2026-03-22 04:00:00,1.15891,1.15933,1.15889,1.15929
2026-03-22 08:00:00,1.15928,1.15951,1.15846,1.15916
2026-03-22 12:00:00,1.15916,1.15921,1.15719,1.15761
2026-03-22 16:00:00,1.15762,1.15767,1.15237,1.15448
2026-03-22 20:00:00,1.15452,1.15644,1.1535,1.15613
2026-03-23 00:00:00,1.15609,1.1564,1.15404,1.1548
2026-03-23 04:00:00,1.15476,1.15528,1.15217,1.15277
2026-03-23 08:00:00,1.15275,1.16148,1.14832,1.15586
2026-03-23 12:00:00,1.15585,1.16393,1.15446,1.15858
2026-03-23 16:00:00,1.15859,1.16374,1.15786,1.16148
2026-03-23 20:00:00,1.16146,1.16177,1.16069,1.1608
2026-03-24 00:00:00,1.16077,1.16082,1.15805,1.15831
2026-03-24 04:00:00,1.15828,1.16139,1.15765,1.16083
2026-03-24 08:00:00,1.16083,1.16097,1.15796,1.15898
2026-03-24 12:00:00,1.15899,1.16019,1.15693,1.1582
2026-03-24 16:00:00,1.15818,1.15928,1.15595,1.15855
2026-03-24 20:00:00,1.15854,1.16253,1.15824,1.16145
2026-03-25 00:00:00,1.16143,1.163,1.16018,1.16036
2026-03-25 04:00:00,1.16034,1.16053,1.15874,1.1597
2026-03-25 08:00:00,1.1597,1.16169,1.15921,1.16042
2026-03-25 12:00:00,1.16046,1.16128,1.15629,1.15688
2026-03-25 16:00:00,1.15692,1.15818,1.15553,1.15625
2026-03-25 20:00:00,1.15624,1.15627,1.15556,1.1562
2026-03-26 00:00:00,1.15617,1.15692,1.15546,1.15688
2026-03-26 04:00:00,1.15686,1.15727,1.15509,1.15548
2026-03-26 08:00:00,1.15549,1.15656,1.15235,1.15242
2026-03-26 12:00:00,1.15243,1.1555,1.15242,1.15407
2026-03-26 16:00:00,1.15409,1.15429,1.15225,1.15227
2026-03-26 20:00:00,1.15225,1.15472,1.15199,1.15349
2026-03-27 00:00:00,1.15346,1.15424,1.15247,1.15388
2026-03-27 04:00:00,1.15386,1.15462,1.15184,1.15185
2026-03-27 08:00:00,1.15184,1.15268,1.15059,1.15087
2026-03-27 12:00:00,1.15086,1.15491,1.1502,1.15211
2026-03-27 16:00:00,1.1521,1.15271,1.15068,1.1518
2026-03-27 20:00:00,1.15178,1.15542,1.15079,1.15427
2026-03-28 00:00:00,1.15423,1.15459,1.15307,1.15455
2026-03-28 04:00:00,1.15454,1.15459,1.15086,1.15147
2026-03-28 08:00:00,1.15148,1.1537,1.1509,1.15103
2026-03-28 12:00:00,1.15104,1.15395,1.1509,1.15377
2026-03-28 16:00:00,1.15377,1.15403,1.15259,1.15393
2026-03-28 20:00:00,1.15391,1.15409,1.15296,1.15383
2026-03-29 00:00:00,1.15381,1.15407,1.15279,1.15394
2026-03-29 04:00:00,1.1539,1.15428,1.15174,1.1536
2026-03-29 08:00:00,1.1536,1.15418,1.15278,1.15315
2026-03-29 12:00:00,1.15316,1.15321,1.1488,1.1503
2026-03-29 16:00:00,1.1503,1.15197,1.14874,1.15007
2026-03-29 20:00:00,1.15005,1.15131,1.14868,1.14913
2026-03-30 00:00:00,1.1491,1.15191,1.14908,1.15162
2026-03-30 04:00:00,1.1516,1.1521,1.14947,1.14975
2026-03-30 08:00:00,1.14975,1.15011,1.14842,1.14859
2026-03-30 12:00:00,1.14858,1.14886,1.14451,1.14543
2026-03-30 16:00:00,1.14543,1.14665,1.14471,1.14592
2026-03-30 20:00:00,1.1459,1.1468,1.14531,1.14562
2026-03-31 00:00:00,1.14558,1.14902,1.14496,1.14697
2026-03-31 04:00:00,1.14694,1.14754,1.14616,1.14711
2026-03-31 08:00:00,1.14712,1.14891,1.14581,1.14886
2026-03-31 12:00:00,1.14894,1.15394,1.14886,1.1516
2026-03-31 16:00:00,1.15161,1.15593,1.15148,1.15593
2026-03-31 20:00:00,1.15591,1.15745,1.15522,1.15745
2026-04-01 00:00:00,1.15745,1.15785,1.15558,1.15613
2026-04-01 04:00:00,1.15612,1.16006,1.156,1.15826
2026-04-01 08:00:00,1.15826,1.16111,1.15786,1.16083
2026-04-01 12:00:00,1.16084,1.1626,1.15958,1.16145
2026-04-01 16:00:00,1.16144,1.16235,1.15784,1.15851
2026-04-01 20:00:00,1.15849,1.15945,1.1584,1.15907
2026-04-02 00:00:00,1.15906,1.15995,1.15392,1.154
2026-04-02 04:00:00,1.15398,1.15416,1.15164,1.15323
2026-04-02 08:00:00,1.15324,1.15357,1.15093,1.15182
2026-04-02 12:00:00,1.15182,1.15602,1.15181,1.15451
2026-04-02 16:00:00,1.15451,1.15498,1.15336,1.15349
2026-04-02 20:00:00,1.15347,1.15434,1.15335,1.15419
2026-04-03 00:00:00,1.15416,1.15456,1.1532,1.15365
2026-04-03 04:00:00,1.15364,1.15465,1.15294,1.15433
2026-04-03 08:00:00,1.15433,1.15482,1.15408,1.15442
2026-04-03 12:00:00,1.15444,1.15458,1.15198,1.1522
2026-04-03 16:00:00,1.15219,1.15225,1.15141,1.15147
2026-04-03 20:00:00,1.15145,1.15256,1.15141,1.15208
2026-04-04 00:00:00,1.15208,1.15236,1.15138,1.15164
2026-04-04 04:00:00,1.15164,1.15211,1.1514,1.15198
2026-04-04 08:00:00,1.15198,1.15225,1.15133,1.15182
2026-04-04 12:00:00,1.15182,1.15212,1.1515,1.15162
2026-04-04 17:00:00,1.15161,1.15206,1.1516,1.15204
2026-04-04 21:00:00,1.15201,1.15208,1.15164,1.15201
2026-04-05 01:00:00,1.15199,1.15208,1.15179,1.152
2026-04-05 05:00:00,1.152,1.15208,1.15164,1.15201
2026-04-05 09:00:00,1.15201,1.15209,1.15187,1.15195
2026-04-05 13:00:00,1.15196,1.15313,1.15151,1.1525
2026-04-05 17:00:00,1.15248,1.15251,1.144,1.15201
2026-04-05 21:00:00,1.15199,1.15251,1.15066,1.15125
2026-04-06 01:00:00,1.15123,1.15288,1.15069,1.15246
2026-04-06 05:00:00,1.15246,1.15696,1.15226,1.15563
2026-04-06 09:00:00,1.15564,1.15586,1.15412,1.15542
2026-04-06 13:00:00,1.1554,1.15702,1.15368,1.15449
2026-04-06 17:00:00,1.15448,1.15523,1.15345,1.15432
2026-04-06 21:00:00,1.1543,1.15479,1.15374,1.15383
2026-04-07 01:00:00,1.15382,1.15398,1.15261,1.15383
2026-04-07 05:00:00,1.15382,1.15759,1.15307,1.15742
2026-04-07 09:00:00,1.15742,1.15751,1.15476,1.15611
2026-04-07 13:00:00,1.1561,1.15801,1.15564,1.15714
2026-04-07 17:00:00,1.15713,1.16044,1.1567,1.15976
2026-04-07 21:00:00,1.15976,1.16939,1.15948,1.16719
2026-04-08 01:00:00,1.16716,1.16883,1.16667,1.16757
2026-04-08 05:00:00,1.16757,1.17074,1.16726,1.16811
2026-04-08 09:00:00,1.16813,1.17177,1.16788,1.17147
2026-04-08 13:00:00,1.17148,1.17208,1.16775,1.16819
2026-04-08 17:00:00,1.16817,1.16852,1.16458,1.16627
2026-04-08 21:00:00,1.16625,1.16674,1.16538,1.16583
2026-04-09 01:00:00,1.16581,1.16712,1.16511,1.16672
2026-04-09 05:00:00,1.16672,1.16746,1.16551,1.16721
2026-04-09 09:00:00,1.16721,1.16892,1.16696,1.16859
2026-04-09 13:00:00,1.16859,1.1714,1.1675,1.17112
2026-04-09 17:00:00,1.1711,1.17231,1.16954,1.16993
2026-04-09 21:00:00,1.16989,1.17027,1.16861,1.16872
2026-04-10 01:00:00,1.16869,1.1697,1.16866,1.1692
2026-04-10 05:00:00,1.1692,1.16927,1.1678,1.1686
2026-04-10 09:00:00,1.16862,1.17244,1.16845,1.17204
2026-04-10 13:00:00,1.17203,1.17393,1.17143,1.17212
2026-04-10 17:00:00,1.1721,1.17359,1.17187,1.17259
2026-04-10 21:00:00,1.17258,1.17287,1.17178,1.17182
2026-04-11 01:00:00,1.17181,1.17255,1.17176,1.17181
2026-04-11 05:00:00,1.17181,1.17223,1.17177,1.1718
2026-04-11 09:00:00,1.17181,1.17259,1.17161,1.17253
2026-04-11 13:00:00,1.17252,1.1726,1.17246,1.1725
2026-04-11 17:00:00,1.17248,1.17262,1.17205,1.17257
2026-04-11 21:00:00,1.17254,1.17266,1.1717,1.17263
2026-04-12 01:00:00,1.17261,1.17267,1.17245,1.17258
2026-04-12 05:00:00,1.17258,1.17269,1.17245,1.17261
2026-04-12 09:00:00,1.17261,1.1731,1.1725,1.17307
2026-04-12 13:00:00,1.17307,1.17312,1.17202,1.17268
2026-04-12 17:00:00,1.17266,1.17293,1.16594,1.1688
2026-04-12 21:00:00,1.1688,1.16882,1.16652,1.16867
2026-04-13 01:00:00,1.16864,1.16906,1.16809,1.16863
2026-04-13 05:00:00,1.16863,1.16998,1.16785,1.16859
2026-04-13 09:00:00,1.16863,1.17003,1.16817,1.16989
2026-04-13 13:00:00,1.16987,1.17297,1.16967,1.17256
2026-04-13 17:00:00,1.17253,1.17654,1.17253,1.17595
2026-04-13 21:00:00,1.17593,1.17675,1.17558,1.1766
2026-04-14 01:00:00,1.17659,1.17705,1.1757,1.17679
2026-04-14 05:00:00,1.17679,1.17956,1.17583,1.17822
2026-04-14 09:00:00,1.17824,1.18045,1.17821,1.18042
2026-04-14 13:00:00,1.18042,1.1811,1.17888,1.17952
2026-04-14 17:00:00,1.1795,1.17999,1.17896,1.1796
2026-04-14 21:00:00,1.17956,1.18018,1.17899,1.17947
2026-04-15 01:00:00,1.17946,1.17972,1.17794,1.17888
2026-04-15 05:00:00,1.17889,1.18004,1.17838,1.17905
2026-04-15 09:00:00,1.17905,1.17916,1.17734,1.17892
2026-04-15 13:00:00,1.17891,1.18086,1.17848,1.1802
2026-04-15 17:00:00,1.18018,1.18049,1.17933,1.17998
2026-04-15 21:00:00,1.17996,1.18083,1.17983,1.18073
2026-04-16 01:00:00,1.18072,1.18243,1.17973,1.181
2026-04-16 05:00:00,1.181,1.18102,1.17776,1.17867
2026-04-16 09:00:00,1.17867,1.17887,1.17725,1.17827
2026-04-16 13:00:00,1.17825,1.17876,1.17676,1.17753
2026-04-16 17:00:00,1.17751,1.1786,1.17693,1.17827
2026-04-16 21:00:00,1.17827,1.17875,1.1778,1.17798
2026-04-17 01:00:00,1.17798,1.17853,1.17737,1.17829
2026-04-17 05:00:00,1.1783,1.17954,1.17727,1.17943
2026-04-17 09:00:00,1.17944,1.18346,1.17914,1.18336
2026-04-17 13:00:00,1.18334,1.18488,1.17935,1.17995
2026-04-17 17:00:00,1.17994,1.17997,1.1763,1.17646
2026-04-17 21:00:00,1.17643,1.17969,1.17629,1.17632
2026-04-18 01:00:00,1.17631,1.17691,1.17601,1.17632
2026-04-18 05:00:00,1.17633,1.17717,1.17628,1.17633
2026-04-18 09:00:00,1.17633,1.17754,1.1763,1.17698
2026-04-18 13:00:00,1.17696,1.17739,1.1762,1.17653
2026-04-18 17:00:00,1.17651,1.17728,1.17644,1.17727
2026-04-18 21:00:00,1.17725,1.1775,1.17629,1.17702
2026-04-19 01:00:00,1.17701,1.17757,1.17647,1.17738
2026-04-19 05:00:00,1.17738,1.17744,1.17668,1.17735
2026-04-19 09:00:00,1.17735,1.17754,1.17479,1.17664
2026-04-19 13:00:00,1.17662,1.17673,1.175,1.17555
2026-04-19 17:00:00,1.17552,1.17804,1.17303,1.17416
2026-04-19 21:00:00,1.1741,1.17569,1.17299,1.17552
2026-04-20 01:00:00,1.17552,1.17626,1.17515,1.17593
2026-04-20 05:00:00,1.17594,1.17721,1.17482,1.17618
2026-04-20 09:00:00,1.17619,1.17752,1.17561,1.17639
2026-04-20 13:00:00,1.17638,1.17895,1.17616,1.17853
2026-04-20 17:00:00,1.17849,1.17901,1.178,1.17877
2026-04-20 21:00:00,1.17874,1.1791,1.17811,1.17833
2026-04-21 01:00:00,1.17833,1.17862,1.17737,1.17757
2026-04-21 05:00:00,1.17758,1.17827,1.17571,1.17646
2026-04-21 09:00:00,1.17646,1.1768,1.17569,1.17591
2026-04-21 13:00:00,1.1759,1.17736,1.17409,1.17425
2026-04-21 17:00:00,1.17423,1.17636,1.17161,1.17438
2026-04-21 21:00:00,1.17436,1.17516,1.17339,1.17445
2026-04-22 01:00:00,1.17445,1.17484,1.17381,1.17396
2026-04-22 05:00:00,1.17397,1.17603,1.17395,1.17539
2026-04-22 09:00:00,1.17539,1.17579,1.17257,1.17291
2026-04-22 13:00:00,1.17289,1.17438,1.17106,1.17129
2026-04-22 17:00:00,1.17127,1.17172,1.17035,1.17066
2026-04-22 21:00:00,1.17066,1.1713,1.16935,1.1712
2026-04-23 01:00:00,1.1712,1.17128,1.16952,1.17002
2026-04-23 05:00:00,1.17003,1.17122,1.16962,1.1702
2026-04-23 09:00:00,1.1702,1.17024,1.16795,1.16921
2026-04-23 13:00:00,1.16919,1.1716,1.16833,1.17025
2026-04-23 17:00:00,1.17022,1.17028,1.16714,1.16831
2026-04-23 21:00:00,1.16829,1.16895,1.16794,1.16854
2026-04-24 01:00:00,1.16854,1.16889,1.16738,1.1679
2026-04-24 05:00:00,1.16792,1.16958,1.1677,1.16895
2026-04-24 09:00:00,1.16896,1.17184,1.16849,1.17092
2026-04-24 13:00:00,1.17089,1.17205,1.16996,1.17196
2026-04-24 17:00:00,1.17192,1.1723,1.17116,1.17191
2026-04-24 21:00:00,1.17187,1.1726,1.17169,1.17172
2026-04-25 01:00:00,1.17173,1.17198,1.17169,1.1717
2026-04-25 05:00:00,1.17171,1.17217,1.17167,1.17173
2026-04-25 09:00:00,1.17173,1.17216,1.1717,1.17211
2026-04-25 13:00:00,1.17209,1.17217,1.17168,1.17193
2026-04-25 17:00:00,1.1719,1.17226,1.17177,1.17222
2026-04-25 21:00:00,1.17221,1.17229,1.17176,1.17215
2026-04-26 01:00:00,1.17216,1.17232,1.17184,1.17218
2026-04-26 05:00:00,1.17219,1.17231,1.17179,1.17227
2026-04-26 09:00:00,1.17226,1.17233,1.17176,1.17185
2026-04-26 13:00:00,1.17183,1.17296,1.17146,1.17161
2026-04-26 17:00:00,1.17158,1.17209,1.16867,1.16981
2026-04-26 21:00:00,1.16986,1.17159,1.16901,1.17159
2026-04-27 01:00:00,1.17162,1.17322,1.1716,1.17269
2026-04-27 05:00:00,1.17269,1.17507,1.17169,1.17493
2026-04-27 09:00:00,1.17491,1.1755,1.17386,1.17453
2026-04-27 13:00:00,1.17451,1.17547,1.17259,1.17279
2026-04-27 17:00:00,1.17279,1.173,1.17196,1.1721
2026-04-27 21:00:00,1.17208,1.17272,1.17177,1.17192
2026-04-28 01:00:00,1.17192,1.17192,1.17082,1.17123
2026-04-28 05:00:00,1.17124,1.17134,1.16873,1.17023
2026-04-28 09:00:00,1.17021,1.17023,1.16785,1.16973
2026-04-28 13:00:00,1.16971,1.17172,1.16891,1.17109
2026-04-28 17:00:00,1.17106,1.17178,1.17069,1.17132
2026-04-28 21:00:00,1.17132,1.17208,1.17124,1.17169
2026-04-29 01:00:00,1.17169,1.17172,1.1705,1.17057
2026-04-29 05:00:00,1.17057,1.17081,1.16921,1.17009
2026-04-29 09:00:00,1.17007,1.17096,1.16952,1.16992
2026-04-29 13:00:00,1.16989,1.1704,1.16837,1.1685
2026-04-29 17:00:00,1.16849,1.16887,1.16636,1.16755
2026-04-29 21:00:00,1.16754,1.16892,1.16711,1.16794
2026-04-30 01:00:00,1.16795,1.16819,1.1656,1.16601
2026-04-30 05:00:00,1.16603,1.16971,1.16575,1.16785
2026-04-30 09:00:00,1.16786,1.17206,1.16755,1.16939
2026-04-30 13:00:00,1.16937,1.17358,1.16837,1.17262
2026-04-30 17:00:00,1.17258,1.17405,1.17235,1.17323
2026-04-30 21:00:00,1.17317,1.17357,1.17246,1.17288
2026-05-01 01:00:00,1.17282,1.17365,1.17258,1.1727
2026-05-01 05:00:00,1.17268,1.17471,1.17193,1.17438
2026-05-01 09:00:00,1.17432,1.17686,1.17315,1.1759
2026-05-01 13:00:00,1.17576,1.17844,1.17396,1.17408
2026-05-01 17:00:00,1.17388,1.17407,1.1716,1.17195
2026-05-01 21:00:00,1.17206,1.17266,1.17192,1.17198
2026-05-02 01:00:00,1.17199,1.17254,1.17176,1.17199
2026-05-02 05:00:00,1.17199,1.17254,1.17186,1.17201
2026-05-02 09:00:00,1.172,1.17254,1.17185,1.17221
2026-05-02 13:00:00,1.17212,1.17254,1.17185,1.17202
2026-05-02 17:00:00,1.172,1.17254,1.17193,1.17232
2026-05-02 21:00:00,1.17232,1.17254,1.17198,1.17213
2026-05-03 01:00:00,1.17213,1.17254,1.17192,1.17223
2026-05-03 05:00:00,1.17223,1.17254,1.17216,1.17237
2026-05-03 09:00:00,1.17236,1.17272,1.17229,1.17269
2026-05-03 13:00:00,1.17267,1.17299,1.17168,1.17206
2026-05-03 17:00:00,1.17204,1.17604,1.17175,1.17326
2026-05-03 21:00:00,1.17392,1.17511,1.17199,1.17266
2026-05-04 01:00:00,1.17268,1.17382,1.17208,1.17289
2026-05-04 05:00:00,1.17288,1.17382,1.17123,1.17197
2026-05-04 09:00:00,1.17198,1.17238,1.1689,1.1712
2026-05-04 13:00:00,1.17059,1.17179,1.16818,1.16823
2026-05-04 17:00:00,1.16826,1.17015,1.1681,1.16915
2026-05-04 21:00:00,1.16912,1.16951,1.16853,1.16867
2026-05-05 01:00:00,1.1686,1.16916,1.16775,1.16779
2026-05-05 05:00:00,1.16775,1.16963,1.16769,1.16888
2026-05-05 09:00:00,1.16872,1.16975,1.16817,1.1693
2026-05-05 13:00:00,1.16928,1.17136,1.16921,1.17008
2026-05-05 17:00:00,1.17007,1.17036,1.16926,1.16931
2026-05-05 21:00:00,1.16933,1.17251,1.1692,1.17201
2026-05-06 01:00:00,1.17205,1.17426,1.1716,1.17389
2026-05-06 05:00:00,1.1739,1.1773,1.17251,1.17643
2026-05-06 09:00:00,1.17644,1.1796,1.17522,1.17537
2026-05-06 13:00:00,1.17537,1.17621,1.17448,1.17452
2026-05-06 17:00:00,1.17455,1.17558,1.17417,1.17489
2026-05-06 21:00:00,1.17489,1.17546,1.17465,1.17489
2026-05-07 01:00:00,1.17484,1.17637,1.17472,1.17514
2026-05-07 05:00:00,1.17513,1.17741,1.17454,1.17703
2026-05-07 09:00:00,1.17705,1.17781,1.17628,1.17748
2026-05-07 13:00:00,1.1774,1.17783,1.17569,1.17598
2026-05-07 17:00:00,1.17594,1.17608,1.17242,1.17243
2026-05-07 21:00:00,1.17243,1.17355,1.17233,1.1729
2026-05-08 01:00:00,1.17287,1.17357,1.17248,1.17347
2026-05-08 05:00:00,1.1735,1.17647,1.17332,1.17625
2026-05-08 09:00:00,1.17618,1.17805,1.17591,1.17775
2026-05-08 13:00:00,1.17776,1.17871,1.1766,1.17726
2026-05-08 17:00:00,1.17724,1.17881,1.17707,1.17842
2026-05-08 21:00:00,1.17847,1.1793,1.17843,1.17845
2026-05-09 01:00:00,1.17846,1.17916,1.1782,1.17845
2026-05-09 05:00:00,1.17845,1.17923,1.17823,1.1785
2026-05-09 09:00:00,1.17849,1.17925,1.17834,1.17907
2026-05-09 13:00:00,1.17871,1.17925,1.17579,1.17847
2026-05-09 17:00:00,1.17845,1.17927,1.17801,1.1787
2026-05-09 21:00:00,1.17867,1.17925,1.17818,1.17883
2026-05-10 01:00:00,1.17883,1.17925,1.17828,1.17866
2026-05-10 05:00:00,1.17866,1.17926,1.17858,1.17922
2026-05-10 09:00:00,1.17921,1.17942,1.17813,1.17939
2026-05-10 13:00:00,1.17937,1.18088,1.17642,1.17778
2026-05-10 17:00:00,1.17776,1.17969,1.17451,1.17759
2026-05-10 21:00:00,1.17621,1.17831,1.17502,1.17698
2026-05-11 01:00:00,1.17691,1.17705,1.17507,1.17508
2026-05-11 05:00:00,1.17509,1.17825,1.17492,1.17726
2026-05-11 09:00:00,1.17732,1.17755,1.17649,1.17721
2026-05-11 13:00:00,1.17722,1.17883,1.1771,1.17731
2026-05-11 17:00:00,1.17734,1.17835,1.17723,1.17827
2026-05-11 21:00:00,1.17825,1.17883,1.1768,1.17684
2026-05-12 01:00:00,1.17683,1.17692,1.1755,1.17581
2026-05-12 05:00:00,1.17582,1.17637,1.17407,1.17464
2026-05-12 09:00:00,1.17461,1.17507,1.17344,1.17485
2026-05-12 13:00:00,1.17482,1.17502,1.17233,1.17288
2026-05-12 17:00:00,1.17294,1.17475,1.17267,1.17409
2026-05-12 21:00:00,1.17406,1.17429,1.17326,1.17381
2026-05-13 01:00:00,1.17374,1.17422,1.17323,1.17345
2026-05-13 05:00:00,1.17345,1.17373,1.17011,1.17032
2026-05-13 09:00:00,1.17024,1.17176,1.16963,1.17017
2026-05-13 13:00:00,1.17014,1.17185,1.17003,1.17087
2026-05-13 17:00:00,1.17087,1.17147,1.17041,1.17139
2026-05-13 21:00:00,1.17139,1.17193,1.17103,1.17172
2026-05-14 01:00:00,1.17173,1.17182,1.17099,1.17147
2026-05-14 05:00:00,1.17147,1.17215,1.17058,1.17114
2026-05-14 09:00:00,1.17112,1.17129,1.16969,1.16975
2026-05-14 13:00:00,1.16977,1.17007,1.16716,1.16753
2026-05-14 17:00:00,1.16742,1.16811,1.16664,1.16698
2026-05-14 21:00:00,1.16692,1.16743,1.16526,1.16561
2026-05-15 01:00:00,1.16554,1.16573,1.16461,1.16475
2026-05-15 05:00:00,1.16472,1.16506,1.16312,1.16327
2026-05-15 09:00:00,1.16322,1.16552,1.1618,1.16286
2026-05-15 13:00:00,1.16284,1.16374,1.16201,1.16296
2026-05-15 17:00:00,1.16289,1.16354,1.16174,1.16254
2026-05-15 21:00:00,1.1625,1.16259,1.16225,1.16246
2026-05-16 01:00:00,1.16247,1.16257,1.16233,1.16249
2026-05-16 05:00:00,1.16249,1.16261,1.16226,1.16254
2026-05-16 09:00:00,1.16252,1.1626,1.16225,1.16245
2026-05-16 13:00:00,1.16242,1.16256,1.16225,1.16252
2026-05-16 17:00:00,1.1625,1.16257,1.16225,1.16244
2026-05-16 21:00:00,1.16245,1.16254,1.16225,1.16235
2026-05-17 01:00:00,1.16236,1.16255,1.16225,1.16242
2026-05-17 05:00:00,1.16241,1.1625,1.16225,1.16236
2026-05-17 09:00:00,1.16233,1.16257,1.16225,1.16252
2026-05-17 13:00:00,1.16249,1.16294,1.16203,1.16244
2026-05-17 17:00:00,1.16242,1.1632,1.1613,1.16245
2026-05-17 21:00:00,1.16246,1.16259,1.1609,1.1611
2026-05-18 01:00:00,1.16106,1.16263,1.16094,1.16209
2026-05-18 05:00:00,1.16208,1.16453,1.16171,1.1642
2026-05-18 09:00:00,1.16417,1.16572,1.16271,1.16509
2026-05-18 13:00:00,1.16511,1.1656,1.16335,1.16545
2026-05-18 17:00:00,1.16541,1.16607,1.16277,1.16564
2026-05-18 21:00:00,1.16559,1.16621,1.16439,1.16445
2026-05-19 01:00:00,1.16447,1.1653,1.16353,1.16363
2026-05-19 05:00:00,1.16363,1.16461,1.16226,1.16238
2026-05-19 09:00:00,1.16235,1.16267,1.16113,1.1619
2026-05-19 13:00:00,1.16196,1.16196,1.15926,1.16077
2026-05-19 17:00:00,1.16075,1.16142,1.16028,1.16071
2026-05-19 21:00:00,1.16068,1.16135,1.16011,1.16018
2026-05-20 01:00:00,1.16028,1.16065,1.15931,1.15978
2026-05-20 05:00:00,1.15981,1.16059,1.15845,1.15914
2026-05-20 09:00:00,1.15907,1.16056,1.15871,1.15944
2026-05-20 13:00:00,1.1596,1.16518,1.15833,1.16237
2026-05-20 17:00:00,1.16243,1.16356,1.16171,1.1626
2026-05-20 21:00:00,1.16257,1.16293,1.16228,1.16291
2026-05-21 01:00:00,1.16287,1.16349,1.16166,1.16231
2026-05-21 05:00:00,1.1623,1.16361,1.15945,1.16229
2026-05-21 09:00:00,1.16226,1.1633,1.15938,1.15992
2026-05-21 13:00:00,1.15998,1.16005,1.15774,1.15961
2026-05-21 17:00:00,1.15957,1.16316,1.15932,1.16179
2026-05-21 21:00:00,1.16174,1.16232,1.16124,1.16152
2026-05-22 01:00:00,1.16149,1.16161,1.16089,1.16151
2026-05-22 05:00:00,1.16152,1.16174,1.16015,1.16077
2026-05-22 09:00:00,1.16072,1.16086,1.15929,1.16023
2026-05-22 13:00:00,1.16024,1.16178,1.15888,1.16097
2026-05-22 17:00:00,1.161,1.16202,1.15986,1.16031
2026-05-22 21:00:00,1.16028,1.16098,1.15989,1.16023
2026-05-23 01:00:00,1.16023,1.16054,1.16006,1.16024
2026-05-23 05:00:00,1.16023,1.16052,1.16012,1.16025
2026-05-23 09:00:00,1.16023,1.16063,1.16007,1.16046
2026-05-23 13:00:00,1.16041,1.16081,1.16004,1.16031
2026-05-23 17:00:00,1.16031,1.16081,1.16016,1.16024
2026-05-23 21:00:00,1.16025,1.16085,1.16011,1.1608
2026-05-24 01:00:00,1.1608,1.16117,1.15994,1.16069
2026-05-24 05:00:00,1.16067,1.16092,1.15997,1.16089
2026-05-24 09:00:00,1.16086,1.16117,1.16035,1.1604
2026-05-24 13:00:00,1.16038,1.16064,1.15999,1.16006
2026-05-24 17:00:00,1.16006,1.16629,1.15864,1.1616
2026-05-24 21:00:00,1.16306,1.16495,1.15907,1.16366
2026-05-25 01:00:00,1.1638,1.16477,1.16349,1.16441
2026-05-25 05:00:00,1.16437,1.16452,1.16306,1.16444
2026-05-25 09:00:00,1.16441,1.16531,1.16406,1.1648
2026-05-25 13:00:00,1.16482,1.16505,1.16367,1.1641
2026-05-25 17:00:00,1.16411,1.16447,1.16405,1.16434
2026-05-25 21:00:00,1.16435,1.1645,1.16343,1.16396
2026-05-26 01:00:00,1.16395,1.16397,1.16303,1.16314
2026-05-26 05:00:00,1.16311,1.1642,1.16241,1.16372
2026-05-26 09:00:00,1.1638,1.16451,1.16318,1.16328
2026-05-26 13:00:00,1.16322,1.16332,1.16167,1.16236
2026-05-26 17:00:00,1.1624,1.16334,1.16213,1.16322
2026-05-26 21:00:00,1.16318,1.16409,1.16278,1.16381
2026-05-27 01:00:00,1.16384,1.16425,1.1633,1.16407
2026-05-27 05:00:00,1.16407,1.16492,1.16375,1.16451
2026-05-27 09:00:00,1.16441,1.16614,1.16337,1.16478
2026-05-27 13:00:00,1.16511,1.16511,1.16232,1.1632
2026-05-27 17:00:00,1.16321,1.16338,1.16226,1.16258
2026-05-27 21:00:00,1.16261,1.16316,1.1616,1.16207
2026-05-28 01:00:00,1.16195,1.16217,1.15865,1.15922
2026-05-28 05:00:00,1.15919,1.16174,1.15888,1.16162
2026-05-28 09:00:00,1.16154,1.16382,1.16043,1.1637
2026-05-28 13:00:00,1.16369,1.166,1.16173,1.16568
2026-05-28 17:00:00,1.16573,1.16578,1.16447,1.16501
2026-05-28 21:00:00,1.16499,1.16555,1.16475,1.16481
2026-05-29 01:00:00,1.16481,1.16566,1.16341,1.16392
2026-05-29 05:00:00,1.1639,1.16547,1.16256,1.1627
2026-05-29 09:00:00,1.1626,1.16489,1.1626,1.16481
2026-05-29 13:00:00,1.16469,1.16857,1.16409,1.16716
2026-05-29 17:00:00,1.16708,1.16736,1.1659,1.16613
2026-05-29 21:00:00,1.16608,1.16623,1.16579,1.166
2026-05-30 01:00:00,1.166,1.1661,1.16587,1.16605
2026-05-30 05:00:00,1.16599,1.16611,1.16587,1.16605
2026-05-30 09:00:00,1.16599,1.16609,1.16588,1.16597
2026-05-30 13:00:00,1.16596,1.16609,1.16585,1.16594
2026-05-30 17:00:00,1.16595,1.16602,1.16584,1.16595
2026-05-30 21:00:00,1.16595,1.16611,1.16587,1.16597
2026-05-31 01:00:00,1.16597,1.16609,1.16588,1.16597
2026-05-31 05:00:00,1.16595,1.16609,1.16575,1.16593
2026-05-31 09:00:00,1.16591,1.16598,1.16575,1.16582
2026-05-31 13:00:00,1.1658,1.16621,1.16568,1.16598
2026-05-31 17:00:00,1.16598,1.1667,1.16543,1.16593
2026-05-31 21:00:00,1.16576,1.16617,1.16447,1.16485
2026-06-01 01:00:00,1.16483,1.16491,1.16417,1.16479
2026-06-01 05:00:00,1.16476,1.1665,1.16471,1.16573
2026-06-01 09:00:00,1.16566,1.1661,1.16419,1.1648
2026-06-01 13:00:00,1.16478,1.16488,1.16075,1.16289
2026-06-01 17:00:00,1.16293,1.16374,1.16222,1.16325
2026-06-01 21:00:00,1.16323,1.16368,1.16293,1.1631
2026-06-02 01:00:00,1.16309,1.16392,1.16289,1.16389
2026-06-02 05:00:00,1.16387,1.16528,1.16364,1.16431
2026-06-02 09:00:00,1.16428,1.16553,1.16385,1.16506
2026-06-02 13:00:00,1.16503,1.16524,1.16274,1.16292
2026-06-02 17:00:00,1.16287,1.16352,1.16139,1.16318
2026-06-02 21:00:00,1.16317,1.16335,1.16198,1.16293
2026-06-03 01:00:00,1.16291,1.16333,1.16245,1.16263
2026-06-03 05:00:00,1.16261,1.16275,1.16056,1.16095
2026-06-03 09:00:00,1.16093,1.16233,1.15984,1.16004
2026-06-03 13:00:00,1.15998,1.16124,1.1595,1.16002
2026-06-03 17:00:00,1.16006,1.16031,1.15957,1.15984
2026-06-03 21:00:00,1.15987,1.16122,1.15949,1.16066
2026-06-04 01:00:00,1.16063,1.16124,1.16027,1.161
2026-06-04 05:00:00,1.16097,1.16151,1.15988,1.16133
2026-06-04 09:00:00,1.16128,1.16451,1.16127,1.16387
2026-06-04 13:00:00,1.16394,1.16404,1.16228,1.16238
2026-06-04 17:00:00,1.16241,1.16243,1.16082,1.16109
2026-06-04 21:00:00,1.16115,1.16164,1.16098,1.16135
2026-06-05 01:00:00,1.16133,1.16172,1.161,1.16168
2026-06-05 05:00:00,1.16166,1.16401,1.16129,1.16375
2026-06-05 09:00:00,1.16373,1.16448,1.15902,1.15911
2026-06-05 13:00:00,1.15926,1.15985,1.15226,1.15326
2026-06-05 17:00:00,1.1532,1.1533,1.15181,1.15226
2026-06-05 21:00:00,1.15213,1.15262,1.15199,1.15216
2026-06-06 01:00:00,1.15214,1.15241,1.15209,1.15217
2026-06-06 05:00:00,1.15214,1.15233,1.15205,1.15216
2026-06-06 09:00:00,1.15214,1.15243,1.15205,1.15218
2026-06-06 13:00:00,1.15216,1.15246,1.15203,1.15214
2026-06-06 17:00:00,1.15217,1.15245,1.15203,1.15217
2026-06-06 21:00:00,1.15217,1.15246,1.15195,1.15225
2026-06-07 01:00:00,1.15222,1.15245,1.15205,1.15238
2026-06-07 05:00:00,1.15236,1.15246,1.15205,1.15235
2026-06-07 09:00:00,1.15233,1.15242,1.15223,1.15237
2026-06-07 13:00:00,1.15237,1.15246,1.15137,1.1522
2026-06-07 17:00:00,1.15221,1.15264,1.15099,1.1521
2026-06-07 21:00:00,1.15171,1.15334,1.15087,1.15331
2026-06-08 01:00:00,1.15329,1.15349,1.15128,1.15312
2026-06-08 05:00:00,1.15308,1.154,1.15085,1.15102
2026-06-08 09:00:00,1.15098,1.15445,1.15002,1.1541
2026-06-08 13:00:00,1.154,1.15548,1.15323,1.15402
2026-06-08 17:00:00,1.15414,1.15425,1.1528,1.15328
2026-06-08 21:00:00,1.15327,1.15413,1.15272,1.15314
2026-06-09 01:00:00,1.15307,1.15484,1.15307,1.15463
2026-06-09 05:00:00,1.15461,1.15538,1.1537,1.15509
2026-06-09 09:00:00,1.15518,1.15758,1.15503,1.15746
2026-06-09 13:00:00,1.15742,1.15781,1.15286,1.15394
2026-06-09 17:00:00,1.15385,1.15535,1.15385,1.15442
2026-06-09 21:00:00,1.15441,1.15474,1.15332,1.15427
2026-06-10 01:00:00,1.1542,1.15519,1.15358,1.15464
2026-06-10 05:00:00,1.15461,1.15589,1.15456,1.15514
2026-06-10 09:00:00,1.15512,1.15632,1.15354,1.15501
2026-06-10 13:00:00,1.15509,1.1573,1.15389,1.15533
2026-06-10 17:00:00,1.15535,1.15585,1.1535,1.15361
2026-06-10 21:00:00,1.15359,1.15434,1.1526,1.15427
2026-06-11 01:00:00,1.15424,1.15562,1.1542,1.15483
2026-06-11 05:00:00,1.15485,1.15552,1.15312,1.15329
2026-06-11 09:00:00,1.15333,1.15431,1.1518,1.15374
2026-06-11 13:00:00,1.15386,1.15404,1.15079,1.15088
2026-06-11 17:00:00,1.15094,1.1588,1.15028,1.1579
2026-06-11 21:00:00,1.15792,1.1586,1.15662,1.15683
2026-06-12 01:00:00,1.15689,1.15755,1.15616,1.15714
2026-06-12 05:00:00,1.15719,1.15847,1.15568,1.15767
2026-06-12 09:00:00,1.15761,1.15892,1.15607,1.15642
2026-06-12 13:00:00,1.15637,1.15833,1.15622,1.15752
2026-06-12 17:00:00,1.15749,1.15788,1.15662,1.15676
2026-06-12 21:00:00,1.15675,1.15786,1.1563,1.15671
2026-06-13 01:00:00,1.15669,1.15797,1.15652,1.15671
2026-06-13 05:00:00,1.15668,1.1579,1.15641,1.15671
2026-06-13 09:00:00,1.15669,1.15796,1.15652,1.15698
2026-06-13 13:00:00,1.15692,1.1579,1.15647,1.15685
2026-06-13 17:00:00,1.15685,1.15793,1.15656,1.15698
2026-06-13 21:00:00,1.15697,1.15788,1.15651,1.15739
2026-06-14 01:00:00,1.15736,1.15768,1.15632,1.15748
2026-06-14 05:00:00,1.15746,1.1578,1.15635,1.15746
2026-06-14 09:00:00,1.15744,1.15759,1.15703,1.15717
2026-06-14 13:00:00,1.15718,1.15737,1.15643,1.15658
2026-06-14 17:00:00,1.15659,1.15852,1.15576,1.15582
2026-06-14 21:00:00,1.15587,1.16179,1.15587,1.15991
2026-06-15 01:00:00,1.15994,1.16136,1.15942,1.16127
2026-06-15 05:00:00,1.16121,1.16222,1.15969,1.16015
2026-06-15 09:00:00,1.16014,1.16194,1.16001,1.1614
2026-06-15 13:00:00,1.16147,1.16205,1.15968,1.16054
2026-06-15 17:00:00,1.1605,1.16052,1.1584,1.15898
2026-06-15 21:00:00,1.15896,1.16013,1.15855,1.15928
2026-06-16 01:00:00,1.15919,1.15949,1.15762,1.15792
2026-06-16 05:00:00,1.15789,1.16066,1.15746,1.16065
2026-06-16 09:00:00,1.16063,1.16125,1.15923,1.16
2026-06-16 13:00:00,1.15994,1.16194,1.15875,1.16137
2026-06-16 17:00:00,1.1614,1.16146,1.16058,1.16087
2026-06-16 21:00:00,1.16086,1.16169,1.16078,1.16143
2026-06-17 01:00:00,1.16136,1.16165,1.16087,1.16119
2026-06-17 05:00:00,1.16119,1.16155,1.15985,1.16026
2026-06-17 09:00:00,1.16024,1.16063,1.15855,1.16026
2026-06-17 13:00:00,1.16021,1.16034,1.15841,1.15914
2026-06-17 17:00:00,1.15917,1.16073,1.14778,1.15021
2026-06-17 21:00:00,1.15016,1.15212,1.15005,1.15167
2026-06-18 01:00:00,1.15164,1.15262,1.15132,1.15236
2026-06-18 05:00:00,1.15245,1.15297,1.14825,1.14827
2026-06-18 09:00:00,1.14832,1.14853,1.14542,1.14711
2026-06-18 13:00:00,1.14707,1.14893,1.1462,1.14644
2026-06-18 17:00:00,1.14636,1.14737,1.14513,1.14578
2026-06-18 21:00:00,1.14576,1.1465,1.14556,1.14644
2026-06-19 01:00:00,1.1464,1.1464,1.14277,1.14281
2026-06-19 05:00:00,1.14283,1.14659,1.1418,1.14641
2026-06-19 09:00:00,1.14638,1.14747,1.14525,1.14721
2026-06-19 13:00:00,1.14717,1.14759,1.1457,1.14684
2026-06-19 17:00:00,1.14675,1.14812,1.14675,1.1471
2026-06-19 21:00:00,1.14738,1.14803,1.14679,1.14748
2026-06-20 01:00:00,1.14745,1.148,1.14726,1.14747
2026-06-20 05:00:00,1.14745,1.14803,1.14717,1.14745
2026-06-20 09:00:00,1.14745,1.14804,1.14716,1.14755
2026-06-20 13:00:00,1.14752,1.14811,1.14714,1.14745
2026-06-20 17:00:00,1.14745,1.14813,1.14708,1.14764
2026-06-20 21:00:00,1.14762,1.14804,1.14739,1.14753
2026-06-21 01:00:00,1.1475,1.148,1.14735,1.14766
2026-06-21 05:00:00,1.14765,1.14797,1.14734,1.14769
2026-06-21 09:00:00,1.14769,1.14798,1.14726,1.14735
2026-06-21 13:00:00,1.14736,1.14749,1.14704,1.1471
2026-06-21 17:00:00,1.1471,1.1483,1.14471,1.14687
2026-06-21 21:00:00,1.14656,1.14767,1.14576,1.14654
2026-06-22 01:00:00,1.14643,1.14734,1.1453,1.14558
2026-06-22 05:00:00,1.14555,1.14633,1.1442,1.14478
2026-06-22 09:00:00,1.14488,1.14623,1.14478,1.1456
2026-06-22 13:00:00,1.14562,1.14617,1.14254,1.14313
2026-06-22 17:00:00,1.14308,1.14335,1.14192,1.14291
2026-06-22 21:00:00,1.14289,1.14305,1.1423,1.14269
2026-06-23 01:00:00,1.14266,1.14322,1.14192,1.14205
2026-06-23 05:00:00,1.14209,1.14386,1.14049,1.1408
2026-06-23 09:00:00,1.14086,1.1413,1.13839,1.13875
2026-06-23 13:00:00,1.13882,1.14,1.1376,1.13793
2026-06-23 17:00:00,1.13794,1.13833,1.13763,1.13822
2026-06-23 21:00:00,1.13819,1.13848,1.13736,1.13768
2026-06-24 01:00:00,1.13766,1.13775,1.13616,1.13634
2026-06-24 05:00:00,1.13631,1.13757,1.13385,1.13526
2026-06-24 09:00:00,1.1353,1.1354,1.13239,1.13298
2026-06-24 13:00:00,1.13296,1.13674,1.1325,1.13591
2026-06-24 17:00:00,1.13588,1.13619,1.1349,1.13586
2026-06-24 21:00:00,1.1359,1.13628,1.1348,1.13542
2026-06-25 01:00:00,1.13539,1.13714,1.13528,1.13681
2026-06-25 05:00:00,1.13678,1.13722,1.13437,1.1368
2026-06-25 09:00:00,1.13676,1.13728,1.13336,1.13535
2026-06-25 13:00:00,1.13544,1.13899,1.13495,1.13739
2026-06-25 17:00:00,1.13743,1.13802,1.13688,1.13709
2026-06-25 21:00:00,1.13708,1.13771,1.13604,1.13657
2026-06-26 01:00:00,1.13654,1.13769,1.13545,1.13767
2026-06-26 05:00:00,1.13763,1.14076,1.13716,1.14023
2026-06-26 09:00:00,1.1402,1.1432,1.13939,1.14309
2026-06-26 13:00:00,1.14293,1.14331,1.13834,1.13902
2026-06-26 17:00:00,1.13906,1.13933,1.13811,1.13864
2026-06-26 21:00:00,1.13855,1.13955,1.13846,1.13866
2026-06-27 01:00:00,1.13864,1.13969,1.13847,1.13864
2026-06-27 05:00:00,1.13864,1.13955,1.13808,1.13862
2026-06-27 09:00:00,1.13865,1.13968,1.13835,1.13885
2026-06-27 13:00:00,1.1388,1.13967,1.13834,1.13884
2026-06-27 17:00:00,1.13883,1.13968,1.13853,1.13892
2026-06-27 21:00:00,1.13889,1.13958,1.13851,1.13899
2026-06-28 01:00:00,1.13897,1.13952,1.13849,1.13917
2026-06-28 05:00:00,1.13917,1.13967,1.13832,1.13914
2026-06-28 09:00:00,1.13915,1.13942,1.13886,1.13899
2026-06-28 13:00:00,1.13899,1.13904,1.13817,1.13867
2026-06-28 17:00:00,1.13866,1.13958,1.1379,1.13951
2026-06-28 21:00:00,1.1394,1.1394,1.13821,1.13889
2026-06-29 01:00:00,1.13888,1.13934,1.13812,1.13827
2026-06-29 05:00:00,1.13824,1.14174,1.13821,1.13963
2026-06-29 09:00:00,1.1396,1.14117,1.13948,1.1401
2026-06-29 13:00:00,1.14014,1.14309,1.14006,1.14262
2026-06-29 17:00:00,1.14269,1.14295,1.14217,1.14248
2026-06-29 21:00:00,1.14245,1.1427,1.1413,1.1417
2026-06-30 01:00:00,1.14166,1.14169,1.13894,1.13901
2026-06-30 05:00:00,1.13912,1.14094,1.13827,1.13917
2026-06-30 09:00:00,1.13923,1.14027,1.13847,1.13974
2026-06-30 13:00:00,1.13994,1.14347,1.13928,1.14149
2026-06-30 17:00:00,1.14146,1.14279,1.14136,1.14218
2026-06-30 21:00:00,1.14215,1.14259,1.14087,1.14107
2026-07-01 01:00:00,1.14105,1.14106,1.14016,1.14091
2026-07-01 05:00:00,1.14095,1.14109,1.13932,1.13955
2026-07-01 09:00:00,1.13968,1.14005,1.13685,1.13713
2026-07-01 13:00:00,1.13724,1.14125,1.13609,1.13841
2026-07-01 17:00:00,1.13836,1.13862,1.13742,1.13786
2026-07-01 21:00:00,1.13784,1.13834,1.13753,1.13772
2026-07-02 01:00:00,1.1377,1.13886,1.13764,1.13875
2026-07-02 05:00:00,1.13873,1.14219,1.13821,1.14168
2026-07-02 09:00:00,1.14182,1.1473,1.13959,1.14503
2026-07-02 13:00:00,1.14538,1.14584,1.14332,1.14382
2026-07-02 17:00:00,1.14395,1.14395,1.1426,1.14342
2026-07-02 21:00:00,1.14339,1.14364,1.14209,1.14302
2026-07-03 01:00:00,1.14293,1.14463,1.14293,1.14457
2026-07-03 05:00:00,1.14452,1.14621,1.14452,1.1453
2026-07-03 09:00:00,1.14533,1.1457,1.14405,1.14472
2026-07-03 13:00:00,1.14479,1.14479,1.1435,1.14373
2026-07-03 17:00:00,1.14369,1.14422,1.14348,1.14363
2026-07-03 21:00:00,1.1437,1.14449,1.14348,1.14371
2026-07-04 01:00:00,1.14369,1.14456,1.14356,1.14371
2026-07-04 05:00:00,1.14371,1.14454,1.14359,1.14367
2026-07-04 09:00:00,1.14368,1.14458,1.14326,1.14398
2026-07-04 13:00:00,1.14397,1.14454,1.14345,1.14392
2026-07-04 17:00:00,1.1439,1.14456,1.14358,1.14383
2026-07-04 21:00:00,1.14381,1.14453,1.14356,1.14398
2026-07-05 01:00:00,1.14397,1.14445,1.14347,1.14421
2026-07-05 05:00:00,1.14422,1.14441,1.14346,1.14423
2026-07-05 09:00:00,1.14423,1.14432,1.14414,1.14418
2026-07-05 13:00:00,1.14418,1.14423,1.14354,1.14375
2026-07-05 17:00:00,1.14373,1.14658,1.14241,1.14428
2026-07-05 21:00:00,1.14424,1.1444,1.14333,1.14391
2026-07-06 01:00:00,1.1439,1.14393,1.14278,1.1433
2026-07-06 05:00:00,1.14331,1.14334,1.14153,1.14201
2026-07-06 09:00:00,1.14195,1.14215,1.14099,1.14124
2026-07-06 13:00:00,1.14126,1.14321,1.14094,1.14301
2026-07-06 17:00:00,1.14303,1.14459,1.14303,1.14412
2026-07-06 21:00:00,1.14409,1.1448,1.14375,1.14396
2026-07-07 01:00:00,1.14402,1.14483,1.14358,1.14362
2026-07-07 05:00:00,1.14368,1.14375,1.1425,1.14287
2026-07-07 09:00:00,1.14284,1.1442,1.14235,1.14357
2026-07-07 13:00:00,1.14351,1.14433,1.14183,1.1423
2026-07-07 17:00:00,1.14224,1.14303,1.14077,1.14121
2026-07-07 21:00:00,1.14119,1.14162,1.14003,1.1409
2026-07-08 01:00:00,1.14089,1.14166,1.13994,1.1415
2026-07-08 05:00:00,1.14147,1.14317,1.14012,1.14109
2026-07-08 09:00:00,1.14112,1.14147,1.13915,1.13982
2026-07-08 13:00:00,1.1399,1.14156,1.13919,1.14142
2026-07-08 17:00:00,1.14139,1.14303,1.14137,1.14169
2026-07-08 21:00:00,1.14167,1.14303,1.1416,1.14259
2026-07-09 01:00:00,1.14255,1.14305,1.14204,1.14269
2026-07-09 05:00:00,1.1427,1.14494,1.14253,1.14257
2026-07-09 09:00:00,1.14266,1.14358,1.14215,1.14241
2026-07-09 13:00:00,1.14249,1.14467,1.1424,1.14369
2026-07-09 17:00:00,1.14371,1.1441,1.14256,1.14307
2026-07-09 21:00:00,1.14304,1.14418,1.14291,1.14418
2026-07-10 01:00:00,1.14416,1.14605,1.14384,1.14412
2026-07-10 05:00:00,1.14414,1.14474,1.14309,1.14316
2026-07-10 09:00:00,1.14322,1.14408,1.14233,1.14281
2026-07-10 13:00:00,1.14272,1.14417,1.14141,1.14324
2026-07-10 17:00:00,1.14324,1.14324,1.14116,1.14156
2026-07-10 21:00:00,1.14154,1.14219,1.14063,1.14147
2026-07-11 01:00:00,1.1411,1.1422,1.14061,1.14148
2026-07-11 05:00:00,1.14142,1.14224,1.14067,1.1414
2026-07-11 09:00:00,1.14083,1.14237,1.14051,1.14156
2026-07-11 13:00:00,1.14153,1.14192,1.14137,1.14158
2026-07-11 17:00:00,1.14155,1.1421,1.14101,1.14176
2026-07-11 21:00:00,1.14174,1.14197,1.14136,1.1416
2026-07-12 01:00:00,1.1416,1.1419,1.14138,1.14173
2026-07-12 05:00:00,1.14174,1.14193,1.14136,1.14175
2026-07-12 09:00:00,1.14175,1.14205,1.14137,1.142
2026-07-12 13:00:00,1.14199,1.14218,1.14073,1.1415
2026-07-12 17:00:00,1.14148,1.14301,1.13998,1.14108
2026-07-12 21:00:00,1.141,1.1419,1.13891,1.13963
2026-07-13 01:00:00,1.13962,1.14053,1.13858,1.14052
2026-07-13 05:00:00,1.1405,1.14457,1.13961,1.14364
2026-07-13 09:00:00,1.14372,1.14373,1.14211,1.14293
2026-07-13 13:00:00,1.14283,1.14328,1.13837,1.13884
2026-07-13 17:00:00,1.1388,1.1391,1.1378,1.13805
2026-07-13 21:00:00,1.13803,1.13894,1.13784,1.13866
2026-07-14 01:00:00,1.1387,1.13963,1.13847,1.13905
2026-07-14 05:00:00,1.13909,1.14063,1.13844,1.14003
2026-07-14 09:00:00,1.14002,1.1462,1.13903,1.14427
2026-07-14 13:00:00,1.14429,1.14582,1.14247,1.14326
2026-07-14 17:00:00,1.14323,1.14333,1.14169,1.14211
2026-07-14 21:00:00,1.14212,1.14345,1.14177,1.14344
2026-07-15 01:00:00,1.14341,1.14425,1.14326,1.14369
2026-07-15 05:00:00,1.14373,1.14437,1.14203,1.14243
2026-07-15 09:00:00,1.1424,1.14297,1.14068,1.14295
2026-07-15 13:00:00,1.14288,1.14416,1.14243,1.14413
2026-07-15 17:00:00,1.144,1.14818,1.14397,1.14633
2026-07-15 21:00:00,1.14634,1.14747,1.14618,1.14743
2026-07-16 01:00:00,1.14738,1.14745,1.14605,1.14666
2026-07-16 05:00:00,1.14664,1.1477,1.14622,1.14656
2026-07-16 09:00:00,1.14651,1.14713,1.14477,1.1448
2026-07-16 13:00:00,1.14483,1.1459,1.14346,1.14361
2026-07-16 17:00:00,1.1436,1.14446,1.14313,1.14431
2026-07-16 21:00:00,1.14437,1.14467,1.14399,1.14463
2026-07-17 01:00:00,1.14456,1.14484,1.14348,1.14362
2026-07-17 05:00:00,1.14363,1.14522,1.14359,1.14421
2026-07-17 09:00:00,1.14417,1.14431,1.14254,1.14279
2026-07-17 13:00:00,1.14279,1.14444,1.14239,1.14382
2026-07-17 17:00:00,1.14379,1.14427,1.14338,1.14377
2026-07-17 21:00:00,1.14376,1.1442,1.14373,1.14378
2026-07-18 01:00:00,1.14378,1.14415,1.14367,1.1438
2026-07-18 05:00:00,1.14381,1.14414,1.14367,1.14383
2026-07-18 09:00:00,1.14378,1.14416,1.14371,1.14383
2026-07-18 13:00:00,1.14381,1.14416,1.1437,1.14386
2026-07-18 17:00:00,1.14387,1.14416,1.14368,1.14387
2026-07-18 21:00:00,1.14385,1.14411,1.14381,1.14387
2026-07-19 01:00:00,1.14388,1.14415,1.1437,1.14394
2026-07-19 05:00:00,1.14395,1.14411,1.14377,1.14401
2026-07-19 09:00:00,1.14399,1.14407,1.14371,1.14379
2026-07-19 13:00:00,1.14377,1.14393,1.14364,1.14383
2026-07-19 17:00:00,1.1438,1.1449,1.14089,1.14316
2026-07-19 21:00:00,1.14319,1.14419,1.14237,1.14338
2026-07-20 01:00:00,1.14335,1.14455,1.14318,1.14442
2026-07-20 05:00:00,1.14445,1.14496,1.14342,1.14391
2026-07-20 09:00:00,1.14392,1.14399,1.14177,1.14241
2026-07-20 13:00:00,1.14248,1.14248,1.14033,1.14119
2026-07-20 17:00:00,1.14117,1.1419,1.14105,1.14146
2026-07-20 21:00:00,1.14144,1.14185,1.14097,1.14144
2026-07-21 01:00:00,1.14148,1.14186,1.14093,1.14184
2026-07-21 05:00:00,1.14182,1.14277,1.1416,1.14211
2026-07-21 09:00:00,1.14212,1.1429,1.14144,1.14175
2026-07-21 13:00:00,1.14173,1.14198,1.1403,1.14089
2026-07-21 17:00:00,1.14088,1.14107,1.13976,1.13979
2026-07-21 21:00:00,1.13981,1.14074,1.1398,1.14042
2026-07-22 01:00:00,1.14034,1.14098,1.13991,1.14086
2026-07-22 05:00:00,1.14082,1.14183,1.14038,1.14104
2026-07-22 09:00:00,1.14102,1.1414,1.14011,1.1409
2026-07-22 13:00:00,1.14087,1.14218,1.14051,1.14099
2026-07-22 17:00:00,1.14097,1.14134,1.14081,1.14128
2026-07-22 21:00:00,1.14126,1.14173,1.1406,1.14167
2026-07-23 01:00:00,1.14158,1.14363,1.14155,1.14327
2026-07-23 05:00:00,1.14319,1.1435,1.14081,1.14112
2026-07-23 09:00:00,1.14114,1.14157,1.13751,1.13858
2026-07-23 13:00:00,1.13855,1.13868,1.13645,1.13802
2026-07-23 17:00:00,1.13799,1.1381,1.13711,1.13779
2026-07-23 21:00:00,1.13778,1.13837,1.13745,1.13832
2026-07-24 01:00:00,1.13824,1.13878,1.13769,1.13791
2026-07-24 05:00:00,1.13786,1.14,1.13771,1.13827
2026-07-24 09:00:00,1.13825,1.1393,1.13678,1.13697
2026-07-24 13:00:00,1.13687,1.13908,1.13654,1.13788
2026-07-24 17:00:00,1.13791,1.13791,1.13675,1.13723
2026-07-24 21:00:00,1.13722,1.1379,1.13701,1.13762
2026-07-25 01:00:00,1.13763,1.13781,1.13713,1.13758
2026-07-25 05:00:00,1.13758,1.13784,1.13728,1.13766
2026-07-25 09:00:00,1.13765,1.13779,1.13727,1.13763
2026-07-25 13:00:00,1.1376,1.13782,1.1372,1.13762
2026-07-25 17:00:00,1.1376,1.1378,1.13708,1.13742
2026-07-25 21:00:00,1.13742,1.13781,1.13724,1.13751
2026-07-26 01:00:00,1.13752,1.13782,1.13724,1.13749
2026-07-26 05:00:00,1.13749,1.1378,1.13723,1.1375
2026-07-26 09:00:00,1.13748,1.13775,1.1371,1.13724
2026-07-26 13:00:00,1.13721,1.13755,1.13661,1.1368
2026-07-26 17:00:00,1.13678,1.14024,1.13636,1.13902
2026-07-26 21:00:00,1.13876,1.1413,1.13665,1.14022
2026-07-27 01:00:00,1.14021,1.14143,1.14014,1.14043
2026-07-27 05:00:00,1.1404,1.14176,1.13951,1.14031
2026-07-27 09:00:00,1.14027,1.14038,1.13772,1.13855
2026-07-27 13:00:00,1.13853,1.13863,1.13689,1.13803
2026-07-27 17:00:00,1.13801,1.13806,1.1367,1.13681
2026-07-27 21:00:00,1.13681,1.13745,1.13671,1.1374
2026-07-28 01:00:00,1.13734,1.13805,1.13681,1.13681
2026-07-28 05:00:00,1.13683,1.13741,1.1362,1.13723
2026-07-28 09:00:00,1.1372,1.13733,1.13542,1.13672
2026-07-28 13:00:00,1.1367,1.14054,1.13656,1.13962
2026-07-28 17:00:00,1.13966,1.13977,1.13855,1.13866
2026-07-28 21:00:00,1.13866,1.13934,1.13821,1.1391
2026-07-29 01:00:00,1.13905,1.14037,1.13855,1.14009
2026-07-29 05:00:00,1.14003,1.14032,1.13903,1.13959
2026-07-29 09:00:00,1.13965,1.13974,1.13753,1.13776
2026-07-29 13:00:00,1.13781,1.13991,1.13764,1.13857
2026-07-29 17:00:00,1.13856,1.14705,1.1384,1.1467
2026-07-29 21:00:00,1.14677,1.14753,1.14562,1.14583
2026-07-30 01:00:00,1.14581,1.14616,1.14483,1.14508
2026-07-30 05:00:00,1.14506,1.14563,1.1435,1.14474
2026-07-30 09:00:00,1.14482,1.14843,1.14471,1.14756
2026-07-30 13:00:00,1.14749,1.15363,1.14705,1.15273
2026-07-30 17:00:00,1.15263,1.15359,1.15141,1.15276
2026-07-30 21:00:00,1.15279,1.15321,1.15161,1.15186
2026-07-31 01:00:00,1.15188,1.15209,1.15048,1.15085
2026-07-31 05:00:00,1.15082,1.1526,1.15043,1.15258
2026-07-31 09:00:00,1.15252,1.15252,1.14829,1.14889
2026-07-31 13:00:00,1.14892,1.15187,1.14565,1.15178
2026-07-31 17:00:00,1.15173,1.15463,1.1517,1.15304
2026-07-31 21:00:00,1.15321,1.15387,1.15251,1.1529
2026-08-01 01:00:00,1.15291,1.15393,1.15267,1.15294
2026-08-01 05:00:00,1.15292,1.15401,1.15276,1.15296
2026-08-01 09:00:00,1.15294,1.15404,1.15271,1.15309
2026-08-01 13:00:00,1.15304,1.15404,1.15276,1.15305
2026-08-01 17:00:00,1.15304,1.15407,1.15278,1.15332
2026-08-01 21:00:00,1.15333,1.15396,1.15272,1.1534
2026-08-02 01:00:00,1.1534,1.15396,1.15264,1.1535
2026-08-02 05:00:00,1.1535,1.15386,1.15264,1.15355
2026-08-02 09:00:00,1.15353,1.15393,1.15299,1.15319
2026-08-02 13:00:00,1.15317,1.15332,1.15227,1.15264
2026-08-02 17:00:00,1.15262,1.15587,1.15201,1.15318
2026-08-02 21:00:00,1.15451,1.15593,1.15226,1.15421
2026-08-03 01:00:00,1.15424,1.15449,1.15272,1.15344
2026-08-03 05:00:00,1.15342,1.15387,1.15213,1.15226
2026-08-03 09:00:00,1.15228,1.15353,1.15172,1.15288
2026-08-03 13:00:00,1.15278,1.1535,1.15019,1.15079
2026-08-03 17:00:00,1.15081,1.15153,1.15018,1.15085
2026-08-03 21:00:00,1.15088,1.15147,1.15055,1.15059
2026-08-04 01:00:00,1.1506,1.15147,1.1503,1.15107
2026-08-04 05:00:00,1.15106,1.15179,1.15039,1.15079
2026-08-04 09:00:00,1.15074,1.15234,1.1504,1.15153
2026-08-04 13:00:00,1.15159,1.15307,1.151,1.15189
2026-08-04 17:00:00,1.15187,1.15344,1.15185,1.15332
2026-08-04 21:00:00,1.15331,1.15356,1.15282,1.15313
2026-08-05 01:00:00,1.15317,1.15409,1.15262,1.15354
2026-08-05 05:00:00,1.15354,1.15462,1.15311,1.15368
2026-08-05 09:00:00,1.15365,1.15571,1.1534,1.15472
2026-08-05 13:00:00,1.1547,1.15567,1.15397,1.15451
2026-08-05 17:00:00,1.15455,1.15597,1.15431,1.15542
2026-08-05 21:00:00,1.15539,1.15598,1.155,1.15567
2026-08-06 01:00:00,1.1557,1.15584,1.15471,1.15492
2026-08-06 05:00:00,1.15491,1.15513,1.15403,1.15435
2026-08-06 09:00:00,1.15433,1.1548,1.1536,1.15406
2026-08-06 13:00:00,1.15404,1.15449,1.1515,1.15209
2026-08-06 17:00:00,1.15205,1.15259,1.15174,1.15244
2026-08-06 21:00:00,1.15241,1.15264,1.15185,1.15196
2026-08-07 01:00:00,1.15194,1.15254,1.15187,1.15245
2026-08-07 05:00:00,1.15243,1.15267,1.15172,1.15243
2026-08-07 09:00:00,1.1524,1.15802,1.1523,1.1572
2026-08-07 13:00:00,1.15722,1.15753,1.15509,1.15591
2026-08-07 17:00:00,1.15593,1.15703,1.15558,1.15596
2026-08-07 21:00:00,1.15592,1.15622,1.15574,1.15586
2026-08-08 01:00:00,1.15586,1.15603,1.15578,1.15588
2026-08-08 05:00:00,1.15586,1.15627,1.15581,1.15591
2026-08-08 09:00:00,1.15589,1.15602,1.1558,1.15594
2026-08-08 13:00:00,1.15592,1.15619,1.15583,1.15589
2026-08-08 17:00:00,1.15589,1.15597,1.15584,1.15587
2026-08-08 21:00:00,1.15589,1.15626,1.15581,1.15604
2026-08-09 01:00:00,1.15604,1.15624,1.15579,1.15601
2026-08-09 05:00:00,1.15599,1.15624,1.15582,1.15605
2026-08-09 09:00:00,1.15602,1.15631,1.15302,1.15334
2026-08-09 13:00:00,1.15332,1.15717,1.15261,1.1531
2026-08-09 17:00:00,1.1531,1.159,1.15279,1.15588
2026-08-09 21:00:00,1.15609,1.15668,1.15544,1.15585
2026-08-10 01:00:00,1.15584,1.1559,1.15481,1.15525
2026-08-10 05:00:00,1.15523,1.15658,1.15504,1.15624
2026-08-10 09:00:00,1.1562,1.1564,1.1546,1.15483
2026-08-10 13:00:00,1.15481,1.15555,1.15441,1.15481
2026-08-10 17:00:00,1.15479,1.1548,1.154,1.15432
2026-08-10 21:00:00,1.1543,1.15496,1.15421,1.15465
2026-08-11 01:00:00,1.15468,1.15502,1.15387,1.15419
2026-08-11 05:00:00,1.15421,1.15432,1.15314,1.15365
2026-08-11 09:00:00,1.15362,1.15437,1.15331,1.15436
2026-08-11 13:00:00,1.15435,1.1549,1.1537,1.15395
2026-08-11 17:00:00,1.15399,1.15442,1.15346,1.15432
2026-08-11 21:00:00,1.15429,1.15452,1.15395,1.15409
2026-08-12 01:00:00,1.15412,1.15413,1.1533,1.15365
2026-08-12 05:00:00,1.15363,1.15403,1.15322,1.1537
2026-08-12 09:00:00,1.1537,1.15596,1.15335,1.15573
2026-08-12 13:00:00,1.15562,1.15622,1.15254,1.1529
2026-08-12 17:00:00,1.15288,1.15307,1.15197,1.15247
2026-08-12 21:00:00,1.15251,1.15315,1.15223,1.15287
2026-08-13 01:00:00,1.15281,1.15314,1.15199,1.15266
2026-08-13 05:00:00,1.15261,1.15288,1.1512,1.15256
2026-08-13 09:00:00,1.15252,1.1544,1.15237,1.15435
2026-08-13 13:00:00,1.15424,1.15455,1.15247,1.15291
2026-08-13 17:00:00,1.15298,1.15321,1.15258,1.15291
2026-08-13 21:00:00,1.15297,1.15388,1.15267,1.15386
2026-08-14 01:00:00,1.1538,1.15406,1.1532,1.15388
2026-08-14 05:00:00,1.1539,1.15576,1.15384,1.15557
2026-08-14 09:00:00,1.1555,1.15781,1.15513,1.15675
2026-08-14 13:00:00,1.15667,1.15853,1.1562,1.15708
2026-08-14 17:00:00,1.15709,1.15712,1.1563,1.15705
2026-08-14 21:00:00,1.15702,1.15711,1.15662,1.15708
2026-08-15 01:00:00,1.15705,1.15713,1.1566,1.15708
2026-08-15 05:00:00,1.15705,1.15713,1.15663,1.15709
2026-08-15 09:00:00,1.15705,1.1572,1.15659,1.15695
2026-08-15 13:00:00,1.15697,1.15722,1.15662,1.1568
2026-08-15 17:00:00,1.1568,1.15708,1.15659,1.15691
2026-08-15 21:00:00,1.15689,1.15714,1.1566,1.15683
2026-08-16 01:00:00,1.15682,1.15722,1.15662,1.1568
2026-08-16 05:00:00,1.15678,1.15722,1.15664,1.15678
