date,open,high,low,close
2023-09-12 09:00:00,1.2468,1.24845,1.24595,1.2468
2023-09-12 13:00:00,1.2468,1.24925,1.2462,1.2479
2023-09-12 17:00:00,1.2478,1.2499,1.2476,1.24905
2023-09-12 21:00:00,1.2486,1.2501,1.24815,1.24935
2023-09-13 01:00:00,1.24945,1.25025,1.2481,1.24945
2023-09-13 05:00:00,1.2496,1.2498,1.2441,1.24775
2023-09-13 09:00:00,1.24765,1.25,1.2435,1.2486
2023-09-13 13:00:00,1.2484,1.2512,1.2472,1.24955
2023-09-13 17:00:00,1.2496,1.25065,1.2481,1.249
2023-09-13 21:00:00,1.2488,1.2504,1.2484,1.2502
2023-09-14 01:00:00,1.2502,1.25045,1.2485,1.2501
2023-09-14 05:00:00,1.2502,1.2506,1.24795,1.24875
2023-09-14 09:00:00,1.2487,1.2487,1.2414,1.244
2023-09-14 13:00:00,1.244,1.2461,1.2401,1.24145
2023-09-14 17:00:00,1.2414,1.2418,1.23965,1.24095
2023-09-14 21:00:00,1.2412,1.2412,1.23995,1.2412
2023-09-15 01:00:00,1.241,1.243,1.2402,1.24285
2023-09-15 05:00:00,1.2429,1.24465,1.2416,1.244
2023-09-15 09:00:00,1.2439,1.24405,1.2391,1.2391
2023-09-15 13:00:00,1.23895,1.2426,1.2385,1.23995
2023-09-15 17:00:00,1.24,1.24,1.2379,1.2381
2023-09-17 21:00:00,1.2386,1.24025,1.2384,1.24
2023-09-18 01:00:00,1.2401,1.2404,1.2386,1.2396
2023-09-18 05:00:00,1.2397,1.2405,1.237,1.2382
2023-09-18 09:00:00,1.238,1.24105,1.2377,1.2381
2023-09-18 13:00:00,1.2381,1.2405,1.23725,1.23945
2023-09-18 17:00:00,1.2395,1.23995,1.2374,1.2384
2023-09-18 21:00:00,1.2385,1.2392,1.238,1.2382
2023-09-19 01:00:00,1.23825,1.2384,1.2375,1.23785
2023-09-19 05:00:00,1.2378,1.2393,1.237,1.2376
2023-09-19 09:00:00,1.2376,1.2425,1.2372,1.2404
2023-09-19 13:00:00,1.2405,1.2407,1.2382,1.2387
2023-09-19 17:00:00,1.2388,1.23975,1.2386,1.23925
2023-09-19 21:00:00,1.23925,1.23975,1.2386,1.2391
2023-09-20 01:00:00,1.23905,1.2394,1.2382,1.23885
2023-09-20 05:00:00,1.23885,1.23965,1.2334,1.2369
2023-09-20 09:00:00,1.237,1.23805,1.2358,1.2377
2023-09-20 13:00:00,1.2377,1.2422,1.2376,1.2417
2023-09-20 17:00:00,1.2416,1.2417,1.2332,1.2345
2023-09-20 21:00:00,1.23485,1.23555,1.2311,1.2314
2023-09-21 01:00:00,1.2313,1.2325,1.2304,1.232
2023-09-21 05:00:00,1.2319,1.2332,1.2295,1.23045
2023-09-21 09:00:00,1.2304,1.2308,1.2243,1.2268
2023-09-21 13:00:00,1.2268,1.23075,1.2258,1.2297
2023-09-21 17:00:00,1.2296,1.2308,1.2288,1.2304
2023-09-21 21:00:00,1.23005,1.2307,1.22805,1.2286
2023-09-22 01:00:00,1.2286,1.2287,1.2273,1.2284
2023-09-22 05:00:00,1.2284,1.22885,1.2239,1.2253
2023-09-22 09:00:00,1.2253,1.2267,1.2233,1.2257
2023-09-22 13:00:00,1.2257,1.2285,1.225,1.22505
2023-09-22 17:00:00,1.2252,1.22595,1.2231,1.22405
2023-09-24 21:00:00,1.2255,1.2265,1.2238,1.2249
2023-09-25 01:00:00,1.22495,1.22495,1.2237,1.22425
2023-09-25 05:00:00,1.2242,1.22505,1.2218,1.2219
2023-09-25 09:00:00,1.22205,1.22445,1.22115,1.2217
2023-09-25 13:00:00,1.22175,1.22205,1.2194,1.2212
2023-09-25 17:00:00,1.2211,1.2222,1.2205,1.22115
2023-09-25 21:00:00,1.22085,1.22165,1.2205,1.2205
2023-09-26 01:00:00,1.2205,1.22095,1.2194,1.22065
2023-09-26 05:00:00,1.2206,1.2208,1.21665,1.2185
2023-09-26 09:00:00,1.2184,1.21945,1.217,1.2191
2023-09-26 13:00:00,1.2191,1.2192,1.2159,1.2171
2023-09-26 17:00:00,1.2171,1.2176,1.21525,1.2158
2023-09-26 21:00:00,1.2158,1.21665,1.2141,1.2141
2023-09-27 01:00:00,1.2142,1.21575,1.214,1.21475
2023-09-27 05:00:00,1.2147,1.2165,1.2136,1.215
2023-09-27 09:00:00,1.215,1.2157,1.2131,1.2145
2023-09-27 13:00:00,1.2144,1.21595,1.21165,1.21255
2023-09-27 17:00:00,1.2125,1.21535,1.2111,1.2136
2023-09-27 21:00:00,1.2135,1.21485,1.2131,1.2145
2023-09-28 01:00:00,1.21445,1.2146,1.213,1.214
2023-09-28 05:00:00,1.2141,1.2175,1.212,1.2172
2023-09-28 09:00:00,1.21715,1.2223,1.2171,1.2178
2023-09-28 13:00:00,1.2177,1.2225,1.2176,1.2199
2023-09-28 17:00:00,1.22,1.2206,1.2188,1.2203
2023-09-28 21:00:00,1.2199,1.22115,1.21965,1.2202
2023-09-29 01:00:00,1.2201,1.2229,1.2199,1.2222
2023-09-29 05:00:00,1.2222,1.22545,1.22195,1.2235
2023-09-29 09:00:00,1.2235,1.22725,1.2232,1.226
2023-09-29 13:00:00,1.2259,1.2264,1.218,1.22055
2023-09-29 17:00:00,1.2205,1.22085,1.2186,1.2201
2023-10-01 20:00:00,1.2201,1.2211,1.218,1.2192
2023-10-02 00:00:00,1.2193,1.2197,1.2187,1.219
2023-10-02 04:00:00,1.21905,1.222,1.2176,1.2194
2023-10-02 08:00:00,1.2194,1.2197,1.2148,1.21525
2023-10-02 12:00:00,1.2153,1.2168,1.2114,1.2128
2023-10-02 16:00:00,1.2128,1.2129,1.2092,1.2093
2023-10-02 20:00:00,1.2092,1.20945,1.2084,1.2091
2023-10-03 00:00:00,1.209,1.2091,1.2071,1.20775
2023-10-03 04:00:00,1.2077,1.2089,1.2061,1.20835
2023-10-03 08:00:00,1.2084,1.2097,1.2052,1.20655
2023-10-03 12:00:00,1.2067,1.21025,1.20535,1.2066
2023-10-03 16:00:00,1.2067,1.2092,1.2067,1.2078
2023-10-03 20:00:00,1.2077,1.2082,1.20725,1.20775
2023-10-04 00:00:00,1.2077,1.2085,1.206,1.2063
2023-10-04 04:00:00,1.2063,1.2085,1.2037,1.2084
2023-10-04 08:00:00,1.2083,1.2141,1.2082,1.212
2023-10-04 12:00:00,1.2119,1.21775,1.2106,1.2155
2023-10-04 16:00:00,1.2155,1.2167,1.213,1.2151
2023-10-04 20:00:00,1.2151,1.2152,1.2133,1.21365
2023-10-05 00:00:00,1.2137,1.2163,1.2131,1.216
2023-10-05 04:00:00,1.21595,1.21645,1.213,1.2132
2023-10-05 08:00:00,1.2131,1.21525,1.2116,1.21495
2023-10-05 12:00:00,1.2149,1.2174,1.2107,1.21695
2023-10-05 16:00:00,1.21685,1.2196,1.2166,1.2194
2023-10-05 20:00:00,1.21945,1.2196,1.21865,1.21875
2023-10-06 00:00:00,1.2188,1.21905,1.2177,1.21805
2023-10-06 04:00:00,1.2181,1.2207,1.2164,1.2204
2023-10-06 08:00:00,1.2204,1.222,1.2193,1.2212
2023-10-06 12:00:00,1.2213,1.2262,1.2106,1.2253
2023-10-06 16:00:00,1.2253,1.2256,1.2231,1.2242
2023-10-08 20:00:00,1.22055,1.2222,1.2199,1.222
2023-10-09 00:00:00,1.222,1.2225,1.2197,1.2198
2023-10-09 04:00:00,1.2199,1.22175,1.2168,1.21705
2023-10-09 08:00:00,1.2171,1.21915,1.2164,1.21685
2023-10-09 12:00:00,1.2168,1.22205,1.2163,1.22045
2023-10-09 16:00:00,1.2204,1.2243,1.2197,1.22415
2023-10-09 20:00:00,1.2243,1.2252,1.2234,1.2249
2023-10-10 00:00:00,1.225,1.2257,1.2235,1.2238
2023-10-10 04:00:00,1.2237,1.2237,1.2212,1.22315
2023-10-10 08:00:00,1.2231,1.22755,1.2225,1.224
2023-10-10 12:00:00,1.2239,1.2289,1.2237,1.22855
2023-10-10 16:00:00,1.2286,1.22925,1.2264,1.2285
2023-10-10 20:00:00,1.2285,1.2295,1.2275,1.22895
2023-10-11 00:00:00,1.229,1.2304,1.22875,1.2293
2023-10-11 04:00:00,1.22925,1.2304,1.227,1.2277
2023-10-11 08:00:00,1.2276,1.22985,1.227,1.22895
2023-10-11 12:00:00,1.229,1.2338,1.2269,1.2302
2023-10-11 16:00:00,1.2302,1.23125,1.2275,1.2309
2023-10-11 20:00:00,1.2309,1.232,1.2303,1.2315
2023-10-12 00:00:00,1.2315,1.2323,1.2311,1.23175
2023-10-12 04:00:00,1.2318,1.23325,1.2294,1.2295
2023-10-12 08:00:00,1.22955,1.23135,1.2293,1.23135
2023-10-12 12:00:00,1.2313,1.2315,1.2201,1.2211
2023-10-12 16:00:00,1.2212,1.22245,1.2172,1.2175
2023-10-12 20:00:00,1.2176,1.2185,1.2173,1.2182
2023-10-13 00:00:00,1.2184,1.2208,1.2183,1.22035
2023-10-13 04:00:00,1.22035,1.2226,1.2185,1.2211
2023-10-13 08:00:00,1.2212,1.222,1.21605,1.21845
2023-10-13 12:00:00,1.2185,1.22015,1.2132,1.2137
2023-10-13 16:00:00,1.2136,1.2147,1.2123,1.214
2023-10-15 20:00:00,1.2138,1.2158,1.2137,1.2155
2023-10-16 00:00:00,1.2155,1.2159,1.2145,1.2156
2023-10-16 04:00:00,1.2156,1.2178,1.2155,1.2176
2023-10-16 08:00:00,1.2175,1.2181,1.2143,1.2179
2023-10-16 12:00:00,1.218,1.22,1.2153,1.2196
2023-10-16 16:00:00,1.2196,1.222,1.21905,1.2218
2023-10-16 20:00:00,1.2218,1.2219,1.2203,1.2211
2023-10-17 00:00:00,1.2212,1.2216,1.2193,1.22025
2023-10-17 04:00:00,1.22035,1.22035,1.21645,1.2177
2023-10-17 08:00:00,1.2176,1.2191,1.2149,1.2184
2023-10-17 12:00:00,1.2184,1.22045,1.2134,1.2203
2023-10-17 16:00:00,1.2203,1.2212,1.2171,1.21845
2023-10-17 20:00:00,1.2184,1.2196,1.2176,1.2179
2023-10-18 00:00:00,1.2178,1.218,1.21585,1.21755
2023-10-18 04:00:00,1.21755,1.22115,1.2174,1.21895
2023-10-18 08:00:00,1.2189,1.22105,1.2176,1.2189
2023-10-18 12:00:00,1.2189,1.2207,1.2139,1.2147
2023-10-18 16:00:00,1.2149,1.2176,1.2137,1.2141
2023-10-18 20:00:00,1.214,1.2149,1.2138,1.2141
2023-10-19 00:00:00,1.2142,1.2146,1.2127,1.21285
2023-10-19 04:00:00,1.2127,1.2145,1.2111,1.2119
2023-10-19 08:00:00,1.2117,1.2127,1.209,1.212
2023-10-19 12:00:00,1.2121,1.2162,1.2119,1.2143
2023-10-19 16:00:00,1.2142,1.2191,1.2127,1.2151
2023-10-19 20:00:00,1.2149,1.2149,1.2134,1.21355
2023-10-20 00:00:00,1.21355,1.2145,1.2118,1.2138
2023-10-20 04:00:00,1.2137,1.2139,1.20935,1.21035
2023-10-20 08:00:00,1.2104,1.2146,1.2097,1.2141
2023-10-20 12:00:00,1.2142,1.21615,1.212,1.215
2023-10-20 16:00:00,1.2151,1.21705,1.2135,1.2161
2023-10-22 20:00:00,1.216,1.2167,1.2156,1.2163
2023-10-23 00:00:00,1.2163,1.2165,1.2148,1.2148
2023-10-23 04:00:00,1.2147,1.2171,1.2144,1.2168
2023-10-23 08:00:00,1.21695,1.2185,1.2143,1.2169
2023-10-23 12:00:00,1.217,1.22375,1.2151,1.22345
2023-10-23 16:00:00,1.2232,1.2259,1.222,1.2245
2023-10-23 20:00:00,1.2245,1.2254,1.2234,1.22495
2023-10-24 00:00:00,1.2249,1.22745,1.2247,1.22655
2023-10-24 04:00:00,1.2266,1.2289,1.2259,1.22625
2023-10-24 08:00:00,1.2262,1.2266,1.221,1.2219
2023-10-24 12:00:00,1.2219,1.2222,1.2159,1.2168
2023-10-24 16:00:00,1.2168,1.2173,1.2153,1.2164
2023-10-24 20:00:00,1.2163,1.217,1.2156,1.2163
2023-10-25 00:00:00,1.2163,1.2176,1.21605,1.2171
2023-10-25 04:00:00,1.2171,1.21765,1.21375,1.2142
2023-10-25 08:00:00,1.2141,1.2151,1.2114,1.2119
2023-10-25 12:00:00,1.2119,1.21565,1.2116,1.2138
2023-10-25 16:00:00,1.21375,1.21405,1.2112,1.21125
2023-10-25 20:00:00,1.2113,1.2116,1.2095,1.21025
2023-10-26 00:00:00,1.2102,1.2105,1.2077,1.208
2023-10-26 04:00:00,1.2081,1.2094,1.2069,1.209
2023-10-26 08:00:00,1.2089,1.20965,1.2074,1.2085
2023-10-26 12:00:00,1.2087,1.2134,1.208,1.2111
2023-10-26 16:00:00,1.2111,1.214,1.20975,1.2122
2023-10-26 20:00:00,1.2121,1.214,1.2118,1.21365
2023-10-27 00:00:00,1.2136,1.214,1.21225,1.2135
2023-10-27 04:00:00,1.21375,1.2142,1.2113,1.212
2023-10-27 08:00:00,1.2119,1.2143,1.21055,1.2109
2023-10-27 12:00:00,1.2109,1.2163,1.2106,1.2149
2023-10-27 16:00:00,1.215,1.2155,1.21105,1.2121
2023-10-29 20:00:00,1.21305,1.2131,1.21105,1.2114
2023-10-30 00:00:00,1.2113,1.2122,1.21065,1.21205
2023-10-30 04:00:00,1.21205,1.2134,1.2092,1.2098
2023-10-30 08:00:00,1.2098,1.2142,1.209,1.2125
2023-10-30 12:00:00,1.2125,1.21655,1.212,1.2156
2023-10-30 16:00:00,1.2156,1.2175,1.2141,1.2173
2023-10-30 20:00:00,1.2173,1.21735,1.21615,1.21635
2023-10-31 00:00:00,1.2164,1.2164,1.2137,1.2145
2023-10-31 04:00:00,1.2144,1.21615,1.2139,1.2156
2023-10-31 08:00:00,1.2156,1.2201,1.2146,1.218
2023-10-31 12:00:00,1.218,1.21865,1.2119,1.2134
2023-10-31 16:00:00,1.2134,1.2155,1.2123,1.2153
2023-10-31 20:00:00,1.2153,1.2155,1.2142,1.2151
2023-11-01 00:00:00,1.215,1.21525,1.2134,1.2145
2023-11-01 04:00:00,1.2145,1.21615,1.2132,1.2152
2023-11-01 08:00:00,1.2154,1.2161,1.2123,1.2126
2023-11-01 12:00:00,1.2127,1.2165,1.20955,1.2126
2023-11-01 16:00:00,1.2126,1.2157,1.2098,1.2149
2023-11-01 20:00:00,1.2148,1.2182,1.21375,1.2182
2023-11-02 00:00:00,1.2182,1.2197,1.2179,1.2192
2023-11-02 04:00:00,1.2192,1.2193,1.2164,1.21715
2023-11-02 08:00:00,1.217,1.22,1.2155,1.2195
2023-11-02 12:00:00,1.2195,1.2226,1.2167,1.2173
2023-11-02 16:00:00,1.2173,1.221,1.2168,1.22075
2023-11-02 20:00:00,1.2208,1.221,1.2189,1.219
2023-11-03 00:00:00,1.2189,1.2205,1.2184,1.22
2023-11-03 04:00:00,1.22,1.22145,1.2197,1.21975
2023-11-03 08:00:00,1.2199,1.2231,1.2186,1.2227
2023-11-03 12:00:00,1.2227,1.2375,1.2225,1.2372
2023-11-03 16:00:00,1.2371,1.23895,1.2358,1.2373
2023-11-05 20:00:00,1.23705,1.2378,1.23675,1.2372
2023-11-06 00:00:00,1.2372,1.2376,1.2365,1.23755
2023-11-06 04:00:00,1.2375,1.2397,1.23705,1.2383
2023-11-06 08:00:00,1.238,1.24265,1.23765,1.2424
2023-11-06 12:00:00,1.24235,1.2429,1.2371,1.239
2023-11-06 16:00:00,1.23905,1.23985,1.2351,1.2351
2023-11-06 20:00:00,1.2352,1.2353,1.2338,1.2344
2023-11-07 00:00:00,1.2344,1.2348,1.23335,1.23335
2023-11-07 04:00:00,1.2334,1.2337,1.231,1.2315
2023-11-07 08:00:00,1.2315,1.23325,1.2275,1.2288
2023-11-07 12:00:00,1.2288,1.2311,1.2283,1.2299
2023-11-07 16:00:00,1.2298,1.2312,1.2262,1.2296
2023-11-07 20:00:00,1.2296,1.2308,1.2287,1.2291
2023-11-08 00:00:00,1.2291,1.22965,1.2278,1.2281
2023-11-08 04:00:00,1.2281,1.2285,1.22645,1.2273
2023-11-08 08:00:00,1.2273,1.2277,1.2242,1.2268
2023-11-08 12:00:00,1.2268,1.2289,1.22505,1.2286
2023-11-08 16:00:00,1.2287,1.2302,1.2282,1.2283
2023-11-08 20:00:00,1.22835,1.2299,1.2281,1.22855
2023-11-09 00:00:00,1.22855,1.2294,1.22745,1.22825
2023-11-09 04:00:00,1.2283,1.229,1.2275,1.2283
2023-11-09 08:00:00,1.2281,1.2309,1.22535,1.2262
2023-11-09 12:00:00,1.2262,1.2296,1.2252,1.2287
2023-11-09 16:00:00,1.2287,1.22895,1.2213,1.2221
2023-11-09 20:00:00,1.2221,1.223,1.2215,1.2217
2023-11-10 00:00:00,1.2216,1.2229,1.2212,1.2222
2023-11-10 04:00:00,1.2222,1.2238,1.2217,1.2228
2023-11-10 08:00:00,1.2227,1.22355,1.2203,1.2207
2023-11-10 12:00:00,1.2208,1.2228,1.21875,1.2197
2023-11-10 16:00:00,1.2197,1.2232,1.21925,1.2219
2023-11-12 20:00:00,1.2218,1.2233,1.2212,1.223
2023-11-13 00:00:00,1.223,1.22365,1.2223,1.22275
2023-11-13 04:00:00,1.22275,1.2245,1.2227,1.2238
2023-11-13 08:00:00,1.2237,1.2256,1.2231,1.225
2023-11-13 12:00:00,1.225,1.2259,1.22295,1.2252
2023-11-13 16:00:00,1.2253,1.22795,1.2248,1.2278
2023-11-13 20:00:00,1.2278,1.2281,1.22655,1.2281
2023-11-14 00:00:00,1.2281,1.2281,1.2269,1.227
2023-11-14 04:00:00,1.2271,1.2301,1.2266,1.2295
2023-11-14 08:00:00,1.22955,1.2308,1.2276,1.228
2023-11-14 12:00:00,1.228,1.24755,1.228,1.2457
2023-11-14 16:00:00,1.2456,1.25,1.2456,1.24995
2023-11-14 20:00:00,1.2499,1.2506,1.24875,1.24935
2023-11-15 00:00:00,1.2493,1.2496,1.2479,1.2495
2023-11-15 04:00:00,1.24955,1.2498,1.2464,1.247
2023-11-15 08:00:00,1.247,1.2477,1.2454,1.24715
2023-11-15 12:00:00,1.2472,1.248,1.2404,1.2442
2023-11-15 16:00:00,1.2443,1.24545,1.241,1.2419
2023-11-15 20:00:00,1.2418,1.24225,1.2407,1.24215
2023-11-16 00:00:00,1.24215,1.2424,1.238,1.23885
2023-11-16 04:00:00,1.23885,1.2399,1.2377,1.23815
2023-11-16 08:00:00,1.2381,1.2414,1.2376,1.24045
2023-11-16 12:00:00,1.2405,1.2456,1.2382,1.2441
2023-11-16 16:00:00,1.2441,1.245,1.2414,1.2417
2023-11-16 20:00:00,1.2417,1.2423,1.2406,1.2415
2023-11-17 00:00:00,1.2414,1.24225,1.2404,1.24075
2023-11-17 04:00:00,1.2407,1.2419,1.2374,1.2385
2023-11-17 08:00:00,1.2384,1.2438,1.2379,1.24285
2023-11-17 12:00:00,1.2428,1.24405,1.2405,1.24345
2023-11-17 16:00:00,1.24355,1.2458,1.2418,1.2449
2023-11-19 20:00:00,1.2456,1.2462,1.245,1.2455
2023-11-20 00:00:00,1.24535,1.2486,1.2446,1.2486
2023-11-20 04:00:00,1.24845,1.2496,1.2471,1.2475
2023-11-20 08:00:00,1.2475,1.251,1.2462,1.24715
2023-11-20 12:00:00,1.2471,1.2495,1.2462,1.2493
2023-11-20 16:00:00,1.24935,1.2518,1.249,1.25105
2023-11-20 20:00:00,1.25105,1.2514,1.25,1.25085
2023-11-21 00:00:00,1.25085,1.2539,1.2505,1.2538
2023-11-21 04:00:00,1.2538,1.254,1.2521,1.2525
2023-11-21 08:00:00,1.2523,1.2554,1.252,1.2529
2023-11-21 12:00:00,1.2529,1.2559,1.2527,1.2537
2023-11-21 16:00:00,1.2537,1.25515,1.2517,1.2541
2023-11-21 20:00:00,1.2541,1.2546,1.25295,1.25435
2023-11-22 00:00:00,1.2544,1.255,1.2532,1.2539
2023-11-22 04:00:00,1.2538,1.25415,1.2513,1.25275
2023-11-22 08:00:00,1.2527,1.2538,1.2507,1.2535
2023-11-22 12:00:00,1.2535,1.25495,1.24495,1.2459
2023-11-22 16:00:00,1.2459,1.2495,1.2453,1.24915
2023-11-22 20:00:00,1.249,1.24975,1.2488,1.2489
2023-11-23 00:00:00,1.2489,1.2507,1.2489,1.2506
2023-11-23 04:00:00,1.2506,1.2519,1.25,1.2518
2023-11-23 08:00:00,1.2518,1.2573,1.2504,1.2557
2023-11-23 12:00:00,1.2556,1.2559,1.2525,1.2539
2023-11-23 16:00:00,1.2538,1.254,1.2529,1.25345
2023-11-23 20:00:00,1.25345,1.2537,1.2528,1.25325
2023-11-24 00:00:00,1.25325,1.2545,1.25245,1.2536
2023-11-24 04:00:00,1.2536,1.2546,1.2527,1.2533
2023-11-24 08:00:00,1.2531,1.2571,1.2529,1.2569
2023-11-24 12:00:00,1.2568,1.2616,1.2561,1.2613
2023-11-24 16:00:00,1.2612,1.2615,1.2597,1.2609
2023-11-26 20:00:00,1.25945,1.2608,1.2594,1.26
2023-11-27 00:00:00,1.2601,1.2611,1.2591,1.26055
2023-11-27 04:00:00,1.26055,1.2628,1.25995,1.2617
2023-11-27 08:00:00,1.2617,1.2637,1.2601,1.2635
2023-11-27 12:00:00,1.2635,1.2645,1.2603,1.2606
2023-11-27 16:00:00,1.2605,1.2634,1.2601,1.2633
2023-11-27 20:00:00,1.2633,1.2635,1.2622,1.2635
2023-11-28 00:00:00,1.2635,1.2642,1.263,1.26315
2023-11-28 04:00:00,1.2631,1.2633,1.2609,1.2612
2023-11-28 08:00:00,1.2612,1.26405,1.2607,1.262
2023-11-28 12:00:00,1.262,1.26995,1.2608,1.2683
2023-11-28 16:00:00,1.2683,1.2715,1.2673,1.2699
2023-11-28 20:00:00,1.2698,1.2713,1.26805,1.2713
2023-11-29 00:00:00,1.2713,1.27335,1.27035,1.2707
2023-11-29 04:00:00,1.2707,1.2722,1.269,1.2698
2023-11-29 08:00:00,1.2696,1.2714,1.2674,1.26885
2023-11-29 12:00:00,1.2689,1.27115,1.26645,1.26955
2023-11-29 16:00:00,1.2696,1.2727,1.267,1.27075
2023-11-29 20:00:00,1.2707,1.27085,1.2685,1.26955
2023-11-30 00:00:00,1.2695,1.2706,1.26905,1.2698
2023-11-30 04:00:00,1.2699,1.27095,1.2678,1.2693
2023-11-30 08:00:00,1.2694,1.2711,1.26315,1.264
2023-11-30 12:00:00,1.26405,1.2678,1.2603,1.2658
2023-11-30 16:00:00,1.2658,1.2664,1.2613,1.2624
2023-11-30 20:00:00,1.2624,1.2635,1.2612,1.26315
2023-12-01 00:00:00,1.2631,1.26565,1.263,1.26345
2023-12-01 04:00:00,1.2635,1.26455,1.2629,1.26335
2023-12-01 08:00:00,1.2634,1.26755,1.263,1.2646
2023-12-01 12:00:00,1.2647,1.2656,1.2614,1.2635
2023-12-01 16:00:00,1.2634,1.27165,1.2625,1.2701
2023-12-03 20:00:00,1.2714,1.2725,1.2695,1.2711
2023-12-04 00:00:00,1.27115,1.2713,1.2668,1.26775
2023-12-04 04:00:00,1.26775,1.2686,1.2662,1.2664
2023-12-04 08:00:00,1.2665,1.26875,1.2654,1.2682
2023-12-04 12:00:00,1.2683,1.2685,1.2604,1.26105
2023-12-04 16:00:00,1.261,1.2636,1.2605,1.2623
2023-12-04 20:00:00,1.26225,1.2635,1.26215,1.26335
2023-12-05 00:00:00,1.2634,1.2645,1.2628,1.2634
2023-12-05 04:00:00,1.2633,1.26415,1.2607,1.2609
2023-12-05 08:00:00,1.261,1.2646,1.2609,1.2623
2023-12-05 12:00:00,1.2622,1.2652,1.2599,1.2613
2023-12-05 16:00:00,1.2614,1.2619,1.2577,1.2582
2023-12-05 20:00:00,1.2583,1.2602,1.258,1.25945
2023-12-06 00:00:00,1.2595,1.2613,1.2592,1.26105
2023-12-06 04:00:00,1.2611,1.2614,1.2593,1.2607
2023-12-06 08:00:00,1.2608,1.2612,1.2581,1.2587
2023-12-06 12:00:00,1.25875,1.26055,1.2582,1.25925
2023-12-06 16:00:00,1.2593,1.2605,1.2558,1.2562
2023-12-06 20:00:00,1.2561,1.2578,1.25515,1.2558
2023-12-07 00:00:00,1.25585,1.2565,1.2548,1.2549
2023-12-07 04:00:00,1.2549,1.25865,1.2544,1.2581
2023-12-07 08:00:00,1.2582,1.25935,1.2562,1.2572
2023-12-07 12:00:00,1.2571,1.2594,1.2545,1.2574
2023-12-07 16:00:00,1.25745,1.2612,1.2569,1.25925
2023-12-07 20:00:00,1.25925,1.2602,1.2581,1.2587
2023-12-08 00:00:00,1.2587,1.26015,1.2584,1.25915
2023-12-08 04:00:00,1.2591,1.2597,1.2561,1.2566
2023-12-08 08:00:00,1.2566,1.25875,1.2555,1.2579
2023-12-08 12:00:00,1.25805,1.25845,1.2502,1.2545
2023-12-08 16:00:00,1.2546,1.2556,1.2523,1.255
2023-12-10 20:00:00,1.2549,1.2555,1.2531,1.2554
2023-12-11 00:00:00,1.2555,1.2559,1.254,1.2541
2023-12-11 04:00:00,1.2542,1.2548,1.25325,1.2539
2023-12-11 08:00:00,1.254,1.259,1.2534,1.259
2023-12-11 12:00:00,1.2591,1.2591,1.2548,1.255
2023-12-11 16:00:00,1.255,1.2568,1.2538,1.2556
2023-12-11 20:00:00,1.25555,1.2562,1.2552,1.25535
2023-12-12 00:00:00,1.2553,1.2576,1.2553,1.2575
2023-12-12 04:00:00,1.2575,1.2584,1.2561,1.2563
2023-12-12 08:00:00,1.2564,1.2582,1.25425,1.257
2023-12-12 12:00:00,1.2571,1.2616,1.2514,1.25605
2023-12-12 16:00:00,1.2561,1.2572,1.2542,1.25625
2023-12-12 20:00:00,1.2564,1.2574,1.2553,1.2569
2023-12-13 00:00:00,1.2569,1.2571,1.2548,1.25525
2023-12-13 04:00:00,1.2552,1.2561,1.2519,1.2521
2023-12-13 08:00:00,1.2521,1.25375,1.2509,1.2527
2023-12-13 12:00:00,1.2528,1.2548,1.25045,1.25255
2023-12-13 16:00:00,1.2525,1.2631,1.25,1.2627
2023-12-13 20:00:00,1.2626,1.2635,1.2609,1.26215
2023-12-14 00:00:00,1.2621,1.2653,1.26195,1.2646
2023-12-14 04:00:00,1.26455,1.2647,1.2612,1.2619
2023-12-14 08:00:00,1.2621,1.268,1.2616,1.2662
2023-12-14 12:00:00,1.2664,1.27635,1.2664,1.2759
2023-12-14 16:00:00,1.2759,1.27945,1.2748,1.2757
2023-12-14 20:00:00,1.2757,1.2772,1.2754,1.2771
2023-12-15 00:00:00,1.2771,1.2771,1.2747,1.27665
2023-12-15 04:00:00,1.2767,1.2774,1.27525,1.2768
2023-12-15 08:00:00,1.2768,1.27905,1.274,1.27715
2023-12-15 12:00:00,1.2771,1.27755,1.2695,1.2699
2023-12-15 16:00:00,1.2699,1.2716,1.2668,1.269
2023-12-17 20:00:00,1.2687,1.2687,1.2661,1.26715
2023-12-18 00:00:00,1.2672,1.27,1.2671,1.26945
2023-12-18 04:00:00,1.26945,1.27045,1.2685,1.2691
2023-12-18 08:00:00,1.2692,1.26955,1.26455,1.2655
2023-12-18 12:00:00,1.2655,1.2673,1.2635,1.2645
2023-12-18 16:00:00,1.2643,1.2656,1.2629,1.2641
2023-12-18 20:00:00,1.26405,1.2653,1.2636,1.2653
2023-12-19 00:00:00,1.26535,1.2664,1.26495,1.26605
2023-12-19 04:00:00,1.266,1.26785,1.2651,1.2668
2023-12-19 08:00:00,1.2668,1.2714,1.2665,1.27025
2023-12-19 12:00:00,1.2702,1.27585,1.2702,1.2739
2023-12-19 16:00:00,1.2738,1.2762,1.272,1.27225
2023-12-19 20:00:00,1.2723,1.27365,1.2716,1.273
2023-12-20 00:00:00,1.273,1.2731,1.2716,1.272
2023-12-20 04:00:00,1.272,1.2725,1.2648,1.2662
2023-12-20 08:00:00,1.2664,1.268,1.2649,1.2651
2023-12-20 12:00:00,1.2651,1.2683,1.263,1.26675
2023-12-20 16:00:00,1.2668,1.2676,1.264,1.2642
2023-12-20 20:00:00,1.2641,1.2651,1.2625,1.264
2023-12-21 00:00:00,1.26405,1.2651,1.263,1.26345
2023-12-21 04:00:00,1.2634,1.2651,1.26305,1.2637
2023-12-21 08:00:00,1.2638,1.2675,1.2612,1.2666
2023-12-21 12:00:00,1.2666,1.2696,1.2645,1.2654
2023-12-21 16:00:00,1.2656,1.2693,1.2643,1.2684
2023-12-21 20:00:00,1.2685,1.2693,1.26725,1.2683
2023-12-22 00:00:00,1.2683,1.2692,1.2679,1.2684
2023-12-22 04:00:00,1.2684,1.2715,1.2681,1.2694
2023-12-22 08:00:00,1.2694,1.2744,1.2683,1.27335
2023-12-22 12:00:00,1.2734,1.2744,1.2693,1.2715
2023-12-22 16:00:00,1.2715,1.2729,1.269,1.27035
2023-12-25 12:00:00,1.2693,1.2698,1.2693,1.2698
2023-12-25 16:00:00,1.2696,1.2696,1.26855,1.2694
2023-12-25 20:00:00,1.26905,1.27125,1.2687,1.2704
2023-12-26 00:00:00,1.27035,1.2713,1.2699,1.27125
2023-12-26 04:00:00,1.2712,1.27135,1.2691,1.2695
2023-12-26 08:00:00,1.26955,1.2704,1.26865,1.2693
2023-12-26 12:00:00,1.2694,1.272,1.2685,1.2705
2023-12-26 16:00:00,1.2705,1.2724,1.2702,1.2722
2023-12-26 20:00:00,1.27235,1.2731,1.2716,1.27265
2023-12-27 00:00:00,1.2726,1.2729,1.27165,1.2725
2023-12-27 04:00:00,1.2725,1.2736,1.2724,1.2726
2023-12-27 08:00:00,1.27255,1.2739,1.26975,1.27355
2023-12-27 12:00:00,1.27355,1.2789,1.2731,1.2789
2023-12-27 16:00:00,1.2788,1.2803,1.2784,1.2795
2023-12-27 20:00:00,1.2794,1.2803,1.279,1.28
2023-12-28 00:00:00,1.28005,1.2815,1.27985,1.2814
2023-12-28 04:00:00,1.28125,1.2828,1.2805,1.2819
2023-12-28 08:00:00,1.2819,1.2819,1.2788,1.2791
2023-12-28 12:00:00,1.2792,1.2792,1.2738,1.2771
2023-12-28 16:00:00,1.277,1.27715,1.27125,1.2728
2023-12-28 20:00:00,1.27265,1.27445,1.2724,1.27345
2023-12-29 00:00:00,1.2735,1.27475,1.2729,1.2738
2023-12-29 04:00:00,1.27375,1.27725,1.2736,1.2747
2023-12-29 08:00:00,1.2747,1.2757,1.27,1.2746
2023-12-29 12:00:00,1.27455,1.27595,1.2701,1.27475
2023-12-29 16:00:00,1.2747,1.2767,1.27305,1.2747
2024-01-01 16:00:00,1.2728,1.27515,1.2715,1.2718
2024-01-01 20:00:00,1.2722,1.2736,1.27125,1.2728
2024-01-02 00:00:00,1.2728,1.2734,1.271,1.2718
2024-01-02 04:00:00,1.2719,1.27445,1.27115,1.2732
2024-01-02 08:00:00,1.2733,1.276,1.2654,1.2663
2024-01-02 12:00:00,1.2662,1.26635,1.2615,1.2625
2024-01-02 16:00:00,1.2626,1.26375,1.2611,1.26205
2024-01-02 20:00:00,1.262,1.2631,1.26155,1.2623
2024-01-03 00:00:00,1.2623,1.2641,1.262,1.2641
2024-01-03 04:00:00,1.26405,1.26475,1.2624,1.2644
2024-01-03 08:00:00,1.26445,1.2653,1.2619,1.2627
2024-01-03 12:00:00,1.2627,1.2656,1.2616,1.2628
2024-01-03 16:00:00,1.2629,1.2677,1.2627,1.2664
2024-01-03 20:00:00,1.26645,1.2674,1.2655,1.26735
2024-01-04 00:00:00,1.2673,1.2674,1.2657,1.2673
2024-01-04 04:00:00,1.26735,1.2694,1.2664,1.2693
2024-01-04 08:00:00,1.2693,1.273,1.26815,1.26905
2024-01-04 12:00:00,1.269,1.2711,1.26645,1.2699
2024-01-04 16:00:00,1.2699,1.2704,1.2673,1.2684
2024-01-04 20:00:00,1.2683,1.2696,1.2677,1.2682
2024-01-05 00:00:00,1.2682,1.26965,1.2679,1.26815
2024-01-05 04:00:00,1.2681,1.2687,1.2665,1.2679
2024-01-05 08:00:00,1.2679,1.2689,1.2651,1.2654
2024-01-05 12:00:00,1.2654,1.2771,1.2611,1.2752
2024-01-05 16:00:00,1.2752,1.2755,1.271,1.2723
2024-01-07 20:00:00,1.2721,1.2721,1.27085,1.2718
2024-01-08 00:00:00,1.2717,1.2731,1.2699,1.27015
2024-01-08 04:00:00,1.2702,1.272,1.2698,1.2708
2024-01-08 08:00:00,1.2709,1.27135,1.2673,1.2699
2024-01-08 12:00:00,1.26985,1.27565,1.2698,1.275
2024-01-08 16:00:00,1.2751,1.2767,1.274,1.2758
2024-01-08 20:00:00,1.2759,1.2759,1.274,1.27415
2024-01-09 00:00:00,1.2741,1.2765,1.27405,1.27565
2024-01-09 04:00:00,1.2755,1.27565,1.2733,1.27475
2024-01-09 08:00:00,1.2746,1.2746,1.2708,1.2714
2024-01-09 12:00:00,1.27135,1.2736,1.2701,1.2703
2024-01-09 16:00:00,1.27035,1.2719,1.2689,1.27
2024-01-09 20:00:00,1.27,1.2713,1.27,1.2711
2024-01-10 00:00:00,1.2711,1.2718,1.2698,1.27
2024-01-10 04:00:00,1.2699,1.27065,1.2686,1.2697
2024-01-10 08:00:00,1.2698,1.2735,1.2697,1.2724
2024-01-10 12:00:00,1.2726,1.274,1.2713,1.2737
2024-01-10 16:00:00,1.2736,1.2743,1.27185,1.27425
2024-01-10 20:00:00,1.2742,1.2745,1.273,1.27445
2024-01-11 00:00:00,1.2745,1.277,1.2744,1.2767
2024-01-11 04:00:00,1.2767,1.2774,1.2759,1.27645
2024-01-11 08:00:00,1.2765,1.2769,1.2734,1.2766
2024-01-11 12:00:00,1.2767,1.2778,1.2691,1.2714
2024-01-11 16:00:00,1.2714,1.2765,1.27,1.2764
2024-01-11 20:00:00,1.2763,1.2779,1.2742,1.2779
2024-01-12 00:00:00,1.2779,1.2785,1.27655,1.27755
2024-01-12 04:00:00,1.27765,1.27785,1.2754,1.27555
2024-01-12 08:00:00,1.2755,1.278,1.27245,1.27255
2024-01-12 12:00:00,1.27245,1.2786,1.2719,1.27615
2024-01-12 16:00:00,1.2762,1.2769,1.2732,1.27475
2024-01-14 20:00:00,1.2749,1.2755,1.2735,1.27355
2024-01-15 00:00:00,1.27355,1.27655,1.2729,1.27585
2024-01-15 04:00:00,1.2758,1.27605,1.2741,1.2745
2024-01-15 08:00:00,1.2744,1.276,1.2713,1.273
2024-01-15 12:00:00,1.2732,1.274,1.27125,1.27315
2024-01-15 16:00:00,1.2731,1.2739,1.2726,1.2727
2024-01-15 20:00:00,1.2727,1.27375,1.2715,1.2716
2024-01-16 00:00:00,1.2716,1.2717,1.2679,1.2682
2024-01-16 04:00:00,1.2682,1.26875,1.2662,1.2672
2024-01-16 08:00:00,1.26745,1.2676,1.262,1.26465
2024-01-16 12:00:00,1.26465,1.2673,1.2637,1.2665
2024-01-16 16:00:00,1.2667,1.2679,1.26195,1.2631
2024-01-16 20:00:00,1.2632,1.2644,1.2628,1.2638
2024-01-17 00:00:00,1.2638,1.2644,1.2616,1.26195
2024-01-17 04:00:00,1.2619,1.26575,1.2597,1.26565
2024-01-17 08:00:00,1.2656,1.2696,1.2644,1.2692
2024-01-17 12:00:00,1.2691,1.26925,1.26385,1.2657
2024-01-17 16:00:00,1.2657,1.2686,1.2656,1.26775
2024-01-17 20:00:00,1.26775,1.2687,1.267,1.2677
2024-01-18 00:00:00,1.2677,1.2696,1.2671,1.2682
2024-01-18 04:00:00,1.2682,1.27045,1.2678,1.2698
2024-01-18 08:00:00,1.2698,1.26985,1.2673,1.2685
2024-01-18 12:00:00,1.26845,1.2692,1.2648,1.2674
2024-01-18 16:00:00,1.2673,1.2702,1.267,1.2686
2024-01-18 20:00:00,1.2687,1.2712,1.2685,1.2712
2024-01-19 00:00:00,1.2712,1.2715,1.27,1.2713
2024-01-19 04:00:00,1.27135,1.27135,1.2673,1.2686
2024-01-19 08:00:00,1.2685,1.2691,1.26655,1.2682
2024-01-19 12:00:00,1.2682,1.2687,1.2662,1.268
2024-01-19 16:00:00,1.26805,1.26995,1.2666,1.2697
2024-01-21 20:00:00,1.269,1.2709,1.269,1.26995
2024-01-22 00:00:00,1.2699,1.27185,1.2696,1.27125
2024-01-22 04:00:00,1.2713,1.2725,1.2698,1.27025
2024-01-22 08:00:00,1.2704,1.27155,1.2687,1.27145
2024-01-22 12:00:00,1.2715,1.27325,1.27095,1.272
2024-01-22 16:00:00,1.27205,1.27335,1.2698,1.2705
2024-01-22 20:00:00,1.2705,1.2715,1.27,1.2707
2024-01-23 00:00:00,1.2706,1.2729,1.2706,1.27255
2024-01-23 04:00:00,1.2725,1.2748,1.2723,1.2742
2024-01-23 08:00:00,1.2742,1.2744,1.27,1.27075
2024-01-23 12:00:00,1.2707,1.2719,1.2658,1.2667
2024-01-23 16:00:00,1.2666,1.2683,1.2649,1.26805
2024-01-23 20:00:00,1.26805,1.2695,1.2677,1.26915
2024-01-24 00:00:00,1.2691,1.2701,1.2686,1.26965
2024-01-24 04:00:00,1.26965,1.2713,1.2696,1.2705
2024-01-24 08:00:00,1.2705,1.2774,1.2705,1.2741
2024-01-24 12:00:00,1.274,1.2775,1.27285,1.27535
2024-01-24 16:00:00,1.2753,1.2755,1.2713,1.27255
2024-01-24 20:00:00,1.2725,1.2731,1.27145,1.2718
2024-01-25 00:00:00,1.2718,1.2719,1.27035,1.27135
2024-01-25 04:00:00,1.2713,1.2734,1.27075,1.2732
2024-01-25 08:00:00,1.2732,1.2743,1.272,1.27335
2024-01-25 12:00:00,1.2733,1.274,1.2696,1.2699
2024-01-25 16:00:00,1.27,1.2707,1.26815,1.2701
2024-01-25 20:00:00,1.2701,1.27135,1.2696,1.2706
2024-01-26 00:00:00,1.2706,1.27165,1.27005,1.2711
2024-01-26 04:00:00,1.2711,1.2712,1.2675,1.2683
2024-01-26 08:00:00,1.2683,1.2747,1.2681,1.2741
2024-01-26 12:00:00,1.2742,1.2759,1.272,1.2721
2024-01-26 16:00:00,1.2723,1.2725,1.26985,1.27045
2024-01-28 20:00:00,1.26975,1.2706,1.26905,1.26965
2024-01-29 00:00:00,1.26965,1.2706,1.2692,1.27025
2024-01-29 04:00:00,1.2703,1.2719,1.27,1.2711
2024-01-29 08:00:00,1.2711,1.2715,1.2691,1.26955
2024-01-29 12:00:00,1.2695,1.2713,1.2662,1.2678
2024-01-29 16:00:00,1.2679,1.2693,1.2673,1.26925
2024-01-29 20:00:00,1.2693,1.27175,1.2692,1.27125
2024-01-30 00:00:00,1.2714,1.2721,1.2706,1.27075
2024-01-30 04:00:00,1.2708,1.27125,1.2683,1.26955
2024-01-30 08:00:00,1.2696,1.27,1.2671,1.2678
2024-01-30 12:00:00,1.2677,1.2688,1.26405,1.2665
2024-01-30 16:00:00,1.2666,1.2696,1.26595,1.2695
2024-01-30 20:00:00,1.2696,1.2703,1.2685,1.2695
2024-01-31 00:00:00,1.2695,1.27005,1.2673,1.2676
2024-01-31 04:00:00,1.2677,1.2683,1.26665,1.2675
2024-01-31 08:00:00,1.2675,1.2698,1.2668,1.2685
2024-01-31 12:00:00,1.2684,1.27505,1.2679,1.2733
2024-01-31 16:00:00,1.2732,1.2739,1.2685,1.2712
2024-01-31 20:00:00,1.2713,1.2713,1.2658,1.2679
2024-02-01 00:00:00,1.2679,1.2698,1.26745,1.2684
2024-02-01 04:00:00,1.2685,1.2687,1.26425,1.2655
2024-02-01 08:00:00,1.2655,1.2659,1.26255,1.2642
2024-02-01 12:00:00,1.2641,1.2686,1.2637,1.2682
2024-02-01 16:00:00,1.2682,1.2756,1.2679,1.27475
2024-02-01 20:00:00,1.2747,1.2751,1.2742,1.2747
2024-02-02 00:00:00,1.2746,1.27555,1.2742,1.27485
2024-02-02 04:00:00,1.2749,1.2757,1.2743,1.2752
2024-02-02 08:00:00,1.275,1.2772,1.2742,1.2758
2024-02-02 12:00:00,1.2759,1.27695,1.2633,1.2655
2024-02-02 16:00:00,1.2657,1.26595,1.2614,1.2639
2024-02-04 20:00:00,1.2633,1.26435,1.2611,1.2623
2024-02-05 00:00:00,1.2622,1.2626,1.2599,1.26115
2024-02-05 04:00:00,1.26115,1.2624,1.2603,1.2617
2024-02-05 08:00:00,1.2617,1.26305,1.2571,1.2572
2024-02-05 12:00:00,1.2574,1.2576,1.2518,1.2521
2024-02-05 16:00:00,1.25205,1.2544,1.2519,1.2535
2024-02-05 20:00:00,1.25345,1.25405,1.25265,1.25335
2024-02-06 00:00:00,1.2534,1.255,1.25335,1.2542
2024-02-06 04:00:00,1.2542,1.2565,1.2542,1.25555
2024-02-06 08:00:00,1.2555,1.2565,1.2536,1.25545
2024-02-06 12:00:00,1.25545,1.2584,1.2541,1.2576
2024-02-06 16:00:00,1.2576,1.2601,1.2573,1.25945
2024-02-06 20:00:00,1.2595,1.2606,1.2593,1.2604
2024-02-07 00:00:00,1.2604,1.2613,1.2597,1.2602
2024-02-07 04:00:00,1.2602,1.26285,1.2598,1.26285
2024-02-07 08:00:00,1.2628,1.26385,1.2616,1.2632
2024-02-07 12:00:00,1.26315,1.2642,1.26195,1.263
2024-02-07 16:00:00,1.2631,1.2635,1.2616,1.2629
2024-02-07 20:00:00,1.2629,1.2633,1.2622,1.2627
2024-02-08 00:00:00,1.2626,1.2639,1.2625,1.26325
2024-02-08 04:00:00,1.2633,1.26385,1.2624,1.2629
2024-02-08 08:00:00,1.2628,1.26355,1.25995,1.2607
2024-02-08 12:00:00,1.2605,1.2612,1.2572,1.2606
2024-02-08 16:00:00,1.2605,1.263,1.2604,1.26155
2024-02-08 20:00:00,1.26155,1.26215,1.2606,1.26215
2024-02-09 00:00:00,1.2621,1.26225,1.2613,1.2615
2024-02-09 04:00:00,1.26155,1.2635,1.26115,1.26325
2024-02-09 08:00:00,1.2633,1.2635,1.2601,1.2608
2024-02-09 12:00:00,1.2608,1.2643,1.2599,1.2635
2024-02-09 16:00:00,1.26325,1.26385,1.26215,1.26285
2024-02-09 20:00:00,1.2628,1.2636,1.2625,1.2629
2024-02-11 20:00:00,1.2625,1.26375,1.2624,1.2636
2024-02-12 00:00:00,1.2637,1.2644,1.2626,1.2629
2024-02-12 04:00:00,1.26285,1.2655,1.2627,1.26475
2024-02-12 08:00:00,1.2647,1.2647,1.26105,1.2615
2024-02-12 12:00:00,1.26155,1.26265,1.2606,1.2615
2024-02-12 16:00:00,1.2615,1.2641,1.2613,1.2624
2024-02-12 20:00:00,1.26245,1.2632,1.2624,1.2627
2024-02-13 00:00:00,1.2627,1.2628,1.26105,1.2611
2024-02-13 04:00:00,1.2611,1.2656,1.2609,1.2652
2024-02-13 08:00:00,1.2652,1.26765,1.2636,1.26675
2024-02-13 12:00:00,1.2668,1.2692,1.25755,1.26
2024-02-13 16:00:00,1.2601,1.2609,1.2573,1.2573
2024-02-13 20:00:00,1.2574,1.2597,1.2574,1.25905
2024-02-14 00:00:00,1.25905,1.26025,1.2584,1.25995
2024-02-14 04:00:00,1.2599,1.2612,1.2556,1.25635
2024-02-14 08:00:00,1.2563,1.2563,1.2535,1.25525
2024-02-14 12:00:00,1.2552,1.2568,1.254,1.2549
2024-02-14 16:00:00,1.2549,1.2571,1.2549,1.2562
2024-02-14 20:00:00,1.2561,1.2569,1.2558,1.2568
2024-02-15 00:00:00,1.2568,1.2574,1.2559,1.2565
2024-02-15 04:00:00,1.2565,1.2574,1.2543,1.25455
2024-02-15 08:00:00,1.2546,1.25615,1.2542,1.255
2024-02-15 12:00:00,1.255,1.2597,1.2542,1.2585
2024-02-15 16:00:00,1.2584,1.2601,1.2574,1.2596
2024-02-15 20:00:00,1.2596,1.2605,1.2593,1.2598
2024-02-16 00:00:00,1.2599,1.2601,1.2579,1.25815
2024-02-16 04:00:00,1.25815,1.2605,1.2577,1.25915
2024-02-16 08:00:00,1.259,1.2601,1.2574,1.25995
2024-02-16 12:00:00,1.2599,1.2601,1.255,1.2583
2024-02-16 16:00:00,1.2584,1.2624,1.2583,1.26065
2024-02-16 20:00:00,1.2605,1.2605,1.2597,1.2602
2024-02-18 20:00:00,1.26035,1.2611,1.2599,1.26105
2024-02-19 00:00:00,1.2611,1.26275,1.2611,1.2613
2024-02-19 04:00:00,1.26125,1.263,1.26115,1.2621
2024-02-19 08:00:00,1.262,1.2628,1.2607,1.2612
2024-02-19 12:00:00,1.2612,1.2616,1.2584,1.2587
2024-02-19 16:00:00,1.2588,1.26005,1.25835,1.2598
2024-02-19 20:00:00,1.2597,1.2602,1.25855,1.2587
2024-02-20 00:00:00,1.2588,1.2593,1.258,1.2585
2024-02-20 04:00:00,1.2585,1.25945,1.258,1.259
2024-02-20 08:00:00,1.2591,1.2616,1.2581,1.259
2024-02-20 12:00:00,1.2592,1.2669,1.2588,1.266
2024-02-20 16:00:00,1.2663,1.2663,1.2616,1.2618
2024-02-20 20:00:00,1.2619,1.2631,1.2616,1.2625
2024-02-21 00:00:00,1.2626,1.2637,1.26195,1.26365
2024-02-21 04:00:00,1.2637,1.26375,1.2618,1.26305
2024-02-21 08:00:00,1.263,1.26335,1.26025,1.26155
2024-02-21 12:00:00,1.2616,1.2635,1.261,1.26125
2024-02-21 16:00:00,1.2612,1.2642,1.2605,1.2631
2024-02-21 20:00:00,1.2632,1.2641,1.2625,1.2638
2024-02-22 00:00:00,1.26385,1.2647,1.2631,1.26375
2024-02-22 04:00:00,1.26375,1.2676,1.26345,1.26735
2024-02-22 08:00:00,1.2673,1.271,1.2667,1.2681
2024-02-22 12:00:00,1.268,1.2683,1.2612,1.2621
2024-02-22 16:00:00,1.2621,1.2665,1.2621,1.26595
2024-02-22 20:00:00,1.2658,1.26655,1.2654,1.2662
2024-02-23 00:00:00,1.2662,1.2666,1.2649,1.26635
2024-02-23 04:00:00,1.2664,1.26725,1.26595,1.267
2024-02-23 08:00:00,1.267,1.2685,1.2649,1.2681
2024-02-23 12:00:00,1.2681,1.2702,1.2668,1.2677
2024-02-23 16:00:00,1.2677,1.26865,1.26655,1.26745
2024-02-23 20:00:00,1.2675,1.2675,1.2666,1.2671
2024-02-25 20:00:00,1.26775,1.2683,1.26685,1.267
2024-02-26 00:00:00,1.26705,1.2673,1.2656,1.2659
2024-02-26 04:00:00,1.2659,1.2679,1.2658,1.26765
2024-02-26 08:00:00,1.2677,1.2697,1.2666,1.2694
2024-02-26 12:00:00,1.2695,1.27,1.2672,1.2684
2024-02-26 16:00:00,1.26835,1.2685,1.2671,1.2678
2024-02-26 20:00:00,1.26775,1.2689,1.2677,1.26835
2024-02-27 00:00:00,1.2683,1.2685,1.2674,1.26795
2024-02-27 04:00:00,1.268,1.2696,1.2678,1.2692
2024-02-27 08:00:00,1.26905,1.26975,1.2671,1.2687
2024-02-27 12:00:00,1.2689,1.2695,1.266,1.26845
2024-02-27 16:00:00,1.2683,1.2695,1.2678,1.268
2024-02-27 20:00:00,1.268,1.2689,1.2678,1.26805
2024-02-28 00:00:00,1.268,1.2685,1.2666,1.26685
2024-02-28 04:00:00,1.26685,1.267,1.2644,1.2659
2024-02-28 08:00:00,1.26595,1.2662,1.26215,1.2654
2024-02-28 12:00:00,1.2653,1.2658,1.2629,1.2653
2024-02-28 16:00:00,1.2653,1.26735,1.265,1.2654
2024-02-28 20:00:00,1.2654,1.2665,1.2652,1.26615
2024-02-29 00:00:00,1.2662,1.267,1.2657,1.26675
2024-02-29 04:00:00,1.2667,1.2671,1.2652,1.26545
2024-02-29 08:00:00,1.2654,1.2675,1.2647,1.2652
2024-02-29 12:00:00,1.2651,1.2682,1.2635,1.265
2024-02-29 16:00:00,1.265,1.2651,1.2612,1.2613
2024-02-29 20:00:00,1.2614,1.2627,1.2614,1.2627
2024-03-01 00:00:00,1.2627,1.2636,1.2623,1.26325
2024-03-01 04:00:00,1.26325,1.2637,1.2624,1.2631
2024-03-01 08:00:00,1.2632,1.2647,1.2617,1.2643
2024-03-01 12:00:00,1.2643,1.26565,1.26,1.2652
2024-03-01 16:00:00,1.2653,1.2664,1.2634,1.2663
2024-03-01 20:00:00,1.26625,1.26625,1.265,1.2655
2024-03-03 20:00:00,1.2657,1.26625,1.2651,1.266
2024-03-04 00:00:00,1.266,1.2667,1.2656,1.2665
2024-03-04 04:00:00,1.26645,1.2679,1.2661,1.26785
2024-03-04 08:00:00,1.26775,1.26805,1.2666,1.26785
2024-03-04 12:00:00,1.2678,1.27005,1.2666,1.2697
2024-03-04 16:00:00,1.2698,1.27065,1.26895,1.269
2024-03-04 20:00:00,1.26905,1.26945,1.26855,1.26895
2024-03-05 00:00:00,1.269,1.26955,1.2683,1.26895
2024-03-05 04:00:00,1.26895,1.2691,1.2671,1.2676
2024-03-05 08:00:00,1.2677,1.26905,1.2671,1.26775
2024-03-05 12:00:00,1.2679,1.2735,1.26745,1.2732
2024-03-05 16:00:00,1.2732,1.2733,1.27,1.2702
2024-03-05 20:00:00,1.27025,1.2709,1.2696,1.2704
2024-03-06 00:00:00,1.2705,1.2705,1.269,1.2699
2024-03-06 04:00:00,1.27,1.2715,1.2698,1.27105
2024-03-06 08:00:00,1.271,1.27325,1.2709,1.2723
2024-03-06 12:00:00,1.2725,1.2748,1.27055,1.2742
2024-03-06 16:00:00,1.2742,1.27615,1.2736,1.2741
2024-03-06 20:00:00,1.274,1.27415,1.2725,1.27355
2024-03-07 00:00:00,1.2736,1.274,1.2723,1.27335
2024-03-07 04:00:00,1.27335,1.27445,1.27315,1.2736
2024-03-07 08:00:00,1.2736,1.2763,1.2729,1.2756
2024-03-07 12:00:00,1.2755,1.27915,1.2745,1.279
2024-03-07 16:00:00,1.2789,1.2809,1.2784,1.2806
2024-03-07 20:00:00,1.28055,1.2814,1.28005,1.2814
2024-03-08 00:00:00,1.2814,1.282,1.2804,1.2808
2024-03-08 04:00:00,1.2809,1.28145,1.2801,1.28045
2024-03-08 08:00:00,1.2803,1.2841,1.2801,1.283
2024-03-08 12:00:00,1.283,1.2893,1.28255,1.288
2024-03-08 16:00:00,1.2881,1.2881,1.284,1.2856
2024-03-08 20:00:00,1.28565,1.2862,1.28485,1.2858
2024-03-10 20:00:00,1.2857,1.2858,1.2848,1.28555
2024-03-11 00:00:00,1.2856,1.2862,1.2845,1.28505
2024-03-11 04:00:00,1.28505,1.28585,1.2843,1.2845
2024-03-11 08:00:00,1.2843,1.2854,1.28315,1.285
2024-03-11 12:00:00,1.2851,1.28515,1.2795,1.2805
2024-03-11 16:00:00,1.2805,1.28205,1.27985,1.2809
2024-03-11 20:00:00,1.2809,1.282,1.2806,1.28185
2024-03-12 00:00:00,1.2818,1.2823,1.2814,1.28195
2024-03-12 04:00:00,1.2819,1.2824,1.27895,1.279
2024-03-12 08:00:00,1.2791,1.2799,1.2776,1.2792
2024-03-12 12:00:00,1.27915,1.2807,1.2746,1.27825
2024-03-12 16:00:00,1.2784,1.27965,1.27705,1.27945
2024-03-12 20:00:00,1.27945,1.27965,1.2787,1.2795
2024-03-13 00:00:00,1.2795,1.27995,1.27915,1.27945
2024-03-13 04:00:00,1.27945,1.2797,1.2776,1.2787
2024-03-13 08:00:00,1.2786,1.2809,1.2774,1.28075
2024-03-13 12:00:00,1.28085,1.28085,1.2787,1.2797
2024-03-13 16:00:00,1.2797,1.2811,1.279,1.2796
2024-03-13 20:00:00,1.27965,1.2803,1.2791,1.28015
2024-03-14 00:00:00,1.2801,1.2805,1.2789,1.279
2024-03-14 04:00:00,1.27895,1.2805,1.2787,1.2804
2024-03-14 08:00:00,1.2803,1.2823,1.2803,1.281
2024-03-14 12:00:00,1.281,1.2814,1.2731,1.2747
2024-03-14 16:00:00,1.2747,1.27575,1.2743,1.2754
2024-03-14 20:00:00,1.2756,1.2758,1.2744,1.2745
2024-03-15 00:00:00,1.2746,1.2748,1.273,1.2737
2024-03-15 04:00:00,1.2737,1.2746,1.27335,1.2736
2024-03-15 08:00:00,1.2735,1.2759,1.27335,1.27545
2024-03-15 12:00:00,1.2755,1.27575,1.2732,1.2739
2024-03-15 16:00:00,1.2738,1.2741,1.2725,1.2737
2024-03-15 20:00:00,1.27385,1.274,1.2731,1.2735
2024-03-17 20:00:00,1.2734,1.2738,1.2729,1.2731
2024-03-18 00:00:00,1.2731,1.2738,1.2727,1.2727
2024-03-18 04:00:00,1.2727,1.27425,1.2727,1.2741
2024-03-18 08:00:00,1.2741,1.2747,1.27265,1.2743
2024-03-18 12:00:00,1.2742,1.2746,1.2722,1.2732
2024-03-18 16:00:00,1.2732,1.27335,1.2718,1.2726
2024-03-18 20:00:00,1.2727,1.27315,1.2724,1.27265
2024-03-19 00:00:00,1.2727,1.2729,1.2713,1.2724
2024-03-19 04:00:00,1.2723,1.2725,1.26945,1.2699
2024-03-19 08:00:00,1.2699,1.27025,1.2667,1.2693
2024-03-19 12:00:00,1.2693,1.2717,1.269,1.2711
2024-03-19 16:00:00,1.27115,1.2733,1.27075,1.2722
2024-03-19 20:00:00,1.2721,1.2723,1.2717,1.27175
2024-03-20 00:00:00,1.27175,1.2725,1.271,1.2724
2024-03-20 04:00:00,1.27235,1.273,1.27,1.2714
2024-03-20 08:00:00,1.2713,1.2715,1.2687,1.26935
2024-03-20 12:00:00,1.2693,1.27135,1.26835,1.271
2024-03-20 16:00:00,1.2711,1.27865,1.2709,1.2783
2024-03-20 20:00:00,1.2782,1.2799,1.278,1.27985
2024-03-21 00:00:00,1.2798,1.2803,1.2789,1.27965
2024-03-21 04:00:00,1.27965,1.28035,1.27825,1.2785
2024-03-21 08:00:00,1.2784,1.279,1.2743,1.27495
2024-03-21 12:00:00,1.27475,1.2749,1.2658,1.2667
2024-03-21 16:00:00,1.2667,1.26735,1.26505,1.26505
2024-03-21 20:00:00,1.2651,1.2666,1.26505,1.2661
2024-03-22 00:00:00,1.26605,1.2675,1.2634,1.2642
2024-03-22 04:00:00,1.2643,1.26465,1.2599,1.2608
2024-03-22 08:00:00,1.2607,1.2609,1.2575,1.25835
2024-03-22 12:00:00,1.2585,1.2624,1.2582,1.2601
2024-03-22 16:00:00,1.2601,1.26065,1.25855,1.2594
2024-03-22 20:00:00,1.2595,1.2602,1.2592,1.26
2024-03-24 20:00:00,1.2601,1.2601,1.2593,1.2598
2024-03-25 00:00:00,1.2598,1.2617,1.2591,1.26055
2024-03-25 04:00:00,1.26055,1.2614,1.2599,1.2602
2024-03-25 08:00:00,1.2601,1.264,1.2595,1.26375
2024-03-25 12:00:00,1.26365,1.2652,1.2636,1.2645
2024-03-25 16:00:00,1.2645,1.2645,1.2635,1.2638
2024-03-25 20:00:00,1.2638,1.2646,1.2634,1.2636
2024-03-26 00:00:00,1.26365,1.2647,1.2634,1.26375
2024-03-26 04:00:00,1.2637,1.2659,1.2637,1.26505
2024-03-26 08:00:00,1.2651,1.26685,1.264,1.2653
2024-03-26 12:00:00,1.2654,1.26565,1.2624,1.26285
2024-03-26 16:00:00,1.2628,1.26355,1.2622,1.26245
2024-03-26 20:00:00,1.26235,1.2633,1.2623,1.2628
2024-03-27 00:00:00,1.2628,1.2628,1.2609,1.26145
2024-03-27 04:00:00,1.2614,1.2632,1.2613,1.2629
2024-03-27 08:00:00,1.263,1.2639,1.2611,1.2615
2024-03-27 12:00:00,1.2615,1.26305,1.2605,1.263
2024-03-27 16:00:00,1.263,1.2638,1.2622,1.2638
2024-03-27 20:00:00,1.2638,1.26415,1.2614,1.2617
2024-03-28 00:00:00,1.2618,1.2635,1.2611,1.26275
2024-03-28 04:00:00,1.26275,1.26375,1.2611,1.26165
2024-03-28 08:00:00,1.2616,1.2626,1.2586,1.2613
2024-03-28 12:00:00,1.2612,1.2654,1.26115,1.2631
2024-03-28 16:00:00,1.2631,1.26455,1.26155,1.2621
2024-03-28 20:00:00,1.262,1.2636,1.2618,1.2622
2024-03-29 00:00:00,1.2622,1.2631,1.2616,1.26235
2024-03-29 04:00:00,1.2623,1.2627,1.26175,1.26185
2024-03-29 08:00:00,1.26185,1.2628,1.26095,1.26135
2024-03-29 12:00:00,1.2615,1.2645,1.2612,1.26365
2024-03-29 16:00:00,1.2636,1.2636,1.2616,1.262
2024-03-29 20:00:00,1.26185,1.26325,1.2615,1.2624
2024-03-31 20:00:00,1.2634,1.2643,1.2624,1.2637
2024-04-01 00:00:00,1.2638,1.2643,1.2626,1.2635
2024-04-01 04:00:00,1.2635,1.2636,1.2618,1.26205
2024-04-01 08:00:00,1.26205,1.2628,1.2609,1.2615
2024-04-01 12:00:00,1.26145,1.2617,1.25395,1.2543
2024-04-01 16:00:00,1.25425,1.255,1.2541,1.25475
2024-04-01 20:00:00,1.2548,1.2558,1.2543,1.2546
2024-04-02 00:00:00,1.25465,1.255,1.2541,1.2541
2024-04-02 04:00:00,1.25415,1.25575,1.2539,1.2554
2024-04-02 08:00:00,1.2553,1.2576,1.2548,1.2574
2024-04-02 12:00:00,1.2574,1.2578,1.25525,1.25735
2024-04-02 16:00:00,1.25745,1.2578,1.25665,1.25765
2024-04-02 20:00:00,1.2577,1.2582,1.257,1.25765
2024-04-03 00:00:00,1.2576,1.2581,1.2567,1.2579
2024-04-03 04:00:00,1.25795,1.25835,1.25625,1.25665
2024-04-03 08:00:00,1.2565,1.25885,1.2565,1.2578
2024-04-03 12:00:00,1.25775,1.26355,1.2567,1.2632
2024-04-03 16:00:00,1.2633,1.2656,1.2626,1.26495
2024-04-03 20:00:00,1.2649,1.2657,1.2648,1.26515
2024-04-04 00:00:00,1.26515,1.2655,1.26445,1.26525
2024-04-04 04:00:00,1.2653,1.26705,1.26505,1.2663
2024-04-04 08:00:00,1.2663,1.2669,1.26475,1.2651
2024-04-04 12:00:00,1.2651,1.2684,1.2648,1.2667
2024-04-04 16:00:00,1.2667,1.26735,1.2635,1.2638
2024-04-04 20:00:00,1.2639,1.26455,1.2634,1.264
2024-04-05 00:00:00,1.2639,1.2649,1.2622,1.26265
2024-04-05 04:00:00,1.26265,1.2632,1.2613,1.26275
2024-04-05 08:00:00,1.2627,1.2641,1.2621,1.2633
2024-04-05 12:00:00,1.2632,1.26455,1.2574,1.263
2024-04-05 16:00:00,1.2631,1.2641,1.2626,1.26355
2024-04-05 20:00:00,1.26345,1.264,1.2633,1.2638
2024-04-07 21:00:00,1.2622,1.2628,1.26145,1.2617
2024-04-08 01:00:00,1.2616,1.264,1.2616,1.26295
2024-04-08 05:00:00,1.263,1.2635,1.2618,1.2622
2024-04-08 09:00:00,1.26215,1.2637,1.26125,1.26245
2024-04-08 13:00:00,1.2628,1.26565,1.2627,1.2648
2024-04-08 17:00:00,1.26495,1.2664,1.2647,1.26555
2024-04-08 21:00:00,1.2655,1.266,1.265,1.26535
2024-04-09 01:00:00,1.26545,1.2662,1.2652,1.2657
2024-04-09 05:00:00,1.2656,1.2664,1.26485,1.266
2024-04-09 09:00:00,1.266,1.2704,1.2657,1.26965
2024-04-09 13:00:00,1.2696,1.271,1.2667,1.2669
2024-04-09 17:00:00,1.2669,1.268,1.2663,1.2678
2024-04-09 21:00:00,1.268,1.26855,1.2668,1.2675
2024-04-10 01:00:00,1.2675,1.2679,1.2669,1.2678
2024-04-10 05:00:00,1.2677,1.26955,1.2672,1.2695
2024-04-10 09:00:00,1.2696,1.2708,1.2595,1.2612
2024-04-10 13:00:00,1.2612,1.2612,1.252,1.2534
2024-04-10 17:00:00,1.2534,1.2554,1.2522,1.254
2024-04-10 21:00:00,1.2533,1.25425,1.2532,1.2537
2024-04-11 01:00:00,1.25375,1.255,1.2536,1.2547
2024-04-11 05:00:00,1.25475,1.257,1.2532,1.2551
2024-04-11 09:00:00,1.2551,1.2572,1.25295,1.2566
2024-04-11 13:00:00,1.2567,1.2578,1.251,1.2537
2024-04-11 17:00:00,1.2536,1.2565,1.2534,1.2553
2024-04-11 21:00:00,1.2553,1.2559,1.255,1.2555
2024-04-12 01:00:00,1.2556,1.2559,1.2536,1.2537
2024-04-12 05:00:00,1.2538,1.2545,1.25055,1.25085
2024-04-12 09:00:00,1.2508,1.2512,1.24515,1.24545
2024-04-12 13:00:00,1.2454,1.24665,1.24265,1.2449
2024-04-12 17:00:00,1.24485,1.2462,1.2443,1.2449
2024-04-14 21:00:00,1.246,1.2462,1.245,1.2452
2024-04-15 01:00:00,1.24525,1.2465,1.2441,1.2461
2024-04-15 05:00:00,1.2461,1.24875,1.2458,1.24795
2024-04-15 09:00:00,1.2482,1.24995,1.2451,1.2479
2024-04-15 13:00:00,1.248,1.24965,1.24445,1.2458
2024-04-15 17:00:00,1.2458,1.24625,1.2435,1.2446
2024-04-15 21:00:00,1.24465,1.2451,1.2437,1.24375
2024-04-16 01:00:00,1.2438,1.24395,1.242,1.2433
2024-04-16 05:00:00,1.24335,1.24495,1.2409,1.2438
2024-04-16 09:00:00,1.2439,1.2472,1.24365,1.246
2024-04-16 13:00:00,1.246,1.2468,1.24265,1.24355
2024-04-16 17:00:00,1.2437,1.2451,1.2406,1.2426
2024-04-16 21:00:00,1.24285,1.24345,1.2424,1.24295
2024-04-17 01:00:00,1.2429,1.244,1.2425,1.243
2024-04-17 05:00:00,1.2428,1.24815,1.2417,1.24705
2024-04-17 09:00:00,1.24715,1.2477,1.2446,1.245
2024-04-17 13:00:00,1.24505,1.247,1.24235,1.24285
2024-04-17 17:00:00,1.2428,1.2466,1.24265,1.2454
2024-04-17 21:00:00,1.2448,1.2462,1.2447,1.2453
2024-04-18 01:00:00,1.2454,1.24725,1.2449,1.2471
2024-04-18 05:00:00,1.24705,1.2485,1.2462,1.2475
2024-04-18 09:00:00,1.24745,1.2483,1.2447,1.2459
2024-04-18 13:00:00,1.246,1.2469,1.2437,1.2448
2024-04-18 17:00:00,1.2449,1.245,1.2434,1.2436
2024-04-18 21:00:00,1.2436,1.2446,1.2426,1.24285
2024-04-19 01:00:00,1.2428,1.243,1.2389,1.2419
2024-04-19 05:00:00,1.2419,1.2452,1.2403,1.2441
2024-04-19 09:00:00,1.24405,1.2464,1.2429,1.24485
2024-04-19 13:00:00,1.2448,1.2468,1.2373,1.239
2024-04-19 17:00:00,1.239,1.23935,1.2367,1.2371
2024-04-21 21:00:00,1.2372,1.2385,1.2372,1.2373
2024-04-22 01:00:00,1.2374,1.2393,1.2374,1.23865
2024-04-22 05:00:00,1.23865,1.2388,1.2351,1.2366
2024-04-22 09:00:00,1.2365,1.23675,1.2309,1.23125
2024-04-22 13:00:00,1.2311,1.2348,1.2299,1.23475
2024-04-22 17:00:00,1.2347,1.2362,1.23445,1.235
2024-04-22 21:00:00,1.23495,1.2356,1.2346,1.2355
2024-04-23 01:00:00,1.2355,1.2359,1.2348,1.2352
2024-04-23 05:00:00,1.2351,1.2389,1.23305,1.23705
2024-04-23 09:00:00,1.237,1.2407,1.2346,1.2391
2024-04-23 13:00:00,1.2391,1.2458,1.23805,1.2446
2024-04-23 17:00:00,1.2445,1.24585,1.2444,1.24485
2024-04-23 21:00:00,1.24495,1.246,1.24435,1.24585
2024-04-24 01:00:00,1.24585,1.2465,1.2453,1.2455
2024-04-24 05:00:00,1.24555,1.24575,1.2422,1.24265
2024-04-24 09:00:00,1.2427,1.24475,1.2425,1.2443
2024-04-24 13:00:00,1.2442,1.2455,1.24255,1.2446
2024-04-24 17:00:00,1.24465,1.247,1.2446,1.24645
2024-04-24 21:00:00,1.24635,1.2466,1.2444,1.2461
2024-04-25 01:00:00,1.2462,1.2469,1.2454,1.2467
2024-04-25 05:00:00,1.2468,1.25235,1.2466,1.25215
2024-04-25 09:00:00,1.2521,1.2525,1.2466,1.2478
2024-04-25 13:00:00,1.2479,1.25175,1.2457,1.2515
2024-04-25 17:00:00,1.2515,1.2523,1.2504,1.2513
2024-04-25 21:00:00,1.2514,1.252,1.25,1.25045
2024-04-26 01:00:00,1.2504,1.2509,1.2494,1.2501
2024-04-26 05:00:00,1.2501,1.2541,1.2497,1.25275
2024-04-26 09:00:00,1.2527,1.254,1.2497,1.2508
2024-04-26 13:00:00,1.251,1.2519,1.24495,1.24875
2024-04-26 17:00:00,1.2487,1.2504,1.2485,1.24935
2024-04-28 21:00:00,1.2501,1.2517,1.25,1.2515
2024-04-29 01:00:00,1.25155,1.25485,1.25125,1.25425
2024-04-29 05:00:00,1.2542,1.2548,1.25125,1.2519
2024-04-29 09:00:00,1.2519,1.2544,1.25075,1.2531
2024-04-29 13:00:00,1.25305,1.25695,1.2515,1.2563
2024-04-29 17:00:00,1.2563,1.25695,1.2552,1.2563
2024-04-29 21:00:00,1.2556,1.2565,1.2553,1.2554
2024-04-30 01:00:00,1.2555,1.2559,1.2542,1.2545
2024-04-30 05:00:00,1.25455,1.25465,1.25235,1.2541
2024-04-30 09:00:00,1.25395,1.25555,1.2502,1.25185
2024-04-30 13:00:00,1.2519,1.25405,1.2501,1.2508
2024-04-30 17:00:00,1.2508,1.2512,1.249,1.2492
2024-04-30 21:00:00,1.24945,1.24995,1.2481,1.24855
2024-05-01 01:00:00,1.24855,1.249,1.2472,1.24775
2024-05-01 05:00:00,1.2477,1.24985,1.2466,1.24975
2024-05-01 09:00:00,1.2498,1.24985,1.2475,1.2487
2024-05-01 13:00:00,1.2487,1.25,1.24765,1.24805
2024-05-01 17:00:00,1.2482,1.255,1.2479,1.2527
2024-05-01 21:00:00,1.2527,1.25405,1.2518,1.25275
2024-05-02 01:00:00,1.2527,1.254,1.25205,1.2534
2024-05-02 05:00:00,1.2534,1.2545,1.2512,1.25225
2024-05-02 09:00:00,1.25215,1.2533,1.2505,1.2516
2024-05-02 13:00:00,1.2513,1.25225,1.2472,1.2516
2024-05-02 17:00:00,1.2515,1.2539,1.2514,1.2534
2024-05-02 21:00:00,1.25345,1.2546,1.2521,1.2545
2024-05-03 01:00:00,1.2544,1.2557,1.2542,1.25495
2024-05-03 05:00:00,1.25475,1.2563,1.2539,1.256
2024-05-03 09:00:00,1.256,1.2635,1.2551,1.2607
2024-05-03 13:00:00,1.2605,1.2611,1.253,1.2543
2024-05-03 17:00:00,1.2544,1.2555,1.254,1.25465
2024-05-05 21:00:00,1.25485,1.2553,1.2538,1.255
2024-05-06 01:00:00,1.2551,1.2557,1.2543,1.25445
2024-05-06 05:00:00,1.2544,1.2582,1.25415,1.2581
2024-05-06 09:00:00,1.2581,1.2595,1.25715,1.2591
2024-05-06 13:00:00,1.2591,1.25915,1.2558,1.2564
2024-05-06 17:00:00,1.2564,1.25695,1.2558,1.2563
2024-05-06 21:00:00,1.25615,1.2572,1.2557,1.2568
2024-05-07 01:00:00,1.25685,1.2571,1.2549,1.25525
2024-05-07 05:00:00,1.2553,1.2556,1.2532,1.254
2024-05-07 09:00:00,1.254,1.2555,1.2529,1.2554
2024-05-07 13:00:00,1.2555,1.2565,1.2525,1.25275
2024-05-07 17:00:00,1.2527,1.25275,1.2501,1.2508
2024-05-07 21:00:00,1.2509,1.25215,1.24945,1.2495
2024-05-08 01:00:00,1.2496,1.2498,1.2484,1.24875
2024-05-08 05:00:00,1.24875,1.24935,1.24675,1.2474
2024-05-08 09:00:00,1.24755,1.2501,1.2474,1.248
2024-05-08 13:00:00,1.2479,1.2506,1.24725,1.2497
2024-05-08 17:00:00,1.2498,1.2502,1.2492,1.2498
2024-05-08 21:00:00,1.2491,1.2501,1.2487,1.2489
2024-05-09 01:00:00,1.249,1.2502,1.2488,1.24915
2024-05-09 05:00:00,1.2492,1.2494,1.247,1.2474
2024-05-09 09:00:00,1.24735,1.2511,1.2446,1.2502
2024-05-09 13:00:00,1.2502,1.25225,1.2488,1.2514
2024-05-09 17:00:00,1.25145,1.2527,1.2511,1.25245
2024-05-09 21:00:00,1.2524,1.253,1.25155,1.252
2024-05-10 01:00:00,1.25205,1.2525,1.2512,1.2515
2024-05-10 05:00:00,1.2515,1.25415,1.2515,1.2532
2024-05-10 09:00:00,1.25325,1.2536,1.2516,1.252
2024-05-10 13:00:00,1.2523,1.2538,1.2502,1.25355
2024-05-10 17:00:00,1.2534,1.2536,1.2523,1.25255
2024-05-12 21:00:00,1.2525,1.2528,1.2518,1.2522
2024-05-13 01:00:00,1.2522,1.2529,1.2517,1.2525
2024-05-13 05:00:00,1.2525,1.2536,1.2517,1.25335
2024-05-13 09:00:00,1.2532,1.25575,1.25255,1.25565
2024-05-13 13:00:00,1.2556,1.2569,1.2547,1.256
2024-05-13 17:00:00,1.2561,1.2563,1.25525,1.256
2024-05-13 21:00:00,1.2559,1.2563,1.2553,1.25575
2024-05-14 01:00:00,1.2557,1.25605,1.2553,1.2554
2024-05-14 05:00:00,1.2554,1.2564,1.25095,1.2528
2024-05-14 09:00:00,1.2529,1.2565,1.2521,1.2553
2024-05-14 13:00:00,1.25535,1.25935,1.25495,1.2585
2024-05-14 17:00:00,1.2585,1.2593,1.2581,1.2592
2024-05-14 21:00:00,1.2592,1.25925,1.2582,1.25885
2024-05-15 01:00:00,1.25885,1.26,1.2588,1.25935
2024-05-15 05:00:00,1.2593,1.2614,1.2587,1.26115
2024-05-15 09:00:00,1.2613,1.267,1.2603,1.2645
2024-05-15 13:00:00,1.2645,1.26775,1.2614,1.2675
2024-05-15 17:00:00,1.2675,1.2687,1.2672,1.26855
2024-05-15 21:00:00,1.2678,1.27,1.26725,1.2699
2024-05-16 01:00:00,1.27,1.27,1.2683,1.2687
2024-05-16 05:00:00,1.2687,1.26905,1.2669,1.26745
2024-05-16 09:00:00,1.2674,1.26755,1.2652,1.2655
2024-05-16 13:00:00,1.2655,1.26805,1.2643,1.26725
2024-05-16 17:00:00,1.2673,1.2677,1.2667,1.267
2024-05-16 21:00:00,1.267,1.2677,1.2662,1.2665
2024-05-17 01:00:00,1.26645,1.2666,1.2652,1.2655
2024-05-17 05:00:00,1.26555,1.267,1.2645,1.26495
2024-05-17 09:00:00,1.26505,1.2662,1.2645,1.2659
2024-05-17 13:00:00,1.266,1.2709,1.266,1.2701
2024-05-17 17:00:00,1.2702,1.2712,1.27,1.2701
2024-05-19 21:00:00,1.2701,1.2708,1.2696,1.27055
2024-05-20 01:00:00,1.2704,1.2712,1.27,1.27075
2024-05-20 05:00:00,1.27085,1.27095,1.2689,1.2705
2024-05-20 09:00:00,1.2704,1.27065,1.2692,1.26965
2024-05-20 13:00:00,1.2696,1.2719,1.2696,1.2718
2024-05-20 17:00:00,1.2718,1.2726,1.2704,1.2707
2024-05-20 21:00:00,1.2707,1.2712,1.2703,1.27095
2024-05-21 01:00:00,1.2709,1.2712,1.2697,1.27105
2024-05-21 05:00:00,1.27105,1.2721,1.2704,1.2711
2024-05-21 09:00:00,1.2712,1.2724,1.27055,1.27085
2024-05-21 13:00:00,1.2708,1.2727,1.2687,1.27085
2024-05-21 17:00:00,1.2708,1.27155,1.2702,1.27095
2024-05-21 21:00:00,1.2709,1.2717,1.2705,1.27135
2024-05-22 01:00:00,1.2714,1.2723,1.2709,1.27105
2024-05-22 05:00:00,1.271,1.27625,1.2708,1.2728
2024-05-22 09:00:00,1.2728,1.2734,1.27,1.2727
2024-05-22 13:00:00,1.2727,1.2748,1.2721,1.27445
2024-05-22 17:00:00,1.27435,1.27505,1.27105,1.2717
2024-05-22 21:00:00,1.2717,1.2725,1.2717,1.27205
2024-05-23 01:00:00,1.272,1.2732,1.2717,1.2727
2024-05-23 05:00:00,1.2725,1.2739,1.2717,1.2721
2024-05-23 09:00:00,1.2721,1.2745,1.2705,1.2732
2024-05-23 13:00:00,1.2732,1.27465,1.2706,1.27125
2024-05-23 17:00:00,1.2713,1.2713,1.2685,1.2699
2024-05-23 21:00:00,1.26955,1.27,1.2689,1.26945
2024-05-24 01:00:00,1.26945,1.2698,1.2687,1.2692
2024-05-24 05:00:00,1.2692,1.2708,1.2677,1.2705
2024-05-24 09:00:00,1.2704,1.27255,1.27035,1.2721
2024-05-24 13:00:00,1.2721,1.27515,1.2717,1.2734
2024-05-24 17:00:00,1.2734,1.27465,1.2732,1.2737
2024-05-26 21:00:00,1.2741,1.2742,1.2734,1.2738
2024-05-27 01:00:00,1.2739,1.27435,1.2738,1.27425
2024-05-27 05:00:00,1.2743,1.2748,1.2734,1.2741
2024-05-27 09:00:00,1.27425,1.2759,1.2741,1.2756
2024-05-27 13:00:00,1.2757,1.2778,1.2755,1.277
2024-05-27 17:00:00,1.277,1.2772,1.2767,1.27695
2024-05-27 21:00:00,1.27715,1.27765,1.2768,1.27715
2024-05-28 01:00:00,1.2771,1.2784,1.2771,1.27745
2024-05-28 05:00:00,1.27755,1.2781,1.2761,1.27695
2024-05-28 09:00:00,1.2769,1.2795,1.2763,1.2793
2024-05-28 13:00:00,1.2792,1.2801,1.2771,1.2777
2024-05-28 17:00:00,1.2776,1.2778,1.2754,1.27615
2024-05-28 21:00:00,1.2762,1.2778,1.2752,1.27535
2024-05-29 01:00:00,1.2754,1.2759,1.2746,1.2753
2024-05-29 05:00:00,1.2752,1.2772,1.27485,1.2756
2024-05-29 09:00:00,1.2756,1.2765,1.27355,1.2745
2024-05-29 13:00:00,1.2746,1.2746,1.2705,1.2716
2024-05-29 17:00:00,1.2717,1.27175,1.2699,1.27005
2024-05-29 21:00:00,1.2709,1.27105,1.26905,1.2694
2024-05-30 01:00:00,1.26935,1.2704,1.269,1.2695
2024-05-30 05:00:00,1.2695,1.27155,1.2681,1.2712
2024-05-30 09:00:00,1.2712,1.2728,1.2704,1.2724
2024-05-30 13:00:00,1.2724,1.2748,1.2718,1.2741
2024-05-30 17:00:00,1.2741,1.27445,1.2726,1.27325
2024-05-30 21:00:00,1.2731,1.2739,1.2728,1.27315
2024-05-31 01:00:00,1.27305,1.2732,1.2715,1.27215
2024-05-31 05:00:00,1.2721,1.27245,1.27,1.271
2024-05-31 09:00:00,1.271,1.2751,1.2708,1.2748
2024-05-31 13:00:00,1.2747,1.2767,1.2717,1.2729
2024-05-31 17:00:00,1.27295,1.2747,1.2724,1.2744
2024-06-02 21:00:00,1.2743,1.2756,1.2742,1.2754
2024-06-03 01:00:00,1.27535,1.2756,1.2738,1.2743
2024-06-03 05:00:00,1.2742,1.2744,1.2704,1.27045
2024-06-03 09:00:00,1.2705,1.2736,1.2694,1.2731
2024-06-03 13:00:00,1.2732,1.27945,1.27305,1.2779
2024-06-03 17:00:00,1.2779,1.28085,1.2776,1.2808
2024-06-03 21:00:00,1.2804,1.2818,1.27965,1.2812
2024-06-04 01:00:00,1.2812,1.28135,1.28035,1.281
2024-06-04 05:00:00,1.28095,1.28135,1.2773,1.2776
2024-06-04 09:00:00,1.2776,1.2779,1.2744,1.2765
2024-06-04 13:00:00,1.2765,1.2792,1.2759,1.2786
2024-06-04 17:00:00,1.2786,1.27975,1.2767,1.277
2024-06-04 21:00:00,1.2765,1.2778,1.2765,1.27755
2024-06-05 01:00:00,1.2776,1.2781,1.277,1.27735
2024-06-05 05:00:00,1.2774,1.27835,1.27635,1.2775
2024-06-05 09:00:00,1.2774,1.2795,1.27665,1.27935
2024-06-05 13:00:00,1.2793,1.2795,1.2755,1.2778
2024-06-05 17:00:00,1.2778,1.2795,1.2774,1.27865
2024-06-05 21:00:00,1.2787,1.2803,1.27825,1.28025
2024-06-06 01:00:00,1.2803,1.28095,1.27945,1.27945
2024-06-06 05:00:00,1.2795,1.28,1.27755,1.27875
2024-06-06 09:00:00,1.2788,1.2792,1.2767,1.2779
2024-06-06 13:00:00,1.2778,1.2789,1.2763,1.27795
2024-06-06 17:00:00,1.2778,1.27965,1.2778,1.2791
2024-06-06 21:00:00,1.27905,1.2795,1.2786,1.2787
2024-06-07 01:00:00,1.2789,1.2792,1.27835,1.2791
2024-06-07 05:00:00,1.2791,1.28025,1.27815,1.2789
2024-06-07 09:00:00,1.2788,1.2818,1.2726,1.2739
2024-06-07 13:00:00,1.2736,1.2741,1.2715,1.2724
2024-06-07 17:00:00,1.2724,1.27275,1.2718,1.2723
2024-06-09 21:00:00,1.2725,1.2731,1.2721,1.27245
2024-06-10 01:00:00,1.2725,1.2727,1.271,1.2716
2024-06-10 05:00:00,1.27165,1.2725,1.27045,1.27075
2024-06-10 09:00:00,1.27085,1.27305,1.2688,1.2713
2024-06-10 13:00:00,1.2713,1.2738,1.27035,1.2729
2024-06-10 17:00:00,1.27285,1.2738,1.2724,1.273
2024-06-10 21:00:00,1.2731,1.2734,1.2724,1.27285
2024-06-11 01:00:00,1.27275,1.274,1.2725,1.2735
2024-06-11 05:00:00,1.2734,1.274,1.2713,1.2726
2024-06-11 09:00:00,1.2725,1.275,1.2723,1.2745
2024-06-11 13:00:00,1.2744,1.2748,1.2706,1.27295
2024-06-11 17:00:00,1.27295,1.2752,1.2727,1.27395
2024-06-11 21:00:00,1.2742,1.27425,1.27325,1.27335
2024-06-12 01:00:00,1.2734,1.2746,1.27335,1.27395
2024-06-12 05:00:00,1.2738,1.27605,1.27365,1.27575
2024-06-12 09:00:00,1.2757,1.2858,1.27475,1.28545
2024-06-12 13:00:00,1.2854,1.28605,1.2826,1.2846
2024-06-12 17:00:00,1.2846,1.2849,1.2792,1.2798
2024-06-12 21:00:00,1.2796,1.2801,1.2792,1.2796
2024-06-13 01:00:00,1.2795,1.2799,1.278,1.27805
2024-06-13 05:00:00,1.278,1.2799,1.2773,1.27975
2024-06-13 09:00:00,1.2799,1.2807,1.2762,1.2784
2024-06-13 13:00:00,1.2785,1.2793,1.2738,1.2746
2024-06-13 17:00:00,1.2746,1.2767,1.2746,1.2762
2024-06-13 21:00:00,1.2756,1.27635,1.275,1.27505
2024-06-14 01:00:00,1.27505,1.27635,1.2749,1.2749
2024-06-14 05:00:00,1.27495,1.27535,1.27195,1.2721
2024-06-14 09:00:00,1.2721,1.2723,1.267,1.269
2024-06-14 13:00:00,1.2692,1.2696,1.2657,1.2687
2024-06-14 17:00:00,1.2687,1.2693,1.26785,1.26865
2024-06-16 21:00:00,1.2687,1.2689,1.2679,1.2684
2024-06-17 01:00:00,1.2684,1.2687,1.2677,1.2683
2024-06-17 05:00:00,1.26835,1.2685,1.2661,1.2674
2024-06-17 09:00:00,1.2675,1.2677,1.2659,1.26675
2024-06-17 13:00:00,1.2668,1.2698,1.2664,1.2697
2024-06-17 17:00:00,1.2696,1.271,1.2695,1.2705
2024-06-17 21:00:00,1.2702,1.2715,1.26995,1.27105
2024-06-18 01:00:00,1.271,1.2712,1.2693,1.26935
2024-06-18 05:00:00,1.2694,1.27025,1.26725,1.2681
2024-06-18 09:00:00,1.2679,1.2694,1.2669,1.26925
2024-06-18 13:00:00,1.2692,1.27215,1.2685,1.2703
2024-06-18 17:00:00,1.2703,1.27105,1.2698,1.2709
2024-06-18 21:00:00,1.26975,1.27125,1.26975,1.2704
2024-06-19 01:00:00,1.2704,1.2714,1.2704,1.2706
2024-06-19 05:00:00,1.2706,1.27335,1.27,1.27335
2024-06-19 09:00:00,1.2733,1.274,1.2715,1.272
2024-06-19 13:00:00,1.2721,1.2734,1.2717,1.2721
2024-06-19 17:00:00,1.272,1.27225,1.2714,1.27205
2024-06-19 21:00:00,1.2719,1.2725,1.2714,1.2716
2024-06-20 01:00:00,1.2716,1.2719,1.271,1.27145
2024-06-20 05:00:00,1.27145,1.27155,1.26945,1.26975
2024-06-20 09:00:00,1.2697,1.2708,1.2675,1.2678
2024-06-20 13:00:00,1.2677,1.2688,1.266,1.26635
2024-06-20 17:00:00,1.2664,1.2683,1.26545,1.26575
2024-06-20 21:00:00,1.2661,1.26635,1.2655,1.2657
2024-06-21 01:00:00,1.2656,1.2666,1.2654,1.26615
2024-06-21 05:00:00,1.2662,1.2675,1.2633,1.2654
2024-06-21 09:00:00,1.2653,1.2661,1.26305,1.26495
2024-06-21 13:00:00,1.2649,1.2651,1.2622,1.26395
2024-06-21 17:00:00,1.2639,1.2652,1.2635,1.26445
2024-06-23 21:00:00,1.2645,1.2645,1.2637,1.26405
2024-06-24 01:00:00,1.264,1.2645,1.26325,1.26445
2024-06-24 05:00:00,1.26455,1.26665,1.2644,1.2659
2024-06-24 09:00:00,1.2658,1.26725,1.26565,1.2665
2024-06-24 13:00:00,1.2666,1.26985,1.2664,1.26805
2024-06-24 17:00:00,1.2678,1.2694,1.2673,1.26855
2024-06-24 21:00:00,1.2681,1.2691,1.268,1.26865
2024-06-25 01:00:00,1.2686,1.26975,1.2683,1.26935
2024-06-25 05:00:00,1.26945,1.27025,1.2683,1.2701
2024-06-25 09:00:00,1.27,1.2702,1.2675,1.26795
2024-06-25 13:00:00,1.2681,1.26885,1.267,1.2678
2024-06-25 17:00:00,1.2679,1.26965,1.26765,1.2686
2024-06-25 21:00:00,1.26865,1.2691,1.2679,1.2685
2024-06-26 01:00:00,1.2685,1.2694,1.2684,1.2686
2024-06-26 05:00:00,1.26865,1.26885,1.2662,1.26635
2024-06-26 09:00:00,1.2666,1.2674,1.2639,1.2645
2024-06-26 13:00:00,1.2645,1.2651,1.2618,1.2626
2024-06-26 17:00:00,1.26265,1.26385,1.2616,1.2622
2024-06-26 21:00:00,1.26215,1.2627,1.2613,1.26145
2024-06-27 01:00:00,1.26145,1.2637,1.26145,1.26365
2024-06-27 05:00:00,1.2637,1.26475,1.2626,1.2635
2024-06-27 09:00:00,1.2635,1.26615,1.26345,1.2656
2024-06-27 13:00:00,1.2655,1.26705,1.2643,1.2652
2024-06-27 17:00:00,1.2651,1.2654,1.2637,1.26395
2024-06-27 21:00:00,1.2639,1.2647,1.2628,1.2629
2024-06-28 01:00:00,1.2629,1.26385,1.2622,1.26235
2024-06-28 05:00:00,1.2623,1.265,1.2622,1.2636
2024-06-28 09:00:00,1.2636,1.2662,1.2631,1.265
2024-06-28 13:00:00,1.265,1.26515,1.262,1.2642
2024-06-28 17:00:00,1.2642,1.26545,1.26315,1.2646
2024-06-30 21:00:00,1.2651,1.2656,1.26465,1.26525
2024-07-01 01:00:00,1.26525,1.2666,1.26505,1.2657
2024-07-01 05:00:00,1.2657,1.26895,1.2656,1.2673
2024-07-01 09:00:00,1.26735,1.26805,1.2658,1.2667
2024-07-01 13:00:00,1.2666,1.2712,1.2636,1.2648
2024-07-01 17:00:00,1.2649,1.2652,1.2633,1.265
2024-07-01 21:00:00,1.2649,1.26545,1.2639,1.2642
2024-07-02 01:00:00,1.2641,1.2643,1.2632,1.26325
2024-07-02 05:00:00,1.2633,1.26405,1.26155,1.2629
2024-07-02 09:00:00,1.2629,1.267,1.2627,1.2665
2024-07-02 13:00:00,1.2664,1.2685,1.2662,1.26685
2024-07-02 17:00:00,1.26685,1.2688,1.2667,1.26855
2024-07-02 21:00:00,1.26855,1.26935,1.2674,1.26885
2024-07-03 01:00:00,1.2687,1.26895,1.2681,1.26865
2024-07-03 05:00:00,1.26865,1.2702,1.2678,1.26955
2024-07-03 09:00:00,1.2696,1.2723,1.2692,1.2717
2024-07-03 13:00:00,1.2719,1.2778,1.27185,1.27545
2024-07-03 17:00:00,1.2754,1.2754,1.27335,1.2743
2024-07-03 21:00:00,1.2742,1.2755,1.2741,1.27505
2024-07-04 01:00:00,1.2752,1.27535,1.2741,1.27435
2024-07-04 05:00:00,1.2744,1.2763,1.2741,1.27545
2024-07-04 09:00:00,1.2757,1.2764,1.2747,1.275
2024-07-04 13:00:00,1.2749,1.2768,1.2748,1.2761
2024-07-04 17:00:00,1.27615,1.2763,1.2759,1.2759
2024-07-04 21:00:00,1.2762,1.27675,1.2754,1.2765
2024-07-05 01:00:00,1.2764,1.2773,1.27615,1.277
2024-07-05 05:00:00,1.27705,1.2782,1.2763,1.2778
2024-07-05 09:00:00,1.278,1.2811,1.2763,1.2804
2024-07-05 13:00:00,1.2803,1.28145,1.2788,1.2799
2024-07-05 17:00:00,1.2799,1.28175,1.2798,1.28145
2024-07-07 21:00:00,1.2807,1.28105,1.2803,1.2805
2024-07-08 01:00:00,1.2805,1.2819,1.28025,1.2814
2024-07-08 05:00:00,1.28145,1.2822,1.2799,1.2819
2024-07-08 09:00:00,1.2819,1.28405,1.2813,1.2838
2024-07-08 13:00:00,1.2838,1.28465,1.282,1.2821
2024-07-08 17:00:00,1.2821,1.2823,1.2806,1.2806
2024-07-08 21:00:00,1.28075,1.2821,1.2805,1.2809
2024-07-09 01:00:00,1.2809,1.28095,1.2799,1.28085
2024-07-09 05:00:00,1.2808,1.28125,1.2796,1.2806
2024-07-09 09:00:00,1.28065,1.2826,1.2793,1.2807
2024-07-09 13:00:00,1.2807,1.28215,1.2778,1.27835
2024-07-09 17:00:00,1.2784,1.27905,1.2782,1.27865
2024-07-09 21:00:00,1.27865,1.2792,1.2783,1.2786
2024-07-10 01:00:00,1.2786,1.2795,1.2784,1.27945
2024-07-10 05:00:00,1.2794,1.2802,1.27885,1.2797
2024-07-10 09:00:00,1.2797,1.2813,1.27965,1.28085
2024-07-10 13:00:00,1.2809,1.2847,1.28055,1.2846
2024-07-10 17:00:00,1.2846,1.28495,1.28345,1.28485
2024-07-10 21:00:00,1.2849,1.2858,1.2848,1.2856
2024-07-11 01:00:00,1.2854,1.2864,1.2849,1.2858
2024-07-11 05:00:00,1.28575,1.2876,1.28555,1.28755
2024-07-11 09:00:00,1.2875,1.295,1.2869,1.2932
2024-07-11 13:00:00,1.2932,1.2948,1.2904,1.2911
2024-07-11 17:00:00,1.2911,1.2915,1.2898,1.2915
2024-07-11 21:00:00,1.2911,1.2925,1.2907,1.291
2024-07-12 01:00:00,1.2909,1.29125,1.2902,1.2911
2024-07-12 05:00:00,1.2912,1.2946,1.2902,1.2943
2024-07-12 09:00:00,1.2946,1.2969,1.2933,1.2966
2024-07-12 13:00:00,1.2967,1.29905,1.2958,1.29875
2024-07-12 17:00:00,1.2987,1.2995,1.29805,1.2995
2024-07-14 21:00:00,1.2969,1.29695,1.2962,1.2967
2024-07-15 01:00:00,1.2965,1.29755,1.2962,1.2975
2024-07-15 05:00:00,1.2975,1.299,1.2962,1.29875
2024-07-15 09:00:00,1.299,1.29915,1.2967,1.2977
2024-07-15 13:00:00,1.2978,1.2995,1.29675,1.2977
2024-07-15 17:00:00,1.29775,1.29775,1.2962,1.29675
2024-07-15 21:00:00,1.2965,1.2977,1.2963,1.2965
2024-07-16 01:00:00,1.2965,1.2967,1.2961,1.2964
2024-07-16 05:00:00,1.2963,1.2973,1.29505,1.2962
2024-07-16 09:00:00,1.2963,1.298,1.2938,1.2947
2024-07-16 13:00:00,1.2948,1.2959,1.2941,1.2955
2024-07-16 17:00:00,1.2955,1.2977,1.2953,1.2974
2024-07-16 21:00:00,1.2967,1.2978,1.2967,1.2969
2024-07-17 01:00:00,1.2969,1.2979,1.2967,1.2969
2024-07-17 05:00:00,1.2968,1.303,1.2966,1.30285
2024-07-17 09:00:00,1.3029,1.3045,1.3022,1.30325
2024-07-17 13:00:00,1.3032,1.3037,1.2999,1.3004
2024-07-17 17:00:00,1.3004,1.3013,1.3001,1.3008
2024-07-17 21:00:00,1.30095,1.3014,1.3002,1.30035
2024-07-18 01:00:00,1.3004,1.3007,1.2999,1.3002
2024-07-18 05:00:00,1.30015,1.3013,1.2983,1.29865
2024-07-18 09:00:00,1.29845,1.2997,1.2974,1.2982
2024-07-18 13:00:00,1.2981,1.29855,1.2969,1.2972
2024-07-18 17:00:00,1.2971,1.2973,1.294,1.2944
2024-07-18 21:00:00,1.2943,1.29555,1.29415,1.2945
2024-07-19 01:00:00,1.2945,1.2947,1.2934,1.2939
2024-07-19 05:00:00,1.2939,1.2942,1.29145,1.2917
2024-07-19 09:00:00,1.2917,1.2929,1.2901,1.292
2024-07-19 13:00:00,1.292,1.29275,1.2912,1.29145
2024-07-19 17:00:00,1.29145,1.2919,1.2907,1.2918
2024-07-21 21:00:00,1.2934,1.294,1.2925,1.29285
2024-07-22 01:00:00,1.2929,1.293,1.2912,1.29175
2024-07-22 05:00:00,1.29175,1.29325,1.291,1.29285
2024-07-22 09:00:00,1.2927,1.29425,1.2914,1.2917
2024-07-22 13:00:00,1.2917,1.292,1.29055,1.2917
2024-07-22 17:00:00,1.2919,1.2934,1.2918,1.2932
2024-07-22 21:00:00,1.2934,1.2935,1.2925,1.2928
2024-07-23 01:00:00,1.2928,1.2934,1.29245,1.29285
2024-07-23 05:00:00,1.29285,1.2929,1.2909,1.2924
2024-07-23 09:00:00,1.29235,1.2925,1.28875,1.2906
2024-07-23 13:00:00,1.2906,1.2918,1.2904,1.29105
2024-07-23 17:00:00,1.291,1.2913,1.29,1.29075
2024-07-23 21:00:00,1.2909,1.2913,1.2896,1.2897
2024-07-24 01:00:00,1.2897,1.29,1.2884,1.2887
2024-07-24 05:00:00,1.2888,1.2902,1.28765,1.2897
2024-07-24 09:00:00,1.2896,1.293,1.28885,1.2928
2024-07-24 13:00:00,1.2929,1.2939,1.29135,1.2926
2024-07-24 17:00:00,1.2927,1.29275,1.29,1.2907
2024-07-24 21:00:00,1.2917,1.2917,1.2892,1.2896
2024-07-25 01:00:00,1.2896,1.2899,1.2886,1.2889
2024-07-25 05:00:00,1.2889,1.2913,1.2874,1.2886
2024-07-25 09:00:00,1.2885,1.28945,1.286,1.2875
2024-07-25 13:00:00,1.2875,1.28925,1.28635,1.2883
2024-07-25 17:00:00,1.2883,1.289,1.285,1.2852
2024-07-25 21:00:00,1.28515,1.28615,1.2851,1.28565
2024-07-26 01:00:00,1.2857,1.28665,1.2854,1.28635
2024-07-26 05:00:00,1.2864,1.2873,1.2857,1.28645
2024-07-26 09:00:00,1.2865,1.2874,1.2858,1.2867
2024-07-26 13:00:00,1.2866,1.28755,1.285,1.28745
2024-07-26 17:00:00,1.2875,1.28785,1.2864,1.2869
2024-07-28 21:00:00,1.2868,1.2889,1.2863,1.2886
2024-07-29 01:00:00,1.28855,1.2889,1.2874,1.2875
2024-07-29 05:00:00,1.2875,1.2878,1.2808,1.28135
2024-07-29 09:00:00,1.2812,1.2847,1.28065,1.28385
2024-07-29 13:00:00,1.28385,1.286,1.28235,1.28545
2024-07-29 17:00:00,1.2855,1.2868,1.2854,1.28615
2024-07-29 21:00:00,1.2862,1.28665,1.2851,1.28535
2024-07-30 01:00:00,1.2854,1.286,1.2845,1.28575
2024-07-30 05:00:00,1.2858,1.28645,1.2843,1.28595
2024-07-30 09:00:00,1.28595,1.28645,1.2829,1.2829
2024-07-30 13:00:00,1.28295,1.28455,1.282,1.2834
2024-07-30 17:00:00,1.2833,1.2839,1.28275,1.28355
2024-07-30 21:00:00,1.28335,1.2843,1.28295,1.28405
2024-07-31 01:00:00,1.28405,1.2853,1.2835,1.28465
2024-07-31 05:00:00,1.2846,1.28475,1.28215,1.2828
2024-07-31 09:00:00,1.283,1.2854,1.282,1.28475
2024-07-31 13:00:00,1.2849,1.28545,1.2822,1.28365
2024-07-31 17:00:00,1.2835,1.28645,1.2821,1.2857
2024-07-31 21:00:00,1.28565,1.2864,1.2847,1.28535
2024-08-01 01:00:00,1.28535,1.2861,1.2849,1.28505
2024-08-01 05:00:00,1.28505,1.2854,1.2776,1.27795
2024-08-01 09:00:00,1.2779,1.2824,1.2755,1.28105
2024-08-01 13:00:00,1.28105,1.28395,1.2752,1.2755
2024-08-01 17:00:00,1.2754,1.2758,1.2727,1.27405
2024-08-01 21:00:00,1.2742,1.2753,1.2721,1.27235
2024-08-02 01:00:00,1.2723,1.27295,1.2713,1.2724
2024-08-02 05:00:00,1.2725,1.274,1.27075,1.2735
2024-08-02 09:00:00,1.2736,1.2809,1.27325,1.2803
2024-08-02 13:00:00,1.2801,1.284,1.2784,1.2789
2024-08-02 17:00:00,1.279,1.2812,1.2788,1.28035
2024-08-04 21:00:00,1.2793,1.2797,1.278,1.2783
2024-08-05 01:00:00,1.2784,1.2805,1.2778,1.2801
2024-08-05 05:00:00,1.28,1.28165,1.271,1.2763
2024-08-05 09:00:00,1.2762,1.27785,1.2727,1.27525
2024-08-05 13:00:00,1.2755,1.2795,1.2748,1.2766
2024-08-05 17:00:00,1.2766,1.27785,1.2744,1.27765
2024-08-05 21:00:00,1.27755,1.2803,1.2767,1.2803
2024-08-06 01:00:00,1.2803,1.2803,1.2772,1.2772
2024-08-06 05:00:00,1.2772,1.2779,1.27295,1.27305
2024-08-06 09:00:00,1.2732,1.2732,1.2673,1.268
2024-08-06 13:00:00,1.2681,1.2727,1.2679,1.27045
2024-08-06 17:00:00,1.2706,1.271,1.26845,1.2691
2024-08-06 21:00:00,1.2691,1.2704,1.2681,1.27025
2024-08-07 01:00:00,1.2703,1.2718,1.26935,1.2705
2024-08-07 05:00:00,1.2705,1.27165,1.2687,1.2701
2024-08-07 09:00:00,1.27015,1.27365,1.26975,1.2722
2024-08-07 13:00:00,1.2722,1.2726,1.2704,1.2707
2024-08-07 17:00:00,1.2707,1.271,1.2683,1.2693
2024-08-07 21:00:00,1.26905,1.26975,1.2679,1.268
2024-08-08 01:00:00,1.2681,1.2703,1.2681,1.26965
2024-08-08 05:00:00,1.26955,1.2713,1.26905,1.2699
2024-08-08 09:00:00,1.27005,1.27045,1.26645,1.26755
2024-08-08 13:00:00,1.2677,1.2744,1.2677,1.2742
2024-08-08 17:00:00,1.27425,1.27525,1.2734,1.27485
2024-08-08 21:00:00,1.2749,1.275,1.27365,1.274
2024-08-09 01:00:00,1.2741,1.2761,1.2741,1.27505
2024-08-09 05:00:00,1.275,1.27725,1.2748,1.27645
2024-08-09 09:00:00,1.27655,1.27685,1.27265,1.2738
2024-08-09 13:00:00,1.27375,1.2774,1.2732,1.2758
2024-08-09 17:00:00,1.27575,1.27705,1.2754,1.2762
2024-08-11 21:00:00,1.2752,1.27595,1.2747,1.2757
2024-08-12 01:00:00,1.27565,1.27635,1.27565,1.27625
2024-08-12 05:00:00,1.27635,1.27825,1.2759,1.2764
2024-08-12 09:00:00,1.2764,1.2776,1.27515,1.27635
2024-08-12 13:00:00,1.2765,1.2794,1.2757,1.2759
2024-08-12 17:00:00,1.2758,1.2771,1.2755,1.27675
2024-08-12 21:00:00,1.27655,1.27765,1.27615,1.27675
2024-08-13 01:00:00,1.27665,1.27795,1.2765,1.27795
2024-08-13 05:00:00,1.278,1.2813,1.2776,1.27985
2024-08-13 09:00:00,1.27985,1.28125,1.27795,1.28075
2024-08-13 13:00:00,1.28075,1.2847,1.28,1.28455
2024-08-13 17:00:00,1.28455,1.2873,1.2844,1.28635
2024-08-13 21:00:00,1.28605,1.2868,1.28575,1.2863
2024-08-14 01:00:00,1.2864,1.28685,1.2854,1.28595
2024-08-14 05:00:00,1.2859,1.28635,1.2819,1.28415
2024-08-14 09:00:00,1.2841,1.286,1.2827,1.284
2024-08-14 13:00:00,1.2839,1.2864,1.2833,1.28375
2024-08-14 17:00:00,1.2837,1.2837,1.28215,1.2827
2024-08-14 21:00:00,1.28305,1.28395,1.28225,1.2827
2024-08-15 01:00:00,1.28275,1.2841,1.282,1.28405
2024-08-15 05:00:00,1.28405,1.2858,1.2838,1.2844
2024-08-15 09:00:00,1.28435,1.287,1.2811,1.2818
2024-08-15 13:00:00,1.2818,1.2872,1.2799,1.2852
2024-08-15 17:00:00,1.2851,1.2864,1.28485,1.2854
2024-08-15 21:00:00,1.2854,1.2864,1.2852,1.2863
2024-08-16 01:00:00,1.2863,1.28755,1.286,1.28725
2024-08-16 05:00:00,1.28725,1.28915,1.28695,1.28865
2024-08-16 09:00:00,1.28855,1.2914,1.2885,1.2897
2024-08-16 13:00:00,1.2897,1.29215,1.288,1.29195
2024-08-16 17:00:00,1.2921,1.29465,1.29195,1.2945
2024-08-18 21:00:00,1.2942,1.2953,1.294,1.2945
2024-08-19 01:00:00,1.29455,1.29605,1.2944,1.29535
2024-08-19 05:00:00,1.2954,1.2976,1.2952,1.29715
2024-08-19 09:00:00,1.29705,1.2973,1.2942,1.29505
2024-08-19 13:00:00,1.2951,1.29975,1.294,1.2981
2024-08-19 17:00:00,1.29815,1.2997,1.2978,1.2992
2024-08-19 21:00:00,1.2991,1.29945,1.2982,1.2986
2024-08-20 01:00:00,1.2986,1.2993,1.2977,1.298
2024-08-20 05:00:00,1.29795,1.3013,1.2974,1.30025
2024-08-20 09:00:00,1.3001,1.303,1.2992,1.3028
2024-08-20 13:00:00,1.3027,1.3053,1.3013,1.3025
2024-08-20 17:00:00,1.3025,1.3036,1.30175,1.3034
2024-08-20 21:00:00,1.30335,1.3039,1.3028,1.3035
2024-08-21 01:00:00,1.30345,1.3037,1.3023,1.3026
2024-08-21 05:00:00,1.3026,1.3032,1.30105,1.30135
2024-08-21 09:00:00,1.30125,1.3049,1.30125,1.30455
2024-08-21 13:00:00,1.3046,1.3091,1.30365,1.3089
2024-08-21 17:00:00,1.30895,1.3119,1.3085,1.30895
2024-08-21 21:00:00,1.30935,1.31,1.3084,1.309
2024-08-22 01:00:00,1.30895,1.30915,1.3081,1.3084
2024-08-22 05:00:00,1.30835,1.3129,1.3081,1.31135
2024-08-22 09:00:00,1.3114,1.31275,1.30955,1.3119
2024-08-22 13:00:00,1.31185,1.3129,1.3081,1.3087
2024-08-22 17:00:00,1.30865,1.3095,1.30765,1.30915
2024-08-22 21:00:00,1.309,1.3102,1.3085,1.30975
2024-08-23 01:00:00,1.30985,1.311,1.3096,1.311
2024-08-23 05:00:00,1.31095,1.31315,1.31075,1.31315
2024-08-23 09:00:00,1.3131,1.31365,1.3111,1.31215
2024-08-23 13:00:00,1.3119,1.32305,1.3108,1.3191
2024-08-23 17:00:00,1.319,1.3221,1.319,1.32145
2024-08-25 21:00:00,1.3211,1.322,1.3206,1.3215
2024-08-26 01:00:00,1.3213,1.3222,1.3199,1.32015
2024-08-26 05:00:00,1.3201,1.321,1.3189,1.3198
2024-08-26 09:00:00,1.3197,1.32055,1.318,1.32015
2024-08-26 13:00:00,1.32015,1.32095,1.3179,1.31985
2024-08-26 17:00:00,1.31985,1.3207,1.3182,1.31875
2024-08-26 21:00:00,1.31905,1.31975,1.318,1.3181
2024-08-27 01:00:00,1.3182,1.3196,1.3181,1.3193
2024-08-27 05:00:00,1.31935,1.3224,1.31915,1.32185
2024-08-27 09:00:00,1.32175,1.3247,1.3204,1.32135
2024-08-27 13:00:00,1.32135,1.3243,1.3213,1.3233
2024-08-27 17:00:00,1.3233,1.32655,1.32315,1.3261
2024-08-27 21:00:00,1.3258,1.3264,1.3253,1.32595
2024-08-28 01:00:00,1.32595,1.326,1.32405,1.32415
2024-08-28 05:00:00,1.3242,1.3245,1.3217,1.323
2024-08-28 09:00:00,1.32305,1.3239,1.3199,1.321
2024-08-28 13:00:00,1.32105,1.3231,1.3174,1.3186
2024-08-28 17:00:00,1.3186,1.3192,1.3168,1.31915
2024-08-28 21:00:00,1.31915,1.3209,1.319,1.3206
2024-08-29 01:00:00,1.32065,1.3213,1.3197,1.32115
2024-08-29 05:00:00,1.32125,1.3227,1.3169,1.31885
2024-08-29 09:00:00,1.3189,1.3203,1.3154,1.3159
2024-08-29 13:00:00,1.3161,1.31905,1.31455,1.31825
2024-08-29 17:00:00,1.3182,1.319,1.3163,1.31685
2024-08-29 21:00:00,1.31685,1.3173,1.3163,1.3168
2024-08-30 01:00:00,1.3168,1.31715,1.316,1.3164
2024-08-30 05:00:00,1.3165,1.31995,1.3165,1.3183
2024-08-30 09:00:00,1.3183,1.319,1.3144,1.3155
2024-08-30 13:00:00,1.3157,1.3165,1.311,1.31195
2024-08-30 17:00:00,1.3119,1.3136,1.3112,1.31265
2024-09-01 21:00:00,1.3131,1.3138,1.3126,1.31335
2024-09-02 01:00:00,1.3134,1.3138,1.312,1.3126
2024-09-02 05:00:00,1.31255,1.31465,1.3123,1.31365
2024-09-02 09:00:00,1.31345,1.3148,1.3126,1.31425
2024-09-02 13:00:00,1.3144,1.3155,1.31345,1.3142
2024-09-02 17:00:00,1.31425,1.3149,1.31405,1.3144
2024-09-02 21:00:00,1.31505,1.31505,1.3134,1.31375
2024-09-03 01:00:00,1.31375,1.3148,1.3123,1.31245
2024-09-03 05:00:00,1.31245,1.314,1.31085,1.31225
2024-09-03 09:00:00,1.3122,1.314,1.3109,1.31315
2024-09-03 13:00:00,1.3131,1.3146,1.30885,1.3103
2024-09-03 17:00:00,1.31035,1.31175,1.3087,1.3114
2024-09-03 21:00:00,1.3114,1.312,1.3101,1.3103
2024-09-04 01:00:00,1.3104,1.3119,1.3102,1.31175
2024-09-04 05:00:00,1.31175,1.3128,1.3101,1.31205
2024-09-04 09:00:00,1.3121,1.3127,1.3106,1.31245
2024-09-04 13:00:00,1.31235,1.31755,1.3121,1.3151
2024-09-04 17:00:00,1.31505,1.3153,1.3127,1.3146
2024-09-04 21:00:00,1.31465,1.31545,1.3141,1.31435
2024-09-05 01:00:00,1.3144,1.3157,1.31435,1.3147
2024-09-05 05:00:00,1.3147,1.31715,1.3137,1.3169
2024-09-05 09:00:00,1.31695,1.318,1.3154,1.3161
2024-09-05 13:00:00,1.3163,1.31785,1.3152,1.31735
2024-09-05 17:00:00,1.3173,1.3186,1.3165,1.3181
2024-09-05 21:00:00,1.3178,1.31835,1.31745,1.31785
2024-09-06 01:00:00,1.3178,1.318,1.3173,1.3179
2024-09-06 05:00:00,1.31785,1.3194,1.31665,1.31675
2024-09-06 09:00:00,1.31675,1.32375,1.3153,1.3212
2024-09-06 13:00:00,1.3209,1.32165,1.311,1.31205
2024-09-06 17:00:00,1.3119,1.314,1.31135,1.3126
2024-09-08 21:00:00,1.3135,1.3142,1.3129,1.313
2024-09-09 01:00:00,1.31305,1.3144,1.3119,1.31195
2024-09-09 05:00:00,1.31195,1.312,1.30825,1.30885
2024-09-09 09:00:00,1.30885,1.31,1.3073,1.3083
2024-09-09 13:00:00,1.30835,1.3101,1.3068,1.30975
2024-09-09 17:00:00,1.30975,1.31025,1.30705,1.30745
2024-09-09 21:00:00,1.3075,1.30775,1.3058,1.30625
2024-09-10 01:00:00,1.3063,1.30775,1.3062,1.3077
2024-09-10 05:00:00,1.3077,1.3108,1.30735,1.30865
2024-09-10 09:00:00,1.30855,1.31045,1.3068,1.3071
2024-09-10 13:00:00,1.30705,1.3076,1.3049,1.30685
2024-09-10 17:00:00,1.3068,1.3087,1.3066,1.30805
2024-09-10 21:00:00,1.308,1.30855,1.3072,1.30725
2024-09-11 01:00:00,1.30725,1.3102,1.307,1.31015
2024-09-11 05:00:00,1.3102,1.3112,1.3077,1.3083
2024-09-11 09:00:00,1.30835,1.30985,1.3047,1.30615
2024-09-11 13:00:00,1.3062,1.3074,1.3002,1.30365
2024-09-11 17:00:00,1.30365,1.305,1.3035,1.3043
2024-09-11 21:00:00,1.3044,1.3047,1.3034,1.3035
2024-09-12 01:00:00,1.3034,1.3049,1.3032,1.3048
2024-09-12 05:00:00,1.3049,1.30565,1.30325,1.30475
2024-09-12 09:00:00,1.3049,1.30625,1.3037,1.30545
2024-09-12 13:00:00,1.3055,1.3095,1.3051,1.30925
2024-09-12 17:00:00,1.3092,1.3127,1.3085,1.3124
2024-09-12 21:00:00,1.3125,1.3146,1.31225,1.3145
2024-09-13 01:00:00,1.3146,1.3151,1.3138,1.31475
2024-09-13 05:00:00,1.31475,1.315,1.31245,1.31435
2024-09-13 09:00:00,1.3144,1.31525,1.31145,1.31375
2024-09-13 13:00:00,1.3138,1.3158,1.3123,1.31315
2024-09-13 17:00:00,1.3131,1.3135,1.3118,1.31245
2024-09-15 21:00:00,1.3133,1.3144,1.31305,1.3141
2024-09-16 01:00:00,1.314,1.31635,1.3138,1.31535
2024-09-16 05:00:00,1.31535,1.31935,1.31525,1.3188
2024-09-16 09:00:00,1.3188,1.3209,1.3182,1.3198
2024-09-16 13:00:00,1.3199,1.3215,1.31915,1.3207
2024-09-16 17:00:00,1.3207,1.3219,1.3197,1.3217
2024-09-16 21:00:00,1.3216,1.3219,1.32,1.3202
2024-09-17 01:00:00,1.32025,1.3212,1.3201,1.3203
2024-09-17 05:00:00,1.3203,1.323,1.3199,1.32295
2024-09-17 09:00:00,1.3228,1.32295,1.3199,1.32095
2024-09-17 13:00:00,1.32115,1.3213,1.3152,1.3158
2024-09-17 17:00:00,1.31585,1.31695,1.3146,1.31605
2024-09-17 21:00:00,1.3161,1.3171,1.3155,1.31675
2024-09-18 01:00:00,1.3169,1.31725,1.31585,1.31585
2024-09-18 05:00:00,1.31585,1.3212,1.3155,1.32065
2024-09-18 09:00:00,1.3205,1.3228,1.32045,1.32175
2024-09-18 13:00:00,1.32185,1.32545,1.3195,1.32105
2024-09-18 17:00:00,1.32105,1.3298,1.3175,1.3212
2024-09-18 21:00:00,1.32135,1.3218,1.3169,1.31725
2024-09-19 01:00:00,1.3171,1.3214,1.31535,1.32105
2024-09-19 05:00:00,1.3209,1.3265,1.3209,1.3264
2024-09-19 09:00:00,1.32635,1.33145,1.324,1.3241
2024-09-19 13:00:00,1.3239,1.32895,1.322,1.3282
2024-09-19 17:00:00,1.3283,1.32895,1.32735,1.32835
2024-09-19 21:00:00,1.3284,1.3287,1.3272,1.32775
2024-09-20 01:00:00,1.32775,1.3302,1.3274,1.3293
2024-09-20 05:00:00,1.32925,1.33405,1.3287,1.33005
2024-09-20 09:00:00,1.3302,1.3323,1.3281,1.3319
2024-09-20 13:00:00,1.3321,1.3331,1.3268,1.3326
2024-09-20 17:00:00,1.33265,1.33265,1.3306,1.332
2024-09-22 21:00:00,1.3318,1.332,1.33085,1.33115
2024-09-23 01:00:00,1.331,1.33205,1.33075,1.3316
2024-09-23 05:00:00,1.33165,1.3321,1.3249,1.32705
2024-09-23 09:00:00,1.32715,1.3329,1.32715,1.3328
2024-09-23 13:00:00,1.33275,1.33595,1.33135,1.3343
2024-09-23 17:00:00,1.3344,1.33545,1.3338,1.3347
2024-09-23 21:00:00,1.3347,1.33545,1.33415,1.3345
2024-09-24 01:00:00,1.33445,1.33585,1.334,1.33585
2024-09-24 05:00:00,1.3359,1.3382,1.3331,1.3377
2024-09-24 09:00:00,1.3377,1.339,1.33585,1.3387
2024-09-24 13:00:00,1.3387,1.3399,1.3367,1.33905
2024-09-24 17:00:00,1.33905,1.3416,1.3388,1.34135
2024-09-24 21:00:00,1.34125,1.343,1.3411,1.34235
2024-09-25 01:00:00,1.3424,1.3425,1.34105,1.3418
2024-09-25 05:00:00,1.3417,1.34185,1.33745,1.33795
2024-09-25 09:00:00,1.33795,1.3396,1.3364,1.33955
2024-09-25 13:00:00,1.3396,1.3413,1.3327,1.33335
2024-09-25 17:00:00,1.3333,1.3333,1.33125,1.3324
2024-09-25 21:00:00,1.332,1.3329,1.3312,1.33275
2024-09-26 01:00:00,1.3329,1.3343,1.3321,1.33395
2024-09-26 05:00:00,1.33395,1.3358,1.33345,1.33515
2024-09-26 09:00:00,1.33515,1.339,1.3349,1.33725
2024-09-26 13:00:00,1.3373,1.34345,1.33515,1.341
2024-09-26 17:00:00,1.3409,1.34255,1.3409,1.34155
2024-09-26 21:00:00,1.34155,1.342,1.3397,1.33985
2024-09-27 01:00:00,1.33985,1.34015,1.338,1.3386
2024-09-27 05:00:00,1.3386,1.33965,1.336,1.3374
2024-09-27 09:00:00,1.33745,1.34265,1.337,1.3424
2024-09-27 13:00:00,1.34245,1.3428,1.338,1.33835
2024-09-27 17:00:00,1.33835,1.33885,1.337,1.33745
2024-09-29 21:00:00,1.33805,1.33845,1.33795,1.3383
2024-09-30 01:00:00,1.3383,1.339,1.3373,1.33885
2024-09-30 05:00:00,1.3389,1.3423,1.3375,1.3418
2024-09-30 09:00:00,1.3418,1.3418,1.33815,1.3386
2024-09-30 13:00:00,1.3387,1.3417,1.33605,1.3402
2024-09-30 17:00:00,1.3403,1.3409,1.335,1.3375
2024-09-30 21:00:00,1.33745,1.3383,1.3366,1.33755
2024-10-01 01:00:00,1.33755,1.339,1.3369,1.338
2024-10-01 05:00:00,1.338,1.33855,1.33265,1.3331
2024-10-01 09:00:00,1.3331,1.33385,1.33115,1.33185
2024-10-01 13:00:00,1.3318,1.33275,1.3246,1.32555
2024-10-01 17:00:00,1.3255,1.3291,1.3237,1.3286
2024-10-01 21:00:00,1.3286,1.3289,1.3272,1.3277
2024-10-02 01:00:00,1.32775,1.3296,1.32675,1.32695
2024-10-02 05:00:00,1.3268,1.3306,1.326,1.32955
2024-10-02 09:00:00,1.3298,1.3298,1.3274,1.3274
2024-10-02 13:00:00,1.32745,1.32835,1.3246,1.3271
2024-10-02 17:00:00,1.3272,1.3276,1.3258,1.32675
2024-10-02 21:00:00,1.32675,1.3274,1.3254,1.32615
2024-10-03 01:00:00,1.3262,1.3264,1.32435,1.3245
2024-10-03 05:00:00,1.32445,1.3247,1.3106,1.31165
2024-10-03 09:00:00,1.31165,1.3129,1.3093,1.31145
2024-10-03 13:00:00,1.3114,1.3132,1.30925,1.3126
2024-10-03 17:00:00,1.3127,1.3132,1.3112,1.3125
2024-10-03 21:00:00,1.31245,1.3134,1.3119,1.31315
2024-10-04 01:00:00,1.3131,1.31355,1.3123,1.31275
2024-10-04 05:00:00,1.3129,1.31665,1.3127,1.31565
2024-10-04 09:00:00,1.31565,1.3175,1.3075,1.3078
2024-10-04 13:00:00,1.30795,1.31195,1.30695,1.3116
2024-10-04 17:00:00,1.31155,1.313,1.3114,1.31215
2024-10-06 20:00:00,1.3121,1.3125,1.3111,1.3124
2024-10-07 00:00:00,1.3123,1.3135,1.3119,1.31285
2024-10-07 04:00:00,1.31295,1.3131,1.3099,1.31125
2024-10-07 08:00:00,1.31125,1.3117,1.30585,1.30815
2024-10-07 12:00:00,1.3083,1.3095,1.3066,1.30795
2024-10-07 16:00:00,1.30795,1.30965,1.30695,1.3082
2024-10-07 20:00:00,1.3083,1.3089,1.3077,1.30845
2024-10-08 00:00:00,1.30845,1.3104,1.30845,1.30925
2024-10-08 04:00:00,1.3093,1.3104,1.3064,1.31005
2024-10-08 08:00:00,1.3102,1.3108,1.3086,1.3106
2024-10-08 12:00:00,1.3105,1.3114,1.3081,1.3092
2024-10-08 16:00:00,1.30925,1.3101,1.3076,1.3099
2024-10-08 20:00:00,1.31,1.31065,1.3092,1.30935
2024-10-09 00:00:00,1.3093,1.3104,1.3083,1.3085
2024-10-09 04:00:00,1.30855,1.3102,1.3056,1.30835
2024-10-09 08:00:00,1.3083,1.3096,1.3068,1.3084
2024-10-09 12:00:00,1.3085,1.3089,1.3066,1.3079
2024-10-09 16:00:00,1.3079,1.3079,1.3062,1.3065
2024-10-09 20:00:00,1.30645,1.3076,1.306,1.3065
2024-10-10 00:00:00,1.3066,1.3078,1.3065,1.3075
2024-10-10 04:00:00,1.30755,1.3089,1.3068,1.3082
2024-10-10 08:00:00,1.30835,1.3094,1.3066,1.30665
2024-10-10 12:00:00,1.3068,1.3089,1.30255,1.3052
2024-10-10 16:00:00,1.30525,1.306,1.3022,1.30555
2024-10-10 20:00:00,1.3056,1.3066,1.3049,1.30615
2024-10-11 00:00:00,1.3062,1.3067,1.3052,1.30545
2024-10-11 04:00:00,1.3054,1.30755,1.3041,1.30745
2024-10-11 08:00:00,1.3075,1.30815,1.3051,1.3061
2024-10-11 12:00:00,1.3061,1.30835,1.3055,1.3069
2024-10-11 16:00:00,1.30695,1.3079,1.3064,1.30645
2024-10-11 20:00:00,1.3065,1.30715,1.3063,1.30675
2024-10-13 20:00:00,1.3068,1.3068,1.30465,1.3049
2024-10-14 00:00:00,1.3048,1.3063,1.3041,1.30605
2024-10-14 04:00:00,1.30595,1.3072,1.3056,1.3061
2024-10-14 08:00:00,1.3062,1.30685,1.3037,1.3039
2024-10-14 12:00:00,1.3038,1.306,1.303,1.30495
2024-10-14 16:00:00,1.3049,1.3062,1.3042,1.30555
2024-10-14 20:00:00,1.30555,1.3068,1.3053,1.30675
2024-10-15 00:00:00,1.30675,1.307,1.30535,1.30545
2024-10-15 04:00:00,1.30545,1.3074,1.3035,1.30735
2024-10-15 08:00:00,1.30735,1.3097,1.3068,1.3076
2024-10-15 12:00:00,1.3077,1.31035,1.30745,1.3082
2024-10-15 16:00:00,1.3083,1.30855,1.306,1.3067
2024-10-15 20:00:00,1.30675,1.3078,1.30635,1.3065
2024-10-16 00:00:00,1.3064,1.3078,1.306,1.30705
2024-10-16 04:00:00,1.307,1.3077,1.2982,1.30005
2024-10-16 08:00:00,1.3001,1.30325,1.2992,1.30315
2024-10-16 12:00:00,1.303,1.3037,1.2996,1.3
2024-10-16 16:00:00,1.29995,1.30055,1.2977,1.29825
2024-10-16 20:00:00,1.2982,1.3003,1.2982,1.2992
2024-10-17 00:00:00,1.2991,1.30015,1.298,1.29875
2024-10-17 04:00:00,1.2987,1.2993,1.29735,1.29855
2024-10-17 08:00:00,1.2983,1.3018,1.2975,1.30155
2024-10-17 12:00:00,1.30155,1.3023,1.298,1.3006
2024-10-17 16:00:00,1.30075,1.3016,1.2999,1.30135
2024-10-17 20:00:00,1.30125,1.3017,1.30055,1.30145
2024-10-18 00:00:00,1.30145,1.30265,1.3011,1.3021
2024-10-18 04:00:00,1.302,1.3072,1.302,1.30525
2024-10-18 08:00:00,1.30525,1.30535,1.30335,1.30455
2024-10-18 12:00:00,1.30455,1.3067,1.302,1.30215
2024-10-18 16:00:00,1.3021,1.3046,1.302,1.30435
2024-10-18 20:00:00,1.3043,1.30515,1.3041,1.3051
2024-10-20 20:00:00,1.305,1.3058,1.3047,1.3052
2024-10-21 00:00:00,1.30525,1.3053,1.3043,1.305
2024-10-21 04:00:00,1.30505,1.3051,1.302,1.30205
2024-10-21 08:00:00,1.3022,1.3034,1.3012,1.3019
2024-10-21 12:00:00,1.3018,1.3034,1.29795,1.29795
2024-10-21 16:00:00,1.29795,1.2992,1.2977,1.29825
2024-10-21 20:00:00,1.2984,1.29885,1.298,1.2982
2024-10-22 00:00:00,1.2983,1.29955,1.298,1.29945
2024-10-22 04:00:00,1.29955,1.30155,1.2994,1.30085
2024-10-22 08:00:00,1.30095,1.3011,1.29665,1.29795
2024-10-22 12:00:00,1.29795,1.2985,1.29445,1.29675
2024-10-22 16:00:00,1.2969,1.29845,1.2966,1.2983
2024-10-22 20:00:00,1.2984,1.299,1.29695,1.2981
2024-10-23 00:00:00,1.298,1.2992,1.2971,1.29855
2024-10-23 04:00:00,1.2986,1.2995,1.2963,1.2965
2024-10-23 08:00:00,1.2963,1.2989,1.295,1.29515
2024-10-23 12:00:00,1.2951,1.2961,1.29355,1.29435
2024-10-23 16:00:00,1.2944,1.29485,1.29075,1.29325
2024-10-23 20:00:00,1.2933,1.2933,1.2909,1.29155
2024-10-24 00:00:00,1.2916,1.2929,1.2912,1.29255
2024-10-24 04:00:00,1.29255,1.2969,1.29245,1.29625
2024-10-24 08:00:00,1.2963,1.2982,1.2948,1.2973
2024-10-24 12:00:00,1.29735,1.2988,1.2954,1.2964
2024-10-24 16:00:00,1.29635,1.2978,1.2948,1.29755
2024-10-24 20:00:00,1.29755,1.2978,1.29655,1.29715
2024-10-25 00:00:00,1.2973,1.2974,1.2961,1.2963
2024-10-25 04:00:00,1.2963,1.2976,1.2956,1.29695
2024-10-25 08:00:00,1.29695,1.29925,1.2969,1.2987
2024-10-25 12:00:00,1.29865,1.2999,1.2976,1.29765
2024-10-25 16:00:00,1.2977,1.29805,1.29585,1.29595
2024-10-25 20:00:00,1.29595,1.2963,1.29585,1.29615
2024-10-27 20:00:00,1.2967,1.2967,1.29565,1.2958
2024-10-28 00:00:00,1.29575,1.2964,1.2942,1.2943
2024-10-28 04:00:00,1.2942,1.2972,1.294,1.2969
2024-10-28 08:00:00,1.2969,1.2995,1.296,1.29935
2024-10-28 12:00:00,1.299,1.3001,1.29775,1.298
2024-10-28 16:00:00,1.29805,1.29885,1.29685,1.29745
2024-10-28 20:00:00,1.2973,1.29805,1.2965,1.29735
2024-10-29 00:00:00,1.29745,1.2978,1.29585,1.2961
2024-10-29 04:00:00,1.29605,1.29745,1.29585,1.2971
2024-10-29 08:00:00,1.29715,1.2993,1.29695,1.2987
2024-10-29 12:00:00,1.2986,1.3007,1.2967,1.3005
2024-10-29 16:00:00,1.30045,1.3012,1.2989,1.30065
2024-10-29 20:00:00,1.3005,1.3018,1.3005,1.30115
2024-10-30 00:00:00,1.30115,1.302,1.29965,1.2999
2024-10-30 04:00:00,1.29985,1.3014,1.2996,1.30085
2024-10-30 08:00:00,1.3011,1.3027,1.2962,1.29715
2024-10-30 12:00:00,1.2971,1.3043,1.2937,1.3011
2024-10-30 16:00:00,1.30115,1.30185,1.2967,1.2971
2024-10-30 20:00:00,1.297,1.2971,1.2955,1.2957
2024-10-31 00:00:00,1.2959,1.296,1.29435,1.295
2024-10-31 04:00:00,1.29495,1.29995,1.2946,1.2995
2024-10-31 08:00:00,1.29965,1.2999,1.29585,1.29785
2024-10-31 12:00:00,1.29785,1.29975,1.2845,1.2856
2024-10-31 16:00:00,1.28555,1.28945,1.2855,1.2892
2024-10-31 20:00:00,1.28925,1.29035,1.2892,1.2897
2024-11-01 00:00:00,1.2896,1.29025,1.28885,1.2899
2024-11-01 04:00:00,1.2898,1.29025,1.28845,1.28985
2024-11-01 08:00:00,1.2896,1.2923,1.28885,1.292
2024-11-01 12:00:00,1.29205,1.29805,1.29165,1.29595
2024-11-01 16:00:00,1.2959,1.2963,1.292,1.29205
2024-11-01 20:00:00,1.29205,1.2924,1.2916,1.2924
2024-11-03 20:00:00,1.2972,1.2973,1.29505,1.2952
2024-11-04 00:00:00,1.29525,1.2999,1.29515,1.29935
2024-11-04 04:00:00,1.29935,1.29975,1.2969,1.2969
2024-11-04 08:00:00,1.2971,1.2983,1.29455,1.29775
2024-11-04 12:00:00,1.2976,1.2994,1.2959,1.298
2024-11-04 16:00:00,1.2981,1.2982,1.2934,1.2954
2024-11-04 20:00:00,1.2954,1.2961,1.29495,1.29545
2024-11-05 00:00:00,1.2954,1.2962,1.2948,1.29535
2024-11-05 04:00:00,1.2953,1.2982,1.2953,1.2977
2024-11-05 08:00:00,1.2978,1.2995,1.2971,1.29915
2024-11-05 12:00:00,1.2992,1.30215,1.2979,1.3001
2024-11-05 16:00:00,1.3001,1.30375,1.3001,1.30215
2024-11-05 20:00:00,1.302,1.3049,1.3016,1.3043
2024-11-06 00:00:00,1.3043,1.3044,1.2864,1.28895
2024-11-06 04:00:00,1.2889,1.2927,1.28465,1.28665
2024-11-06 08:00:00,1.2866,1.29235,1.2851,1.28565
2024-11-06 12:00:00,1.2856,1.289,1.2835,1.289
2024-11-06 16:00:00,1.2891,1.2919,1.28705,1.2891
2024-11-06 20:00:00,1.2891,1.2898,1.2875,1.28825
2024-11-07 00:00:00,1.2883,1.2924,1.2876,1.2922
2024-11-07 04:00:00,1.29225,1.2948,1.2915,1.29315
2024-11-07 08:00:00,1.29305,1.294,1.29,1.29045
2024-11-07 12:00:00,1.2904,1.30095,1.29,1.29965
2024-11-07 16:00:00,1.2995,1.3001,1.2948,1.2965
2024-11-07 20:00:00,1.2965,1.2992,1.2961,1.2983
2024-11-08 00:00:00,1.29835,1.2984,1.2963,1.29645
2024-11-08 04:00:00,1.29645,1.29745,1.2961,1.2964
2024-11-08 08:00:00,1.29645,1.29765,1.29355,1.2968
2024-11-08 12:00:00,1.2969,1.2969,1.29225,1.29385
2024-11-08 16:00:00,1.29385,1.2945,1.2884,1.2912
2024-11-08 20:00:00,1.29125,1.2925,1.29095,1.2923
2024-11-10 20:00:00,1.29155,1.29175,1.2905,1.29165
2024-11-11 00:00:00,1.2915,1.29265,1.29095,1.2914
2024-11-11 04:00:00,1.2914,1.2923,1.2891,1.2895
2024-11-11 08:00:00,1.2894,1.2907,1.2877,1.2886
2024-11-11 12:00:00,1.2887,1.2891,1.2856,1.2869
2024-11-11 16:00:00,1.28695,1.2878,1.2858,1.2862
2024-11-11 20:00:00,1.2862,1.2873,1.2862,1.2873
2024-11-12 00:00:00,1.28745,1.28745,1.2841,1.2842
2024-11-12 04:00:00,1.28415,1.2847,1.2801,1.2815
2024-11-12 08:00:00,1.2814,1.28315,1.2792,1.2821
2024-11-12 12:00:00,1.2822,1.283,1.2757,1.27635
2024-11-12 16:00:00,1.2763,1.2765,1.2719,1.27365
2024-11-12 20:00:00,1.2738,1.27545,1.27355,1.2736
2024-11-13 00:00:00,1.2737,1.2755,1.27315,1.27445
2024-11-13 04:00:00,1.2744,1.2748,1.2729,1.2736
2024-11-13 08:00:00,1.2736,1.27555,1.273,1.2754
2024-11-13 12:00:00,1.2755,1.2769,1.2687,1.2724
2024-11-13 16:00:00,1.2725,1.2727,1.27,1.2705
2024-11-13 20:00:00,1.2705,1.27175,1.27,1.2707
2024-11-14 00:00:00,1.27075,1.27105,1.2683,1.2684
2024-11-14 04:00:00,1.26835,1.2696,1.2673,1.2686
2024-11-14 08:00:00,1.2687,1.2694,1.263,1.2659
2024-11-14 12:00:00,1.2658,1.2712,1.2646,1.2709
2024-11-14 16:00:00,1.2708,1.27205,1.2683,1.26875
2024-11-14 20:00:00,1.2689,1.2689,1.2647,1.26675
2024-11-15 00:00:00,1.2666,1.2683,1.2656,1.26755
2024-11-15 04:00:00,1.26755,1.2691,1.2666,1.26665
2024-11-15 08:00:00,1.2666,1.2697,1.2649,1.269
2024-11-15 12:00:00,1.26895,1.26925,1.2614,1.2629
2024-11-15 16:00:00,1.2629,1.2643,1.26115,1.2612
2024-11-15 20:00:00,1.2612,1.2622,1.2597,1.262
2024-11-17 20:00:00,1.2629,1.263,1.261,1.26195
2024-11-18 00:00:00,1.2618,1.2643,1.26155,1.2625
2024-11-18 04:00:00,1.2626,1.2641,1.26195,1.26265
2024-11-18 08:00:00,1.2628,1.2637,1.26135,1.26185
2024-11-18 12:00:00,1.262,1.2644,1.2616,1.264
2024-11-18 16:00:00,1.26395,1.2687,1.2639,1.2672
2024-11-18 20:00:00,1.2673,1.2682,1.2672,1.26785
2024-11-19 00:00:00,1.2679,1.2689,1.2666,1.26845
2024-11-19 04:00:00,1.26855,1.26895,1.26635,1.2674
2024-11-19 08:00:00,1.2671,1.2679,1.26135,1.2636
2024-11-19 12:00:00,1.2635,1.2671,1.2628,1.2665
2024-11-19 16:00:00,1.2664,1.2683,1.2662,1.26765
2024-11-19 20:00:00,1.26765,1.2694,1.2675,1.26935
2024-11-20 00:00:00,1.2694,1.2696,1.26805,1.26815
2024-11-20 04:00:00,1.2681,1.2715,1.2679,1.2697
2024-11-20 08:00:00,1.2696,1.2696,1.2649,1.2663
2024-11-20 12:00:00,1.2664,1.26755,1.26385,1.26535
2024-11-20 16:00:00,1.2654,1.2662,1.2631,1.2648
2024-11-20 20:00:00,1.2647,1.26575,1.2643,1.26555
2024-11-21 00:00:00,1.26555,1.266,1.26505,1.2659
2024-11-21 04:00:00,1.2659,1.266,1.2637,1.2648
2024-11-21 08:00:00,1.2649,1.2651,1.2623,1.2638
2024-11-21 12:00:00,1.2639,1.2658,1.2617,1.2618
2024-11-21 16:00:00,1.2618,1.2622,1.2576,1.26015
2024-11-21 20:00:00,1.2601,1.26055,1.2584,1.25855
2024-11-22 00:00:00,1.2585,1.2595,1.2581,1.25845
2024-11-22 04:00:00,1.2584,1.2588,1.2551,1.2573
2024-11-22 08:00:00,1.25725,1.2582,1.2487,1.2513
2024-11-22 12:00:00,1.2513,1.2538,1.2502,1.25255
2024-11-22 16:00:00,1.2527,1.2536,1.2507,1.25255
2024-11-22 20:00:00,1.25255,1.2535,1.2523,1.25305
2024-11-24 20:00:00,1.25945,1.25975,1.2575,1.25935
2024-11-25 00:00:00,1.25935,1.2607,1.25875,1.2593
2024-11-25 04:00:00,1.2593,1.26055,1.2571,1.2571
2024-11-25 08:00:00,1.25715,1.25835,1.2548,1.2565
2024-11-25 12:00:00,1.2565,1.2614,1.25475,1.2551
2024-11-25 16:00:00,1.2553,1.2578,1.2542,1.2574
2024-11-25 20:00:00,1.25745,1.2578,1.253,1.2532
2024-11-26 00:00:00,1.25325,1.255,1.25075,1.255
2024-11-26 04:00:00,1.2549,1.2563,1.2542,1.2545
2024-11-26 08:00:00,1.2544,1.2593,1.2538,1.2585
2024-11-26 12:00:00,1.2584,1.26165,1.2555,1.2563
2024-11-26 16:00:00,1.2563,1.2567,1.25245,1.2546
2024-11-26 20:00:00,1.2546,1.25745,1.2545,1.25735
2024-11-27 00:00:00,1.25735,1.258,1.2569,1.2572
2024-11-27 04:00:00,1.2572,1.2598,1.2567,1.2592
2024-11-27 08:00:00,1.2591,1.262,1.259,1.2612
2024-11-27 12:00:00,1.26105,1.2688,1.2607,1.2677
2024-11-27 16:00:00,1.2677,1.26945,1.2665,1.2672
2024-11-27 20:00:00,1.2673,1.26835,1.26695,1.26775
2024-11-28 00:00:00,1.2678,1.2679,1.26615,1.2663
2024-11-28 04:00:00,1.2664,1.267,1.2645,1.2652
2024-11-28 08:00:00,1.2649,1.26745,1.2645,1.26655
2024-11-28 12:00:00,1.2667,1.26835,1.266,1.2683
2024-11-28 16:00:00,1.2682,1.2691,1.26765,1.2689
2024-11-28 20:00:00,1.269,1.26965,1.26835,1.2696
2024-11-29 00:00:00,1.26955,1.27155,1.26935,1.27125
2024-11-29 04:00:00,1.27135,1.275,1.27055,1.2723
2024-11-29 08:00:00,1.27235,1.2726,1.2683,1.2698
2024-11-29 12:00:00,1.2699,1.2715,1.2672,1.27085
2024-11-29 16:00:00,1.271,1.274,1.26915,1.27395
2024-11-29 20:00:00,1.27395,1.2746,1.2734,1.27375
2024-12-01 20:00:00,1.2729,1.27365,1.2696,1.2702
2024-12-02 00:00:00,1.2702,1.2706,1.2681,1.2689
2024-12-02 04:00:00,1.2689,1.2709,1.268,1.26835
2024-12-02 08:00:00,1.2681,1.2723,1.2679,1.2711
2024-12-02 12:00:00,1.2712,1.2713,1.2617,1.2628
2024-12-02 16:00:00,1.2628,1.2655,1.26175,1.265
2024-12-02 20:00:00,1.26495,1.26705,1.2647,1.26585
2024-12-03 00:00:00,1.2659,1.266,1.2639,1.26465
2024-12-03 04:00:00,1.2646,1.2673,1.2639,1.2663
2024-12-03 08:00:00,1.2662,1.26975,1.266,1.2663
2024-12-03 12:00:00,1.2663,1.26735,1.2637,1.2662
2024-12-03 16:00:00,1.2662,1.27,1.2651,1.26685
2024-12-03 20:00:00,1.2668,1.26775,1.26655,1.2674
2024-12-04 00:00:00,1.26745,1.2679,1.2652,1.2656
2024-12-04 04:00:00,1.26555,1.2702,1.2652,1.26815
2024-12-04 08:00:00,1.2681,1.2696,1.263,1.2681
2024-12-04 12:00:00,1.2679,1.2712,1.2661,1.27075
2024-12-04 16:00:00,1.2708,1.27215,1.2687,1.27005
2024-12-04 20:00:00,1.27005,1.27085,1.2694,1.2701
2024-12-05 00:00:00,1.27015,1.271,1.2693,1.27085
2024-12-05 04:00:00,1.27095,1.2732,1.27015,1.273
2024-12-05 08:00:00,1.2729,1.27405,1.2714,1.2731
2024-12-05 12:00:00,1.2732,1.2771,1.2714,1.2756
2024-12-05 16:00:00,1.2757,1.2763,1.2732,1.27585
2024-12-05 20:00:00,1.27575,1.2763,1.275,1.276
2024-12-06 00:00:00,1.27605,1.27605,1.274,1.2751
2024-12-06 04:00:00,1.275,1.27655,1.2741,1.2764
2024-12-06 08:00:00,1.2765,1.2774,1.27495,1.2771
2024-12-06 12:00:00,1.2771,1.2811,1.27285,1.2744
2024-12-06 16:00:00,1.2744,1.27555,1.2721,1.27365
2024-12-06 20:00:00,1.2736,1.2744,1.2734,1.27415
2024-12-08 20:00:00,1.2737,1.27525,1.2737,1.27485
2024-12-09 00:00:00,1.2749,1.2749,1.2723,1.27235
2024-12-09 04:00:00,1.2723,1.2763,1.2717,1.27625
2024-12-09 08:00:00,1.27625,1.2784,1.2755,1.27655
2024-12-09 12:00:00,1.2765,1.2799,1.2752,1.27955
2024-12-09 16:00:00,1.27955,1.2799,1.2748,1.2753
2024-12-09 20:00:00,1.27535,1.2757,1.27435,1.27485
2024-12-10 00:00:00,1.2749,1.27535,1.2736,1.27475
2024-12-10 04:00:00,1.27475,1.2763,1.274,1.27405
2024-12-10 08:00:00,1.2741,1.2766,1.2737,1.2759
2024-12-10 12:00:00,1.2759,1.2763,1.2724,1.2738
2024-12-10 16:00:00,1.27385,1.2778,1.2736,1.27735
2024-12-10 20:00:00,1.27735,1.278,1.27675,1.27795
2024-12-11 00:00:00,1.278,1.2782,1.2771,1.27735
2024-12-11 04:00:00,1.2773,1.2775,1.27315,1.27335
2024-12-11 08:00:00,1.2733,1.2757,1.2713,1.2736
2024-12-11 12:00:00,1.2736,1.2782,1.2733,1.27445
2024-12-11 16:00:00,1.2744,1.27665,1.2733,1.2745
2024-12-11 20:00:00,1.2746,1.2766,1.2742,1.27655
2024-12-12 00:00:00,1.27655,1.27715,1.2761,1.2765
2024-12-12 04:00:00,1.2765,1.2788,1.2761,1.2763
2024-12-12 08:00:00,1.2763,1.2769,1.2736,1.27405
2024-12-12 12:00:00,1.27405,1.2744,1.2671,1.26895
2024-12-12 16:00:00,1.2689,1.27195,1.267,1.26705
2024-12-12 20:00:00,1.26705,1.26835,1.26665,1.26775
2024-12-13 00:00:00,1.2677,1.2679,1.266,1.2661
2024-12-13 04:00:00,1.2661,1.2666,1.2619,1.26265
2024-12-13 08:00:00,1.2626,1.26545,1.26205,1.2645
2024-12-13 12:00:00,1.2645,1.2668,1.26085,1.2614
2024-12-13 16:00:00,1.26145,1.2635,1.2612,1.26155
2024-12-13 20:00:00,1.2617,1.2624,1.26135,1.262
2024-12-15 20:00:00,1.2616,1.2628,1.2611,1.2627
2024-12-16 00:00:00,1.26265,1.2639,1.26265,1.2633
2024-12-16 04:00:00,1.26325,1.26415,1.2631,1.2633
2024-12-16 08:00:00,1.2631,1.2671,1.263,1.26485
2024-12-16 12:00:00,1.2648,1.26925,1.2639,1.2691
2024-12-16 16:00:00,1.2691,1.2699,1.2677,1.2684
2024-12-16 20:00:00,1.2685,1.2692,1.2679,1.269
2024-12-17 00:00:00,1.269,1.26985,1.2682,1.2683
2024-12-17 04:00:00,1.2683,1.2707,1.2666,1.26985
2024-12-17 08:00:00,1.27,1.27065,1.2671,1.2699
2024-12-17 12:00:00,1.2699,1.2716,1.2684,1.27115
2024-12-17 16:00:00,1.27105,1.2729,1.2702,1.27105
2024-12-17 20:00:00,1.27105,1.27185,1.2703,1.27105
2024-12-18 00:00:00,1.271,1.27135,1.2696,1.2696
2024-12-18 04:00:00,1.2697,1.2716,1.2685,1.2693
2024-12-18 08:00:00,1.26915,1.2723,1.2679,1.2707
2024-12-18 12:00:00,1.2706,1.2721,1.2685,1.26925
2024-12-18 16:00:00,1.26925,1.2719,1.25925,1.25945
2024-12-18 20:00:00,1.2595,1.2601,1.25625,1.2566
2024-12-19 00:00:00,1.2567,1.2597,1.2567,1.2588
2024-12-19 04:00:00,1.2588,1.2615,1.2582,1.2614
2024-12-19 08:00:00,1.2614,1.2668,1.2605,1.26305
2024-12-19 12:00:00,1.2631,1.2631,1.25455,1.25505
2024-12-19 16:00:00,1.255,1.25635,1.2504,1.2505
2024-12-19 20:00:00,1.25045,1.2512,1.24955,1.24975
2024-12-20 00:00:00,1.2498,1.2502,1.2475,1.248
2024-12-20 04:00:00,1.2481,1.25115,1.2477,1.2503
2024-12-20 08:00:00,1.2504,1.2521,1.2492,1.25065
2024-12-20 12:00:00,1.2506,1.2561,1.2503,1.25405
2024-12-20 16:00:00,1.25405,1.2614,1.2538,1.25995
2024-12-20 20:00:00,1.25985,1.26035,1.2565,1.25695
2024-12-22 20:00:00,1.2566,1.25745,1.25605,1.25705
2024-12-23 00:00:00,1.25705,1.2588,1.25705,1.2578
2024-12-23 04:00:00,1.25785,1.25845,1.2555,1.25585
2024-12-23 08:00:00,1.2559,1.2584,1.2529,1.25325
2024-12-23 12:00:00,1.25325,1.25385,1.25125,1.25185
2024-12-23 16:00:00,1.2518,1.25365,1.251,1.2535
2024-12-23 20:00:00,1.2535,1.25405,1.2529,1.25325
2024-12-24 00:00:00,1.2533,1.2542,1.2525,1.25315
2024-12-24 04:00:00,1.2532,1.25405,1.2531,1.2532
2024-12-24 08:00:00,1.25325,1.25455,1.2527,1.25325
2024-12-24 12:00:00,1.2534,1.2561,1.25315,1.2551
2024-12-25 20:00:00,1.25585,1.25585,1.2538,1.2543
2024-12-26 00:00:00,1.25435,1.2549,1.2538,1.25465
2024-12-26 04:00:00,1.2546,1.25485,1.2522,1.253
2024-12-26 08:00:00,1.2531,1.25355,1.2524,1.253
2024-12-26 12:00:00,1.253,1.2532,1.25015,1.2511
2024-12-26 16:00:00,1.25105,1.25365,1.25095,1.25255
2024-12-26 20:00:00,1.2525,1.25325,1.2523,1.2528
2024-12-27 00:00:00,1.25285,1.2531,1.2519,1.2526
2024-12-27 04:00:00,1.2526,1.25325,1.25185,1.253
2024-12-27 08:00:00,1.253,1.25565,1.25055,1.2552
2024-12-27 12:00:00,1.2553,1.2593,1.2549,1.2577
2024-12-27 16:00:00,1.2577,1.25915,1.2555,1.2581
2024-12-27 20:00:00,1.25815,1.2582,1.2573,1.25775
2024-12-29 20:00:00,1.2578,1.2588,1.2564,1.2579
2024-12-30 00:00:00,1.2578,1.2584,1.2572,1.258
2024-12-30 04:00:00,1.258,1.25895,1.25715,1.258
2024-12-30 08:00:00,1.2578,1.26075,1.25615,1.2599
2024-12-30 12:00:00,1.2598,1.2607,1.25065,1.25125
2024-12-30 16:00:00,1.2513,1.2559,1.2508,1.2544
2024-12-30 20:00:00,1.2542,1.25575,1.25355,1.25485
2024-12-31 00:00:00,1.25485,1.25605,1.2538,1.25515
2024-12-31 04:00:00,1.25515,1.25665,1.2542,1.2562
2024-12-31 08:00:00,1.2562,1.25695,1.2532,1.254
2024-12-31 12:00:00,1.25395,1.25495,1.253,1.25315
2025-01-01 16:00:00,1.2517,1.2521,1.2517,1.252
2025-01-01 20:00:00,1.2516,1.2519,1.2508,1.2519
2025-01-02 00:00:00,1.2521,1.2537,1.251,1.2537
2025-01-02 04:00:00,1.2538,1.254,1.2521,1.2521
2025-01-02 08:00:00,1.2521,1.2524,1.2435,1.2454
2025-01-02 12:00:00,1.2454,1.2458,1.237,1.2375
2025-01-02 16:00:00,1.2376,1.238,1.2353,1.2369
2025-01-02 20:00:00,1.2369,1.2386,1.2369,1.238
2025-01-03 00:00:00,1.2379,1.2397,1.2378,1.2395
2025-01-03 04:00:00,1.2394,1.2407,1.2386,1.24
2025-01-03 08:00:00,1.2399,1.2416,1.2386,1.2407
2025-01-03 12:00:00,1.2407,1.2417,1.2388,1.2405
2025-01-03 16:00:00,1.2404,1.2434,1.2403,1.2428
2025-01-03 20:00:00,1.2428,1.2435,1.242,1.2423
2025-01-05 20:00:00,1.2422,1.2434,1.2414,1.2424
2025-01-06 00:00:00,1.2425,1.2443,1.2418,1.2436
2025-01-06 04:00:00,1.2435,1.2456,1.2432,1.2452
2025-01-06 08:00:00,1.2452,1.2548,1.2452,1.2544
2025-01-06 12:00:00,1.2545,1.2551,1.2469,1.2508
2025-01-06 16:00:00,1.2508,1.2535,1.2502,1.2513
2025-01-06 20:00:00,1.2512,1.2524,1.251,1.251
2025-01-07 00:00:00,1.251,1.2533,1.2504,1.2533
2025-01-07 04:00:00,1.2534,1.2563,1.2529,1.2552
2025-01-07 08:00:00,1.2552,1.2576,1.2532,1.254
2025-01-07 12:00:00,1.254,1.2548,1.248,1.2497
2025-01-07 16:00:00,1.2498,1.2507,1.2483,1.2491
2025-01-07 20:00:00,1.249,1.249,1.2473,1.2476
2025-01-08 00:00:00,1.2477,1.2489,1.2475,1.2479
2025-01-08 04:00:00,1.2479,1.2494,1.2464,1.2468
2025-01-08 08:00:00,1.2468,1.2471,1.2325,1.2373
2025-01-08 12:00:00,1.2374,1.2374,1.2321,1.2344
2025-01-08 16:00:00,1.2343,1.2378,1.2334,1.2357
2025-01-08 20:00:00,1.2357,1.2367,1.2351,1.2359
2025-01-09 00:00:00,1.2359,1.2365,1.2344,1.2345
2025-01-09 04:00:00,1.2344,1.2345,1.2252,1.2259
2025-01-09 08:00:00,1.226,1.2304,1.2239,1.2289
2025-01-09 12:00:00,1.229,1.2323,1.2271,1.2303
2025-01-09 16:00:00,1.2304,1.2314,1.2287,1.2309
2025-01-09 20:00:00,1.2309,1.2316,1.2298,1.2298
2025-01-10 00:00:00,1.23,1.2309,1.2294,1.2301
2025-01-10 04:00:00,1.23,1.2304,1.2267,1.2291
2025-01-10 08:00:00,1.2291,1.2309,1.2284,1.2303
2025-01-10 12:00:00,1.2304,1.2322,1.2193,1.223
2025-01-10 16:00:00,1.223,1.2231,1.2195,1.221
2025-01-10 20:00:00,1.2211,1.2215,1.2202,1.2208
2025-01-12 20:00:00,1.2208,1.221,1.22,1.2205
2025-01-13 00:00:00,1.2203,1.2208,1.2138,1.2143
2025-01-13 04:00:00,1.2144,1.2161,1.2123,1.2138
2025-01-13 08:00:00,1.2138,1.2172,1.2102,1.211
2025-01-13 12:00:00,1.2109,1.216,1.21,1.2151
2025-01-13 16:00:00,1.2152,1.2184,1.2142,1.2167
2025-01-13 20:00:00,1.2167,1.225,1.2166,1.2231
2025-01-14 00:00:00,1.2231,1.2232,1.2192,1.2209
2025-01-14 04:00:00,1.2208,1.2229,1.2197,1.2211
2025-01-14 08:00:00,1.2209,1.2247,1.2171,1.2177
2025-01-14 12:00:00,1.2176,1.2203,1.214,1.2201
2025-01-14 16:00:00,1.2199,1.2213,1.2169,1.2199
2025-01-14 20:00:00,1.22,1.2217,1.2195,1.2211
2025-01-15 00:00:00,1.2211,1.2211,1.2193,1.2203
2025-01-15 04:00:00,1.2203,1.2241,1.2161,1.2234
2025-01-15 08:00:00,1.2235,1.224,1.2201,1.2225
2025-01-15 12:00:00,1.2224,1.2306,1.2201,1.2258
2025-01-15 16:00:00,1.2258,1.226,1.2194,1.2231
2025-01-15 20:00:00,1.2231,1.2245,1.2229,1.2243
2025-01-16 00:00:00,1.2243,1.2248,1.222,1.2226
2025-01-16 04:00:00,1.2226,1.2232,1.2201,1.2219
2025-01-16 08:00:00,1.222,1.2224,1.219,1.221
2025-01-16 12:00:00,1.221,1.2239,1.2176,1.2235
2025-01-16 16:00:00,1.2234,1.226,1.2218,1.2236
2025-01-16 20:00:00,1.2235,1.2245,1.2228,1.2235
2025-01-17 00:00:00,1.2235,1.2245,1.2229,1.2234
2025-01-17 04:00:00,1.2233,1.2235,1.2161,1.2175
2025-01-17 08:00:00,1.2175,1.2217,1.2175,1.2197
2025-01-17 12:00:00,1.2196,1.2228,1.2161,1.2198
2025-01-17 16:00:00,1.2197,1.2199,1.2165,1.2168
2025-01-17 20:00:00,1.2168,1.2175,1.2165,1.2168
2025-01-19 20:00:00,1.2178,1.218,1.2161,1.2175
2025-01-20 00:00:00,1.2176,1.2205,1.2175,1.2205
2025-01-20 04:00:00,1.2205,1.2222,1.2201,1.2216
2025-01-20 08:00:00,1.2216,1.222,1.2166,1.2206
2025-01-20 12:00:00,1.2207,1.2327,1.2184,1.2293
2025-01-20 16:00:00,1.2292,1.2339,1.2256,1.2336
2025-01-20 20:00:00,1.2336,1.2344,1.2319,1.2332
2025-01-21 00:00:00,1.2332,1.2346,1.2249,1.2295
2025-01-21 04:00:00,1.2296,1.2309,1.2255,1.2268
2025-01-21 08:00:00,1.2267,1.227,1.223,1.2236
2025-01-21 12:00:00,1.2237,1.2313,1.2233,1.23
2025-01-21 16:00:00,1.23,1.234,1.2297,1.2327
2025-01-21 20:00:00,1.2327,1.2361,1.2323,1.2338
2025-01-22 00:00:00,1.2338,1.2354,1.2329,1.2332
2025-01-22 04:00:00,1.2332,1.2349,1.2312,1.2319
2025-01-22 08:00:00,1.2319,1.2377,1.2317,1.2357
2025-01-22 12:00:00,1.2356,1.2369,1.2313,1.2319
2025-01-22 16:00:00,1.2318,1.2332,1.2308,1.2326
2025-01-22 20:00:00,1.2325,1.233,1.2308,1.2314
2025-01-23 00:00:00,1.2314,1.2324,1.2302,1.2315
2025-01-23 04:00:00,1.2315,1.2321,1.2295,1.2305
2025-01-23 08:00:00,1.2304,1.2331,1.2294,1.2309
2025-01-23 12:00:00,1.2308,1.2336,1.23,1.2323
2025-01-23 16:00:00,1.2323,1.2376,1.23,1.2359
2025-01-23 20:00:00,1.2359,1.2365,1.2346,1.2354
2025-01-24 00:00:00,1.2354,1.2405,1.2349,1.2393
2025-01-24 04:00:00,1.2393,1.2418,1.2377,1.2387
2025-01-24 08:00:00,1.2386,1.2448,1.2384,1.2415
2025-01-24 12:00:00,1.2414,1.2485,1.2401,1.2483
2025-01-24 16:00:00,1.2483,1.2502,1.2479,1.2483
2025-01-24 20:00:00,1.2483,1.249,1.2478,1.2481
2025-01-26 20:00:00,1.2472,1.2475,1.2457,1.2458
2025-01-27 00:00:00,1.2458,1.2466,1.2443,1.2456
2025-01-27 04:00:00,1.2456,1.246,1.2429,1.2429
2025-01-27 08:00:00,1.243,1.2515,1.2426,1.2497
2025-01-27 12:00:00,1.2497,1.2523,1.247,1.2474
2025-01-27 16:00:00,1.2474,1.2491,1.2468,1.249
2025-01-27 20:00:00,1.249,1.25,1.2437,1.2451
2025-01-28 00:00:00,1.2452,1.2466,1.2439,1.2441
2025-01-28 04:00:00,1.2441,1.2453,1.2426,1.2437
2025-01-28 08:00:00,1.2438,1.2456,1.2426,1.2426
2025-01-28 12:00:00,1.2427,1.2447,1.2415,1.2432
2025-01-28 16:00:00,1.2432,1.2445,1.2422,1.2443
2025-01-28 20:00:00,1.2443,1.2445,1.2437,1.2441
2025-01-29 00:00:00,1.2441,1.2451,1.2435,1.2448
2025-01-29 04:00:00,1.2449,1.2464,1.2446,1.2449
2025-01-29 08:00:00,1.245,1.2458,1.2411,1.242
2025-01-29 12:00:00,1.242,1.2446,1.2393,1.2434
2025-01-29 16:00:00,1.2434,1.2458,1.2413,1.2445
2025-01-29 20:00:00,1.2443,1.2459,1.2433,1.2455
2025-01-30 00:00:00,1.2455,1.246,1.2445,1.2452
2025-01-30 04:00:00,1.2452,1.2455,1.2432,1.2452
2025-01-30 08:00:00,1.2454,1.2462,1.2425,1.2428
2025-01-30 12:00:00,1.243,1.2476,1.2424,1.2467
2025-01-30 16:00:00,1.2466,1.2472,1.2436,1.2459
2025-01-30 20:00:00,1.246,1.2464,1.2407,1.2423
2025-01-31 00:00:00,1.2422,1.2432,1.2408,1.2417
2025-01-31 04:00:00,1.2418,1.244,1.2415,1.2436
2025-01-31 08:00:00,1.2434,1.2439,1.2401,1.241
2025-01-31 12:00:00,1.2411,1.2432,1.2388,1.2426
2025-01-31 16:00:00,1.2425,1.2472,1.2386,1.2401
2025-01-31 20:00:00,1.24,1.2412,1.2387,1.2392
2025-02-02 20:00:00,1.2291,1.2325,1.2283,1.2291
2025-02-03 00:00:00,1.2289,1.2313,1.225,1.2263
2025-02-03 04:00:00,1.2262,1.23,1.2249,1.2284
2025-02-03 08:00:00,1.2283,1.2323,1.2273,1.2319
2025-02-03 12:00:00,1.2319,1.2434,1.2317,1.2412
2025-02-03 16:00:00,1.2412,1.2436,1.2382,1.2395
2025-02-03 20:00:00,1.2396,1.2455,1.2393,1.2434
2025-02-04 00:00:00,1.2434,1.2438,1.241,1.2415
2025-02-04 04:00:00,1.2414,1.2421,1.238,1.2415
2025-02-04 08:00:00,1.2415,1.2437,1.2403,1.2405
2025-02-04 12:00:00,1.2405,1.2486,1.2396,1.2477
2025-02-04 16:00:00,1.2476,1.2493,1.2471,1.2482
2025-02-04 20:00:00,1.2483,1.2491,1.2475,1.2475
2025-02-05 00:00:00,1.2477,1.249,1.2469,1.2475
2025-02-05 04:00:00,1.2474,1.2506,1.2464,1.2502
2025-02-05 08:00:00,1.25,1.255,1.249,1.2532
2025-02-05 12:00:00,1.2531,1.2545,1.2502,1.2517
2025-02-05 16:00:00,1.2518,1.2523,1.2503,1.2506
2025-02-05 20:00:00,1.2504,1.2508,1.2498,1.2502
2025-02-06 00:00:00,1.2501,1.251,1.249,1.2494
2025-02-06 04:00:00,1.2495,1.2497,1.2471,1.2473
2025-02-06 08:00:00,1.2475,1.2475,1.2407,1.2424
2025-02-06 12:00:00,1.2423,1.2429,1.2361,1.2414
2025-02-06 16:00:00,1.2414,1.2456,1.2414,1.2437
2025-02-06 20:00:00,1.2436,1.2441,1.2431,1.2435
2025-02-07 00:00:00,1.2434,1.2443,1.2422,1.2428
2025-02-07 04:00:00,1.2428,1.2446,1.242,1.2441
2025-02-07 08:00:00,1.2441,1.2468,1.2439,1.2454
2025-02-07 12:00:00,1.2453,1.2492,1.2394,1.2424
2025-02-07 16:00:00,1.2424,1.2426,1.2377,1.2414
2025-02-07 20:00:00,1.2413,1.2417,1.2399,1.2401
2025-02-09 20:00:00,1.2378,1.24,1.2374,1.2389
2025-02-10 00:00:00,1.239,1.2401,1.238,1.2396
2025-02-10 04:00:00,1.2397,1.2415,1.2395,1.2405
2025-02-10 08:00:00,1.2405,1.2422,1.2391,1.2403
2025-02-10 12:00:00,1.2403,1.2403,1.2372,1.2389
2025-02-10 16:00:00,1.2389,1.2394,1.2365,1.2367
2025-02-10 20:00:00,1.2367,1.2372,1.2355,1.2359
2025-02-11 00:00:00,1.236,1.2365,1.2346,1.2354
2025-02-11 04:00:00,1.2354,1.2367,1.2339,1.234
2025-02-11 08:00:00,1.234,1.2378,1.2332,1.2367
2025-02-11 12:00:00,1.2367,1.2417,1.2359,1.2405
2025-02-11 16:00:00,1.2405,1.2454,1.2405,1.2439
2025-02-11 20:00:00,1.2439,1.2452,1.2437,1.2452
2025-02-12 00:00:00,1.2452,1.2458,1.2438,1.2451
2025-02-12 04:00:00,1.245,1.2461,1.2441,1.2458
2025-02-12 08:00:00,1.2456,1.2465,1.2435,1.2456
2025-02-12 12:00:00,1.2456,1.2459,1.2378,1.2435
2025-02-12 16:00:00,1.2434,1.2483,1.2403,1.2447
2025-02-12 20:00:00,1.2446,1.2455,1.2435,1.2451
2025-02-13 00:00:00,1.245,1.248,1.2443,1.2477
2025-02-13 04:00:00,1.2477,1.2517,1.2476,1.251
2025-02-13 08:00:00,1.251,1.251,1.2471,1.2475
2025-02-13 12:00:00,1.2475,1.2525,1.2452,1.2523
2025-02-13 16:00:00,1.2523,1.2544,1.2478,1.2537
2025-02-13 20:00:00,1.2537,1.2571,1.2535,1.2565
2025-02-14 00:00:00,1.2565,1.2572,1.2555,1.2558
2025-02-14 04:00:00,1.2559,1.2576,1.255,1.2563
2025-02-14 08:00:00,1.2563,1.2596,1.2563,1.2582
2025-02-14 12:00:00,1.2582,1.263,1.2572,1.2618
2025-02-14 16:00:00,1.2617,1.2622,1.2593,1.2595
2025-02-14 20:00:00,1.2595,1.2595,1.2584,1.2588
2025-02-16 20:00:00,1.259,1.2592,1.2578,1.2584
2025-02-17 00:00:00,1.2584,1.2601,1.2579,1.2592
2025-02-17 04:00:00,1.2593,1.2599,1.2584,1.2596
2025-02-17 08:00:00,1.2595,1.2607,1.2584,1.2602
2025-02-17 12:00:00,1.2603,1.2608,1.2586,1.2607
2025-02-17 16:00:00,1.2605,1.2635,1.2603,1.2627
2025-02-17 20:00:00,1.2627,1.263,1.2616,1.262
2025-02-18 00:00:00,1.2621,1.2622,1.26,1.2603
2025-02-18 04:00:00,1.2603,1.2622,1.2593,1.2614
2025-02-18 08:00:00,1.2614,1.2623,1.2592,1.2601
2025-02-18 12:00:00,1.2601,1.262,1.2583,1.2616
2025-02-18 16:00:00,1.2615,1.2619,1.2593,1.2598
2025-02-18 20:00:00,1.2597,1.2641,1.2594,1.2624
2025-02-19 00:00:00,1.2624,1.2628,1.2607,1.2616
2025-02-19 04:00:00,1.2617,1.2636,1.2611,1.2618
2025-02-19 08:00:00,1.2619,1.263,1.2575,1.2584
2025-02-19 12:00:00,1.2584,1.2607,1.2578,1.259
2025-02-19 16:00:00,1.259,1.2591,1.2563,1.2584
2025-02-19 20:00:00,1.2584,1.259,1.2579,1.2584
2025-02-20 00:00:00,1.2583,1.2595,1.258,1.2592
2025-02-20 04:00:00,1.2593,1.2603,1.2589,1.2596
2025-02-20 08:00:00,1.2595,1.262,1.2595,1.2609
2025-02-20 12:00:00,1.2609,1.2643,1.2598,1.2641
2025-02-20 16:00:00,1.2641,1.267,1.2632,1.267
2025-02-20 20:00:00,1.267,1.2675,1.2663,1.267
2025-02-21 00:00:00,1.2669,1.2674,1.2654,1.267
2025-02-21 04:00:00,1.267,1.2679,1.2657,1.2669
2025-02-21 08:00:00,1.2668,1.2671,1.2642,1.2645
2025-02-21 12:00:00,1.2645,1.2668,1.263,1.2638
2025-02-21 16:00:00,1.2639,1.265,1.2625,1.2632
2025-02-21 20:00:00,1.263,1.2637,1.2627,1.2634
2025-02-23 20:00:00,1.2638,1.2659,1.2635,1.2649
2025-02-24 00:00:00,1.2649,1.2691,1.2644,1.2681
2025-02-24 04:00:00,1.2681,1.2683,1.2638,1.2645
2025-02-24 08:00:00,1.2645,1.2658,1.2626,1.2639
2025-02-24 12:00:00,1.2639,1.2651,1.2612,1.262
2025-02-24 16:00:00,1.262,1.2651,1.2618,1.2632
2025-02-24 20:00:00,1.2633,1.2637,1.2616,1.2618
2025-02-25 00:00:00,1.2617,1.2637,1.2617,1.2632
2025-02-25 04:00:00,1.2633,1.2639,1.2611,1.2613
2025-02-25 08:00:00,1.2613,1.2654,1.2606,1.2654
2025-02-25 12:00:00,1.2653,1.2678,1.2647,1.2655
2025-02-25 16:00:00,1.2654,1.2675,1.2641,1.2669
2025-02-25 20:00:00,1.267,1.2678,1.266,1.2672
2025-02-26 00:00:00,1.2672,1.2678,1.2649,1.2649
2025-02-26 04:00:00,1.2649,1.2657,1.2635,1.2648
2025-02-26 08:00:00,1.2647,1.2664,1.264,1.2649
2025-02-26 12:00:00,1.2649,1.2699,1.2641,1.2695
2025-02-26 16:00:00,1.2695,1.2716,1.2673,1.2685
2025-02-26 20:00:00,1.2684,1.2685,1.267,1.2681
2025-02-27 00:00:00,1.2681,1.2681,1.2656,1.2657
2025-02-27 04:00:00,1.2657,1.2672,1.265,1.2666
2025-02-27 08:00:00,1.2667,1.2689,1.2664,1.2673
2025-02-27 12:00:00,1.2674,1.2689,1.2622,1.2628
2025-02-27 16:00:00,1.2628,1.2635,1.2605,1.2609
2025-02-27 20:00:00,1.2608,1.2613,1.2597,1.2597
2025-02-28 00:00:00,1.2597,1.2611,1.2582,1.2585
2025-02-28 04:00:00,1.2585,1.2596,1.2573,1.2588
2025-02-28 08:00:00,1.2588,1.2607,1.2584,1.2595
2025-02-28 12:00:00,1.2596,1.2622,1.2583,1.2593
2025-02-28 16:00:00,1.2592,1.2605,1.2559,1.2572
2025-02-28 20:00:00,1.2571,1.2584,1.2569,1.2577
2025-03-02 20:00:00,1.2585,1.2609,1.2582,1.2603
2025-03-03 00:00:00,1.2602,1.2614,1.2594,1.2603
2025-03-03 04:00:00,1.2603,1.2608,1.2591,1.2601
2025-03-03 08:00:00,1.2601,1.2663,1.2582,1.2661
2025-03-03 12:00:00,1.266,1.2715,1.266,1.2699
2025-03-03 16:00:00,1.27,1.2724,1.2687,1.2691
2025-03-03 20:00:00,1.2691,1.271,1.268,1.2702
2025-03-04 00:00:00,1.2702,1.2708,1.2685,1.2687
2025-03-04 04:00:00,1.2688,1.2709,1.2679,1.2704
2025-03-04 08:00:00,1.2704,1.2742,1.2693,1.274
2025-03-04 12:00:00,1.2742,1.2754,1.27,1.2716
2025-03-04 16:00:00,1.2716,1.2789,1.2704,1.2788
2025-03-04 20:00:00,1.2788,1.28,1.2784,1.2796
2025-03-05 00:00:00,1.2795,1.2795,1.2768,1.2787
2025-03-05 04:00:00,1.2788,1.2821,1.2786,1.2821
2025-03-05 08:00:00,1.2821,1.2855,1.2816,1.2824
2025-03-05 12:00:00,1.2824,1.2873,1.2805,1.2868
2025-03-05 16:00:00,1.2867,1.2898,1.2856,1.2897
2025-03-05 20:00:00,1.2897,1.2901,1.2887,1.289
2025-03-06 00:00:00,1.2889,1.2909,1.2886,1.2886
2025-03-06 04:00:00,1.2887,1.2924,1.2883,1.2908
2025-03-06 08:00:00,1.2908,1.2915,1.2866,1.288
2025-03-06 12:00:00,1.288,1.2919,1.2876,1.2891
2025-03-06 16:00:00,1.2891,1.2912,1.2877,1.2894
2025-03-06 20:00:00,1.2894,1.2896,1.287,1.2883
2025-03-07 00:00:00,1.2883,1.2893,1.2876,1.2888
2025-03-07 04:00:00,1.2887,1.2912,1.288,1.2904
2025-03-07 08:00:00,1.2906,1.2945,1.2902,1.2919
2025-03-07 12:00:00,1.292,1.294,1.2901,1.2923
2025-03-07 16:00:00,1.2923,1.293,1.2895,1.2921
2025-03-07 20:00:00,1.292,1.2929,1.2919,1.2922
2025-03-09 20:00:00,1.2919,1.2939,1.2919,1.2932
2025-03-10 00:00:00,1.2933,1.2946,1.291,1.2911
2025-03-10 04:00:00,1.2912,1.2923,1.2889,1.2896
2025-03-10 08:00:00,1.2897,1.2934,1.2874,1.2923
2025-03-10 12:00:00,1.2922,1.2946,1.2899,1.2905
2025-03-10 16:00:00,1.2905,1.291,1.2862,1.2877
2025-03-10 20:00:00,1.2877,1.2885,1.2864,1.2875
2025-03-11 00:00:00,1.2876,1.2895,1.2874,1.289
2025-03-11 04:00:00,1.2891,1.2918,1.2873,1.2909
2025-03-11 08:00:00,1.291,1.2942,1.2906,1.2925
2025-03-11 12:00:00,1.2923,1.2957,1.2918,1.2946
2025-03-11 16:00:00,1.2946,1.2966,1.2934,1.2952
2025-03-11 20:00:00,1.2952,1.2956,1.2942,1.2944
2025-03-12 00:00:00,1.2944,1.2946,1.2922,1.2923
2025-03-12 04:00:00,1.2923,1.2933,1.2914,1.2929
2025-03-12 08:00:00,1.2927,1.2961,1.2924,1.2944
2025-03-12 12:00:00,1.2944,1.2989,1.2925,1.2969
2025-03-12 16:00:00,1.2968,1.2982,1.2963,1.2967
2025-03-12 20:00:00,1.2969,1.2971,1.2957,1.2965
2025-03-13 00:00:00,1.2964,1.2974,1.2958,1.2958
2025-03-13 04:00:00,1.2958,1.2963,1.2942,1.2952
2025-03-13 08:00:00,1.2954,1.2967,1.2929,1.2933
2025-03-13 12:00:00,1.2932,1.2967,1.2921,1.2944
2025-03-13 16:00:00,1.2944,1.2959,1.2937,1.2944
2025-03-13 20:00:00,1.2944,1.2958,1.2942,1.2957
2025-03-14 00:00:00,1.2956,1.2959,1.2936,1.2944
2025-03-14 04:00:00,1.2944,1.295,1.2918,1.2925
2025-03-14 08:00:00,1.2925,1.2954,1.292,1.2939
2025-03-14 12:00:00,1.294,1.2953,1.2911,1.2915
2025-03-14 16:00:00,1.2915,1.2937,1.2912,1.2936
2025-03-14 20:00:00,1.2935,1.2941,1.2931,1.2935
2025-03-16 20:00:00,1.2932,1.2936,1.2925,1.2927
2025-03-17 00:00:00,1.2927,1.2944,1.2927,1.2936
2025-03-17 04:00:00,1.2937,1.2945,1.2928,1.2936
2025-03-17 08:00:00,1.2935,1.2978,1.2931,1.2971
2025-03-17 12:00:00,1.2971,1.2995,1.2959,1.2985
2025-03-17 16:00:00,1.2984,1.2999,1.2982,1.2992
2025-03-17 20:00:00,1.2991,1.2999,1.2984,1.2984
2025-03-18 00:00:00,1.2984,1.2988,1.2971,1.2974
2025-03-18 04:00:00,1.2974,1.2989,1.2968,1.2987
2025-03-18 08:00:00,1.2986,1.3005,1.2965,1.2965
2025-03-18 12:00:00,1.2965,1.2992,1.2952,1.2984
2025-03-18 16:00:00,1.2984,1.301,1.2977,1.3006
2025-03-18 20:00:00,1.3005,1.3007,1.2998,1.3001
2025-03-19 00:00:00,1.3,1.3003,1.2989,1.2995
2025-03-19 04:00:00,1.2994,1.2994,1.2958,1.2971
2025-03-19 08:00:00,1.2971,1.2982,1.2957,1.2977
2025-03-19 12:00:00,1.2977,1.2982,1.2955,1.2967
2025-03-19 16:00:00,1.2967,1.3011,1.2956,1.2997
2025-03-19 20:00:00,1.2998,1.3011,1.2987,1.3011
2025-03-20 00:00:00,1.301,1.3015,1.2999,1.3007
2025-03-20 04:00:00,1.3007,1.3009,1.2963,1.2971
2025-03-20 08:00:00,1.2972,1.298,1.2936,1.2955
2025-03-20 12:00:00,1.2955,1.298,1.2936,1.2973
2025-03-20 16:00:00,1.2974,1.2974,1.2957,1.2967
2025-03-20 20:00:00,1.2966,1.2973,1.2962,1.2965
2025-03-21 00:00:00,1.2965,1.2971,1.2945,1.2946
2025-03-21 04:00:00,1.2946,1.2948,1.2925,1.2935
2025-03-21 08:00:00,1.2935,1.2948,1.2923,1.2946
2025-03-21 12:00:00,1.2946,1.2956,1.2894,1.2894
2025-03-21 16:00:00,1.2894,1.2929,1.2888,1.2919
2025-03-21 20:00:00,1.2918,1.2921,1.2912,1.2919
2025-03-23 20:00:00,1.2906,1.2927,1.2906,1.2925
2025-03-24 00:00:00,1.2925,1.2935,1.2913,1.2913
2025-03-24 04:00:00,1.2913,1.2952,1.2911,1.2948
2025-03-24 08:00:00,1.2948,1.2975,1.294,1.2944
2025-03-24 12:00:00,1.2944,1.295,1.2908,1.2912
2025-03-24 16:00:00,1.2912,1.293,1.2896,1.2921
2025-03-24 20:00:00,1.2921,1.2927,1.2917,1.2923
2025-03-25 00:00:00,1.2923,1.2925,1.2912,1.2925
2025-03-25 04:00:00,1.2925,1.2929,1.2903,1.2906
2025-03-25 08:00:00,1.2906,1.2958,1.2902,1.2942
2025-03-25 12:00:00,1.2943,1.2961,1.2933,1.2948
2025-03-25 16:00:00,1.2948,1.2967,1.294,1.2948
2025-03-25 20:00:00,1.2946,1.295,1.2941,1.2946
2025-03-26 00:00:00,1.2945,1.2946,1.2927,1.2935
2025-03-26 04:00:00,1.2937,1.2944,1.2903,1.2912
2025-03-26 08:00:00,1.2912,1.2914,1.2887,1.2897
2025-03-26 12:00:00,1.2897,1.291,1.2874,1.2886
2025-03-26 16:00:00,1.2887,1.2902,1.288,1.2889
2025-03-26 20:00:00,1.2887,1.2893,1.2871,1.2878
2025-03-27 00:00:00,1.2877,1.2917,1.2877,1.2911
2025-03-27 04:00:00,1.2912,1.2929,1.2903,1.2912
2025-03-27 08:00:00,1.291,1.2942,1.2902,1.2931
2025-03-27 12:00:00,1.2931,1.2992,1.2923,1.2963
2025-03-27 16:00:00,1.2963,1.2973,1.2946,1.2949
2025-03-27 20:00:00,1.295,1.2959,1.2944,1.2952
2025-03-28 00:00:00,1.295,1.2954,1.2941,1.2945
2025-03-28 04:00:00,1.2946,1.2969,1.2937,1.295
2025-03-28 08:00:00,1.295,1.296,1.2923,1.2929
2025-03-28 12:00:00,1.2929,1.2968,1.2924,1.2942
2025-03-28 16:00:00,1.2942,1.295,1.2929,1.2946
2025-03-28 20:00:00,1.2945,1.2948,1.2938,1.2939
2025-03-30 20:00:00,1.2931,1.2941,1.2923,1.2938
2025-03-31 00:00:00,1.2938,1.2972,1.2937,1.2958
2025-03-31 04:00:00,1.2958,1.2973,1.2949,1.2957
2025-03-31 08:00:00,1.2957,1.2962,1.2918,1.2952
2025-03-31 12:00:00,1.2952,1.2959,1.289,1.2891
2025-03-31 16:00:00,1.2892,1.2925,1.2887,1.2919
2025-03-31 20:00:00,1.2918,1.2922,1.2914,1.292
2025-04-01 00:00:00,1.2919,1.2936,1.2918,1.2934
2025-04-01 04:00:00,1.2934,1.2941,1.2902,1.2909
2025-04-01 08:00:00,1.2908,1.2939,1.289,1.2891
2025-04-01 12:00:00,1.2891,1.2929,1.288,1.2921
2025-04-01 16:00:00,1.292,1.2933,1.2908,1.2921
2025-04-01 20:00:00,1.2921,1.2933,1.2918,1.2922
2025-04-02 00:00:00,1.2921,1.2931,1.2906,1.2922
2025-04-02 04:00:00,1.2921,1.2922,1.2901,1.2913
2025-04-02 08:00:00,1.2912,1.295,1.291,1.2948
2025-04-02 12:00:00,1.2949,1.2979,1.2934,1.2974
2025-04-02 16:00:00,1.2973,1.2987,1.2963,1.2982
2025-04-02 20:00:00,1.2981,1.3053,1.2955,1.3045
2025-04-03 00:00:00,1.3045,1.3078,1.3026,1.3069
2025-04-03 04:00:00,1.307,1.314,1.3056,1.3137
2025-04-03 08:00:00,1.3138,1.3207,1.3132,1.3175
2025-04-03 12:00:00,1.3176,1.3196,1.3106,1.311
2025-04-03 16:00:00,1.3111,1.3122,1.308,1.3082
2025-04-03 20:00:00,1.3081,1.3108,1.308,1.3089
2025-04-04 00:00:00,1.3089,1.311,1.3081,1.3103
2025-04-04 04:00:00,1.3104,1.3114,1.3005,1.3007
2025-04-04 08:00:00,1.3008,1.3032,1.2963,1.3021
2025-04-04 12:00:00,1.3022,1.305,1.2908,1.2927
2025-04-04 16:00:00,1.2926,1.2929,1.2857,1.2873
2025-04-04 20:00:00,1.2874,1.2902,1.2854,1.2901
2025-04-06 21:00:00,1.2879,1.2933,1.2878,1.291
2025-04-07 01:00:00,1.291,1.2916,1.285,1.2903
2025-04-07 05:00:00,1.2902,1.2934,1.2866,1.2871
2025-04-07 09:00:00,1.2872,1.2877,1.2804,1.2837
2025-04-07 13:00:00,1.2838,1.2847,1.271,1.273
2025-04-07 17:00:00,1.2731,1.2779,1.2708,1.2725
2025-04-07 21:00:00,1.2723,1.2765,1.2721,1.2752
2025-04-08 01:00:00,1.2752,1.2792,1.2751,1.2786
2025-04-08 05:00:00,1.2786,1.2797,1.2746,1.2753
2025-04-08 09:00:00,1.2753,1.2796,1.2725,1.2776
2025-04-08 13:00:00,1.2776,1.2794,1.2744,1.2773
2025-04-08 17:00:00,1.2772,1.2814,1.2755,1.2765
2025-04-08 21:00:00,1.2765,1.2816,1.2762,1.2815
2025-04-09 01:00:00,1.2816,1.2857,1.2813,1.2855
2025-04-09 05:00:00,1.2855,1.2864,1.2787,1.2826
2025-04-09 09:00:00,1.2825,1.2838,1.2771,1.2803
2025-04-09 13:00:00,1.2805,1.2815,1.2752,1.2765
2025-04-09 17:00:00,1.2767,1.2838,1.2744,1.2821
2025-04-09 21:00:00,1.2824,1.2847,1.281,1.2845
2025-04-10 01:00:00,1.2845,1.2861,1.2822,1.2859
2025-04-10 05:00:00,1.2859,1.2881,1.2845,1.2869
2025-04-10 09:00:00,1.287,1.2957,1.2861,1.2925
2025-04-10 13:00:00,1.2925,1.2979,1.2893,1.2955
2025-04-10 17:00:00,1.2954,1.2996,1.2932,1.2969
2025-04-10 21:00:00,1.2973,1.3047,1.2967,1.3017
2025-04-11 01:00:00,1.3017,1.3047,1.2995,1.3022
2025-04-11 05:00:00,1.3022,1.3134,1.2985,1.3109
2025-04-11 09:00:00,1.3108,1.3145,1.3057,1.3123
2025-04-11 13:00:00,1.3123,1.3135,1.303,1.3051
2025-04-11 17:00:00,1.3052,1.3102,1.3044,1.3088
2025-04-11 21:00:00,1.30885,1.30885,1.30885,1.30885
2025-04-13 21:00:00,1.30837,1.31072,1.30755,1.30969
2025-04-14 01:00:00,1.30989,1.31287,1.30971,1.31038
2025-04-14 05:00:00,1.31105,1.31872,1.30984,1.31742
2025-04-14 09:00:00,1.31747,1.32008,1.3143,1.31465
2025-04-14 13:00:00,1.31435,1.31923,1.31242,1.31678
2025-04-14 17:00:00,1.31747,1.31996,1.31721,1.31898
2025-04-14 21:00:00,1.31914,1.3197,1.31659,1.31723
2025-04-15 01:00:00,1.3177,1.32181,1.31702,1.32132
2025-04-15 05:00:00,1.32137,1.32371,1.31872,1.32305
2025-04-15 09:00:00,1.32286,1.32494,1.32198,1.32216
2025-04-15 13:00:00,1.32237,1.32447,1.32074,1.32134
2025-04-15 17:00:00,1.32113,1.32345,1.32079,1.32326
2025-04-15 21:00:00,1.32273,1.32542,1.3224,1.32477
2025-04-16 01:00:00,1.32473,1.32665,1.3245,1.32644
2025-04-16 05:00:00,1.32628,1.32904,1.32598,1.32904
2025-04-16 09:00:00,1.32892,1.3292,1.32536,1.32605
2025-04-16 13:00:00,1.32626,1.32716,1.3227,1.32345
2025-04-16 17:00:00,1.32336,1.32484,1.32153,1.3241
2025-04-16 21:00:00,1.32405,1.32533,1.32123,1.32123
2025-04-17 01:00:00,1.32109,1.32298,1.32055,1.32102
2025-04-17 05:00:00,1.32102,1.32473,1.32046,1.32396
2025-04-17 09:00:00,1.32431,1.32482,1.32223,1.32482
2025-04-17 13:00:00,1.32522,1.32725,1.32326,1.32587
2025-04-17 17:00:00,1.32589,1.32732,1.32475,1.32674
2025-04-17 21:00:00,1.32575,1.32837,1.32528,1.32811
2025-04-18 01:00:00,1.32823,1.3285,1.32647,1.32684
2025-04-18 05:00:00,1.32698,1.32813,1.32614,1.32726
2025-04-18 09:00:00,1.32732,1.32814,1.32684,1.32781
2025-04-18 13:00:00,1.3277,1.32862,1.32719,1.32848
2025-04-18 17:00:00,1.32848,1.32989,1.32807,1.32935
2025-04-18 21:00:00,1.32968,1.33048,1.32968,1.33048
2025-04-20 21:00:00,1.33046,1.33554,1.33034,1.33461
2025-04-21 01:00:00,1.33481,1.33863,1.33449,1.33835
2025-04-21 05:00:00,1.33847,1.34158,1.33733,1.34153
2025-04-21 09:00:00,1.34151,1.34217,1.33815,1.3403
2025-04-21 13:00:00,1.34039,1.34084,1.33763,1.33794
2025-04-21 17:00:00,1.33772,1.33849,1.33654,1.33813
2025-04-21 21:00:00,1.33727,1.33853,1.33627,1.33708
2025-04-22 01:00:00,1.3372,1.34102,1.3372,1.34034
2025-04-22 05:00:00,1.34039,1.34235,1.33701,1.33878
2025-04-22 09:00:00,1.33869,1.33906,1.33565,1.33736
2025-04-22 13:00:00,1.3372,1.33899,1.33458,1.33458
2025-04-22 17:00:00,1.33449,1.33531,1.33276,1.33316
2025-04-22 21:00:00,1.3333,1.3338,1.32356,1.33048
2025-04-23 01:00:00,1.33097,1.33172,1.3288,1.33055
2025-04-23 05:00:00,1.33051,1.33282,1.32894,1.33209
2025-04-23 09:00:00,1.332,1.33396,1.3292,1.33049
2025-04-23 13:00:00,1.33062,1.33182,1.32515,1.32593
2025-04-23 17:00:00,1.32621,1.32774,1.32507,1.32545
2025-04-23 21:00:00,1.32661,1.32792,1.32478,1.32784
2025-04-24 01:00:00,1.32806,1.32864,1.32659,1.32703
2025-04-24 05:00:00,1.32714,1.33099,1.32656,1.3303
2025-04-24 09:00:00,1.33019,1.33213,1.32988,1.33023
2025-04-24 13:00:00,1.33032,1.33308,1.32926,1.33289
2025-04-24 17:00:00,1.33303,1.33492,1.33158,1.33397
2025-04-24 21:00:00,1.33422,1.33442,1.33076,1.33076
2025-04-25 01:00:00,1.33055,1.33154,1.32816,1.32882
2025-04-25 05:00:00,1.32878,1.33142,1.32755,1.33023
2025-04-25 09:00:00,1.33048,1.33248,1.32904,1.33229
2025-04-25 13:00:00,1.33237,1.33319,1.33007,1.33197
2025-04-25 17:00:00,1.33209,1.33328,1.33083,1.33122
2025-04-25 21:00:00,1.33143,1.33159,1.33143,1.3315
2025-04-27 21:00:00,1.33007,1.33049,1.32901,1.32989
2025-04-28 01:00:00,1.33021,1.33158,1.32811,1.33158
2025-04-28 05:00:00,1.33165,1.33337,1.3291,1.33296
2025-04-28 09:00:00,1.3331,1.33547,1.3331,1.33431
2025-04-28 13:00:00,1.33438,1.34169,1.33421,1.34131
2025-04-28 17:00:00,1.34126,1.34441,1.34122,1.34441
2025-04-28 21:00:00,1.34385,1.34439,1.34262,1.34268
2025-04-29 01:00:00,1.34264,1.34423,1.33951,1.33958
2025-04-29 05:00:00,1.33982,1.34255,1.33982,1.34109
2025-04-29 09:00:00,1.34106,1.34133,1.33813,1.34106
2025-04-29 13:00:00,1.34093,1.34192,1.33894,1.34055
2025-04-29 17:00:00,1.34077,1.34109,1.33941,1.34082
2025-04-29 21:00:00,1.34048,1.3414,1.33984,1.34028
2025-04-30 01:00:00,1.34028,1.34104,1.3382,1.33899
2025-04-30 05:00:00,1.33892,1.34052,1.33631,1.33676
2025-04-30 09:00:00,1.33684,1.33722,1.33463,1.33527
2025-04-30 13:00:00,1.33515,1.33574,1.33088,1.33453
2025-04-30 17:00:00,1.33465,1.33574,1.332,1.33287
2025-04-30 21:00:00,1.33221,1.33319,1.33179,1.33184
2025-05-01 01:00:00,1.33177,1.33179,1.32933,1.32933
2025-05-01 05:00:00,1.32929,1.33317,1.3276,1.3325
2025-05-01 09:00:00,1.33257,1.33438,1.33117,1.33149
2025-05-01 13:00:00,1.33133,1.33253,1.32637,1.32813
2025-05-01 17:00:00,1.32792,1.32864,1.32605,1.32777
2025-05-01 21:00:00,1.32783,1.32894,1.32698,1.32795
2025-05-02 01:00:00,1.32788,1.33113,1.3276,1.3308
2025-05-02 05:00:00,1.33051,1.33202,1.32844,1.32919
2025-05-02 09:00:00,1.32912,1.33143,1.32725,1.32885
2025-05-02 13:00:00,1.32913,1.33292,1.32772,1.32837
2025-05-02 17:00:00,1.32811,1.32931,1.32638,1.32651
2025-05-02 21:00:00,1.3267,1.3267,1.32593,1.32647
2025-05-04 21:00:00,1.32656,1.32762,1.32622,1.32719
2025-05-05 01:00:00,1.32728,1.33007,1.32728,1.32958
2025-05-05 05:00:00,1.32952,1.33069,1.32763,1.32793
2025-05-05 09:00:00,1.32844,1.33355,1.32832,1.33317
2025-05-05 13:00:00,1.33328,1.3336,1.32712,1.3274
2025-05-05 17:00:00,1.32733,1.32989,1.32732,1.32959
2025-05-05 21:00:00,1.3292,1.33012,1.32679,1.32693
2025-05-06 01:00:00,1.32684,1.33053,1.32621,1.33034
2025-05-06 05:00:00,1.33032,1.33333,1.32866,1.33161
2025-05-06 09:00:00,1.33145,1.34025,1.33087,1.33985
2025-05-06 13:00:00,1.33942,1.33969,1.33524,1.33593
2025-05-06 17:00:00,1.33601,1.33869,1.33574,1.33686
2025-05-06 21:00:00,1.33747,1.33871,1.33349,1.33515
2025-05-07 01:00:00,1.33538,1.33609,1.33367,1.33435
2025-05-07 05:00:00,1.33429,1.33672,1.33385,1.33385
2025-05-07 09:00:00,1.3339,1.33677,1.33234,1.33661
2025-05-07 13:00:00,1.33667,1.33767,1.33337,1.33513
2025-05-07 17:00:00,1.33495,1.33517,1.32823,1.32927
2025-05-07 21:00:00,1.32995,1.33051,1.32866,1.32986
2025-05-08 01:00:00,1.32959,1.33567,1.32959,1.33333
2025-05-08 05:00:00,1.33328,1.33328,1.32644,1.32656
2025-05-08 09:00:00,1.3267,1.33417,1.32586,1.33237
2025-05-08 13:00:00,1.33284,1.33447,1.32631,1.32659
2025-05-08 17:00:00,1.32628,1.32688,1.3237,1.32473
2025-05-08 21:00:00,1.326,1.326,1.32212,1.32403
2025-05-09 01:00:00,1.32401,1.32419,1.32128,1.3238
2025-05-09 05:00:00,1.32378,1.32709,1.32245,1.32709
2025-05-09 09:00:00,1.32696,1.32869,1.32628,1.32846
2025-05-09 13:00:00,1.32852,1.33227,1.3285,1.33058
2025-05-09 17:00:00,1.33065,1.33177,1.32975,1.33053
2025-05-09 21:00:00,1.33039,1.33039,1.32866,1.32866
2025-05-11 21:00:00,1.32874,1.32952,1.32762,1.32896
2025-05-12 01:00:00,1.32929,1.32936,1.3277,1.32866
2025-05-12 05:00:00,1.3286,1.32993,1.31631,1.3195
2025-05-12 09:00:00,1.3194,1.32045,1.31427,1.31963
2025-05-12 13:00:00,1.31952,1.32153,1.3178,1.3178
2025-05-12 17:00:00,1.31784,1.31846,1.31634,1.31751
2025-05-12 21:00:00,1.31782,1.31858,1.3169,1.31797
2025-05-13 01:00:00,1.31775,1.32001,1.31759,1.32001
2025-05-13 05:00:00,1.32004,1.32165,1.31909,1.32118
2025-05-13 09:00:00,1.32121,1.32435,1.32045,1.32417
2025-05-13 13:00:00,1.32406,1.32949,1.3223,1.32935
2025-05-13 17:00:00,1.32947,1.33142,1.32889,1.33046
2025-05-13 21:00:00,1.33039,1.33152,1.32998,1.33143
2025-05-14 01:00:00,1.3314,1.33197,1.32996,1.33041
2025-05-14 05:00:00,1.33039,1.33574,1.3292,1.33476
2025-05-14 09:00:00,1.33469,1.33592,1.33175,1.33259
2025-05-14 13:00:00,1.33213,1.33282,1.32718,1.32848
2025-05-14 17:00:00,1.32836,1.32883,1.32549,1.32614
2025-05-14 21:00:00,1.32679,1.32776,1.32594,1.32744
2025-05-15 01:00:00,1.3276,1.3286,1.32739,1.32749
2025-05-15 05:00:00,1.32733,1.33048,1.32638,1.32908
2025-05-15 09:00:00,1.32874,1.33074,1.32684,1.33074
2025-05-15 13:00:00,1.33108,1.33191,1.32656,1.32892
2025-05-15 17:00:00,1.32904,1.33094,1.3288,1.33034
2025-05-15 21:00:00,1.32988,1.33172,1.32947,1.33143
2025-05-16 01:00:00,1.33136,1.33193,1.3308,1.33193
2025-05-16 05:00:00,1.3317,1.33321,1.33032,1.33055
2025-05-16 09:00:00,1.33032,1.33088,1.32749,1.32825
2025-05-16 13:00:00,1.3282,1.32995,1.32514,1.32679
2025-05-16 17:00:00,1.32714,1.32857,1.32682,1.32806
2025-05-16 21:00:00,1.32843,1.32843,1.32843,1.32843
2025-05-18 21:00:00,1.32996,1.33136,1.32963,1.3312
2025-05-19 01:00:00,1.33127,1.33127,1.32938,1.32991
2025-05-19 05:00:00,1.33007,1.33718,1.32943,1.33679
2025-05-19 09:00:00,1.33634,1.34041,1.33634,1.33717
2025-05-19 13:00:00,1.33708,1.33756,1.3347,1.33549
2025-05-19 17:00:00,1.3357,1.33649,1.33458,1.33617
2025-05-19 21:00:00,1.33627,1.3364,1.33445,1.33561
2025-05-20 01:00:00,1.33604,1.33738,1.33501,1.33636
2025-05-20 05:00:00,1.33668,1.33951,1.33668,1.33745
2025-05-20 09:00:00,1.33736,1.3384,1.3338,1.3341
2025-05-20 13:00:00,1.33372,1.33735,1.33365,1.33713
2025-05-20 17:00:00,1.33729,1.33942,1.33706,1.33932
2025-05-20 21:00:00,1.33878,1.34111,1.3384,1.3409
2025-05-21 01:00:00,1.34111,1.34358,1.34002,1.34308
2025-05-21 05:00:00,1.34315,1.34658,1.33937,1.33993
2025-05-21 09:00:00,1.34002,1.34378,1.33906,1.34225
2025-05-21 13:00:00,1.34284,1.34506,1.34172,1.34472
2025-05-21 17:00:00,1.34472,1.3453,1.34138,1.34203
2025-05-21 21:00:00,1.34311,1.34389,1.3405,1.34248
2025-05-22 01:00:00,1.34257,1.34401,1.3419,1.34293
2025-05-22 05:00:00,1.34295,1.34394,1.34037,1.34037
2025-05-22 09:00:00,1.3403,1.34262,1.33923,1.3412
2025-05-22 13:00:00,1.34196,1.34358,1.34088,1.34185
2025-05-22 17:00:00,1.34169,1.34297,1.34052,1.34192
2025-05-22 21:00:00,1.34259,1.34349,1.34144,1.34322
2025-05-23 01:00:00,1.34318,1.34548,1.343,1.34517
2025-05-23 05:00:00,1.34519,1.34905,1.34436,1.34891
2025-05-23 09:00:00,1.34878,1.35323,1.34776,1.35192
2025-05-23 13:00:00,1.35205,1.35221,1.34818,1.35212
2025-05-23 17:00:00,1.35214,1.35388,1.35214,1.35377
2025-05-23 21:00:00,1.35377,1.35377,1.35347,1.35373
2025-05-25 21:00:00,1.35353,1.35612,1.35338,1.35604
2025-05-26 01:00:00,1.35606,1.35923,1.35545,1.35829
2025-05-26 05:00:00,1.35842,1.35929,1.35591,1.35652
2025-05-26 09:00:00,1.35645,1.3568,1.35523,1.35567
2025-05-26 13:00:00,1.35555,1.35678,1.35542,1.3565
2025-05-26 17:00:00,1.35654,1.35658,1.35584,1.3565
2025-05-26 21:00:00,1.35641,1.35838,1.35604,1.35829
2025-05-27 01:00:00,1.35829,1.35873,1.35558,1.35567
2025-05-27 05:00:00,1.35564,1.35735,1.35236,1.3538
2025-05-27 09:00:00,1.35382,1.3563,1.35345,1.35613
2025-05-27 13:00:00,1.35617,1.35652,1.35017,1.35073
2025-05-27 17:00:00,1.35084,1.35153,1.35033,1.35086
2025-05-27 21:00:00,1.35093,1.35221,1.35055,1.35157
2025-05-28 01:00:00,1.35153,1.3517,1.34718,1.34731
2025-05-28 05:00:00,1.3472,1.35104,1.34646,1.35097
2025-05-28 09:00:00,1.35117,1.3519,1.34673,1.34693
2025-05-28 13:00:00,1.34693,1.34887,1.34512,1.34747
2025-05-28 17:00:00,1.34749,1.34793,1.34629,1.34715
2025-05-28 21:00:00,1.34666,1.34715,1.3419,1.34289
2025-05-29 01:00:00,1.34266,1.34465,1.34205,1.344
2025-05-29 05:00:00,1.34407,1.34747,1.34277,1.34622
2025-05-29 09:00:00,1.3462,1.35046,1.34588,1.35029
2025-05-29 13:00:00,1.35058,1.35066,1.3478,1.34944
2025-05-29 17:00:00,1.34938,1.35044,1.34878,1.3492
2025-05-29 21:00:00,1.34884,1.35099,1.34884,1.34967
2025-05-30 01:00:00,1.34993,1.35111,1.34691,1.3472
2025-05-30 05:00:00,1.34702,1.3484,1.34566,1.34671
2025-05-30 09:00:00,1.34669,1.34978,1.34647,1.34931
2025-05-30 13:00:00,1.34947,1.34947,1.34512,1.34602
2025-05-30 17:00:00,1.3462,1.34771,1.34542,1.34542
2025-05-30 21:00:00,1.34548,1.34548,1.34548,1.34548
2025-06-01 21:00:00,1.34642,1.34911,1.34637,1.34885
2025-06-02 01:00:00,1.34893,1.35046,1.34751,1.349
2025-06-02 05:00:00,1.34904,1.35567,1.34904,1.35426
2025-06-02 09:00:00,1.35441,1.35549,1.35287,1.35422
2025-06-02 13:00:00,1.35441,1.35595,1.35195,1.35228
2025-06-02 17:00:00,1.35217,1.35501,1.35179,1.35463
2025-06-02 21:00:00,1.35419,1.3559,1.35399,1.35485
2025-06-03 01:00:00,1.35479,1.35479,1.35157,1.35234
2025-06-03 05:00:00,1.35248,1.35369,1.35062,1.3517
2025-06-03 09:00:00,1.35135,1.35261,1.34944,1.35035
2025-06-03 13:00:00,1.35042,1.35331,1.34991,1.35188
2025-06-03 17:00:00,1.35188,1.35294,1.35148,1.35186
2025-06-03 21:00:00,1.35183,1.35336,1.35146,1.35259
2025-06-04 01:00:00,1.35259,1.35439,1.35115,1.35124
2025-06-04 05:00:00,1.35131,1.35461,1.35024,1.35428
2025-06-04 09:00:00,1.35397,1.3543,1.35141,1.35417
2025-06-04 13:00:00,1.35441,1.35796,1.3534,1.35718
2025-06-04 17:00:00,1.35717,1.3574,1.35463,1.35544
2025-06-04 21:00:00,1.35544,1.35593,1.35481,1.3558
2025-06-05 01:00:00,1.3561,1.35654,1.35413,1.35468
2025-06-05 05:00:00,1.35477,1.35726,1.35439,1.35669
2025-06-05 09:00:00,1.35685,1.35943,1.35615,1.35772
2025-06-05 13:00:00,1.35772,1.36156,1.3572,1.35868
2025-06-05 17:00:00,1.3587,1.35892,1.35678,1.35717
2025-06-05 21:00:00,1.35849,1.35853,1.35691,1.35796
2025-06-06 01:00:00,1.35788,1.35838,1.35658,1.35757
2025-06-06 05:00:00,1.35748,1.35748,1.35358,1.35391
2025-06-06 09:00:00,1.35389,1.35623,1.35237,1.35378
2025-06-06 13:00:00,1.35373,1.35479,1.35084,1.35197
2025-06-06 17:00:00,1.35195,1.35344,1.3517,1.35274
2025-06-06 21:00:00,1.35285,1.35285,1.35253,1.35253
2025-06-08 21:00:00,1.35373,1.354,1.35292,1.35316
2025-06-09 01:00:00,1.35338,1.35643,1.35338,1.35547
2025-06-09 05:00:00,1.35553,1.35774,1.35494,1.35737
2025-06-09 09:00:00,1.35742,1.35799,1.35344,1.35388
2025-06-09 13:00:00,1.35375,1.35636,1.35259,1.35586
2025-06-09 17:00:00,1.35591,1.35659,1.35494,1.35518
2025-06-09 21:00:00,1.3554,1.35647,1.35492,1.35549
2025-06-10 01:00:00,1.35551,1.35608,1.35206,1.35389
2025-06-10 05:00:00,1.35384,1.35448,1.3458,1.34885
2025-06-10 09:00:00,1.34847,1.35124,1.34804,1.35084
2025-06-10 13:00:00,1.3508,1.35371,1.34996,1.34996
2025-06-10 17:00:00,1.34991,1.35088,1.34905,1.35
2025-06-10 21:00:00,1.34996,1.35102,1.34918,1.3492
2025-06-11 01:00:00,1.34918,1.3496,1.34755,1.34833
2025-06-11 05:00:00,1.34842,1.34962,1.34649,1.34949
2025-06-11 09:00:00,1.34951,1.35498,1.34865,1.35208
2025-06-11 13:00:00,1.3521,1.35575,1.35026,1.35505
2025-06-11 17:00:00,1.35485,1.35658,1.35366,1.35474
2025-06-11 21:00:00,1.35593,1.35895,1.35459,1.3586
2025-06-12 01:00:00,1.35825,1.35932,1.35687,1.35834
2025-06-12 05:00:00,1.35807,1.35901,1.35247,1.35663
2025-06-12 09:00:00,1.35672,1.36192,1.35617,1.36127
2025-06-12 13:00:00,1.36147,1.36216,1.35827,1.35905
2025-06-12 17:00:00,1.3591,1.36177,1.35851,1.36136
2025-06-12 21:00:00,1.36236,1.36312,1.35601,1.357
2025-06-13 01:00:00,1.3567,1.35713,1.35305,1.35364
2025-06-13 05:00:00,1.35338,1.35705,1.35239,1.35601
2025-06-13 09:00:00,1.35613,1.35632,1.35245,1.3534
2025-06-13 13:00:00,1.35355,1.36025,1.35201,1.35949
2025-06-13 17:00:00,1.35912,1.35916,1.35584,1.3563
2025-06-13 21:00:00,1.35685,1.35726,1.35685,1.35726
2025-06-15 21:00:00,1.35579,1.35588,1.35424,1.35511
2025-06-16 01:00:00,1.35492,1.35584,1.35356,1.35477
2025-06-16 05:00:00,1.35485,1.35923,1.35485,1.35774
2025-06-16 09:00:00,1.35803,1.35906,1.3575,1.35846
2025-06-16 13:00:00,1.35871,1.3621,1.35849,1.36078
2025-06-16 17:00:00,1.36097,1.36112,1.35733,1.35785
2025-06-16 21:00:00,1.35853,1.35929,1.35588,1.35674
2025-06-17 01:00:00,1.35685,1.35794,1.35599,1.35731
2025-06-17 05:00:00,1.35748,1.35796,1.35496,1.35496
2025-06-17 09:00:00,1.35512,1.35731,1.35422,1.35488
2025-06-17 13:00:00,1.35481,1.35652,1.3468,1.3468
2025-06-17 17:00:00,1.34731,1.34738,1.34156,1.34288
2025-06-17 21:00:00,1.34347,1.34389,1.34225,1.34318
2025-06-18 01:00:00,1.34324,1.34477,1.34282,1.34436
2025-06-18 05:00:00,1.3443,1.3476,1.34389,1.34535
2025-06-18 09:00:00,1.34539,1.3468,1.34392,1.34495
2025-06-18 13:00:00,1.34472,1.34751,1.34369,1.34571
2025-06-18 17:00:00,1.34577,1.34722,1.34021,1.34214
2025-06-18 21:00:00,1.34463,1.34463,1.3409,1.3416
2025-06-19 01:00:00,1.34156,1.34156,1.3388,1.34108
2025-06-19 05:00:00,1.34099,1.3428,1.33838,1.3428
2025-06-19 09:00:00,1.34279,1.34485,1.34093,1.34412
2025-06-19 13:00:00,1.34412,1.34445,1.34203,1.34257
2025-06-19 17:00:00,1.34248,1.34706,1.34248,1.34677
2025-06-19 21:00:00,1.34599,1.34905,1.34577,1.34885
2025-06-20 01:00:00,1.3488,1.34998,1.34778,1.3496
2025-06-20 05:00:00,1.34964,1.35006,1.34637,1.34915
2025-06-20 09:00:00,1.34915,1.351,1.34876,1.35007
2025-06-20 13:00:00,1.35033,1.3506,1.34551,1.3472
2025-06-20 17:00:00,1.34706,1.3476,1.34421,1.34488
2025-06-20 21:00:00,1.34481,1.34545,1.3428,1.3428
2025-06-22 21:00:00,1.34282,1.3441,1.34126,1.34207
2025-06-23 01:00:00,1.34235,1.34376,1.3405,1.341
2025-06-23 05:00:00,1.34117,1.34485,1.34117,1.34156
2025-06-23 09:00:00,1.34158,1.34158,1.3372,1.33917
2025-06-23 13:00:00,1.33923,1.35038,1.33881,1.34929
2025-06-23 17:00:00,1.3492,1.35302,1.3492,1.35245
2025-06-23 21:00:00,1.3513,1.35547,1.3513,1.35494
2025-06-24 01:00:00,1.35461,1.35728,1.35367,1.35658
2025-06-24 05:00:00,1.35632,1.36036,1.35608,1.36008
2025-06-24 09:00:00,1.36012,1.3626,1.35977,1.36016
2025-06-24 13:00:00,1.36054,1.36478,1.35932,1.36262
2025-06-24 17:00:00,1.36249,1.3639,1.36136,1.36156
2025-06-24 21:00:00,1.36097,1.36281,1.36075,1.3618
2025-06-25 01:00:00,1.36177,1.36288,1.36116,1.36156
2025-06-25 05:00:00,1.3616,1.36338,1.36077,1.36218
2025-06-25 09:00:00,1.36208,1.36208,1.35921,1.35971
2025-06-25 13:00:00,1.35969,1.36433,1.35951,1.36414
2025-06-25 17:00:00,1.36411,1.36711,1.36374,1.36647
2025-06-25 21:00:00,1.36696,1.36954,1.36577,1.369
2025-06-26 01:00:00,1.36902,1.37217,1.36786,1.37001
2025-06-26 05:00:00,1.36999,1.3765,1.36977,1.3751
2025-06-26 09:00:00,1.37487,1.37533,1.37005,1.37186
2025-06-26 13:00:00,1.37231,1.37703,1.37101,1.37557
2025-06-26 17:00:00,1.37555,1.37627,1.37236,1.37278
2025-06-26 21:00:00,1.37287,1.37415,1.37178,1.37312
2025-06-27 01:00:00,1.37297,1.37497,1.3724,1.3724
2025-06-27 05:00:00,1.37276,1.37504,1.37216,1.37436
2025-06-27 09:00:00,1.37451,1.3751,1.37223,1.37419
2025-06-27 13:00:00,1.37429,1.37432,1.37045,1.3708
2025-06-27 17:00:00,1.37067,1.37236,1.36851,1.37236
2025-06-27 21:00:00,1.37229,1.37229,1.37115,1.37115
2025-06-29 21:00:00,1.3724,1.37287,1.37088,1.37131
2025-06-30 01:00:00,1.37131,1.37304,1.37122,1.37304
2025-06-30 05:00:00,1.37304,1.37406,1.36945,1.37007
2025-06-30 09:00:00,1.36996,1.37118,1.36855,1.36938
2025-06-30 13:00:00,1.36951,1.37234,1.3676,1.37142
2025-06-30 17:00:00,1.37152,1.37366,1.37069,1.37344
2025-06-30 21:00:00,1.37306,1.37421,1.37217,1.37421
2025-07-01 01:00:00,1.37415,1.37499,1.37259,1.37402
2025-07-01 05:00:00,1.3741,1.3783,1.37355,1.37764
2025-07-01 09:00:00,1.37724,1.37887,1.37415,1.37419
2025-07-01 13:00:00,1.374,1.37417,1.3705,1.37238
2025-07-01 17:00:00,1.37266,1.37512,1.37225,1.37476
2025-07-01 21:00:00,1.37459,1.37521,1.37417,1.37489
2025-07-02 01:00:00,1.37476,1.37529,1.37336,1.37448
2025-07-02 05:00:00,1.37444,1.37457,1.36953,1.36984
2025-07-02 09:00:00,1.37009,1.37137,1.35901,1.3608
2025-07-02 13:00:00,1.36045,1.36325,1.35656,1.36305
2025-07-02 17:00:00,1.36323,1.36435,1.36277,1.36351
2025-07-02 21:00:00,1.3637,1.36677,1.36338,1.3647
2025-07-03 01:00:00,1.36472,1.36536,1.36251,1.36288
2025-07-03 05:00:00,1.36299,1.36754,1.36268,1.36668
2025-07-03 09:00:00,1.36647,1.36683,1.35888,1.36167
2025-07-03 13:00:00,1.36186,1.36717,1.3616,1.36521
2025-07-03 17:00:00,1.36506,1.36552,1.364,1.36552
2025-07-03 21:00:00,1.36586,1.36681,1.36476,1.36631
2025-07-04 01:00:00,1.36636,1.36748,1.36467,1.36732
2025-07-04 05:00:00,1.36758,1.36818,1.36578,1.36642
2025-07-04 09:00:00,1.36647,1.36647,1.3634,1.36359
2025-07-04 13:00:00,1.36375,1.36539,1.36375,1.36465
2025-07-04 17:00:00,1.36487,1.36586,1.36442,1.36442
2025-07-04 21:00:00,1.36478,1.36485,1.36478,1.36485
2025-07-06 21:00:00,1.36537,1.36582,1.36463,1.36485
2025-07-07 01:00:00,1.36463,1.36472,1.36167,1.36179
2025-07-07 05:00:00,1.36179,1.36268,1.35798,1.35798
2025-07-07 09:00:00,1.35809,1.36218,1.35761,1.36175
2025-07-07 13:00:00,1.36179,1.36476,1.35953,1.35964
2025-07-07 17:00:00,1.35964,1.36166,1.35908,1.36019
2025-07-07 21:00:00,1.36049,1.36374,1.36001,1.3629
2025-07-08 01:00:00,1.36305,1.36413,1.36197,1.36323
2025-07-08 05:00:00,1.36314,1.36463,1.36119,1.3613
2025-07-08 09:00:00,1.36132,1.36143,1.35641,1.35788
2025-07-08 13:00:00,1.35787,1.35822,1.3527,1.35787
2025-07-08 17:00:00,1.35798,1.35977,1.35781,1.35927
2025-07-08 21:00:00,1.35894,1.35953,1.35755,1.35871
2025-07-09 01:00:00,1.35868,1.35932,1.35658,1.35862
2025-07-09 05:00:00,1.35862,1.36066,1.35801,1.36003
2025-07-09 09:00:00,1.36023,1.36121,1.35761,1.3609
2025-07-09 13:00:00,1.36086,1.36182,1.35801,1.3584
2025-07-09 17:00:00,1.35842,1.36016,1.35814,1.3586
2025-07-09 21:00:00,1.35842,1.36136,1.35842,1.3611
2025-07-10 01:00:00,1.36088,1.36123,1.36008,1.36056
2025-07-10 05:00:00,1.36056,1.36195,1.36032,1.36069
2025-07-10 09:00:00,1.36071,1.36164,1.35579,1.3561
2025-07-10 13:00:00,1.3561,1.35733,1.35344,1.35647
2025-07-10 17:00:00,1.35637,1.35842,1.35621,1.35799
2025-07-10 21:00:00,1.35772,1.35864,1.35476,1.3556
2025-07-11 01:00:00,1.35545,1.35689,1.35501,1.35573
2025-07-11 05:00:00,1.35569,1.35643,1.353,1.35336
2025-07-11 09:00:00,1.3536,1.35531,1.34976,1.35049
2025-07-11 13:00:00,1.35058,1.35183,1.34834,1.35079
2025-07-11 17:00:00,1.35069,1.35172,1.34851,1.34922
2025-07-11 21:00:00,1.34905,1.34905,1.34877,1.34877
2025-07-13 21:00:00,1.34847,1.35046,1.34842,1.34993
2025-07-14 01:00:00,1.35002,1.35018,1.34729,1.34764
2025-07-14 05:00:00,1.34733,1.34898,1.34532,1.34762
2025-07-14 09:00:00,1.34744,1.3494,1.34713,1.34776
2025-07-14 13:00:00,1.34782,1.34842,1.34289,1.34358
2025-07-14 17:00:00,1.34369,1.34412,1.34253,1.34264
2025-07-14 21:00:00,1.3434,1.34403,1.34216,1.34345
2025-07-15 01:00:00,1.34347,1.34387,1.34271,1.3432
2025-07-15 05:00:00,1.3432,1.34532,1.34293,1.3447
2025-07-15 09:00:00,1.3447,1.34662,1.34335,1.3449
2025-07-15 13:00:00,1.34483,1.34483,1.33808,1.33854
2025-07-15 17:00:00,1.33863,1.33933,1.33799,1.3384
2025-07-15 21:00:00,1.33854,1.33993,1.33829,1.33948
2025-07-16 01:00:00,1.33924,1.34007,1.33844,1.33967
2025-07-16 05:00:00,1.33969,1.34167,1.33903,1.33921
2025-07-16 09:00:00,1.33912,1.34122,1.33838,1.33951
2025-07-16 13:00:00,1.33946,1.34814,1.3367,1.34225
2025-07-16 17:00:00,1.34237,1.34405,1.34057,1.34207
2025-07-16 21:00:00,1.34284,1.34284,1.33964,1.33998
2025-07-17 01:00:00,1.34018,1.34054,1.33851,1.3396
2025-07-17 05:00:00,1.33958,1.34097,1.33756,1.34097
2025-07-17 09:00:00,1.34127,1.34127,1.33856,1.34037
2025-07-17 13:00:00,1.34045,1.34208,1.33944,1.34011
2025-07-17 17:00:00,1.34012,1.34208,1.33998,1.34171
2025-07-17 21:00:00,1.34217,1.34383,1.34106,1.3432
2025-07-18 01:00:00,1.34322,1.34401,1.34239,1.34248
2025-07-18 05:00:00,1.34241,1.34428,1.34113,1.34372
2025-07-18 09:00:00,1.34371,1.34727,1.34371,1.34579
2025-07-18 13:00:00,1.34595,1.34738,1.34183,1.34194
2025-07-18 17:00:00,1.34181,1.34221,1.3407,1.3412
2025-07-18 21:00:00,1.34194,1.34223,1.3404,1.3404
2025-07-20 21:00:00,1.34135,1.34196,1.34041,1.34043
2025-07-21 01:00:00,1.34028,1.34198,1.34028,1.34194
2025-07-21 05:00:00,1.34187,1.34651,1.34187,1.34517
2025-07-21 09:00:00,1.34512,1.34838,1.34463,1.34802
2025-07-21 13:00:00,1.34784,1.35104,1.34675,1.34955
2025-07-21 17:00:00,1.34964,1.34964,1.34838,1.3494
2025-07-21 21:00:00,1.34878,1.34933,1.34804,1.34838
2025-07-22 01:00:00,1.34844,1.3488,1.34753,1.34778
2025-07-22 05:00:00,1.34769,1.34909,1.34642,1.349
2025-07-22 09:00:00,1.34924,1.34998,1.34758,1.34816
2025-07-22 13:00:00,1.34856,1.35327,1.3474,1.35305
2025-07-22 17:00:00,1.35311,1.35349,1.35201,1.35349
2025-07-22 21:00:00,1.3525,1.35347,1.35183,1.35276
2025-07-23 01:00:00,1.35276,1.35355,1.35181,1.35272
2025-07-23 05:00:00,1.35278,1.35487,1.35172,1.35417
2025-07-23 09:00:00,1.35446,1.35487,1.35325,1.35439
2025-07-23 13:00:00,1.35463,1.35755,1.35247,1.35612
2025-07-23 17:00:00,1.3565,1.35844,1.35593,1.35807
2025-07-23 21:00:00,1.35807,1.3587,1.35718,1.3574
2025-07-24 01:00:00,1.35752,1.35882,1.35752,1.35801
2025-07-24 05:00:00,1.35799,1.35823,1.35437,1.35439
2025-07-24 09:00:00,1.35437,1.35538,1.35333,1.35367
2025-07-24 13:00:00,1.35356,1.35617,1.3506,1.35095
2025-07-24 17:00:00,1.35113,1.35281,1.3504,1.35077
2025-07-24 21:00:00,1.35071,1.35126,1.34938,1.35077
2025-07-25 01:00:00,1.35097,1.3513,1.3488,1.34913
2025-07-25 05:00:00,1.34924,1.35048,1.34613,1.34631
2025-07-25 09:00:00,1.34629,1.34646,1.34253,1.34345
2025-07-25 13:00:00,1.34336,1.34428,1.34169,1.34207
2025-07-25 17:00:00,1.34226,1.3438,1.34203,1.34374
2025-07-25 21:00:00,1.34385,1.34385,1.34345,1.34345
2025-07-27 21:00:00,1.34347,1.34492,1.34338,1.34436
2025-07-28 01:00:00,1.34461,1.34532,1.34306,1.34369
2025-07-28 05:00:00,1.34347,1.34369,1.34072,1.34217
2025-07-28 09:00:00,1.34198,1.34374,1.34064,1.34369
2025-07-28 13:00:00,1.34389,1.34389,1.33772,1.33797
2025-07-28 17:00:00,1.33788,1.33803,1.33517,1.33556
2025-07-28 21:00:00,1.3357,1.33658,1.3346,1.33463
2025-07-29 01:00:00,1.33461,1.33581,1.3338,1.33492
2025-07-29 05:00:00,1.33494,1.33535,1.33166,1.33429
2025-07-29 09:00:00,1.33456,1.3362,1.33179,1.33179
2025-07-29 13:00:00,1.33161,1.33476,1.33088,1.33403
2025-07-29 17:00:00,1.33376,1.33629,1.33365,1.3351
2025-07-29 21:00:00,1.33486,1.33661,1.33472,1.33661
2025-07-30 01:00:00,1.33681,1.3369,1.33504,1.33506
2025-07-30 05:00:00,1.33504,1.33693,1.33426,1.33693
2025-07-30 09:00:00,1.33676,1.33844,1.33083,1.33083
2025-07-30 13:00:00,1.33101,1.33124,1.32709,1.32811
2025-07-30 17:00:00,1.32843,1.33099,1.32305,1.32406
2025-07-30 21:00:00,1.32326,1.32593,1.32269,1.32514
2025-07-31 01:00:00,1.32517,1.32688,1.32435,1.32688
2025-07-31 05:00:00,1.32693,1.3282,1.32406,1.32505
2025-07-31 09:00:00,1.32507,1.32507,1.32093,1.3217
2025-07-31 13:00:00,1.32165,1.32384,1.31884,1.32238
2025-07-31 17:00:00,1.32224,1.32273,1.32003,1.32078
2025-07-31 21:00:00,1.32086,1.32233,1.31997,1.32106
2025-08-01 01:00:00,1.32104,1.32135,1.31903,1.31994
2025-08-01 05:00:00,1.31977,1.3213,1.31615,1.31615
2025-08-01 09:00:00,1.31619,1.32973,1.3142,1.32825
2025-08-01 13:00:00,1.3291,1.33049,1.32429,1.32478
2025-08-01 17:00:00,1.32461,1.32912,1.32165,1.32799
2025-08-01 21:00:00,1.32739,1.32739,1.32739,1.32739
2025-08-03 21:00:00,1.32799,1.32935,1.32596,1.32615
2025-08-04 01:00:00,1.32605,1.32899,1.32549,1.3279
2025-08-04 05:00:00,1.32772,1.32904,1.32644,1.32781
2025-08-04 09:00:00,1.32788,1.33138,1.32718,1.32977
2025-08-04 13:00:00,1.32984,1.33305,1.32799,1.3286
2025-08-04 17:00:00,1.32843,1.32892,1.32721,1.32848
2025-08-04 21:00:00,1.32846,1.33034,1.32823,1.32991
2025-08-05 01:00:00,1.32991,1.32995,1.32762,1.32862
2025-08-05 05:00:00,1.32857,1.32954,1.32637,1.32788
2025-08-05 09:00:00,1.3279,1.32942,1.3267,1.32822
2025-08-05 13:00:00,1.32832,1.33163,1.32702,1.33094
2025-08-05 17:00:00,1.33101,1.33152,1.32901,1.32966
2025-08-05 21:00:00,1.32913,1.33058,1.32913,1.33016
2025-08-06 01:00:00,1.33005,1.33145,1.32958,1.33122
2025-08-06 05:00:00,1.33108,1.3312,1.32836,1.32843
2025-08-06 09:00:00,1.32843,1.33303,1.32843,1.33175
2025-08-06 13:00:00,1.3322,1.33627,1.33142,1.33476
2025-08-06 17:00:00,1.3349,1.33681,1.33488,1.33565
2025-08-06 21:00:00,1.33567,1.33608,1.33477,1.33483
2025-08-07 01:00:00,1.33476,1.33695,1.33472,1.33681
2025-08-07 05:00:00,1.33701,1.33799,1.33643,1.33706
2025-08-07 09:00:00,1.33715,1.34362,1.33659,1.34223
2025-08-07 13:00:00,1.3423,1.34335,1.33923,1.34304
2025-08-07 17:00:00,1.34295,1.3449,1.34046,1.34456
2025-08-07 21:00:00,1.34306,1.3453,1.34306,1.34479
2025-08-08 01:00:00,1.34488,1.34508,1.34349,1.34363
2025-08-08 05:00:00,1.3436,1.34508,1.34255,1.34345
2025-08-08 09:00:00,1.34362,1.34528,1.3419,1.34235
2025-08-08 13:00:00,1.34255,1.34553,1.34255,1.34477
2025-08-08 17:00:00,1.34474,1.34582,1.34443,1.34524
2025-08-08 21:00:00,1.34501,1.34501,1.34452,1.34452
2025-08-10 21:00:00,1.34445,1.34477,1.34378,1.34427
2025-08-11 01:00:00,1.34434,1.34684,1.34416,1.34666
2025-08-11 05:00:00,1.34658,1.34758,1.3449,1.34655
2025-08-11 09:00:00,1.34649,1.3468,1.34138,1.34232
2025-08-11 13:00:00,1.34235,1.3427,1.34016,1.34244
2025-08-11 17:00:00,1.34243,1.34365,1.34183,1.34309
2025-08-11 21:00:00,1.34266,1.34376,1.34235,1.34308
2025-08-12 01:00:00,1.34311,1.34394,1.34271,1.34394
2025-08-12 05:00:00,1.34401,1.34704,1.34217,1.34698
2025-08-12 09:00:00,1.34718,1.35086,1.34474,1.34858
2025-08-12 13:00:00,1.34856,1.35236,1.34653,1.35164
2025-08-12 17:00:00,1.35152,1.35152,1.34893,1.35007
2025-08-12 21:00:00,1.34982,1.35144,1.34973,1.35029
2025-08-13 01:00:00,1.35051,1.35079,1.34938,1.35053
2025-08-13 05:00:00,1.35053,1.3563,1.35002,1.3558
2025-08-13 09:00:00,1.35569,1.35801,1.35569,1.35612
2025-08-13 13:00:00,1.35613,1.35853,1.35579,1.3574
2025-08-13 17:00:00,1.35739,1.35812,1.35643,1.35757
2025-08-13 21:00:00,1.35728,1.35866,1.35693,1.35862
2025-08-14 01:00:00,1.35879,1.35916,1.35717,1.35764
2025-08-14 05:00:00,1.35753,1.35916,1.35652,1.35728
2025-08-14 09:00:00,1.35724,1.35945,1.3547,1.35522
2025-08-14 13:00:00,1.35523,1.35567,1.35225,1.35237
2025-08-14 17:00:00,1.35259,1.35399,1.35258,1.35302
2025-08-14 21:00:00,1.35373,1.35384,1.35252,1.35349
2025-08-15 01:00:00,1.35336,1.35512,1.35316,1.35487
2025-08-15 05:00:00,1.35476,1.35604,1.35441,1.35488
2025-08-15 09:00:00,1.35481,1.35676,1.35466,1.35623
2025-08-15 13:00:00,1.35645,1.35733,1.35549,1.35579
2025-08-15 17:00:00,1.35575,1.35593,1.35509,1.35542
2025-08-15 21:00:00,1.35544,1.35544,1.35454,1.35454
2025-08-17 21:00:00,1.35621,1.35626,1.35536,1.35536
2025-08-18 01:00:00,1.35527,1.35656,1.35498,1.35636
2025-08-18 05:00:00,1.3563,1.35647,1.35331,1.35477
2025-08-18 09:00:00,1.3545,1.35505,1.35371,1.35441
2025-08-18 13:00:00,1.35448,1.35463,1.35091,1.35091
2025-08-18 17:00:00,1.3511,1.35157,1.35029,1.35029
2025-08-18 21:00:00,1.35281,1.35281,1.35018,1.35022
2025-08-19 01:00:00,1.35024,1.35068,1.3488,1.35057
2025-08-19 05:00:00,1.35062,1.35236,1.3498,1.35206
2025-08-19 09:00:00,1.35199,1.35311,1.35051,1.3511
2025-08-19 13:00:00,1.35102,1.35161,1.34869,1.34911
2025-08-19 17:00:00,1.34896,1.3496,1.34782,1.34933
2025-08-19 21:00:00,1.34931,1.34987,1.34756,1.34813
2025-08-20 01:00:00,1.34833,1.34834,1.34626,1.34755
2025-08-20 05:00:00,1.34755,1.35088,1.34725,1.35026
2025-08-20 09:00:00,1.35022,1.35057,1.34731,1.34896
2025-08-20 13:00:00,1.34889,1.34915,1.34488,1.34608
2025-08-20 17:00:00,1.34611,1.34707,1.34497,1.34561
2025-08-20 21:00:00,1.34506,1.34655,1.34504,1.34561
2025-08-21 01:00:00,1.3458,1.34633,1.34475,1.34513
2025-08-21 05:00:00,1.34521,1.34695,1.34353,1.3466
2025-08-21 09:00:00,1.3466,1.3482,1.34432,1.34485
2025-08-21 13:00:00,1.34481,1.34571,1.34061,1.34198
2025-08-21 17:00:00,1.34192,1.34262,1.34118,1.34127
2025-08-21 21:00:00,1.34131,1.34201,1.34084,1.34201
2025-08-22 01:00:00,1.34199,1.34219,1.3393,1.33935
2025-08-22 05:00:00,1.3393,1.34135,1.33905,1.34135
2025-08-22 09:00:00,1.34131,1.34196,1.3407,1.34144
2025-08-22 13:00:00,1.34117,1.3543,1.34117,1.35252
2025-08-22 17:00:00,1.35259,1.35437,1.35166,1.35267
2025-08-22 21:00:00,1.35197,1.35211,1.35197,1.35211
2025-08-24 21:00:00,1.35175,1.35175,1.3496,1.3498
2025-08-25 01:00:00,1.34998,1.3515,1.34909,1.35124
2025-08-25 05:00:00,1.35119,1.35274,1.35007,1.35037
2025-08-25 09:00:00,1.35033,1.3521,1.34844,1.35058
2025-08-25 13:00:00,1.35058,1.35128,1.34853,1.3488
2025-08-25 17:00:00,1.34885,1.34893,1.34479,1.34539
2025-08-25 21:00:00,1.34725,1.34898,1.3449,1.34811
2025-08-26 01:00:00,1.34802,1.34829,1.34512,1.34561
2025-08-26 05:00:00,1.34562,1.34689,1.34354,1.34633
2025-08-26 09:00:00,1.34626,1.34929,1.3462,1.34793
2025-08-26 13:00:00,1.34795,1.34922,1.34724,1.34782
2025-08-26 17:00:00,1.34773,1.3486,1.34691,1.34785
2025-08-26 21:00:00,1.34882,1.34882,1.34698,1.3472
2025-08-27 01:00:00,1.34733,1.34753,1.3445,1.34486
2025-08-27 05:00:00,1.34494,1.34662,1.34326,1.34457
2025-08-27 09:00:00,1.34452,1.34494,1.34199,1.34414
2025-08-27 13:00:00,1.34414,1.34975,1.34363,1.34964
2025-08-27 17:00:00,1.34966,1.3502,1.34909,1.35004
2025-08-27 21:00:00,1.3502,1.35057,1.34905,1.35029
2025-08-28 01:00:00,1.35055,1.35188,1.35013,1.35046
2025-08-28 05:00:00,1.3504,1.35128,1.34844,1.35
2025-08-28 09:00:00,1.35006,1.35261,1.34995,1.35035
2025-08-28 13:00:00,1.35009,1.35269,1.34909,1.35214
2025-08-28 17:00:00,1.35236,1.35307,1.35077,1.35133
2025-08-28 21:00:00,1.35166,1.3517,1.3504,1.35091
2025-08-29 01:00:00,1.35091,1.35119,1.34951,1.35035
2025-08-29 05:00:00,1.35035,1.35038,1.34711,1.34776
2025-08-29 09:00:00,1.34784,1.34791,1.34485,1.34602
2025-08-29 13:00:00,1.34618,1.35146,1.34479,1.35082
2025-08-29 17:00:00,1.35064,1.3517,1.35006,1.35015
2025-08-29 21:00:00,1.35017,1.35017,1.34986,1.34986
2025-08-31 21:00:00,1.35031,1.35197,1.3502,1.35192
2025-09-01 01:00:00,1.35197,1.35291,1.35066,1.35186
2025-09-01 05:00:00,1.35188,1.35406,1.35153,1.3536
2025-09-01 09:00:00,1.35366,1.35371,1.35239,1.35331
2025-09-01 13:00:00,1.35331,1.35498,1.35314,1.35419
2025-09-01 17:00:00,1.35422,1.35503,1.35408,1.35466
2025-09-01 21:00:00,1.35455,1.35498,1.35353,1.3538
2025-09-02 01:00:00,1.35358,1.35419,1.35232,1.3528
2025-09-02 05:00:00,1.35278,1.35338,1.33763,1.34138
2025-09-02 09:00:00,1.34135,1.3416,1.33421,1.33531
2025-09-02 13:00:00,1.3347,1.34181,1.33453,1.33921
2025-09-02 17:00:00,1.3391,1.33975,1.33756,1.33955
2025-09-02 21:00:00,1.3396,1.3407,1.3374,1.33761
2025-09-03 01:00:00,1.33772,1.33772,1.33611,1.33701
2025-09-03 05:00:00,1.33699,1.34079,1.33365,1.34079
2025-09-03 09:00:00,1.34122,1.34275,1.33964,1.3425
2025-09-03 13:00:00,1.34237,1.34537,1.34118,1.34503
2025-09-03 17:00:00,1.34523,1.34582,1.34358,1.34447
2025-09-03 21:00:00,1.34432,1.34457,1.34367,1.3443
2025-09-04 01:00:00,1.34419,1.34488,1.34253,1.34279
2025-09-04 05:00:00,1.34275,1.34557,1.34165,1.34542
2025-09-04 09:00:00,1.34532,1.34589,1.34248,1.34416
2025-09-04 13:00:00,1.34428,1.34465,1.34178,1.34214
2025-09-04 17:00:00,1.34217,1.34378,1.34208,1.34353
2025-09-04 21:00:00,1.34237,1.34497,1.34225,1.34497
2025-09-05 01:00:00,1.34517,1.34573,1.34472,1.34508
2025-09-05 05:00:00,1.34506,1.34724,1.34497,1.34709
2025-09-05 09:00:00,1.34693,1.35281,1.34579,1.35203
2025-09-05 13:00:00,1.35225,1.35538,1.3506,1.35261
2025-09-05 17:00:00,1.35263,1.35263,1.35015,1.35082
2025-09-05 21:00:00,1.35066,1.35066,1.35022,1.35022
2025-09-07 21:00:00,1.34896,1.34964,1.34845,1.34964
2025-09-08 01:00:00,1.34989,1.3506,1.34876,1.34969
2025-09-08 05:00:00,1.34969,1.35259,1.34967,1.35117
2025-09-08 09:00:00,1.35108,1.35481,1.35033,1.35432
2025-09-08 13:00:00,1.3543,1.35551,1.35303,1.35373
2025-09-08 17:00:00,1.35373,1.35549,1.3528,1.35465
2025-09-08 21:00:00,1.35538,1.35619,1.35439,1.35591
2025-09-09 01:00:00,1.35575,1.35755,1.35536,1.35748
2025-09-09 05:00:00,1.35746,1.3582,1.35591,1.35735
2025-09-09 09:00:00,1.35735,1.35901,1.35466,1.35549
2025-09-09 13:00:00,1.35534,1.357,1.35237,1.35351
2025-09-09 17:00:00,1.3536,1.35389,1.35188,1.35269
2025-09-09 21:00:00,1.35272,1.35313,1.35172,1.35223
2025-09-10 01:00:00,1.35254,1.35419,1.35161,1.35417
2025-09-10 05:00:00,1.35419,1.35439,1.35179,1.35278
2025-09-10 09:00:00,1.3528,1.35516,1.35254,1.35318
2025-09-10 13:00:00,1.35291,1.35604,1.35278,1.35362
2025-09-10 17:00:00,1.35356,1.35413,1.35221,1.35294
2025-09-10 21:00:00,1.35276,1.35397,1.35256,1.35283
2025-09-11 01:00:00,1.35274,1.35344,1.35234,1.35274
2025-09-11 05:00:00,1.35261,1.35263,1.35053,1.35152
2025-09-11 09:00:00,1.35161,1.35466,1.34976,1.35433
2025-09-11 13:00:00,1.35488,1.35794,1.35406,1.35777
2025-09-11 17:00:00,1.35783,1.35831,1.35698,1.35735
2025-09-11 21:00:00,1.35788,1.35809,1.3567,1.35733
2025-09-12 01:00:00,1.35735,1.35735,1.35534,1.35564
2025-09-12 05:00:00,1.35566,1.35746,1.3532,1.35344
2025-09-12 09:00:00,1.35355,1.35623,1.35272,1.35444
2025-09-12 13:00:00,1.35444,1.35685,1.35391,1.35595
2025-09-12 17:00:00,1.35612,1.35707,1.35571,1.35624
2025-09-12 21:00:00,1.35658,1.35658,1.35474,1.35474
2025-09-14 21:00:00,1.35573,1.35588,1.35498,1.35564
2025-09-15 01:00:00,1.35556,1.35713,1.35534,1.3567
2025-09-15 05:00:00,1.3568,1.35984,1.35542,1.35814
2025-09-15 09:00:00,1.3582,1.36192,1.35798,1.36149
2025-09-15 13:00:00,1.36151,1.36162,1.35857,1.35992
2025-09-15 17:00:00,1.36001,1.36117,1.35967,1.35988
2025-09-15 21:00:00,1.36023,1.36054,1.35975,1.36021
2025-09-16 01:00:00,1.36034,1.36247,1.35995,1.36162
2025-09-16 05:00:00,1.36167,1.36437,1.36154,1.36271
2025-09-16 09:00:00,1.36277,1.36495,1.36255,1.36414
2025-09-16 13:00:00,1.36424,1.36704,1.36394,1.3658
2025-09-16 17:00:00,1.36605,1.36677,1.36444,1.36463
2025-09-16 21:00:00,1.36735,1.36735,1.36452,1.36455
2025-09-17 01:00:00,1.36463,1.36485,1.36405,1.36426
2025-09-17 05:00:00,1.36435,1.36528,1.36316,1.36407
2025-09-17 09:00:00,1.36426,1.36565,1.36403,1.36539
2025-09-17 13:00:00,1.36541,1.36698,1.36495,1.36655
2025-09-17 17:00:00,1.36642,1.37248,1.36201,1.36279
2025-09-17 21:00:00,1.36409,1.36416,1.36221,1.36271
2025-09-18 01:00:00,1.36307,1.36308,1.36058,1.36071
2025-09-18 05:00:00,1.36069,1.3648,1.3587,1.36403
2025-09-18 09:00:00,1.3642,1.36556,1.35955,1.35955
2025-09-18 13:00:00,1.35945,1.35958,1.35355,1.35534
2025-09-18 17:00:00,1.35527,1.35626,1.35459,1.35538
2025-09-18 21:00:00,1.35573,1.3558,1.3541,1.3549
2025-09-19 01:00:00,1.35496,1.35593,1.3532,1.35446
2025-09-19 05:00:00,1.35448,1.35516,1.34834,1.35002
2025-09-19 09:00:00,1.34975,1.35108,1.34647,1.34686
2025-09-19 13:00:00,1.34709,1.34982,1.34689,1.34834
2025-09-19 17:00:00,1.34838,1.34853,1.3468,1.3474
2025-09-19 21:00:00,1.3474,1.3474,1.34668,1.34668
2025-09-21 21:00:00,1.34722,1.34724,1.34584,1.34673
2025-09-22 01:00:00,1.34731,1.34745,1.34542,1.34609
2025-09-22 05:00:00,1.34613,1.35031,1.34602,1.34962
2025-09-22 09:00:00,1.34978,1.35157,1.34909,1.35095
2025-09-22 13:00:00,1.35062,1.35197,1.34929,1.35086
2025-09-22 17:00:00,1.35088,1.35201,1.35077,1.35163
2025-09-22 21:00:00,1.35104,1.35206,1.35,1.35206
2025-09-23 01:00:00,1.35219,1.35265,1.35044,1.3508
2025-09-23 05:00:00,1.35051,1.3527,1.34878,1.35038
2025-09-23 09:00:00,1.35068,1.35292,1.3498,1.35256
2025-09-23 13:00:00,1.35327,1.3536,1.35079,1.3521
2025-09-23 17:00:00,1.35221,1.35278,1.3515,1.35263
2025-09-23 21:00:00,1.35241,1.35283,1.35148,1.35148
2025-09-24 01:00:00,1.35148,1.35164,1.35066,1.35095
2025-09-24 05:00:00,1.351,1.35122,1.34747,1.34847
2025-09-24 09:00:00,1.34849,1.34874,1.34387,1.34461
2025-09-24 13:00:00,1.3447,1.34579,1.34282,1.34436
2025-09-24 17:00:00,1.34441,1.34561,1.34439,1.34477
2025-09-24 21:00:00,1.34532,1.34575,1.34461,1.34575
2025-09-25 01:00:00,1.34579,1.34647,1.34499,1.34633
2025-09-25 05:00:00,1.34626,1.34673,1.3436,1.34533
2025-09-25 09:00:00,1.34535,1.346,1.33751,1.33846
2025-09-25 13:00:00,1.33806,1.33935,1.33369,1.33396
2025-09-25 17:00:00,1.33396,1.33472,1.33253,1.33437
2025-09-25 21:00:00,1.33442,1.33465,1.33317,1.33456
2025-09-26 01:00:00,1.33463,1.33559,1.33403,1.33547
2025-09-26 05:00:00,1.33543,1.33702,1.33461,1.33651
2025-09-26 09:00:00,1.33656,1.33756,1.33424,1.33754
2025-09-26 13:00:00,1.33797,1.34124,1.33761,1.33985
2025-09-26 17:00:00,1.34002,1.34111,1.33991,1.34012
2025-09-26 21:00:00,1.3402,1.34041,1.33999,1.33999
2025-09-28 21:00:00,1.34048,1.34252,1.34048,1.34243
2025-09-29 01:00:00,1.34232,1.34419,1.34171,1.34385
2025-09-29 05:00:00,1.34372,1.34497,1.34326,1.34367
2025-09-29 09:00:00,1.34371,1.34566,1.34262,1.34523
2025-09-29 13:00:00,1.34521,1.34521,1.34185,1.34313
2025-09-29 17:00:00,1.34326,1.34391,1.3425,1.34306
2025-09-29 21:00:00,1.34235,1.34382,1.34203,1.34253
2025-09-30 01:00:00,1.34282,1.34387,1.34212,1.34387
2025-09-30 05:00:00,1.34414,1.34523,1.34297,1.34459
2025-09-30 09:00:00,1.3445,1.34504,1.34257,1.34427
2025-09-30 13:00:00,1.34441,1.34671,1.34162,1.34595
2025-09-30 17:00:00,1.34602,1.34631,1.34403,1.34463
2025-09-30 21:00:00,1.34584,1.34584,1.34367,1.34412
2025-10-01 01:00:00,1.34425,1.34635,1.34356,1.34635
2025-10-01 05:00:00,1.34706,1.34802,1.3455,1.34678
2025-10-01 09:00:00,1.34682,1.35221,1.34597,1.35126
2025-10-01 13:00:00,1.35142,1.35272,1.34664,1.34744
2025-10-01 17:00:00,1.34751,1.34895,1.347,1.34778
2025-10-01 21:00:00,1.34905,1.34915,1.347,1.347
2025-10-02 01:00:00,1.34696,1.34878,1.34682,1.3476
2025-10-02 05:00:00,1.34785,1.35104,1.34698,1.35057
2025-10-02 09:00:00,1.35042,1.35082,1.34651,1.34651
2025-10-02 13:00:00,1.34673,1.34686,1.34021,1.34396
2025-10-02 17:00:00,1.34405,1.34517,1.34365,1.34409
2025-10-02 21:00:00,1.34288,1.3451,1.34277,1.34456
2025-10-03 01:00:00,1.34465,1.34497,1.3434,1.3436
2025-10-03 05:00:00,1.34356,1.34664,1.34308,1.34584
2025-10-03 09:00:00,1.34588,1.34593,1.34389,1.34593
2025-10-03 13:00:00,1.34577,1.34849,1.34524,1.3478
2025-10-03 17:00:00,1.34755,1.34864,1.34642,1.34818
2025-10-03 21:00:00,1.34809,1.34816,1.34759,1.34816
2025-10-05 20:00:00,1.34414,1.3443,1.34224,1.34333
2025-10-06 00:00:00,1.34331,1.34588,1.34289,1.34519
2025-10-06 04:00:00,1.34533,1.34642,1.34331,1.34456
2025-10-06 08:00:00,1.34448,1.34448,1.34172,1.34244
2025-10-06 12:00:00,1.34237,1.3484,1.34237,1.34744
2025-10-06 16:00:00,1.34767,1.34904,1.34669,1.34824
2025-10-06 20:00:00,1.34818,1.34874,1.34776,1.34847
2025-10-07 00:00:00,1.34842,1.34844,1.34736,1.34767
2025-10-07 04:00:00,1.34753,1.34809,1.34335,1.34353
2025-10-07 08:00:00,1.34372,1.3445,1.33935,1.34032
2025-10-07 12:00:00,1.3402,1.34535,1.33951,1.34421
2025-10-07 16:00:00,1.34414,1.34519,1.34171,1.34214
2025-10-07 20:00:00,1.3421,1.34331,1.34194,1.34207
2025-10-08 00:00:00,1.3421,1.3421,1.33915,1.33998
2025-10-08 04:00:00,1.34002,1.34172,1.33851,1.34165
2025-10-08 08:00:00,1.34172,1.34271,1.3402,1.34057
2025-10-08 12:00:00,1.34081,1.34382,1.33883,1.33917
2025-10-08 16:00:00,1.3389,1.34009,1.33722,1.34009
2025-10-08 20:00:00,1.34002,1.34081,1.33921,1.34014
2025-10-09 00:00:00,1.34005,1.34192,1.34005,1.34153
2025-10-09 04:00:00,1.34158,1.34171,1.33517,1.33529
2025-10-09 08:00:00,1.33545,1.33901,1.33442,1.33761
2025-10-09 12:00:00,1.33774,1.33926,1.32927,1.3309
2025-10-09 16:00:00,1.3311,1.33149,1.32809,1.3297
2025-10-09 20:00:00,1.3298,1.33101,1.32936,1.33035
2025-10-10 00:00:00,1.33037,1.33142,1.3297,1.33124
2025-10-10 04:00:00,1.33127,1.33147,1.32809,1.33026
2025-10-10 08:00:00,1.33025,1.33126,1.32668,1.32733
2025-10-10 12:00:00,1.32765,1.33599,1.32702,1.33388
2025-10-10 16:00:00,1.33465,1.3357,1.33321,1.33518
2025-10-10 20:00:00,1.33497,1.33586,1.33378,1.3351
2025-10-12 20:00:00,1.33403,1.33476,1.33362,1.33365
2025-10-13 00:00:00,1.33372,1.33633,1.33367,1.33542
2025-10-13 04:00:00,1.33545,1.33659,1.33307,1.33369
2025-10-13 08:00:00,1.33349,1.33515,1.33161,1.33307
2025-10-13 12:00:00,1.33316,1.33404,1.33211,1.33294
2025-10-13 16:00:00,1.33305,1.33404,1.3326,1.33307
2025-10-13 20:00:00,1.33314,1.3339,1.33269,1.33324
2025-10-14 00:00:00,1.33332,1.33499,1.33273,1.33463
2025-10-14 04:00:00,1.33444,1.33527,1.3255,1.32579
2025-10-14 08:00:00,1.32554,1.32843,1.32554,1.32691
2025-10-14 12:00:00,1.32691,1.33191,1.32496,1.33191
2025-10-14 16:00:00,1.33211,1.33324,1.33081,1.33269
2025-10-14 20:00:00,1.33273,1.33273,1.33145,1.33225
2025-10-15 00:00:00,1.33211,1.33538,1.33211,1.33524
2025-10-15 04:00:00,1.33524,1.33731,1.33451,1.33526
2025-10-15 08:00:00,1.3351,1.33663,1.33374,1.33524
2025-10-15 12:00:00,1.33526,1.34014,1.33364,1.33942
2025-10-15 16:00:00,1.33917,1.33946,1.33726,1.33946
2025-10-15 20:00:00,1.33944,1.34077,1.33924,1.34036
2025-10-16 00:00:00,1.34018,1.34421,1.34012,1.34225
2025-10-16 04:00:00,1.34201,1.3427,1.34064,1.34262
2025-10-16 08:00:00,1.34243,1.34475,1.34225,1.34403
2025-10-16 12:00:00,1.34374,1.34542,1.34149,1.34228
2025-10-16 16:00:00,1.34275,1.34481,1.34167,1.34351
2025-10-16 20:00:00,1.34336,1.34475,1.34304,1.34447
2025-10-17 00:00:00,1.34447,1.34523,1.34318,1.34486
2025-10-17 04:00:00,1.34501,1.34715,1.34255,1.34327
2025-10-17 08:00:00,1.34371,1.34438,1.34136,1.34351
2025-10-17 12:00:00,1.3434,1.34351,1.33921,1.3421
2025-10-17 16:00:00,1.34203,1.34391,1.34115,1.34372
2025-10-17 20:00:00,1.34382,1.34382,1.34177,1.34177
2025-10-19 20:00:00,1.34278,1.34308,1.34252,1.34255
2025-10-20 00:00:00,1.34266,1.34432,1.34225,1.34401
2025-10-20 04:00:00,1.34405,1.34432,1.34064,1.34172
2025-10-20 08:00:00,1.34158,1.34389,1.34012,1.3412
2025-10-20 12:00:00,1.34145,1.34298,1.34027,1.34207
2025-10-20 16:00:00,1.3421,1.34235,1.34009,1.3407
2025-10-20 20:00:00,1.34066,1.34262,1.34036,1.34052
2025-10-21 00:00:00,1.34045,1.34162,1.33903,1.33933
2025-10-21 04:00:00,1.3393,1.33975,1.33733,1.33937
2025-10-21 08:00:00,1.33901,1.33941,1.33692,1.33851
2025-10-21 12:00:00,1.33867,1.33941,1.33633,1.33892
2025-10-21 16:00:00,1.33921,1.3396,1.33656,1.3372
2025-10-21 20:00:00,1.33704,1.33765,1.33647,1.33656
2025-10-22 00:00:00,1.33676,1.33801,1.33647,1.33747
2025-10-22 04:00:00,1.33754,1.33876,1.33209,1.33232
2025-10-22 08:00:00,1.33202,1.33326,1.33071,1.33285
2025-10-22 12:00:00,1.33371,1.33742,1.33117,1.33711
2025-10-22 16:00:00,1.33724,1.33758,1.33542,1.33574
2025-10-22 20:00:00,1.33563,1.33627,1.33504,1.33511
2025-10-23 00:00:00,1.33504,1.3351,1.33332,1.33337
2025-10-23 04:00:00,1.33335,1.33572,1.33301,1.33515
2025-10-23 08:00:00,1.33518,1.33559,1.33348,1.33362
2025-10-23 12:00:00,1.33371,1.33502,1.33119,1.33214
2025-10-23 16:00:00,1.33246,1.33269,1.33087,1.33248
2025-10-23 20:00:00,1.33236,1.33308,1.33214,1.33275
2025-10-24 00:00:00,1.33262,1.33324,1.33189,1.33259
2025-10-24 04:00:00,1.33253,1.33337,1.33129,1.33161
2025-10-24 08:00:00,1.33158,1.33269,1.33014,1.33062
2025-10-24 12:00:00,1.33126,1.33595,1.32926,1.32968
2025-10-24 16:00:00,1.32972,1.33122,1.3289,1.33122
2025-10-24 20:00:00,1.33138,1.33179,1.33051,1.33051
2025-10-26 20:00:00,1.33186,1.33186,1.33186,1.33186
2025-10-27 00:00:00,1.33237,1.33358,1.33189,1.33218
2025-10-27 04:00:00,1.33225,1.33339,1.33115,1.33166
2025-10-27 08:00:00,1.3314,1.33529,1.33115,1.33506
2025-10-27 12:00:00,1.3347,1.33524,1.33197,1.33294
2025-10-27 16:00:00,1.33298,1.3339,1.33248,1.33355
2025-10-27 20:00:00,1.33365,1.33447,1.33333,1.33413
2025-10-28 00:00:00,1.33399,1.33588,1.33381,1.33565
2025-10-28 04:00:00,1.33565,1.33701,1.33324,1.33356
2025-10-28 08:00:00,1.3336,1.33365,1.33018,1.33083
2025-10-28 12:00:00,1.33092,1.33129,1.32487,1.3277
2025-10-28 16:00:00,1.32772,1.32908,1.32709,1.32733
2025-10-28 20:00:00,1.3273,1.32793,1.327,1.32774
2025-10-29 00:00:00,1.32779,1.32807,1.32515,1.32526
2025-10-29 04:00:00,1.32535,1.32552,1.32233,1.32287
2025-10-29 08:00:00,1.32287,1.32287,1.31994,1.32189
2025-10-29 12:00:00,1.32191,1.32445,1.31964,1.32424
2025-10-29 16:00:00,1.32414,1.32433,1.31479,1.31945
2025-10-29 20:00:00,1.31942,1.32008,1.31817,1.31949
2025-10-30 00:00:00,1.31945,1.32099,1.31883,1.32027
2025-10-30 04:00:00,1.32027,1.32184,1.31931,1.31975
2025-10-30 08:00:00,1.31985,1.32107,1.31752,1.31792
2025-10-30 12:00:00,1.31785,1.31846,1.31201,1.3147
2025-10-30 16:00:00,1.31484,1.31603,1.31384,1.31458
2025-10-30 20:00:00,1.31446,1.31603,1.31432,1.31588
2025-10-31 00:00:00,1.31598,1.31647,1.3151,1.3152
2025-10-31 04:00:00,1.31517,1.31577,1.31259,1.31465
2025-10-31 08:00:00,1.31432,1.31484,1.31173,1.31294
2025-10-31 12:00:00,1.3128,1.31385,1.30983,1.31382
2025-10-31 16:00:00,1.31403,1.31447,1.31235,1.31363
2025-10-31 20:00:00,1.31387,1.31541,1.31385,1.31455
2025-11-02 20:00:00,1.31326,1.31399,1.31277,1.31399
2025-11-03 00:00:00,1.31363,1.31423,1.31306,1.31399
2025-11-03 04:00:00,1.31404,1.31494,1.31351,1.31384
2025-11-03 08:00:00,1.31363,1.31394,1.31187,1.31284
2025-11-03 12:00:00,1.3128,1.31467,1.3111,1.31467
2025-11-03 16:00:00,1.3147,1.31624,1.31365,1.3138
2025-11-03 20:00:00,1.31392,1.31442,1.31351,1.31351
2025-11-04 00:00:00,1.31315,1.31335,1.31187,1.31282
2025-11-04 04:00:00,1.31282,1.31389,1.31177,1.31215
2025-11-04 08:00:00,1.31204,1.31204,1.30579,1.30588
2025-11-04 12:00:00,1.30603,1.30685,1.30346,1.30461
2025-11-04 16:00:00,1.30482,1.30521,1.30144,1.30152
2025-11-04 20:00:00,1.30137,1.30314,1.30112,1.30217
2025-11-05 00:00:00,1.30213,1.30242,1.30112,1.30205
2025-11-05 04:00:00,1.30219,1.3031,1.30203,1.30278
2025-11-05 08:00:00,1.30283,1.30516,1.30125,1.30354
2025-11-05 12:00:00,1.30383,1.30465,1.30147,1.30419
2025-11-05 16:00:00,1.30417,1.30494,1.30324,1.30456
2025-11-05 20:00:00,1.30477,1.30548,1.30465,1.30528
2025-11-06 00:00:00,1.30518,1.30651,1.30513,1.30639
2025-11-06 04:00:00,1.3064,1.30717,1.30538,1.30634
2025-11-06 08:00:00,1.3063,1.30955,1.30601,1.30923
2025-11-06 12:00:00,1.307,1.31244,1.30623,1.31026
2025-11-06 16:00:00,1.31022,1.31427,1.30979,1.31327
2025-11-06 20:00:00,1.31346,1.3142,1.31294,1.31403
2025-11-07 00:00:00,1.31397,1.31416,1.31158,1.31192
2025-11-07 04:00:00,1.31187,1.31254,1.31139,1.31254
2025-11-07 08:00:00,1.31247,1.31266,1.3096,1.31216
2025-11-07 12:00:00,1.31199,1.31737,1.31103,1.3152
2025-11-07 16:00:00,1.31532,1.31751,1.31532,1.31582
2025-11-07 20:00:00,1.31581,1.31679,1.31544,1.31647
2025-11-09 20:00:00,1.31545,1.3161,1.31412,1.31462
2025-11-10 00:00:00,1.31418,1.31551,1.31382,1.3147
2025-11-10 04:00:00,1.31473,1.31667,1.31406,1.31595
2025-11-10 08:00:00,1.31577,1.31836,1.31527,1.31773
2025-11-10 12:00:00,1.31773,1.31912,1.31484,1.31484
2025-11-10 16:00:00,1.31486,1.31851,1.31486,1.31815
2025-11-10 20:00:00,1.31803,1.31848,1.31726,1.3173
2025-11-11 00:00:00,1.31728,1.31752,1.31586,1.31695
2025-11-11 04:00:00,1.31688,1.31723,1.31222,1.31251
2025-11-11 08:00:00,1.31277,1.31522,1.31179,1.31496
2025-11-11 12:00:00,1.31487,1.31844,1.31397,1.31764
2025-11-11 16:00:00,1.31737,1.31792,1.31659,1.31669
2025-11-11 20:00:00,1.31673,1.31707,1.31482,1.31532
2025-11-12 00:00:00,1.31529,1.3153,1.31359,1.31413
2025-11-12 04:00:00,1.31406,1.31491,1.31292,1.31447
2025-11-12 08:00:00,1.31473,1.31553,1.31115,1.31365
2025-11-12 12:00:00,1.31382,1.31382,1.30858,1.31315
2025-11-12 16:00:00,1.31325,1.31444,1.31287,1.31287
2025-11-12 20:00:00,1.3129,1.31346,1.31247,1.31282
2025-11-13 00:00:00,1.31285,1.31285,1.31115,1.31263
2025-11-13 04:00:00,1.31265,1.31441,1.3105,1.31434
2025-11-13 08:00:00,1.31416,1.31693,1.3132,1.3147
2025-11-13 12:00:00,1.31486,1.31989,1.31482,1.31989
2025-11-13 16:00:00,1.31985,1.32148,1.31916,1.31916
2025-11-13 20:00:00,1.319,1.32004,1.31375,1.31518
2025-11-14 00:00:00,1.31534,1.31619,1.31363,1.31454
2025-11-14 04:00:00,1.31458,1.31584,1.31275,1.31496
2025-11-14 08:00:00,1.31446,1.31903,1.31099,1.31397
2025-11-14 12:00:00,1.31396,1.31797,1.31261,1.3137
2025-11-14 16:00:00,1.31408,1.31673,1.31406,1.31667
2025-11-14 20:00:00,1.3166,1.31749,1.31633,1.31747
2025-11-16 20:00:00,1.31544,1.31607,1.31526,1.31607
2025-11-17 00:00:00,1.31593,1.31652,1.31427,1.31454
2025-11-17 04:00:00,1.31456,1.31759,1.31375,1.31752
2025-11-17 08:00:00,1.31754,1.3181,1.31524,1.31794
2025-11-17 12:00:00,1.31778,1.3193,1.31624,1.31782
2025-11-17 16:00:00,1.31777,1.31799,1.31461,1.31461
2025-11-17 20:00:00,1.31458,1.31657,1.31458,1.31548
2025-11-18 00:00:00,1.31548,1.31556,1.31454,1.31487
2025-11-18 04:00:00,1.31492,1.31647,1.3146,1.3152
2025-11-18 08:00:00,1.31506,1.31763,1.31385,1.31404
2025-11-18 12:00:00,1.31382,1.31716,1.31356,1.31447
2025-11-18 16:00:00,1.31451,1.31572,1.3137,1.31553
2025-11-18 20:00:00,1.31556,1.3157,1.31435,1.31479
2025-11-19 00:00:00,1.31475,1.31492,1.31297,1.31396
2025-11-19 04:00:00,1.31403,1.31539,1.31335,1.31429
2025-11-19 08:00:00,1.31463,1.31475,1.30977,1.31259
2025-11-19 12:00:00,1.31299,1.31299,1.30726,1.30798
2025-11-19 16:00:00,1.30801,1.30854,1.30451,1.30451
2025-11-19 20:00:00,1.3047,1.3063,1.30453,1.30603
2025-11-20 00:00:00,1.30596,1.30596,1.30395,1.30468
2025-11-20 04:00:00,1.30467,1.30697,1.30455,1.30695
2025-11-20 08:00:00,1.30705,1.30849,1.30611,1.30664
2025-11-20 12:00:00,1.30654,1.31234,1.30572,1.30941
2025-11-20 16:00:00,1.30945,1.31031,1.30666,1.30876
2025-11-20 20:00:00,1.30864,1.30868,1.30685,1.30851
2025-11-21 00:00:00,1.30832,1.30885,1.30757,1.30875
2025-11-21 04:00:00,1.30873,1.30972,1.30729,1.30825
2025-11-21 08:00:00,1.30787,1.31027,1.30438,1.30461
2025-11-21 12:00:00,1.30473,1.30964,1.304,1.30851
2025-11-21 16:00:00,1.30846,1.31098,1.30751,1.31029
2025-11-21 20:00:00,1.31031,1.31084,1.30991,1.30991
2025-11-23 20:00:00,1.3097,1.30976,1.3097,1.30975
2025-11-24 00:00:00,1.30964,1.31026,1.30861,1.30984
2025-11-24 04:00:00,1.30983,1.31108,1.30905,1.30911
2025-11-24 08:00:00,1.30926,1.31101,1.30893,1.30921
2025-11-24 12:00:00,1.30911,1.31175,1.30815,1.30976
2025-11-24 16:00:00,1.30983,1.31158,1.30863,1.31104
2025-11-24 20:00:00,1.31101,1.31117,1.31026,1.31056
2025-11-25 00:00:00,1.31055,1.31162,1.30996,1.31008
2025-11-25 04:00:00,1.31007,1.31298,1.30952,1.3118
2025-11-25 08:00:00,1.31182,1.31415,1.31097,1.3111
2025-11-25 12:00:00,1.31109,1.31955,1.31099,1.31776
2025-11-25 16:00:00,1.31774,1.32142,1.31704,1.32133
2025-11-25 20:00:00,1.32131,1.32152,1.31556,1.31585
2025-11-26 00:00:00,1.31585,1.31974,1.31584,1.31966
2025-11-26 04:00:00,1.31967,1.3199,1.31679,1.31768
2025-11-26 08:00:00,1.3177,1.3192,1.31507,1.3179
2025-11-26 12:00:00,1.3179,1.32336,1.31302,1.32265
2025-11-26 16:00:00,1.32262,1.32372,1.32175,1.32353
2025-11-26 20:00:00,1.3235,1.32482,1.32323,1.32449
2025-11-27 00:00:00,1.32448,1.32627,1.32442,1.32569
2025-11-27 04:00:00,1.32569,1.32697,1.32306,1.32379
2025-11-27 08:00:00,1.32381,1.32444,1.321,1.32313
2025-11-27 12:00:00,1.32312,1.32513,1.3226,1.32506
2025-11-27 16:00:00,1.32501,1.32553,1.32305,1.32378
2025-11-27 20:00:00,1.32376,1.32418,1.32338,1.32407
2025-11-28 00:00:00,1.32406,1.32449,1.32287,1.32408
2025-11-28 04:00:00,1.32409,1.32429,1.32117,1.32126
2025-11-28 08:00:00,1.32126,1.32288,1.32023,1.3205
2025-11-28 12:00:00,1.32049,1.32514,1.3202,1.32493
2025-11-28 16:00:00,1.32489,1.32498,1.32278,1.32448
2025-11-28 20:00:00,1.32445,1.32478,1.32337,1.32349
2025-11-30 20:00:00,1.32271,1.32483,1.32261,1.32393
2025-12-01 00:00:00,1.32393,1.32463,1.32227,1.32303
2025-12-01 04:00:00,1.32304,1.32344,1.3211,1.3223
2025-12-01 08:00:00,1.3223,1.32369,1.32064,1.32325
2025-12-01 12:00:00,1.32322,1.32746,1.32321,1.32534
2025-12-01 16:00:00,1.32531,1.32537,1.32091,1.32111
2025-12-01 20:00:00,1.32109,1.32188,1.32083,1.32091
2025-12-02 00:00:00,1.32091,1.32184,1.32032,1.32177
2025-12-02 04:00:00,1.32178,1.3222,1.32079,1.32158
2025-12-02 08:00:00,1.32158,1.32206,1.31821,1.32006
2025-12-02 12:00:00,1.32006,1.32132,1.31864,1.32022
2025-12-02 16:00:00,1.32018,1.32121,1.31793,1.32121
2025-12-02 20:00:00,1.32119,1.32216,1.32003,1.32191
2025-12-03 00:00:00,1.32191,1.32326,1.3219,1.32292
2025-12-03 04:00:00,1.32293,1.32528,1.32277,1.32424
2025-12-03 08:00:00,1.32424,1.32953,1.32384,1.32941
2025-12-03 12:00:00,1.32937,1.33312,1.32933,1.33293
2025-12-03 16:00:00,1.33288,1.33549,1.33288,1.33519
2025-12-03 20:00:00,1.33517,1.33546,1.33427,1.33482
2025-12-04 00:00:00,1.33482,1.33485,1.33276,1.33319
2025-12-04 04:00:00,1.3332,1.33406,1.33299,1.33376
2025-12-04 08:00:00,1.33374,1.3363,1.33349,1.33607
2025-12-04 12:00:00,1.33606,1.33835,1.33226,1.33734
2025-12-04 16:00:00,1.3373,1.33744,1.33369,1.33406
2025-12-04 20:00:00,1.33406,1.33407,1.33212,1.33219
2025-12-05 00:00:00,1.33223,1.33344,1.33218,1.33274
2025-12-05 04:00:00,1.33274,1.33613,1.33273,1.33539
2025-12-05 08:00:00,1.33537,1.33593,1.33292,1.33396
2025-12-05 12:00:00,1.3339,1.33593,1.33385,1.33419
2025-12-05 16:00:00,1.33415,1.33438,1.33167,1.33344
2025-12-05 20:00:00,1.33344,1.33375,1.33267,1.33329
2025-12-07 20:00:00,1.3327,1.33312,1.33237,1.3325
2025-12-08 00:00:00,1.33253,1.33428,1.33232,1.33371
2025-12-08 04:00:00,1.33371,1.3346,1.33252,1.33273
2025-12-08 08:00:00,1.3327,1.33327,1.33162,1.33213
2025-12-08 12:00:00,1.33214,1.33386,1.33073,1.33124
2025-12-08 16:00:00,1.33123,1.33305,1.33094,1.33267
2025-12-08 20:00:00,1.33267,1.33289,1.33188,1.33262
2025-12-09 00:00:00,1.33265,1.33349,1.33198,1.33289
2025-12-09 04:00:00,1.33289,1.33375,1.33247,1.33294
2025-12-09 08:00:00,1.33291,1.3355,1.33256,1.33291
2025-12-09 12:00:00,1.33286,1.33299,1.32897,1.32961
2025-12-09 16:00:00,1.32958,1.33192,1.32931,1.33017
2025-12-09 20:00:00,1.33018,1.33065,1.32971,1.33029
2025-12-10 00:00:00,1.3303,1.33055,1.32971,1.3303
2025-12-10 04:00:00,1.33031,1.33264,1.3303,1.33251
2025-12-10 08:00:00,1.33249,1.33271,1.33015,1.33111
2025-12-10 12:00:00,1.33109,1.33363,1.33032,1.33207
2025-12-10 16:00:00,1.33205,1.33671,1.33163,1.33641
2025-12-10 20:00:00,1.33641,1.33916,1.3361,1.33884
2025-12-11 00:00:00,1.33883,1.33924,1.33669,1.3368
2025-12-11 04:00:00,1.33679,1.33793,1.33595,1.3371
2025-12-11 08:00:00,1.33707,1.33874,1.33559,1.3387
2025-12-11 12:00:00,1.3387,1.3435,1.33788,1.34346
2025-12-11 16:00:00,1.34345,1.34369,1.33899,1.33903
2025-12-11 20:00:00,1.33903,1.3396,1.33838,1.33921
2025-12-12 00:00:00,1.33925,1.34001,1.33895,1.33912
2025-12-12 04:00:00,1.3391,1.3399,1.33778,1.33862
2025-12-12 08:00:00,1.33861,1.33881,1.33676,1.33759
2025-12-12 12:00:00,1.33759,1.33832,1.33535,1.33547
2025-12-12 16:00:00,1.33543,1.33766,1.33438,1.3366
2025-12-12 20:00:00,1.33663,1.33751,1.33644,1.33717
2025-12-14 20:00:00,1.33781,1.33807,1.33625,1.33674
2025-12-15 00:00:00,1.33675,1.33747,1.33564,1.33574
2025-12-15 04:00:00,1.33573,1.33704,1.33547,1.3364
2025-12-15 08:00:00,1.33637,1.33895,1.33621,1.3385
2025-12-15 12:00:00,1.33848,1.34012,1.33832,1.33932
2025-12-15 16:00:00,1.33931,1.33942,1.336,1.33725
2025-12-15 20:00:00,1.33726,1.33812,1.33702,1.33796
2025-12-16 00:00:00,1.33798,1.33835,1.33616,1.33659
2025-12-16 04:00:00,1.33658,1.33778,1.33565,1.3375
2025-12-16 08:00:00,1.33745,1.34329,1.33745,1.34308
2025-12-16 12:00:00,1.34305,1.34523,1.34064,1.34128
2025-12-16 16:00:00,1.34127,1.34369,1.34039,1.34262
2025-12-16 20:00:00,1.34264,1.34356,1.34206,1.34248
2025-12-17 00:00:00,1.34249,1.3426,1.34069,1.341
2025-12-17 04:00:00,1.34098,1.34101,1.3314,1.33219
2025-12-17 08:00:00,1.33212,1.33367,1.33116,1.33287
2025-12-17 12:00:00,1.33287,1.33917,1.33266,1.33898
2025-12-17 16:00:00,1.33895,1.34038,1.33734,1.33768
2025-12-17 20:00:00,1.3377,1.33844,1.33724,1.33739
2025-12-18 00:00:00,1.33739,1.33785,1.33623,1.33652
2025-12-18 04:00:00,1.3365,1.33752,1.33616,1.33683
2025-12-18 08:00:00,1.33681,1.33728,1.33422,1.3356
2025-12-18 12:00:00,1.33541,1.34436,1.33541,1.3394
2025-12-18 16:00:00,1.3394,1.34048,1.33711,1.33854
2025-12-18 20:00:00,1.33855,1.339,1.33773,1.33844
2025-12-19 00:00:00,1.33843,1.33865,1.33753,1.33779
2025-12-19 04:00:00,1.33777,1.33847,1.3364,1.33656
2025-12-19 08:00:00,1.33651,1.33863,1.33651,1.33736
2025-12-19 12:00:00,1.33735,1.33868,1.33578,1.33617
2025-12-19 16:00:00,1.33617,1.33913,1.33615,1.33902
2025-12-19 20:00:00,1.33904,1.3394,1.3373,1.33761
2025-12-21 20:00:00,1.33837,1.33859,1.33755,1.33781
2025-12-22 00:00:00,1.33782,1.34002,1.3378,1.33937
2025-12-22 04:00:00,1.33935,1.3419,1.33919,1.34146
2025-12-22 08:00:00,1.34144,1.34428,1.341,1.3437
2025-12-22 12:00:00,1.34366,1.34581,1.34277,1.34548
2025-12-22 16:00:00,1.34548,1.34784,1.34472,1.34586
2025-12-22 20:00:00,1.34583,1.34696,1.34546,1.3469
2025-12-23 00:00:00,1.3469,1.34894,1.34682,1.34893
2025-12-23 04:00:00,1.34891,1.35023,1.34806,1.35003
2025-12-23 08:00:00,1.35,1.35192,1.34958,1.35045
2025-12-23 12:00:00,1.35045,1.35114,1.34749,1.3479
2025-12-23 16:00:00,1.34792,1.34975,1.34717,1.34965
2025-12-23 20:00:00,1.34965,1.35244,1.34952,1.35133
2025-12-24 00:00:00,1.35133,1.35345,1.35077,1.35168
2025-12-24 04:00:00,1.35167,1.35239,1.35101,1.35113
2025-12-24 08:00:00,1.35107,1.35275,1.35036,1.35146
2025-12-24 12:00:00,1.35146,1.35149,1.35019,1.35023
2025-12-25 12:00:00,1.35232,1.3528,1.34976,1.35071
2025-12-25 16:00:00,1.35075,1.35347,1.3496,1.35207
2025-12-25 20:00:00,1.35207,1.35293,1.35017,1.35083
2025-12-26 00:00:00,1.35081,1.35227,1.35052,1.35066
2025-12-26 04:00:00,1.35063,1.35077,1.34814,1.34829
2025-12-26 08:00:00,1.34827,1.34978,1.34782,1.34941
2025-12-26 12:00:00,1.3494,1.35266,1.34896,1.35075
2025-12-26 16:00:00,1.35075,1.35075,1.34827,1.34975
2025-12-26 20:00:00,1.3498,1.35065,1.34925,1.3499
2025-12-28 20:00:00,1.34919,1.35021,1.34906,1.34965
2025-12-29 00:00:00,1.34965,1.35121,1.34965,1.35076
2025-12-29 04:00:00,1.35074,1.35078,1.34832,1.34862
2025-12-29 08:00:00,1.34861,1.35096,1.3473,1.34919
2025-12-29 12:00:00,1.34921,1.35122,1.34697,1.34988
2025-12-29 16:00:00,1.34989,1.35077,1.34832,1.35069
2025-12-29 20:00:00,1.3507,1.35154,1.35023,1.35094
2025-12-30 00:00:00,1.35092,1.35122,1.34987,1.3506
2025-12-30 04:00:00,1.35057,1.35216,1.35002,1.35062
2025-12-30 08:00:00,1.35059,1.35301,1.35039,1.3505
2025-12-30 12:00:00,1.3505,1.35074,1.3451,1.34725
2025-12-30 16:00:00,1.34727,1.34844,1.34621,1.34648
2025-12-30 20:00:00,1.34651,1.3472,1.3462,1.34667
2025-12-31 00:00:00,1.34665,1.34676,1.34591,1.34648
2025-12-31 04:00:00,1.34645,1.34651,1.34527,1.34579
2025-12-31 08:00:00,1.34577,1.34662,1.34263,1.34542
2025-12-31 12:00:00,1.34541,1.34683,1.34478,1.34669
2026-01-01 12:00:00,1.34754,1.34798,1.3471,1.34783
2026-01-01 16:00:00,1.34778,1.34825,1.3424,1.34584
2026-01-01 20:00:00,1.3458,1.34754,1.34482,1.34736
2026-01-02 00:00:00,1.34734,1.34914,1.34717,1.34871
2026-01-02 04:00:00,1.34868,1.34875,1.34568,1.34658
2026-01-02 08:00:00,1.34659,1.34682,1.34347,1.34394
2026-01-02 12:00:00,1.34395,1.35017,1.34376,1.34992
2026-01-02 16:00:00,1.3499,1.34991,1.34455,1.34552
2026-01-02 20:00:00,1.34552,1.3467,1.34507,1.34596
2026-01-04 20:00:00,1.34553,1.346,1.34354,1.3439
2026-01-05 00:00:00,1.34387,1.34487,1.34143,1.34172
2026-01-05 04:00:00,1.34171,1.34376,1.34144,1.34226
2026-01-05 08:00:00,1.34222,1.34706,1.34202,1.34601
2026-01-05 12:00:00,1.34601,1.35031,1.34263,1.35018
2026-01-05 16:00:00,1.3502,1.35459,1.35017,1.3544
2026-01-05 20:00:00,1.35438,1.35506,1.35327,1.3533
2026-01-06 00:00:00,1.35326,1.35625,1.35288,1.35588
2026-01-06 04:00:00,1.35584,1.3568,1.35461,1.35487
2026-01-06 08:00:00,1.35484,1.35664,1.35181,1.352
2026-01-06 12:00:00,1.35202,1.35357,1.34959,1.35011
2026-01-06 16:00:00,1.35022,1.35122,1.34918,1.35002
2026-01-06 20:00:00,1.35003,1.35059,1.34962,1.35003
2026-01-07 00:00:00,1.34999,1.35171,1.34991,1.35153
2026-01-07 04:00:00,1.35151,1.35173,1.34922,1.34944
2026-01-07 08:00:00,1.34946,1.35053,1.34858,1.34999
2026-01-07 12:00:00,1.35,1.35023,1.34748,1.34759
2026-01-07 16:00:00,1.34763,1.34848,1.34622,1.34662
2026-01-07 20:00:00,1.34659,1.34677,1.34561,1.34584
2026-01-08 00:00:00,1.3458,1.34658,1.34512,1.34638
2026-01-08 04:00:00,1.34636,1.34641,1.34476,1.34476
2026-01-08 08:00:00,1.34477,1.34513,1.34327,1.34463
2026-01-08 12:00:00,1.34462,1.34474,1.34172,1.344
2026-01-08 16:00:00,1.34404,1.3443,1.34201,1.34298
2026-01-08 20:00:00,1.34298,1.34452,1.34298,1.34361
2026-01-09 00:00:00,1.34359,1.34376,1.34248,1.34373
2026-01-09 04:00:00,1.3437,1.34381,1.34154,1.34273
2026-01-09 08:00:00,1.34272,1.34344,1.34037,1.34129
2026-01-09 12:00:00,1.3413,1.34483,1.3394,1.34141
2026-01-09 16:00:00,1.34144,1.34204,1.33998,1.34072
2026-01-09 20:00:00,1.34071,1.34122,1.33982,1.3407
2026-01-10 00:00:00,1.34067,1.34073,1.33986,1.33991
2026-01-10 04:00:00,1.33989,1.34052,1.33986,1.33999
2026-01-10 08:00:00,1.33999,1.34073,1.33984,1.34064
2026-01-10 12:00:00,1.34065,1.34074,1.34064,1.34068
2026-01-10 16:00:00,1.34068,1.34116,1.3406,1.34087
2026-01-10 20:00:00,1.34086,1.34108,1.34072,1.34083
2026-01-11 00:00:00,1.3408,1.34086,1.34016,1.34058
2026-01-11 04:00:00,1.34056,1.34065,1.34052,1.3406
2026-01-11 08:00:00,1.34059,1.34075,1.34053,1.34068
2026-01-11 12:00:00,1.34069,1.34082,1.34003,1.34014
2026-01-11 16:00:00,1.34015,1.34099,1.3396,1.3403
2026-01-11 20:00:00,1.34028,1.3409,1.33922,1.33939
2026-01-12 00:00:00,1.33935,1.34405,1.33918,1.34217
2026-01-12 04:00:00,1.34216,1.34474,1.34166,1.34441
2026-01-12 08:00:00,1.34441,1.3474,1.34441,1.34591
2026-01-12 12:00:00,1.34593,1.34886,1.3459,1.34759
2026-01-12 16:00:00,1.34759,1.34764,1.34571,1.34667
2026-01-12 20:00:00,1.34665,1.34703,1.34621,1.34663
2026-01-13 00:00:00,1.3466,1.34787,1.34626,1.34708
2026-01-13 04:00:00,1.34706,1.34776,1.34632,1.3468
2026-01-13 08:00:00,1.34681,1.34852,1.34636,1.34711
2026-01-13 12:00:00,1.34713,1.3493,1.34364,1.34382
2026-01-13 16:00:00,1.34391,1.34483,1.34253,1.34357
2026-01-13 20:00:00,1.34355,1.34374,1.34214,1.34265
2026-01-14 00:00:00,1.34262,1.34483,1.34198,1.34455
2026-01-14 04:00:00,1.34453,1.34494,1.34349,1.3439
2026-01-14 08:00:00,1.3439,1.34585,1.34368,1.3449
2026-01-14 12:00:00,1.34496,1.3466,1.34402,1.34557
2026-01-14 16:00:00,1.34557,1.3457,1.34253,1.34313
2026-01-14 20:00:00,1.3431,1.34466,1.34308,1.34413
2026-01-15 00:00:00,1.34411,1.34415,1.34262,1.34274
2026-01-15 04:00:00,1.34271,1.34427,1.34235,1.3434
2026-01-15 08:00:00,1.34341,1.34461,1.34174,1.34183
2026-01-15 12:00:00,1.34184,1.34208,1.33632,1.33853
2026-01-15 16:00:00,1.33854,1.33936,1.33808,1.33854
2026-01-15 20:00:00,1.33851,1.33864,1.33737,1.33816
2026-01-16 00:00:00,1.33812,1.33907,1.3372,1.33906
2026-01-16 04:00:00,1.33904,1.33921,1.33777,1.33898
2026-01-16 08:00:00,1.33899,1.34125,1.33899,1.34077
2026-01-16 12:00:00,1.34079,1.34092,1.33677,1.33775
2026-01-16 16:00:00,1.33777,1.33901,1.33734,1.33816
2026-01-16 20:00:00,1.33813,1.33896,1.33601,1.3378
2026-01-17 00:00:00,1.33793,1.33793,1.33424,1.33441
2026-01-17 04:00:00,1.3344,1.33816,1.33422,1.33805
2026-01-17 08:00:00,1.33805,1.33826,1.3379,1.33805
2026-01-17 12:00:00,1.33806,1.33825,1.3358,1.33773
2026-01-17 16:00:00,1.33772,1.33816,1.33771,1.33802
2026-01-17 20:00:00,1.33799,1.33816,1.3367,1.33793
2026-01-18 00:00:00,1.3379,1.33817,1.33786,1.33789
2026-01-18 04:00:00,1.33788,1.33818,1.33787,1.33811
2026-01-18 08:00:00,1.33812,1.33818,1.33791,1.33805
2026-01-18 12:00:00,1.33806,1.33841,1.33382,1.33509
2026-01-18 16:00:00,1.33509,1.33864,1.33259,1.33546
2026-01-18 20:00:00,1.33546,1.34043,1.33419,1.34031
2026-01-19 00:00:00,1.34029,1.34081,1.33801,1.33892
2026-01-19 04:00:00,1.33891,1.34095,1.33843,1.33888
2026-01-19 08:00:00,1.33889,1.34139,1.33886,1.34087
2026-01-19 12:00:00,1.34085,1.34283,1.34057,1.34218
2026-01-19 16:00:00,1.34218,1.34348,1.34211,1.34265
2026-01-19 20:00:00,1.34262,1.34291,1.34169,1.34191
2026-01-20 00:00:00,1.34188,1.34398,1.34104,1.34358
2026-01-20 04:00:00,1.34357,1.34808,1.34261,1.34751
2026-01-20 08:00:00,1.34753,1.34909,1.34603,1.34635
2026-01-20 12:00:00,1.34637,1.34774,1.34413,1.34595
2026-01-20 16:00:00,1.34592,1.34753,1.34281,1.34281
2026-01-20 20:00:00,1.34276,1.34494,1.34244,1.34405
2026-01-21 00:00:00,1.34404,1.34566,1.34336,1.344
2026-01-21 04:00:00,1.34399,1.34469,1.34329,1.34432
2026-01-21 08:00:00,1.34432,1.34471,1.34025,1.34097
2026-01-21 12:00:00,1.34095,1.34566,1.34024,1.34283
2026-01-21 16:00:00,1.34281,1.3441,1.34107,1.34253
2026-01-21 20:00:00,1.3425,1.34331,1.34129,1.34188
2026-01-22 00:00:00,1.34186,1.3435,1.34181,1.34325
2026-01-22 04:00:00,1.34324,1.34395,1.34211,1.34338
2026-01-22 08:00:00,1.34337,1.34528,1.34092,1.34228
2026-01-22 12:00:00,1.34225,1.34834,1.3414,1.34779
2026-01-22 16:00:00,1.34777,1.35025,1.34769,1.34911
2026-01-22 20:00:00,1.34909,1.3508,1.3487,1.35
2026-01-23 00:00:00,1.34997,1.35038,1.34894,1.34908
2026-01-23 04:00:00,1.34908,1.35043,1.34837,1.34935
2026-01-23 08:00:00,1.34935,1.35369,1.3484,1.35168
2026-01-23 12:00:00,1.35173,1.35691,1.35167,1.35642
2026-01-23 16:00:00,1.35639,1.36276,1.35608,1.3625
2026-01-23 20:00:00,1.36251,1.3649,1.35869,1.36454
2026-01-24 00:00:00,1.36458,1.36487,1.36312,1.36481
2026-01-24 04:00:00,1.36481,1.36487,1.36452,1.36479
2026-01-24 08:00:00,1.3648,1.36487,1.36428,1.36479
2026-01-24 12:00:00,1.3648,1.36487,1.36419,1.36433
2026-01-24 16:00:00,1.36431,1.36442,1.36191,1.36284
2026-01-24 20:00:00,1.36281,1.36367,1.36106,1.36346
2026-01-25 00:00:00,1.36344,1.36436,1.36328,1.36423
2026-01-25 04:00:00,1.36423,1.36445,1.36408,1.36438
2026-01-25 08:00:00,1.36439,1.36472,1.36043,1.36248
2026-01-25 12:00:00,1.36248,1.36436,1.35945,1.36432
2026-01-25 16:00:00,1.3643,1.36557,1.36112,1.36472
2026-01-25 20:00:00,1.36469,1.36901,1.36354,1.36642
2026-01-26 00:00:00,1.36644,1.368,1.36434,1.36599
2026-01-26 04:00:00,1.36599,1.36766,1.36454,1.36462
2026-01-26 08:00:00,1.36466,1.36767,1.36442,1.36671
2026-01-26 12:00:00,1.3667,1.37114,1.36442,1.37087
2026-01-26 16:00:00,1.37085,1.37132,1.36753,1.36823
2026-01-26 20:00:00,1.3682,1.36862,1.36748,1.36761
2026-01-27 00:00:00,1.3676,1.37008,1.36707,1.36835
2026-01-27 04:00:00,1.36835,1.36905,1.36705,1.36738
2026-01-27 08:00:00,1.36741,1.37117,1.36641,1.37117
2026-01-27 12:00:00,1.37114,1.37904,1.37096,1.37512
2026-01-27 16:00:00,1.3751,1.37908,1.3751,1.3784
2026-01-27 20:00:00,1.37838,1.38621,1.37787,1.38261
2026-01-28 00:00:00,1.38259,1.38292,1.37918,1.37991
2026-01-28 04:00:00,1.37991,1.38312,1.37896,1.37998
2026-01-28 08:00:00,1.37997,1.3809,1.37702,1.37712
2026-01-28 12:00:00,1.37711,1.37997,1.37527,1.37882
2026-01-28 16:00:00,1.3788,1.37959,1.37561,1.37948
2026-01-28 20:00:00,1.37946,1.38298,1.37883,1.38241
2026-01-29 00:00:00,1.38238,1.38334,1.37944,1.38321
2026-01-29 04:00:00,1.38322,1.3846,1.3826,1.38316
2026-01-29 08:00:00,1.38321,1.38464,1.37821,1.37937
2026-01-29 12:00:00,1.37937,1.38348,1.37452,1.37644
2026-01-29 16:00:00,1.37642,1.38067,1.37636,1.37954
2026-01-29 20:00:00,1.37954,1.3814,1.37904,1.3807
2026-01-30 00:00:00,1.38067,1.38145,1.37317,1.37547
2026-01-30 04:00:00,1.37548,1.37847,1.37424,1.37715
2026-01-30 08:00:00,1.37713,1.37798,1.3724,1.37782
2026-01-30 12:00:00,1.37785,1.37878,1.37167,1.37219
2026-01-30 16:00:00,1.37216,1.37277,1.36803,1.36976
2026-01-30 20:00:00,1.36972,1.37317,1.36792,1.36892
2026-01-31 00:00:00,1.36892,1.36895,1.36836,1.3684
2026-01-31 04:00:00,1.3684,1.37151,1.36837,1.36845
2026-01-31 08:00:00,1.36845,1.36878,1.36836,1.36842
2026-01-31 12:00:00,1.36841,1.36915,1.36836,1.3689
2026-01-31 16:00:00,1.36887,1.37003,1.36885,1.3693
2026-01-31 20:00:00,1.36927,1.37055,1.36926,1.36949
2026-02-01 00:00:00,1.36948,1.36954,1.36875,1.36895
2026-02-01 04:00:00,1.36895,1.36919,1.36876,1.36912
2026-02-01 08:00:00,1.36913,1.37046,1.36875,1.37041
2026-02-01 12:00:00,1.3704,1.37137,1.36859,1.36893
2026-02-01 16:00:00,1.3689,1.37229,1.36832,1.3704
2026-02-01 20:00:00,1.37035,1.37162,1.36615,1.36772
2026-02-02 00:00:00,1.36767,1.37047,1.36767,1.36845
2026-02-02 04:00:00,1.36845,1.36868,1.36625,1.36814
2026-02-02 08:00:00,1.36816,1.37142,1.36797,1.37007
2026-02-02 12:00:00,1.37006,1.37058,1.36267,1.36287
2026-02-02 16:00:00,1.36284,1.36629,1.36263,1.36611
2026-02-02 20:00:00,1.36615,1.3673,1.36548,1.36728
2026-02-03 00:00:00,1.36727,1.36886,1.36717,1.36865
2026-02-03 04:00:00,1.36865,1.37058,1.36839,1.36986
2026-02-03 08:00:00,1.36986,1.36991,1.36502,1.36533
2026-02-03 12:00:00,1.36531,1.37034,1.36527,1.37033
2026-02-03 16:00:00,1.37031,1.37067,1.36741,1.36889
2026-02-03 20:00:00,1.3689,1.37025,1.36846,1.3697
2026-02-04 00:00:00,1.36969,1.37123,1.36925,1.37044
2026-02-04 04:00:00,1.37045,1.37213,1.37037,1.37164
2026-02-04 08:00:00,1.37165,1.37322,1.3697,1.37094
2026-02-04 12:00:00,1.37093,1.37259,1.36647,1.36647
2026-02-04 16:00:00,1.36645,1.36732,1.36433,1.3663
2026-02-04 20:00:00,1.36626,1.36738,1.36439,1.3644
2026-02-05 00:00:00,1.36438,1.3654,1.36212,1.36245
2026-02-05 04:00:00,1.36246,1.3629,1.36064,1.36211
2026-02-05 08:00:00,1.36213,1.36326,1.35578,1.36133
2026-02-05 12:00:00,1.36107,1.36133,1.35235,1.35277
2026-02-05 16:00:00,1.35273,1.35572,1.35203,1.35493
2026-02-05 20:00:00,1.35494,1.35527,1.35212,1.35213
2026-02-06 00:00:00,1.35213,1.35501,1.35104,1.35469
2026-02-06 04:00:00,1.3547,1.35784,1.35467,1.35674
2026-02-06 08:00:00,1.35672,1.35918,1.35601,1.35851
2026-02-06 12:00:00,1.35849,1.36154,1.35817,1.36146
2026-02-06 16:00:00,1.36144,1.36242,1.36016,1.36161
2026-02-06 20:00:00,1.36157,1.36221,1.35962,1.36106
2026-02-07 00:00:00,1.36106,1.36138,1.361,1.36131
2026-02-07 04:00:00,1.36132,1.36137,1.36098,1.36104
2026-02-07 08:00:00,1.36103,1.36118,1.36098,1.36102
2026-02-07 12:00:00,1.361,1.36133,1.36098,1.36129
2026-02-07 16:00:00,1.36126,1.3614,1.36123,1.36134
2026-02-07 20:00:00,1.36132,1.36138,1.36125,1.36132
2026-02-08 08:00:00,1.3609,1.3609,1.3609,1.3609
2026-02-08 20:00:00,1.35983,1.3611,1.35878,1.36082
2026-02-09 00:00:00,1.3611,1.36199,1.35921,1.35993
2026-02-09 04:00:00,1.35995,1.36281,1.35905,1.36051
2026-02-09 08:00:00,1.36045,1.36429,1.35875,1.36405
2026-02-09 12:00:00,1.36396,1.36866,1.36256,1.36803
2026-02-09 16:00:00,1.36791,1.37018,1.36633,1.36962
2026-02-09 20:00:00,1.36957,1.37003,1.36825,1.36827
2026-02-10 00:00:00,1.36827,1.36966,1.36728,1.36854
2026-02-10 04:00:00,1.36856,1.36863,1.36681,1.36709
2026-02-10 08:00:00,1.36711,1.36848,1.36586,1.36637
2026-02-10 12:00:00,1.36635,1.36948,1.36544,1.36758
2026-02-10 16:00:00,1.36757,1.36761,1.3642,1.36562
2026-02-10 20:00:00,1.36559,1.36582,1.36313,1.3633
2026-02-11 00:00:00,1.36331,1.36676,1.36324,1.36646
2026-02-11 04:00:00,1.36648,1.3678,1.36581,1.36736
2026-02-11 08:00:00,1.36739,1.37135,1.36699,1.36921
2026-02-11 12:00:00,1.36919,1.36925,1.36156,1.36339
2026-02-11 16:00:00,1.36335,1.36672,1.36301,1.36332
2026-02-11 20:00:00,1.36329,1.36379,1.36188,1.36232
2026-02-12 00:00:00,1.36233,1.36418,1.36165,1.36317
2026-02-12 04:00:00,1.36318,1.36351,1.3606,1.3632
2026-02-12 08:00:00,1.36323,1.36534,1.36267,1.36501
2026-02-12 12:00:00,1.36499,1.36717,1.36232,1.3655
2026-02-12 16:00:00,1.36548,1.36557,1.36051,1.36244
2026-02-12 20:00:00,1.36243,1.36281,1.3616,1.36187
2026-02-13 00:00:00,1.36187,1.36236,1.36119,1.36153
2026-02-13 04:00:00,1.36154,1.36172,1.35919,1.36145
2026-02-13 08:00:00,1.36146,1.36293,1.36024,1.3603
2026-02-13 12:00:00,1.36027,1.36458,1.36007,1.36148
2026-02-13 16:00:00,1.36148,1.36619,1.36097,1.36436
2026-02-13 20:00:00,1.36436,1.36629,1.36384,1.36533
2026-02-14 00:00:00,1.36532,1.36586,1.36472,1.36557
2026-02-14 04:00:00,1.36558,1.36564,1.3647,1.36478
2026-02-14 08:00:00,1.36477,1.3652,1.36461,1.36475
2026-02-14 12:00:00,1.36472,1.36532,1.36219,1.36476
2026-02-14 16:00:00,1.36473,1.36599,1.36363,1.36498
2026-02-14 20:00:00,1.36506,1.36722,1.36068,1.3647
2026-02-15 00:00:00,1.36471,1.36525,1.36471,1.36519
2026-02-15 04:00:00,1.36519,1.36531,1.36516,1.36524
2026-02-15 08:00:00,1.36523,1.3653,1.36457,1.36462
2026-02-15 12:00:00,1.36459,1.36517,1.36387,1.36466
2026-02-15 16:00:00,1.36463,1.36554,1.36367,1.36443
2026-02-15 20:00:00,1.36445,1.36529,1.36381,1.36462
2026-02-16 00:00:00,1.36464,1.36479,1.3637,1.36418
2026-02-16 04:00:00,1.36419,1.36502,1.36348,1.36439
2026-02-16 08:00:00,1.36438,1.3661,1.36418,1.36448
2026-02-16 12:00:00,1.36444,1.36512,1.36292,1.36331
2026-02-16 16:00:00,1.36327,1.36347,1.36262,1.36325
2026-02-16 20:00:00,1.36323,1.36343,1.36233,1.36273
2026-02-17 00:00:00,1.36275,1.36294,1.36067,1.36123
2026-02-17 04:00:00,1.36124,1.36151,1.35541,1.35612
2026-02-17 08:00:00,1.35611,1.36054,1.356,1.3565
2026-02-17 12:00:00,1.35647,1.3571,1.34954,1.35037
2026-02-17 16:00:00,1.35033,1.35622,1.35033,1.35622
2026-02-17 20:00:00,1.35622,1.35737,1.35547,1.35634
2026-02-18 00:00:00,1.35635,1.35666,1.35527,1.35539
2026-02-18 04:00:00,1.35538,1.35712,1.35506,1.3562
2026-02-18 08:00:00,1.35619,1.35825,1.35577,1.35732
2026-02-18 12:00:00,1.35726,1.35817,1.35347,1.35461
2026-02-18 16:00:00,1.35459,1.35552,1.34978,1.35002
2026-02-18 20:00:00,1.35001,1.35055,1.34926,1.34953
2026-02-19 00:00:00,1.34953,1.34984,1.34879,1.34911
2026-02-19 04:00:00,1.34912,1.35121,1.34807,1.35113
2026-02-19 08:00:00,1.35111,1.35164,1.34657,1.34676
2026-02-19 12:00:00,1.34675,1.3476,1.34363,1.34554
2026-02-19 16:00:00,1.34553,1.34659,1.34391,1.34511
2026-02-19 20:00:00,1.3451,1.34737,1.3451,1.34604
2026-02-20 00:00:00,1.34604,1.34636,1.34362,1.34437
2026-02-20 04:00:00,1.34436,1.34662,1.34382,1.3447
2026-02-20 08:00:00,1.34468,1.34822,1.34382,1.34722
2026-02-20 12:00:00,1.3472,1.35175,1.34669,1.35002
2026-02-20 16:00:00,1.34998,1.35135,1.34768,1.3486
2026-02-20 20:00:00,1.3486,1.34973,1.34766,1.3481
2026-02-21 00:00:00,1.34812,1.3483,1.34793,1.34799
2026-02-21 04:00:00,1.34799,1.3482,1.34791,1.34799
2026-02-21 08:00:00,1.34797,1.34807,1.34789,1.34802
2026-02-21 12:00:00,1.34799,1.34805,1.34775,1.34801
2026-02-21 16:00:00,1.34799,1.34905,1.34797,1.34899
2026-02-21 20:00:00,1.34899,1.34927,1.34898,1.34919
2026-02-22 00:00:00,1.34921,1.34926,1.34863,1.34865
2026-02-22 04:00:00,1.34864,1.3487,1.34852,1.34861
2026-02-22 08:00:00,1.34859,1.34864,1.34852,1.34857
2026-02-22 12:00:00,1.34854,1.3486,1.34822,1.34839
2026-02-22 16:00:00,1.34837,1.35011,1.34636,1.34853
2026-02-22 20:00:00,1.34853,1.35346,1.34784,1.35326
2026-02-23 00:00:00,1.35323,1.35325,1.35112,1.35178
2026-02-23 04:00:00,1.35177,1.35353,1.35126,1.3526
2026-02-23 08:00:00,1.35258,1.3527,1.34873,1.34914
2026-02-23 12:00:00,1.34913,1.35245,1.34763,1.34965
2026-02-23 16:00:00,1.34966,1.35144,1.34857,1.3489
2026-02-23 20:00:00,1.34891,1.34998,1.34886,1.34959
2026-02-24 00:00:00,1.3496,1.3501,1.3479,1.34884
2026-02-24 04:00:00,1.34884,1.34921,1.3474,1.34785
2026-02-24 08:00:00,1.34782,1.35052,1.34704,1.34872
2026-02-24 12:00:00,1.34869,1.35236,1.34788,1.35152
2026-02-24 16:00:00,1.35151,1.35361,1.35006,1.3502
2026-02-24 20:00:00,1.3502,1.35087,1.34879,1.34957
2026-02-25 00:00:00,1.34958,1.35215,1.34917,1.35133
2026-02-25 04:00:00,1.35132,1.35285,1.35119,1.35281
2026-02-25 08:00:00,1.35278,1.35322,1.34919,1.35045
2026-02-25 12:00:00,1.35041,1.3535,1.35041,1.35331
2026-02-25 16:00:00,1.35328,1.35649,1.35328,1.35516
2026-02-25 20:00:00,1.35516,1.35613,1.35499,1.35581
2026-02-26 00:00:00,1.35582,1.35747,1.3554,1.35571
2026-02-26 04:00:00,1.3557,1.35621,1.35458,1.35488
2026-02-26 08:00:00,1.35486,1.35489,1.352,1.35309
2026-02-26 12:00:00,1.35307,1.35566,1.34952,1.3513
2026-02-26 16:00:00,1.35127,1.35155,1.3447,1.34881
2026-02-26 20:00:00,1.34881,1.34937,1.34799,1.34909
2026-02-27 00:00:00,1.34911,1.34961,1.34766,1.34922
2026-02-27 04:00:00,1.34921,1.35013,1.34627,1.34896
2026-02-27 08:00:00,1.34893,1.3512,1.3465,1.34671
2026-02-27 12:00:00,1.34666,1.34783,1.34403,1.34457
2026-02-27 16:00:00,1.34457,1.34845,1.34439,1.34802
2026-02-27 20:00:00,1.34804,1.34909,1.34717,1.34832
2026-02-28 00:00:00,1.34835,1.34899,1.34831,1.34886
2026-02-28 04:00:00,1.34885,1.34891,1.34859,1.34883
2026-02-28 08:00:00,1.34881,1.34895,1.34835,1.34864
2026-02-28 12:00:00,1.34862,1.34868,1.34823,1.34848
2026-02-28 16:00:00,1.34847,1.34857,1.34731,1.34796
2026-02-28 20:00:00,1.34797,1.34822,1.3468,1.34803
2026-03-01 00:00:00,1.34803,1.34854,1.34801,1.34846
2026-03-01 04:00:00,1.34845,1.34898,1.34841,1.3485
2026-03-01 08:00:00,1.34848,1.34855,1.34782,1.34786
2026-03-01 12:00:00,1.34783,1.34789,1.34688,1.34779
2026-03-01 16:00:00,1.34778,1.34889,1.34196,1.34425
2026-03-01 20:00:00,1.34423,1.34643,1.33982,1.34063
2026-03-02 00:00:00,1.34061,1.34558,1.34025,1.34484
2026-03-02 04:00:00,1.34483,1.34511,1.33485,1.33599
2026-03-02 08:00:00,1.33593,1.34261,1.33153,1.34126
2026-03-02 12:00:00,1.34126,1.34242,1.33645,1.33718
2026-03-02 16:00:00,1.33717,1.34319,1.33604,1.34292
2026-03-02 20:00:00,1.34292,1.34294,1.33862,1.34096
2026-03-03 00:00:00,1.34094,1.34244,1.33928,1.34
2026-03-03 04:00:00,1.33998,1.34026,1.33346,1.33362
2026-03-03 08:00:00,1.33359,1.33364,1.32622,1.32936
2026-03-03 12:00:00,1.32934,1.33293,1.32538,1.32959
2026-03-03 16:00:00,1.32957,1.33658,1.32957,1.33581
2026-03-03 20:00:00,1.3358,1.33703,1.33486,1.33523
2026-03-04 00:00:00,1.33522,1.33524,1.33055,1.33392
2026-03-04 04:00:00,1.33391,1.33758,1.33055,1.33615
2026-03-04 08:00:00,1.33613,1.34038,1.33346,1.33773
2026-03-04 12:00:00,1.33773,1.33881,1.33506,1.33651
2026-03-04 16:00:00,1.33651,1.33756,1.33475,1.33756
2026-03-04 20:00:00,1.33756,1.33809,1.33666,1.3369
2026-03-05 00:00:00,1.3369,1.33865,1.33383,1.33398
2026-03-05 04:00:00,1.33397,1.33566,1.33074,1.33411
2026-03-05 08:00:00,1.33409,1.33757,1.3316,1.33596
2026-03-05 12:00:00,1.33595,1.33771,1.33088,1.33225
2026-03-05 16:00:00,1.33225,1.33392,1.33001,1.33192
2026-03-05 20:00:00,1.33194,1.33648,1.33191,1.33568
2026-03-06 00:00:00,1.33567,1.33728,1.33561,1.3371
2026-03-06 04:00:00,1.33708,1.33721,1.33536,1.3369
2026-03-06 08:00:00,1.33686,1.33781,1.33187,1.33198
2026-03-06 12:00:00,1.33195,1.33815,1.33109,1.33586
2026-03-06 16:00:00,1.33586,1.34079,1.33586,1.33891
2026-03-06 20:00:00,1.33891,1.34137,1.338,1.34095
2026-03-07 00:00:00,1.34097,1.34177,1.34094,1.34173
2026-03-07 04:00:00,1.34171,1.34177,1.34123,1.34167
2026-03-07 08:00:00,1.34163,1.34177,1.34124,1.34173
2026-03-07 12:00:00,1.34171,1.34177,1.34085,1.341
2026-03-07 16:00:00,1.34101,1.34111,1.33937,1.34056
2026-03-07 20:00:00,1.34057,1.3407,1.33846,1.34054
2026-03-08 00:00:00,1.34053,1.34127,1.34052,1.34117
2026-03-08 04:00:00,1.34115,1.34123,1.34078,1.34083
2026-03-08 08:00:00,1.3408,1.34128,1.34079,1.34119
2026-03-08 12:00:00,1.34117,1.34141,1.34115,1.34135
2026-03-08 16:00:00,1.34135,1.34164,1.3338,1.33544
2026-03-08 20:00:00,1.3352,1.33751,1.33029,1.33044
2026-03-09 00:00:00,1.33045,1.33192,1.32842,1.32955
2026-03-09 04:00:00,1.32952,1.33482,1.32952,1.33442
2026-03-09 08:00:00,1.33435,1.33614,1.33043,1.33463
2026-03-09 12:00:00,1.3346,1.33975,1.3346,1.33955
2026-03-09 16:00:00,1.33954,1.34428,1.33826,1.34312
2026-03-09 20:00:00,1.34311,1.34538,1.34168,1.34239
2026-03-10 00:00:00,1.34238,1.34441,1.34145,1.34168
2026-03-10 04:00:00,1.34166,1.34797,1.3415,1.34764
2026-03-10 08:00:00,1.34761,1.34817,1.344,1.34453
2026-03-10 12:00:00,1.34451,1.34731,1.3432,1.34577
2026-03-10 16:00:00,1.34578,1.34815,1.34142,1.34181
2026-03-10 20:00:00,1.34188,1.3425,1.34104,1.3419
2026-03-11 00:00:00,1.34191,1.34531,1.34157,1.3453
2026-03-11 04:00:00,1.34528,1.34581,1.34305,1.3434
2026-03-11 08:00:00,1.34337,1.34478,1.34042,1.34307
2026-03-11 12:00:00,1.34309,1.34374,1.33944,1.34031
2026-03-11 16:00:00,1.3403,1.34219,1.33959,1.34178
2026-03-11 20:00:00,1.34179,1.34187,1.33763,1.33816
2026-03-12 00:00:00,1.33815,1.33962,1.3366,1.33713
2026-03-12 04:00:00,1.3371,1.33911,1.33596,1.33891
2026-03-12 08:00:00,1.33879,1.34098,1.33724,1.33977
2026-03-12 12:00:00,1.33976,1.3398,1.33398,1.33505
2026-03-12 16:00:00,1.33506,1.33621,1.33373,1.33482
2026-03-12 20:00:00,1.3348,1.33544,1.33344,1.33527
2026-03-13 00:00:00,1.33526,1.33692,1.33406,1.33466
2026-03-13 04:00:00,1.33464,1.33468,1.32757,1.32794
2026-03-13 08:00:00,1.32793,1.32821,1.32468,1.32558
2026-03-13 12:00:00,1.32558,1.32895,1.32323,1.32389
2026-03-13 16:00:00,1.32389,1.3252,1.32255,1.32276
2026-03-13 20:00:00,1.32277,1.32677,1.32066,1.32144
2026-03-14 00:00:00,1.32148,1.32377,1.32144,1.32374
2026-03-14 04:00:00,1.32371,1.32377,1.32223,1.32247
2026-03-14 08:00:00,1.32246,1.32347,1.32229,1.32232
2026-03-14 12:00:00,1.32232,1.33707,1.32225,1.33017
2026-03-14 16:00:00,1.33018,1.33022,1.32307,1.32396
2026-03-14 20:00:00,1.32397,1.32414,1.32316,1.32359
2026-03-15 00:00:00,1.32357,1.32402,1.32314,1.3234
2026-03-15 04:00:00,1.32337,1.32417,1.32321,1.32396
2026-03-15 08:00:00,1.32394,1.32402,1.32356,1.32383
2026-03-15 12:00:00,1.32382,1.32869,1.32231,1.3246
2026-03-15 16:00:00,1.32461,1.32628,1.31438,1.324
2026-03-15 20:00:00,1.32401,1.32477,1.32244,1.32471
2026-03-16 00:00:00,1.3247,1.32654,1.32469,1.32619
2026-03-16 04:00:00,1.32617,1.32622,1.32318,1.3243
2026-03-16 08:00:00,1.32423,1.32832,1.32371,1.32795
2026-03-16 12:00:00,1.32794,1.3317,1.32776,1.33008
2026-03-16 16:00:00,1.3301,1.33377,1.32891,1.33256
2026-03-16 20:00:00,1.33258,1.33286,1.33085,1.33137
2026-03-17 00:00:00,1.33135,1.33138,1.32964,1.33028
2026-03-17 04:00:00,1.33025,1.33155,1.32746,1.33053
2026-03-17 08:00:00,1.33049,1.33407,1.33003,1.33186
2026-03-17 12:00:00,1.33187,1.33601,1.33144,1.3343
2026-03-17 16:00:00,1.3343,1.33645,1.33363,1.33525
2026-03-17 20:00:00,1.33526,1.33619,1.33523,1.33583
2026-03-18 00:00:00,1.33581,1.33632,1.33508,1.33585
2026-03-18 04:00:00,1.33579,1.3375,1.3349,1.33533
2026-03-18 08:00:00,1.3353,1.33701,1.33429,1.33607
2026-03-18 12:00:00,1.33608,1.33625,1.33048,1.33213
2026-03-18 16:00:00,1.33213,1.33483,1.3274,1.32765
2026-03-18 20:00:00,1.32766,1.32787,1.32523,1.3265
2026-03-19 00:00:00,1.32648,1.3297,1.32646,1.32834
2026-03-19 04:00:00,1.32834,1.32837,1.32525,1.32633
2026-03-19 08:00:00,1.32629,1.32912,1.32459,1.3291
2026-03-19 12:00:00,1.32909,1.33863,1.32806,1.335
2026-03-19 16:00:00,1.33497,1.347,1.33477,1.34287
2026-03-19 20:00:00,1.34284,1.34417,1.34171,1.34252
2026-03-20 00:00:00,1.3425,1.34292,1.34031,1.34046
2026-03-20 04:00:00,1.34044,1.34289,1.33985,1.34265
2026-03-20 08:00:00,1.34262,1.3436,1.33649,1.33948
2026-03-20 12:00:00,1.33949,1.34073,1.33019,1.33042
2026-03-20 16:00:00,1.3304,1.3351,1.33029,1.33338
2026-03-20 20:00:00,1.33339,1.33557,1.33299,1.33361
2026-03-21 00:00:00,1.33359,1.33447,1.33359,1.33444
2026-03-21 04:00:00,1.33441,1.33549,1.33413,1.33436
2026-03-21 08:00:00,1.33434,1.33452,1.33415,1.33441
2026-03-21 12:00:00,1.33441,1.33447,1.33394,1.33405
2026-03-21 16:00:00,1.33406,1.33421,1.3325,1.33347
2026-03-21 20:00:00,1.33346,1.33398,1.33247,1.33365
2026-03-22 00:00:00,1.33362,1.3343,1.33361,1.33401
2026-03-22 04:00:00,1.33398,1.33429,1.33388,1.33407
2026-03-22 08:00:00,1.33405,1.3343,1.3339,1.33417
2026-03-22 12:00:00,1.33418,1.33435,1.33414,1.33418
2026-03-22 16:00:00,1.33419,1.3351,1.32986,1.33167
2026-03-22 20:00:00,1.33174,1.33354,1.33034,1.3333
2026-03-23 00:00:00,1.33326,1.33418,1.33104,1.33156
2026-03-23 04:00:00,1.33151,1.33268,1.32825,1.32888
2026-03-23 08:00:00,1.32884,1.34391,1.32579,1.33562
2026-03-23 12:00:00,1.33562,1.34757,1.33398,1.33859
2026-03-23 16:00:00,1.3386,1.34576,1.33806,1.34328
2026-03-23 20:00:00,1.34322,1.34416,1.3424,1.34252
2026-03-24 00:00:00,1.34249,1.34259,1.33871,1.33978
2026-03-24 04:00:00,1.33974,1.34401,1.3386,1.34315
2026-03-24 08:00:00,1.34317,1.34317,1.33845,1.3397
2026-03-24 12:00:00,1.33971,1.34166,1.33688,1.33828
2026-03-24 16:00:00,1.33826,1.33957,1.33545,1.33824
2026-03-24 20:00:00,1.33823,1.34285,1.33809,1.34161
2026-03-25 00:00:00,1.34159,1.3435,1.3398,1.33988
2026-03-25 04:00:00,1.33986,1.33999,1.33706,1.33894
2026-03-25 08:00:00,1.33892,1.34248,1.33892,1.34133
2026-03-25 12:00:00,1.34137,1.34259,1.33593,1.33719
2026-03-25 16:00:00,1.33719,1.33906,1.33591,1.33658
2026-03-25 20:00:00,1.33657,1.33709,1.33584,1.33635
2026-03-26 00:00:00,1.33632,1.33677,1.33504,1.33652
2026-03-26 04:00:00,1.33649,1.33679,1.33483,1.33518
2026-03-26 08:00:00,1.33519,1.33611,1.33259,1.33272
2026-03-26 12:00:00,1.33271,1.33776,1.33231,1.33499
2026-03-26 16:00:00,1.33502,1.33525,1.33139,1.33142
2026-03-26 20:00:00,1.3314,1.33471,1.33107,1.33351
2026-03-27 00:00:00,1.33348,1.33458,1.33235,1.33405
2026-03-27 04:00:00,1.33402,1.33471,1.3313,1.33132
2026-03-27 08:00:00,1.33132,1.33201,1.3285,1.32852
2026-03-27 12:00:00,1.32851,1.33333,1.32724,1.32923
2026-03-27 16:00:00,1.3292,1.32969,1.32604,1.32723
2026-03-27 20:00:00,1.32721,1.32767,1.32573,1.32626
2026-03-28 00:00:00,1.32622,1.32673,1.32622,1.32653
2026-03-28 04:00:00,1.32651,1.32671,1.32606,1.32615
2026-03-28 08:00:00,1.32615,1.32664,1.32592,1.3265
2026-03-28 12:00:00,1.32651,1.33624,1.32604,1.32852
2026-03-28 16:00:00,1.32853,1.32859,1.32686,1.32711
2026-03-28 20:00:00,1.32712,1.32763,1.32666,1.32693
2026-03-29 00:00:00,1.3269,1.32696,1.32621,1.32649
2026-03-29 04:00:00,1.32647,1.33114,1.32564,1.32709
2026-03-29 08:00:00,1.32709,1.3279,1.32659,1.32749
2026-03-29 12:00:00,1.3275,1.33463,1.32736,1.33415
2026-03-29 16:00:00,1.33415,1.33487,1.3235,1.32643
2026-03-29 20:00:00,1.32654,1.32954,1.32318,1.32373
2026-03-30 00:00:00,1.32368,1.32722,1.32341,1.32722
2026-03-30 04:00:00,1.32719,1.32813,1.32423,1.32459
2026-03-30 08:00:00,1.3246,1.32553,1.32275,1.32319
2026-03-30 12:00:00,1.32319,1.32362,1.31758,1.31919
2026-03-30 16:00:00,1.31917,1.31945,1.3177,1.31843
2026-03-30 20:00:00,1.31841,1.31903,1.31697,1.31714
2026-03-31 00:00:00,1.3171,1.32234,1.31613,1.32001
2026-03-31 04:00:00,1.31998,1.32117,1.31928,1.32069
2026-03-31 08:00:00,1.32069,1.32325,1.31931,1.32317
2026-03-31 12:00:00,1.32324,1.32636,1.31809,1.31839
2026-03-31 16:00:00,1.3184,1.32465,1.31764,1.32362
2026-03-31 20:00:00,1.3236,1.32441,1.32236,1.3244
2026-04-01 00:00:00,1.32439,1.32541,1.32205,1.32341
2026-04-01 04:00:00,1.3234,1.32906,1.32331,1.32665
2026-04-01 08:00:00,1.32665,1.33251,1.3263,1.33224
2026-04-01 12:00:00,1.33225,1.33361,1.32939,1.33305
2026-04-01 16:00:00,1.33305,1.33453,1.32942,1.33013
2026-04-01 20:00:00,1.33011,1.33109,1.32974,1.3303
2026-04-02 00:00:00,1.3303,1.33142,1.32329,1.32347
2026-04-02 04:00:00,1.32343,1.32385,1.32026,1.32169
2026-04-02 08:00:00,1.32169,1.32178,1.31825,1.32022
2026-04-02 12:00:00,1.32022,1.32497,1.32019,1.32381
2026-04-02 16:00:00,1.32383,1.32429,1.32223,1.32238
2026-04-02 20:00:00,1.32236,1.32316,1.32202,1.32305
2026-04-03 00:00:00,1.32302,1.32383,1.3222,1.3229
2026-04-03 04:00:00,1.32287,1.3243,1.32219,1.32393
2026-04-03 08:00:00,1.32394,1.324,1.32305,1.32362
2026-04-03 12:00:00,1.32363,1.32377,1.31953,1.31994
2026-04-03 16:00:00,1.31996,1.32023,1.31896,1.31937
2026-04-03 20:00:00,1.31935,1.3205,1.31907,1.31992
2026-04-04 00:00:00,1.31992,1.32052,1.31915,1.31944
2026-04-04 04:00:00,1.31944,1.32003,1.31912,1.31973
2026-04-04 08:00:00,1.31973,1.32028,1.31916,1.31984
2026-04-04 12:00:00,1.31985,1.32097,1.3192,1.31946
2026-04-04 17:00:00,1.31944,1.32187,1.31929,1.32064
2026-04-04 21:00:00,1.32061,1.32153,1.31935,1.31968
2026-04-05 01:00:00,1.31965,1.32022,1.31963,1.32017
2026-04-05 05:00:00,1.32016,1.32022,1.31948,1.32015
2026-04-05 09:00:00,1.32016,1.32024,1.31984,1.32017
2026-04-05 13:00:00,1.32018,1.321,1.31926,1.3206
2026-04-05 17:00:00,1.32058,1.32107,1.31381,1.31911
2026-04-05 21:00:00,1.31909,1.31987,1.31805,1.31974
2026-04-06 01:00:00,1.31972,1.32184,1.31918,1.32129
2026-04-06 05:00:00,1.32129,1.32578,1.321,1.325
2026-04-06 09:00:00,1.32501,1.32556,1.32338,1.32465
2026-04-06 13:00:00,1.32464,1.32677,1.32253,1.32346
2026-04-06 17:00:00,1.32344,1.32436,1.32186,1.32374
2026-04-06 21:00:00,1.32371,1.32423,1.32304,1.3232
2026-04-07 01:00:00,1.32319,1.32347,1.32126,1.32331
2026-04-07 05:00:00,1.3233,1.32837,1.32204,1.32837
2026-04-07 09:00:00,1.32836,1.32837,1.32382,1.32515
2026-04-07 13:00:00,1.32513,1.32628,1.32369,1.325
2026-04-07 17:00:00,1.32499,1.32998,1.32483,1.3294
2026-04-07 21:00:00,1.32937,1.34071,1.32862,1.3389
2026-04-08 01:00:00,1.33888,1.34171,1.33882,1.34161
2026-04-08 05:00:00,1.3416,1.3445,1.34121,1.34268
2026-04-08 09:00:00,1.34271,1.34844,1.34225,1.34757
2026-04-08 13:00:00,1.34754,1.34811,1.34199,1.34247
2026-04-08 17:00:00,1.34246,1.3428,1.33835,1.33956
2026-04-08 21:00:00,1.33952,1.34037,1.33866,1.3392
2026-04-09 01:00:00,1.33917,1.34063,1.33817,1.34003
2026-04-09 05:00:00,1.34003,1.34073,1.3383,1.34052
2026-04-09 09:00:00,1.34049,1.34301,1.33978,1.34166
2026-04-09 13:00:00,1.34166,1.34553,1.34036,1.34448
2026-04-09 17:00:00,1.34447,1.3458,1.34301,1.34369
2026-04-09 21:00:00,1.34367,1.34379,1.34216,1.34246
2026-04-10 01:00:00,1.34244,1.34318,1.34205,1.34219
2026-04-10 05:00:00,1.34219,1.34289,1.34097,1.34205
2026-04-10 09:00:00,1.34208,1.34616,1.34185,1.34581
2026-04-10 13:00:00,1.3458,1.34802,1.34485,1.34567
2026-04-10 17:00:00,1.34565,1.3472,1.34528,1.34624
2026-04-10 21:00:00,1.34621,1.34634,1.34492,1.34529
2026-04-11 01:00:00,1.34525,1.34605,1.34517,1.3453
2026-04-11 05:00:00,1.3453,1.34579,1.3452,1.3453
2026-04-11 09:00:00,1.34532,1.34608,1.34519,1.34599
2026-04-11 13:00:00,1.34599,1.34611,1.34568,1.34577
2026-04-11 17:00:00,1.34575,1.34602,1.34546,1.3457
2026-04-11 21:00:00,1.34567,1.34603,1.3456,1.34589
2026-04-12 01:00:00,1.34588,1.34601,1.34555,1.34561
2026-04-12 05:00:00,1.34561,1.34588,1.34552,1.34562
2026-04-12 09:00:00,1.34563,1.34577,1.3453,1.34532
2026-04-12 13:00:00,1.34532,1.34606,1.3453,1.34576
2026-04-12 17:00:00,1.34574,1.34646,1.33745,1.3414
2026-04-12 21:00:00,1.34149,1.34193,1.33821,1.34004
2026-04-13 01:00:00,1.33997,1.34094,1.33982,1.3405
2026-04-13 05:00:00,1.34051,1.34339,1.34026,1.34274
2026-04-13 09:00:00,1.34278,1.34423,1.34165,1.34372
2026-04-13 13:00:00,1.3437,1.34801,1.3435,1.34746
2026-04-13 17:00:00,1.34743,1.35091,1.34741,1.35066
2026-04-13 21:00:00,1.3507,1.35164,1.34979,1.35135
2026-04-14 01:00:00,1.35132,1.35221,1.35036,1.35202
2026-04-14 05:00:00,1.35202,1.35406,1.35115,1.35369
2026-04-14 09:00:00,1.35372,1.35879,1.35351,1.35861
2026-04-14 13:00:00,1.35861,1.35892,1.35583,1.35679
2026-04-14 17:00:00,1.35677,1.35731,1.35597,1.35669
2026-04-14 21:00:00,1.35665,1.35785,1.35618,1.35736
2026-04-15 01:00:00,1.35735,1.35777,1.35578,1.35673
2026-04-15 05:00:00,1.35674,1.35776,1.35563,1.35643
2026-04-15 09:00:00,1.35646,1.35677,1.35447,1.35552
2026-04-15 13:00:00,1.35552,1.35784,1.35539,1.35731
2026-04-15 17:00:00,1.35728,1.35765,1.35598,1.35617
2026-04-15 21:00:00,1.35613,1.35747,1.35594,1.35742
2026-04-16 01:00:00,1.35741,1.35948,1.35619,1.35769
2026-04-16 05:00:00,1.35769,1.35824,1.35489,1.3551
2026-04-16 09:00:00,1.3551,1.35533,1.35316,1.35478
2026-04-16 13:00:00,1.35476,1.35555,1.3518,1.35284
2026-04-16 17:00:00,1.3528,1.35362,1.35224,1.35272
2026-04-16 21:00:00,1.35269,1.35363,1.352,1.35213
2026-04-17 01:00:00,1.35213,1.35271,1.35146,1.35228
2026-04-17 05:00:00,1.35228,1.35328,1.35049,1.35312
2026-04-17 09:00:00,1.35313,1.35823,1.35209,1.35815
2026-04-17 13:00:00,1.35813,1.35983,1.35468,1.35543
2026-04-17 17:00:00,1.35541,1.35544,1.35135,1.35189
2026-04-17 21:00:00,1.35183,1.35323,1.35128,1.35182
2026-04-18 01:00:00,1.35181,1.35226,1.35146,1.35182
2026-04-18 05:00:00,1.35183,1.35212,1.35179,1.3518
2026-04-18 09:00:00,1.35181,1.35238,1.35174,1.35215
2026-04-18 13:00:00,1.35214,1.35331,1.35145,1.35197
2026-04-18 17:00:00,1.35194,1.35371,1.35191,1.35261
2026-04-18 21:00:00,1.3524,1.35442,1.3517,1.35205
2026-04-19 01:00:00,1.35204,1.35248,1.35193,1.35238
2026-04-19 05:00:00,1.35239,1.35253,1.35208,1.35221
2026-04-19 09:00:00,1.35221,1.35245,1.3522,1.35228
2026-04-19 13:00:00,1.35227,1.35283,1.35033,1.35238
2026-04-19 17:00:00,1.35235,1.35299,1.34763,1.34916
2026-04-19 21:00:00,1.34911,1.35017,1.34764,1.34959
2026-04-20 01:00:00,1.34958,1.35082,1.34901,1.35054
2026-04-20 05:00:00,1.35055,1.35177,1.34827,1.34981
2026-04-20 09:00:00,1.34982,1.35273,1.34975,1.35151
2026-04-20 13:00:00,1.3515,1.35438,1.35132,1.35372
2026-04-20 17:00:00,1.35368,1.35426,1.35306,1.35344
2026-04-20 21:00:00,1.35345,1.35387,1.35231,1.35248
2026-04-21 01:00:00,1.35248,1.35292,1.35146,1.35152
2026-04-21 05:00:00,1.35153,1.35282,1.34844,1.35037
2026-04-21 09:00:00,1.35037,1.35231,1.34967,1.35149
2026-04-21 13:00:00,1.35148,1.35397,1.34979,1.34989
2026-04-21 17:00:00,1.34987,1.35221,1.34724,1.3509
2026-04-21 21:00:00,1.35089,1.35205,1.34983,1.35109
2026-04-22 01:00:00,1.35108,1.35147,1.35039,1.35075
2026-04-22 05:00:00,1.35076,1.3532,1.35074,1.3529
2026-04-22 09:00:00,1.35292,1.35356,1.34928,1.34958
2026-04-22 13:00:00,1.34956,1.3524,1.34929,1.35048
2026-04-22 17:00:00,1.35045,1.35162,1.34989,1.35035
2026-04-22 21:00:00,1.35032,1.35096,1.34811,1.35088
2026-04-23 01:00:00,1.35088,1.35096,1.34826,1.34904
2026-04-23 05:00:00,1.34905,1.35071,1.34826,1.35059
2026-04-23 09:00:00,1.35056,1.35123,1.34847,1.34883
2026-04-23 13:00:00,1.34881,1.3519,1.34806,1.34919
2026-04-23 17:00:00,1.34914,1.34927,1.34512,1.34667
2026-04-23 21:00:00,1.34666,1.34749,1.34625,1.34684
2026-04-24 01:00:00,1.34684,1.34726,1.34541,1.34627
2026-04-24 05:00:00,1.34629,1.34835,1.34604,1.34757
2026-04-24 09:00:00,1.34759,1.35031,1.34754,1.35017
2026-04-24 13:00:00,1.35015,1.35222,1.34872,1.35216
2026-04-24 17:00:00,1.35213,1.3538,1.35169,1.35313
2026-04-24 21:00:00,1.35318,1.35397,1.35153,1.35323
2026-04-25 01:00:00,1.35324,1.35333,1.3532,1.35323
2026-04-25 05:00:00,1.35324,1.35334,1.35314,1.35328
2026-04-25 09:00:00,1.35326,1.35333,1.35301,1.35323
2026-04-25 13:00:00,1.35321,1.35328,1.35298,1.35323
2026-04-25 17:00:00,1.3532,1.35331,1.35189,1.35296
2026-04-25 21:00:00,1.35294,1.35328,1.35237,1.35321
2026-04-26 01:00:00,1.35322,1.35328,1.35304,1.35318
2026-04-26 05:00:00,1.35319,1.35331,1.35306,1.35322
2026-04-26 09:00:00,1.35322,1.35332,1.35208,1.35259
2026-04-26 13:00:00,1.35256,1.35305,1.3495,1.35103
2026-04-26 17:00:00,1.35103,1.35401,1.34887,1.35128
2026-04-26 21:00:00,1.3513,1.35227,1.35062,1.35212
2026-04-27 01:00:00,1.35214,1.35482,1.35212,1.35409
2026-04-27 05:00:00,1.3541,1.35574,1.3525,1.35547
2026-04-27 09:00:00,1.35546,1.35762,1.35488,1.35538
2026-04-27 13:00:00,1.35538,1.35636,1.35416,1.35451
2026-04-27 17:00:00,1.3545,1.35454,1.35312,1.35336
2026-04-27 21:00:00,1.35333,1.35414,1.35322,1.35335
2026-04-28 01:00:00,1.35334,1.35362,1.35216,1.35303
2026-04-28 05:00:00,1.35303,1.35315,1.35033,1.35056
2026-04-28 09:00:00,1.35054,1.35055,1.34648,1.34938
2026-04-28 13:00:00,1.34936,1.35163,1.34813,1.35151
2026-04-28 17:00:00,1.35148,1.35228,1.35085,1.35182
2026-04-28 21:00:00,1.35182,1.35282,1.35125,1.35262
2026-04-29 01:00:00,1.35262,1.35263,1.35105,1.3513
2026-04-29 05:00:00,1.35131,1.35137,1.3494,1.35002
2026-04-29 09:00:00,1.35001,1.35135,1.34979,1.3501
2026-04-29 13:00:00,1.35007,1.35073,1.34733,1.3481
2026-04-29 17:00:00,1.34807,1.34914,1.34611,1.34759
2026-04-29 21:00:00,1.34758,1.34951,1.34719,1.3485
2026-04-30 01:00:00,1.3485,1.34857,1.34561,1.34612
2026-04-30 05:00:00,1.34615,1.34995,1.34539,1.34851
2026-04-30 09:00:00,1.34851,1.35361,1.34824,1.35148
2026-04-30 13:00:00,1.35146,1.35936,1.35064,1.35782
2026-04-30 17:00:00,1.35777,1.36114,1.35774,1.36044
2026-04-30 21:00:00,1.36039,1.36085,1.35967,1.36052
2026-05-01 01:00:00,1.36039,1.36118,1.35963,1.35969
2026-05-01 05:00:00,1.35971,1.36202,1.35872,1.36071
2026-05-01 09:00:00,1.36075,1.36421,1.35927,1.36306
2026-05-01 13:00:00,1.36303,1.36575,1.36012,1.36023
2026-05-01 17:00:00,1.35994,1.36021,1.35683,1.35746
2026-05-01 21:00:00,1.35756,1.35835,1.35708,1.35741
2026-05-02 01:00:00,1.35744,1.3577,1.35727,1.35739
2026-05-02 05:00:00,1.35748,1.35773,1.3573,1.35743
2026-05-02 09:00:00,1.35741,1.35778,1.35734,1.35762
2026-05-02 13:00:00,1.35755,1.35855,1.35744,1.35752
2026-05-02 17:00:00,1.35749,1.35927,1.3565,1.35826
2026-05-02 21:00:00,1.35911,1.35925,1.35749,1.35755
2026-05-03 01:00:00,1.35756,1.35792,1.35744,1.3577
2026-05-03 05:00:00,1.35771,1.35789,1.35762,1.35778
2026-05-03 09:00:00,1.35776,1.359,1.35768,1.35897
2026-05-03 13:00:00,1.35894,1.3594,1.35703,1.35765
2026-05-03 17:00:00,1.35763,1.36043,1.35676,1.35882
2026-05-03 21:00:00,1.35869,1.36043,1.35758,1.35863
2026-05-04 01:00:00,1.35867,1.36007,1.35779,1.35874
2026-05-04 05:00:00,1.35872,1.36002,1.35592,1.35614
2026-05-04 09:00:00,1.35611,1.35663,1.3524,1.35604
2026-05-04 13:00:00,1.35534,1.35683,1.35135,1.3521
2026-05-04 17:00:00,1.35194,1.35413,1.35194,1.35314
2026-05-04 21:00:00,1.35313,1.35406,1.35233,1.35251
2026-05-05 01:00:00,1.35243,1.35316,1.35154,1.35159
2026-05-05 05:00:00,1.3515,1.35494,1.35146,1.35435
2026-05-05 09:00:00,1.35397,1.35501,1.35312,1.35433
2026-05-05 13:00:00,1.3543,1.35779,1.35415,1.35563
2026-05-05 17:00:00,1.35567,1.35594,1.35386,1.35386
2026-05-05 21:00:00,1.35386,1.35795,1.35381,1.35752
2026-05-06 01:00:00,1.35752,1.35952,1.35634,1.35924
2026-05-06 05:00:00,1.35929,1.36368,1.35825,1.36267
2026-05-06 09:00:00,1.36267,1.3644,1.36089,1.3612
2026-05-06 13:00:00,1.36116,1.36179,1.35829,1.35829
2026-05-06 17:00:00,1.35824,1.35994,1.35812,1.35938
2026-05-06 21:00:00,1.35934,1.36006,1.35907,1.35926
2026-05-07 01:00:00,1.35921,1.36084,1.35913,1.35982
2026-05-07 05:00:00,1.3598,1.36245,1.35923,1.36204
2026-05-07 09:00:00,1.36203,1.36296,1.36106,1.36251
2026-05-07 13:00:00,1.36236,1.36316,1.35912,1.35942
2026-05-07 17:00:00,1.35939,1.35947,1.35509,1.35509
2026-05-07 21:00:00,1.35509,1.35704,1.35465,1.35523
2026-05-08 01:00:00,1.3552,1.35684,1.35498,1.35658
2026-05-08 05:00:00,1.35658,1.36132,1.35655,1.36124
2026-05-08 09:00:00,1.36118,1.36239,1.36013,1.36163
2026-05-08 13:00:00,1.36197,1.36299,1.36067,1.36198
2026-05-08 17:00:00,1.36196,1.3638,1.36169,1.36294
2026-05-08 21:00:00,1.36298,1.36349,1.36256,1.36302
2026-05-09 01:00:00,1.36303,1.36321,1.363,1.36302
2026-05-09 05:00:00,1.36303,1.36322,1.363,1.36306
2026-05-09 09:00:00,1.36305,1.36322,1.36276,1.36302
2026-05-09 13:00:00,1.36299,1.36325,1.36264,1.36301
2026-05-09 17:00:00,1.36298,1.3632,1.36285,1.363
2026-05-09 21:00:00,1.36297,1.36321,1.36287,1.36302
2026-05-10 01:00:00,1.36303,1.36326,1.36278,1.36298
2026-05-10 05:00:00,1.36299,1.36328,1.36286,1.36316
2026-05-10 09:00:00,1.36314,1.36341,1.3628,1.36338
2026-05-10 13:00:00,1.36336,1.36362,1.36283,1.36347
2026-05-10 17:00:00,1.36345,1.36379,1.35511,1.35648
2026-05-10 21:00:00,1.35669,1.36015,1.35531,1.35979
2026-05-11 01:00:00,1.35966,1.35999,1.35803,1.35804
2026-05-11 05:00:00,1.35806,1.36143,1.35805,1.36092
2026-05-11 09:00:00,1.36099,1.36149,1.35866,1.36102
2026-05-11 13:00:00,1.36099,1.36524,1.36083,1.36411
2026-05-11 17:00:00,1.36408,1.36454,1.36081,1.36105
2026-05-11 21:00:00,1.36104,1.36149,1.35954,1.35958
2026-05-12 01:00:00,1.35962,1.35967,1.35801,1.3586
2026-05-12 05:00:00,1.35861,1.35864,1.35027,1.353
2026-05-12 09:00:00,1.35292,1.35523,1.35156,1.35399
2026-05-12 13:00:00,1.35394,1.35402,1.35031,1.35182
2026-05-12 17:00:00,1.35184,1.35451,1.35162,1.35411
2026-05-12 21:00:00,1.35406,1.35431,1.35306,1.35363
2026-05-13 01:00:00,1.35357,1.35454,1.35292,1.35343
2026-05-13 05:00:00,1.35343,1.35504,1.35206,1.3525
2026-05-13 09:00:00,1.35249,1.35256,1.34879,1.34894
2026-05-13 13:00:00,1.34888,1.35281,1.34869,1.35149
2026-05-13 17:00:00,1.35143,1.35272,1.35108,1.35243
2026-05-13 21:00:00,1.35242,1.35326,1.35211,1.35297
2026-05-14 01:00:00,1.35298,1.35324,1.35214,1.35288
2026-05-14 05:00:00,1.35288,1.35323,1.35048,1.35191
2026-05-14 09:00:00,1.35183,1.35208,1.35018,1.3509
2026-05-14 13:00:00,1.35091,1.35122,1.34335,1.34409
2026-05-14 17:00:00,1.34389,1.34457,1.33951,1.34016
2026-05-14 21:00:00,1.34007,1.34168,1.33769,1.33808
2026-05-15 01:00:00,1.33798,1.33818,1.33636,1.33642
2026-05-15 05:00:00,1.33641,1.33775,1.33367,1.3345
2026-05-15 09:00:00,1.33446,1.33919,1.3329,1.33569
2026-05-15 13:00:00,1.33565,1.33622,1.33165,1.33301
2026-05-15 17:00:00,1.33291,1.3338,1.33157,1.33248
2026-05-15 21:00:00,1.33243,1.33341,1.33237,1.33267
2026-05-16 01:00:00,1.33269,1.33277,1.3326,1.33268
2026-05-16 05:00:00,1.33268,1.33277,1.3326,1.33273
2026-05-16 09:00:00,1.33271,1.33277,1.33263,1.3327
2026-05-16 13:00:00,1.33267,1.333,1.3326,1.33272
2026-05-16 17:00:00,1.3327,1.33311,1.33255,1.33266
2026-05-16 21:00:00,1.33267,1.33316,1.33249,1.33267
2026-05-17 01:00:00,1.33268,1.33276,1.33264,1.33268
2026-05-17 05:00:00,1.33266,1.33274,1.33258,1.33263
2026-05-17 09:00:00,1.33261,1.33276,1.33259,1.3327
2026-05-17 13:00:00,1.33267,1.3332,1.3321,1.33288
2026-05-17 17:00:00,1.33285,1.3334,1.3316,1.33255
2026-05-17 21:00:00,1.33258,1.33275,1.33055,1.33081
2026-05-18 01:00:00,1.33076,1.33195,1.33039,1.33153
2026-05-18 05:00:00,1.33149,1.33847,1.33134,1.33798
2026-05-18 09:00:00,1.338,1.34025,1.33482,1.33957
2026-05-18 13:00:00,1.33965,1.34477,1.33802,1.34332
2026-05-18 17:00:00,1.34329,1.3439,1.34015,1.34344
2026-05-18 21:00:00,1.34346,1.34378,1.34201,1.34201
2026-05-19 01:00:00,1.34202,1.34246,1.34064,1.34066
2026-05-19 05:00:00,1.34068,1.34178,1.33903,1.33937
2026-05-19 09:00:00,1.33934,1.34185,1.33877,1.34095
2026-05-19 13:00:00,1.34092,1.34092,1.33801,1.33989
2026-05-19 17:00:00,1.33978,1.34117,1.33953,1.33954
2026-05-19 21:00:00,1.33954,1.34043,1.33892,1.33896
2026-05-20 01:00:00,1.33903,1.34061,1.33786,1.33911
2026-05-20 05:00:00,1.33912,1.34066,1.33765,1.3384
2026-05-20 09:00:00,1.33837,1.34081,1.33811,1.33983
2026-05-20 13:00:00,1.34,1.34658,1.33839,1.34394
2026-05-20 17:00:00,1.344,1.34492,1.34333,1.3435
2026-05-20 21:00:00,1.34346,1.34427,1.34297,1.34381
2026-05-21 01:00:00,1.34378,1.3445,1.34214,1.34319
2026-05-21 05:00:00,1.34321,1.34556,1.3416,1.34367
2026-05-21 09:00:00,1.34364,1.3446,1.34129,1.34173
2026-05-21 13:00:00,1.34191,1.34201,1.33941,1.34072
2026-05-21 17:00:00,1.34074,1.34491,1.34061,1.34293
2026-05-21 21:00:00,1.34295,1.34362,1.34251,1.34267
2026-05-22 01:00:00,1.34267,1.34319,1.34237,1.34309
2026-05-22 05:00:00,1.34309,1.34371,1.34141,1.34262
2026-05-22 09:00:00,1.34267,1.3434,1.34178,1.34335
2026-05-22 13:00:00,1.34322,1.34613,1.34198,1.34443
2026-05-22 17:00:00,1.34436,1.34537,1.34306,1.34309
2026-05-22 21:00:00,1.34311,1.34419,1.34305,1.34308
2026-05-23 01:00:00,1.34309,1.34374,1.3429,1.34311
2026-05-23 05:00:00,1.34309,1.34362,1.34285,1.34312
2026-05-23 09:00:00,1.34309,1.34367,1.34282,1.34356
2026-05-23 13:00:00,1.34347,1.34438,1.34322,1.34326
2026-05-23 17:00:00,1.34326,1.34421,1.34299,1.34313
2026-05-23 21:00:00,1.34313,1.34415,1.34282,1.34357
2026-05-24 01:00:00,1.34357,1.34447,1.3428,1.34399
2026-05-24 05:00:00,1.34397,1.34441,1.34371,1.34438
2026-05-24 09:00:00,1.34435,1.34494,1.34333,1.34341
2026-05-24 13:00:00,1.34339,1.3434,1.34286,1.34315
2026-05-24 17:00:00,1.34315,1.34793,1.34259,1.34513
2026-05-24 21:00:00,1.34528,1.34889,1.34402,1.34786
2026-05-25 01:00:00,1.34795,1.34919,1.34747,1.34854
2026-05-25 05:00:00,1.3485,1.34938,1.34716,1.34935
2026-05-25 09:00:00,1.34925,1.35064,1.34878,1.35009
2026-05-25 13:00:00,1.35011,1.35055,1.34923,1.35048
2026-05-25 17:00:00,1.35043,1.35095,1.35035,1.35074
2026-05-25 21:00:00,1.35071,1.35085,1.3489,1.3495
2026-05-26 01:00:00,1.34951,1.34956,1.34821,1.34828
2026-05-26 05:00:00,1.34825,1.34851,1.3463,1.34776
2026-05-26 09:00:00,1.34769,1.34899,1.34671,1.34679
2026-05-26 13:00:00,1.34673,1.34706,1.34337,1.34416
2026-05-26 17:00:00,1.34415,1.34536,1.34377,1.34474
2026-05-26 21:00:00,1.3447,1.34593,1.34447,1.34554
2026-05-27 01:00:00,1.34555,1.34582,1.34468,1.34541
2026-05-27 05:00:00,1.34539,1.34568,1.34408,1.34475
2026-05-27 09:00:00,1.34466,1.34568,1.34311,1.34428
2026-05-27 13:00:00,1.34451,1.34557,1.34169,1.34308
2026-05-27 17:00:00,1.34309,1.34333,1.34179,1.34272
2026-05-27 21:00:00,1.34276,1.34309,1.34101,1.34135
2026-05-28 01:00:00,1.34125,1.34145,1.33683,1.33773
2026-05-28 05:00:00,1.33774,1.34115,1.33758,1.34022
2026-05-28 09:00:00,1.34018,1.34251,1.33879,1.34196
2026-05-28 13:00:00,1.34199,1.34495,1.33944,1.34469
2026-05-28 17:00:00,1.34463,1.34483,1.34369,1.3444
2026-05-28 21:00:00,1.34436,1.34485,1.34396,1.34401
2026-05-29 01:00:00,1.34402,1.34501,1.34313,1.34381
2026-05-29 05:00:00,1.34379,1.34445,1.34087,1.34111
2026-05-29 09:00:00,1.34101,1.34334,1.34091,1.34326
2026-05-29 13:00:00,1.34308,1.34856,1.34286,1.34659
2026-05-29 17:00:00,1.34665,1.34707,1.34551,1.34567
2026-05-29 21:00:00,1.34561,1.34582,1.34492,1.34571
2026-05-30 01:00:00,1.34572,1.34579,1.34558,1.34575
2026-05-30 05:00:00,1.34573,1.34579,1.34568,1.34575
2026-05-30 09:00:00,1.34572,1.3458,1.34561,1.34574
2026-05-30 13:00:00,1.34571,1.34617,1.34553,1.34572
2026-05-30 17:00:00,1.34572,1.3464,1.34532,1.34572
2026-05-30 21:00:00,1.34572,1.34638,1.34524,1.34573
2026-05-31 01:00:00,1.34571,1.34583,1.34553,1.34574
2026-05-31 05:00:00,1.34571,1.34579,1.34553,1.34567
2026-05-31 09:00:00,1.34564,1.34572,1.34539,1.34544
2026-05-31 13:00:00,1.34542,1.34637,1.34536,1.34567
2026-05-31 17:00:00,1.34567,1.34695,1.34512,1.34578
2026-05-31 21:00:00,1.34575,1.3464,1.34455,1.34518
2026-06-01 01:00:00,1.34515,1.3459,1.3449,1.34567
2026-06-01 05:00:00,1.34562,1.3476,1.34562,1.34706
2026-06-01 09:00:00,1.34703,1.34758,1.34549,1.34653
2026-06-01 13:00:00,1.34651,1.34651,1.34086,1.34596
2026-06-01 17:00:00,1.34599,1.34689,1.34541,1.34552
2026-06-01 21:00:00,1.34553,1.34637,1.34535,1.34536
2026-06-02 01:00:00,1.34537,1.34649,1.34515,1.34646
2026-06-02 05:00:00,1.34643,1.34815,1.34617,1.34631
2026-06-02 09:00:00,1.34626,1.34775,1.34617,1.34729
2026-06-02 13:00:00,1.34726,1.34811,1.34646,1.34657
2026-06-02 17:00:00,1.34661,1.34724,1.34546,1.34643
2026-06-02 21:00:00,1.34645,1.34704,1.34512,1.34658
2026-06-03 01:00:00,1.34652,1.34717,1.34591,1.34613
2026-06-03 05:00:00,1.3461,1.34639,1.34369,1.34447
2026-06-03 09:00:00,1.34445,1.34599,1.34289,1.34328
2026-06-03 13:00:00,1.34324,1.34392,1.34163,1.34236
2026-06-03 17:00:00,1.34234,1.34277,1.34129,1.34173
2026-06-03 21:00:00,1.34176,1.3433,1.34124,1.34249
2026-06-04 01:00:00,1.34236,1.34312,1.34175,1.34309
2026-06-04 05:00:00,1.34305,1.34358,1.3412,1.3431
2026-06-04 09:00:00,1.34316,1.34622,1.34302,1.34576
2026-06-04 13:00:00,1.34581,1.34581,1.34303,1.34357
2026-06-04 17:00:00,1.34359,1.34371,1.34209,1.34241
2026-06-04 21:00:00,1.34242,1.34307,1.34189,1.34236
2026-06-05 01:00:00,1.34234,1.34316,1.34169,1.34301
2026-06-05 05:00:00,1.34304,1.34577,1.34243,1.34559
2026-06-05 09:00:00,1.34556,1.34838,1.34092,1.34103
2026-06-05 13:00:00,1.34122,1.34217,1.33416,1.33556
2026-06-05 17:00:00,1.3355,1.33579,1.33313,1.33401
2026-06-05 21:00:00,1.33388,1.33674,1.3331,1.33405
2026-06-06 01:00:00,1.33404,1.33412,1.33397,1.33407
2026-06-06 05:00:00,1.33404,1.33423,1.33396,1.33409
2026-06-06 09:00:00,1.33407,1.33426,1.33397,1.33406
2026-06-06 13:00:00,1.33404,1.33486,1.33355,1.33403
2026-06-06 17:00:00,1.33404,1.3352,1.33337,1.33404
2026-06-06 21:00:00,1.33404,1.33502,1.33362,1.3341
2026-06-07 01:00:00,1.33407,1.33428,1.33389,1.33423
2026-06-07 05:00:00,1.3342,1.33427,1.33403,1.33416
2026-06-07 09:00:00,1.33414,1.33549,1.33392,1.33503
2026-06-07 13:00:00,1.33503,1.3357,1.33337,1.335
2026-06-07 17:00:00,1.33501,1.33604,1.33229,1.3338
2026-06-07 21:00:00,1.33358,1.33485,1.33162,1.33484
2026-06-08 01:00:00,1.3348,1.33508,1.33205,1.33393
2026-06-08 05:00:00,1.3339,1.33486,1.33214,1.3323
2026-06-08 09:00:00,1.33227,1.33702,1.33056,1.33471
2026-06-08 13:00:00,1.33473,1.33651,1.33359,1.33444
2026-06-08 17:00:00,1.33445,1.33523,1.33387,1.33387
2026-06-08 21:00:00,1.33389,1.33474,1.33319,1.33363
2026-06-09 01:00:00,1.33356,1.33627,1.33356,1.33598
2026-06-09 05:00:00,1.336,1.33828,1.33561,1.33806
2026-06-09 09:00:00,1.33813,1.3408,1.33794,1.34028
2026-06-09 13:00:00,1.34029,1.34093,1.33592,1.337
2026-06-09 17:00:00,1.33689,1.33908,1.33689,1.33789
2026-06-09 21:00:00,1.33788,1.33822,1.33687,1.33798
2026-06-10 01:00:00,1.33787,1.33903,1.33735,1.33823
2026-06-10 05:00:00,1.3382,1.33978,1.338,1.33862
2026-06-10 09:00:00,1.33867,1.34077,1.33773,1.33911
2026-06-10 13:00:00,1.33918,1.34232,1.33754,1.33883
2026-06-10 17:00:00,1.33888,1.33962,1.33674,1.33684
2026-06-10 21:00:00,1.33681,1.33769,1.33503,1.33707
2026-06-11 01:00:00,1.33703,1.33917,1.33702,1.33839
2026-06-11 05:00:00,1.33842,1.33914,1.33618,1.33649
2026-06-11 09:00:00,1.33647,1.33692,1.33417,1.33573
2026-06-11 13:00:00,1.33586,1.33612,1.33266,1.33325
2026-06-11 17:00:00,1.33331,1.34318,1.33269,1.34165
2026-06-11 21:00:00,1.34163,1.34263,1.34064,1.34068
2026-06-12 01:00:00,1.34072,1.34182,1.34006,1.34114
2026-06-12 05:00:00,1.34125,1.34187,1.33846,1.3413
2026-06-12 09:00:00,1.3413,1.34259,1.33906,1.33946
2026-06-12 13:00:00,1.33943,1.34236,1.33915,1.34147
2026-06-12 17:00:00,1.34151,1.34212,1.34023,1.34049
2026-06-12 21:00:00,1.34051,1.34088,1.34043,1.34052
2026-06-13 01:00:00,1.34049,1.34062,1.34039,1.3405
2026-06-13 05:00:00,1.34047,1.34061,1.34043,1.34052
2026-06-13 09:00:00,1.34049,1.34067,1.34037,1.34065
2026-06-13 13:00:00,1.34061,1.34098,1.34039,1.34053
2026-06-13 17:00:00,1.34053,1.34086,1.34041,1.34066
2026-06-13 21:00:00,1.34065,1.34093,1.34047,1.34065
2026-06-14 01:00:00,1.34062,1.34078,1.34045,1.34072
2026-06-14 05:00:00,1.3407,1.34078,1.34054,1.34072
2026-06-14 09:00:00,1.3407,1.34081,1.3395,1.3402
2026-06-14 13:00:00,1.34021,1.34075,1.33932,1.33978
2026-06-14 17:00:00,1.33979,1.34248,1.3387,1.33991
2026-06-14 21:00:00,1.34004,1.34614,1.33994,1.3445
2026-06-15 01:00:00,1.34453,1.34512,1.34329,1.34504
2026-06-15 05:00:00,1.34499,1.346,1.34183,1.34236
2026-06-15 09:00:00,1.34234,1.34341,1.34177,1.34289
2026-06-15 13:00:00,1.34292,1.34442,1.34247,1.34306
2026-06-15 17:00:00,1.34303,1.34309,1.3406,1.34128
2026-06-15 21:00:00,1.34127,1.34183,1.3408,1.34139
2026-06-16 01:00:00,1.34132,1.34178,1.33921,1.33969
2026-06-16 05:00:00,1.33966,1.34239,1.33905,1.34238
2026-06-16 09:00:00,1.34236,1.34316,1.34079,1.34153
2026-06-16 13:00:00,1.34155,1.34423,1.34039,1.34308
2026-06-16 17:00:00,1.34308,1.34328,1.34224,1.34268
2026-06-16 21:00:00,1.34266,1.34344,1.34234,1.34298
2026-06-17 01:00:00,1.34287,1.34343,1.3425,1.34306
2026-06-17 05:00:00,1.34307,1.34346,1.34086,1.3417
2026-06-17 09:00:00,1.34166,1.34194,1.34005,1.34161
2026-06-17 13:00:00,1.34156,1.34183,1.33892,1.33953
2026-06-17 17:00:00,1.33955,1.34184,1.32624,1.32961
2026-06-17 21:00:00,1.32957,1.33181,1.3285,1.33069
2026-06-18 01:00:00,1.33066,1.332,1.33066,1.33151
2026-06-18 05:00:00,1.33156,1.33264,1.32424,1.32428
2026-06-18 09:00:00,1.32435,1.32531,1.32048,1.32374
2026-06-18 13:00:00,1.32364,1.3255,1.32121,1.32196
2026-06-18 17:00:00,1.32183,1.32307,1.31942,1.3205
2026-06-18 21:00:00,1.32047,1.3216,1.31995,1.32115
2026-06-19 01:00:00,1.3211,1.3211,1.31686,1.31688
2026-06-19 05:00:00,1.3169,1.32328,1.31637,1.32326
2026-06-19 09:00:00,1.32325,1.32414,1.32237,1.32379
2026-06-19 13:00:00,1.32376,1.32382,1.32142,1.3228
2026-06-19 17:00:00,1.32269,1.32388,1.32254,1.32368
2026-06-19 21:00:00,1.32354,1.32354,1.32279,1.32319
2026-06-20 01:00:00,1.32316,1.32328,1.32312,1.32319
2026-06-20 05:00:00,1.32317,1.32333,1.32312,1.3232
2026-06-20 09:00:00,1.32318,1.32331,1.32309,1.32312
2026-06-20 13:00:00,1.32313,1.32345,1.32307,1.32315
2026-06-20 17:00:00,1.32315,1.32335,1.3231,1.32314
2026-06-20 21:00:00,1.32312,1.32333,1.32299,1.32317
2026-06-21 01:00:00,1.32314,1.32333,1.32307,1.32323
2026-06-21 05:00:00,1.32321,1.32338,1.32313,1.32322
2026-06-21 09:00:00,1.32322,1.32436,1.32257,1.32401
2026-06-21 13:00:00,1.32402,1.32458,1.32248,1.32399
2026-06-21 17:00:00,1.32399,1.32405,1.31697,1.31969
2026-06-21 21:00:00,1.31983,1.32211,1.31899,1.32209
2026-06-22 01:00:00,1.32198,1.32339,1.32037,1.32071
2026-06-22 05:00:00,1.32069,1.32208,1.31836,1.32045
2026-06-22 09:00:00,1.3205,1.32726,1.3205,1.32594
2026-06-22 13:00:00,1.32604,1.3267,1.32387,1.3246
2026-06-22 17:00:00,1.32455,1.32517,1.3241,1.32509
2026-06-22 21:00:00,1.32505,1.32611,1.324,1.32447
2026-06-23 01:00:00,1.32446,1.32497,1.3235,1.32361
2026-06-23 05:00:00,1.32364,1.32491,1.32132,1.32199
2026-06-23 09:00:00,1.32203,1.32314,1.32038,1.32095
2026-06-23 13:00:00,1.32102,1.32216,1.31856,1.31868
2026-06-23 17:00:00,1.31871,1.32036,1.31822,1.32034
2026-06-23 21:00:00,1.3203,1.32057,1.31945,1.31992
2026-06-24 01:00:00,1.31989,1.32039,1.31881,1.31933
2026-06-24 05:00:00,1.31931,1.32095,1.31733,1.31931
2026-06-24 09:00:00,1.31933,1.3195,1.31428,1.31504
2026-06-24 13:00:00,1.315,1.31791,1.31416,1.31695
2026-06-24 17:00:00,1.31696,1.31732,1.31546,1.31703
2026-06-24 21:00:00,1.31696,1.31735,1.31586,1.31646
2026-06-25 01:00:00,1.31642,1.31857,1.31628,1.31825
2026-06-25 05:00:00,1.31824,1.31965,1.31672,1.31904
2026-06-25 09:00:00,1.319,1.3197,1.31478,1.3176
2026-06-25 13:00:00,1.31765,1.32192,1.31735,1.32054
2026-06-25 17:00:00,1.32055,1.32064,1.31907,1.31909
2026-06-25 21:00:00,1.31911,1.32036,1.31855,1.31934
2026-06-26 01:00:00,1.31927,1.32018,1.31807,1.32007
2026-06-26 05:00:00,1.32009,1.32223,1.31917,1.32183
2026-06-26 09:00:00,1.32181,1.32282,1.32017,1.32161
2026-06-26 13:00:00,1.32155,1.32315,1.31991,1.32061
2026-06-26 17:00:00,1.32061,1.32103,1.31917,1.31979
2026-06-26 21:00:00,1.31973,1.32043,1.31933,1.31951
2026-06-27 01:00:00,1.31948,1.3198,1.31937,1.31949
2026-06-27 05:00:00,1.31948,1.31993,1.31932,1.31954
2026-06-27 09:00:00,1.3195,1.31989,1.31928,1.31968
2026-06-27 13:00:00,1.31964,1.32009,1.31931,1.31983
2026-06-27 17:00:00,1.31982,1.32009,1.31932,1.31979
2026-06-27 21:00:00,1.31976,1.32051,1.31936,1.31969
2026-06-28 01:00:00,1.31966,1.32013,1.31949,1.32003
2026-06-28 05:00:00,1.32,1.32012,1.31929,1.32004
2026-06-28 09:00:00,1.32004,1.32019,1.31999,1.32012
2026-06-28 13:00:00,1.32012,1.32018,1.3194,1.3195
2026-06-28 17:00:00,1.31949,1.32182,1.31924,1.32074
2026-06-28 21:00:00,1.32075,1.32088,1.31914,1.32006
2026-06-29 01:00:00,1.32003,1.32103,1.31962,1.31997
2026-06-29 05:00:00,1.31994,1.32287,1.31989,1.32071
2026-06-29 09:00:00,1.32066,1.32399,1.32066,1.32305
2026-06-29 13:00:00,1.32295,1.32587,1.32287,1.32546
2026-06-29 17:00:00,1.32549,1.32627,1.32513,1.32599
2026-06-29 21:00:00,1.32596,1.32629,1.32408,1.32445
2026-06-30 01:00:00,1.32441,1.32485,1.32291,1.32296
2026-06-30 05:00:00,1.32303,1.32473,1.32228,1.32311
2026-06-30 09:00:00,1.32311,1.32401,1.32117,1.32184
2026-06-30 13:00:00,1.32195,1.32772,1.32153,1.32502
2026-06-30 17:00:00,1.32503,1.32663,1.32503,1.32608
2026-06-30 21:00:00,1.32603,1.32641,1.32444,1.32465
2026-07-01 01:00:00,1.32462,1.32464,1.32319,1.32428
2026-07-01 05:00:00,1.32428,1.32527,1.32293,1.32461
2026-07-01 09:00:00,1.32465,1.3258,1.32349,1.32395
2026-07-01 13:00:00,1.32399,1.32934,1.32199,1.32847
2026-07-01 17:00:00,1.3284,1.32852,1.32698,1.32761
2026-07-01 21:00:00,1.32758,1.32847,1.3269,1.32794
2026-07-02 01:00:00,1.3279,1.32949,1.32776,1.32896
2026-07-02 05:00:00,1.32892,1.33638,1.32871,1.3355
2026-07-02 09:00:00,1.33558,1.33801,1.32989,1.33665
2026-07-02 13:00:00,1.33675,1.33833,1.33501,1.33545
2026-07-02 17:00:00,1.33553,1.33553,1.33381,1.33475
2026-07-02 21:00:00,1.33472,1.33527,1.33348,1.3347
2026-07-03 01:00:00,1.33457,1.33665,1.33457,1.33649
2026-07-03 05:00:00,1.33649,1.33803,1.33579,1.33613
2026-07-03 09:00:00,1.33613,1.33634,1.33502,1.33562
2026-07-03 13:00:00,1.33564,1.33585,1.3347,1.33555
2026-07-03 17:00:00,1.33551,1.33587,1.3347,1.33493
2026-07-03 21:00:00,1.33493,1.33565,1.33481,1.33505
2026-07-04 01:00:00,1.33503,1.33522,1.33493,1.33502
2026-07-04 05:00:00,1.33502,1.33535,1.33492,1.33501
2026-07-04 09:00:00,1.33502,1.33546,1.33497,1.3352
2026-07-04 13:00:00,1.33518,1.33565,1.33504,1.33524
2026-07-04 17:00:00,1.33522,1.33554,1.3348,1.33513
2026-07-04 21:00:00,1.3351,1.33554,1.33498,1.33509
2026-07-05 01:00:00,1.33507,1.33544,1.33505,1.33536
2026-07-05 05:00:00,1.33536,1.33543,1.33505,1.33532
2026-07-05 09:00:00,1.33533,1.33638,1.33459,1.33607
2026-07-05 13:00:00,1.33607,1.33642,1.3343,1.33504
2026-07-05 17:00:00,1.33502,1.33776,1.33332,1.33469
2026-07-05 21:00:00,1.33483,1.33567,1.33419,1.33532
2026-07-06 01:00:00,1.33529,1.33553,1.33396,1.33433
2026-07-06 05:00:00,1.33434,1.33506,1.33292,1.33379
2026-07-06 09:00:00,1.33372,1.3352,1.33317,1.33402
2026-07-06 13:00:00,1.33407,1.33767,1.33407,1.33754
2026-07-06 17:00:00,1.33757,1.33975,1.33745,1.33899
2026-07-06 21:00:00,1.33896,1.34011,1.33817,1.33894
2026-07-07 01:00:00,1.33896,1.34027,1.33888,1.33897
2026-07-07 05:00:00,1.339,1.33941,1.3375,1.33932
2026-07-07 09:00:00,1.33926,1.33956,1.33702,1.3383
2026-07-07 13:00:00,1.33832,1.33909,1.33623,1.33712
2026-07-07 17:00:00,1.33707,1.33764,1.33493,1.33592
2026-07-07 21:00:00,1.33584,1.33609,1.33441,1.33542
2026-07-08 01:00:00,1.3354,1.33594,1.33431,1.33535
2026-07-08 05:00:00,1.33535,1.33705,1.33378,1.33385
2026-07-08 09:00:00,1.33398,1.33566,1.33239,1.33433
2026-07-08 13:00:00,1.33444,1.33859,1.33409,1.33852
2026-07-08 17:00:00,1.33844,1.34102,1.33844,1.33896
2026-07-08 21:00:00,1.3389,1.34039,1.3382,1.33977
2026-07-09 01:00:00,1.33972,1.34006,1.33872,1.33993
2026-07-09 05:00:00,1.33991,1.343,1.33987,1.34112
2026-07-09 09:00:00,1.3412,1.34162,1.33826,1.33855
2026-07-09 13:00:00,1.3386,1.34125,1.33843,1.34103
2026-07-09 17:00:00,1.34105,1.34205,1.34053,1.34092
2026-07-09 21:00:00,1.34089,1.34246,1.34016,1.34246
2026-07-10 01:00:00,1.34244,1.34517,1.34199,1.343
2026-07-10 05:00:00,1.34293,1.34358,1.34102,1.34115
2026-07-10 09:00:00,1.34116,1.34371,1.34098,1.34198
2026-07-10 13:00:00,1.34185,1.3424,1.33951,1.34152
2026-07-10 17:00:00,1.34143,1.34143,1.33932,1.34021
2026-07-10 21:00:00,1.34013,1.34055,1.33934,1.3399
2026-07-11 01:00:00,1.33984,1.34027,1.33931,1.3402
2026-07-11 05:00:00,1.34021,1.34039,1.33944,1.33974
2026-07-11 09:00:00,1.33967,1.34045,1.33922,1.34003
2026-07-11 13:00:00,1.34001,1.3403,1.33999,1.34011
2026-07-11 17:00:00,1.34013,1.34026,1.33914,1.34025
2026-07-11 21:00:00,1.34022,1.34035,1.34019,1.3403
2026-07-12 01:00:00,1.34027,1.34035,1.3402,1.34024
2026-07-12 05:00:00,1.34025,1.34034,1.34019,1.34022
2026-07-12 09:00:00,1.34023,1.34032,1.34014,1.34017
2026-07-12 13:00:00,1.34016,1.34076,1.3391,1.3404
2026-07-12 17:00:00,1.34037,1.34108,1.33876,1.33965
2026-07-12 21:00:00,1.3396,1.3396,1.33704,1.33772
2026-07-13 01:00:00,1.3377,1.33854,1.33686,1.33851
2026-07-13 05:00:00,1.33847,1.34122,1.33754,1.3396
2026-07-13 09:00:00,1.3397,1.34023,1.33823,1.3397
2026-07-13 13:00:00,1.33958,1.34011,1.33583,1.33632
2026-07-13 17:00:00,1.33624,1.33665,1.33428,1.33464
2026-07-13 21:00:00,1.33458,1.33588,1.33408,1.33541
2026-07-14 01:00:00,1.33545,1.33638,1.33515,1.33595
2026-07-14 05:00:00,1.33589,1.33765,1.33513,1.33741
2026-07-14 09:00:00,1.33744,1.34382,1.33669,1.34049
2026-07-14 13:00:00,1.3405,1.34226,1.33755,1.33907
2026-07-14 17:00:00,1.33903,1.33923,1.33688,1.33916
2026-07-14 21:00:00,1.33914,1.34043,1.33784,1.34042
2026-07-15 01:00:00,1.34039,1.34099,1.3399,1.34032
2026-07-15 05:00:00,1.34033,1.34203,1.33917,1.3396
2026-07-15 09:00:00,1.33953,1.34306,1.33806,1.34301
2026-07-15 13:00:00,1.34289,1.3528,1.34225,1.35236
2026-07-15 17:00:00,1.35233,1.35583,1.35232,1.35393
2026-07-15 21:00:00,1.35385,1.3546,1.3521,1.35344
2026-07-16 01:00:00,1.35339,1.3538,1.35206,1.35328
2026-07-16 05:00:00,1.35329,1.35429,1.35192,1.35216
2026-07-16 09:00:00,1.35214,1.35217,1.34949,1.34987
2026-07-16 13:00:00,1.34985,1.35178,1.34659,1.34677
2026-07-16 17:00:00,1.34677,1.34803,1.34601,1.34802
2026-07-16 21:00:00,1.34799,1.34845,1.34702,1.34771
2026-07-17 01:00:00,1.34763,1.34808,1.34573,1.34589
2026-07-17 05:00:00,1.34592,1.34804,1.34427,1.34439
2026-07-17 09:00:00,1.34434,1.34469,1.34245,1.34302
2026-07-17 13:00:00,1.34307,1.34557,1.34293,1.34554
2026-07-17 17:00:00,1.34551,1.34602,1.34515,1.34523
2026-07-17 21:00:00,1.34528,1.34544,1.34469,1.34523
2026-07-18 01:00:00,1.34524,1.3453,1.34515,1.34521
2026-07-18 05:00:00,1.34522,1.34533,1.34506,1.34525
2026-07-18 09:00:00,1.34525,1.34534,1.34504,1.34528
2026-07-18 13:00:00,1.34526,1.3454,1.34501,1.34521
2026-07-18 17:00:00,1.34518,1.34542,1.34492,1.34507
2026-07-18 21:00:00,1.34505,1.34527,1.34481,1.34521
2026-07-19 01:00:00,1.34521,1.34533,1.34511,1.34518
2026-07-19 05:00:00,1.34519,1.34528,1.34512,1.34522
2026-07-19 09:00:00,1.34522,1.34529,1.34497,1.34517
2026-07-19 13:00:00,1.34515,1.3455,1.34485,1.34521
2026-07-19 17:00:00,1.34518,1.34646,1.34358,1.34514
2026-07-19 21:00:00,1.34512,1.34559,1.34401,1.34508
2026-07-20 01:00:00,1.34505,1.34681,1.3449,1.34669
2026-07-20 05:00:00,1.34667,1.34804,1.34567,1.34695
2026-07-20 09:00:00,1.34695,1.34765,1.34487,1.3455
2026-07-20 13:00:00,1.34549,1.34596,1.34153,1.34198
2026-07-20 17:00:00,1.34193,1.34397,1.34171,1.34313
2026-07-20 21:00:00,1.34312,1.34356,1.34223,1.34336
2026-07-21 01:00:00,1.34334,1.3441,1.34302,1.34396
2026-07-21 05:00:00,1.34399,1.34562,1.34286,1.34313
2026-07-21 09:00:00,1.34311,1.34351,1.33837,1.33914
2026-07-21 13:00:00,1.33908,1.33991,1.336,1.33842
2026-07-21 17:00:00,1.33839,1.33875,1.33736,1.3374
2026-07-21 21:00:00,1.33746,1.33874,1.33684,1.33856
2026-07-22 01:00:00,1.33843,1.33892,1.33795,1.33841
2026-07-22 05:00:00,1.33836,1.33949,1.33701,1.33751
2026-07-22 09:00:00,1.33747,1.33751,1.33553,1.33605
2026-07-22 13:00:00,1.33596,1.33907,1.33596,1.33737
2026-07-22 17:00:00,1.33733,1.33773,1.33689,1.33761
2026-07-22 21:00:00,1.3376,1.33819,1.3368,1.33811
2026-07-23 01:00:00,1.33799,1.33937,1.33799,1.33867
2026-07-23 05:00:00,1.33861,1.33906,1.33626,1.3369
2026-07-23 09:00:00,1.33692,1.33772,1.33356,1.33441
2026-07-23 13:00:00,1.33434,1.33456,1.33003,1.33246
2026-07-23 17:00:00,1.33244,1.3325,1.33122,1.3315
2026-07-23 21:00:00,1.3315,1.33233,1.33088,1.33221
2026-07-24 01:00:00,1.33205,1.33266,1.33071,1.331
2026-07-24 05:00:00,1.33095,1.33442,1.33092,1.33202
2026-07-24 09:00:00,1.33211,1.33289,1.33073,1.33099
2026-07-24 13:00:00,1.33099,1.3349,1.33065,1.33343
2026-07-24 17:00:00,1.33341,1.33341,1.33161,1.33245
2026-07-24 21:00:00,1.33231,1.33257,1.33177,1.33238
2026-07-25 01:00:00,1.33239,1.33248,1.33213,1.33237
2026-07-25 05:00:00,1.33237,1.33245,1.3322,1.33239
2026-07-25 09:00:00,1.33238,1.33246,1.33218,1.3323
2026-07-25 13:00:00,1.33227,1.33248,1.33211,1.33229
2026-07-25 17:00:00,1.33226,1.33254,1.33214,1.33237
2026-07-25 21:00:00,1.33234,1.33253,1.33225,1.33228
2026-07-26 01:00:00,1.33229,1.33249,1.33219,1.3323
2026-07-26 05:00:00,1.3323,1.33239,1.33216,1.33222
2026-07-26 09:00:00,1.33221,1.33236,1.33214,1.33226
2026-07-26 13:00:00,1.33223,1.33248,1.33192,1.33223
2026-07-26 17:00:00,1.3322,1.33429,1.33166,1.33313
2026-07-26 21:00:00,1.33316,1.33623,1.33237,1.3352
2026-07-27 01:00:00,1.33517,1.33638,1.33504,1.33528
2026-07-27 05:00:00,1.33527,1.33609,1.33306,1.33401
2026-07-27 09:00:00,1.33399,1.33416,1.33051,1.33177
2026-07-27 13:00:00,1.33171,1.33225,1.33004,1.33052
2026-07-27 17:00:00,1.33048,1.33048,1.32844,1.32889
2026-07-27 21:00:00,1.32886,1.33066,1.32864,1.32932
2026-07-28 01:00:00,1.32926,1.33049,1.32903,1.32942
2026-07-28 05:00:00,1.32938,1.33062,1.32848,1.33021
2026-07-28 09:00:00,1.33017,1.33037,1.32733,1.32984
2026-07-28 13:00:00,1.3298,1.33107,1.32871,1.3302
2026-07-28 17:00:00,1.33022,1.33053,1.32864,1.32906
2026-07-28 21:00:00,1.329,1.32963,1.32807,1.32928
2026-07-29 01:00:00,1.3293,1.33012,1.3282,1.32977
2026-07-29 05:00:00,1.32971,1.33092,1.32952,1.33062
2026-07-29 09:00:00,1.3307,1.3307,1.32795,1.3282
2026-07-29 13:00:00,1.32819,1.33074,1.32807,1.32892
2026-07-29 17:00:00,1.3289,1.33872,1.32864,1.33686
2026-07-29 21:00:00,1.33682,1.33763,1.33438,1.33556
2026-07-30 01:00:00,1.3355,1.33599,1.33422,1.33441
2026-07-30 05:00:00,1.33442,1.33631,1.33332,1.33551
2026-07-30 09:00:00,1.33554,1.34059,1.33548,1.33742
2026-07-30 13:00:00,1.33735,1.34702,1.33688,1.34624
2026-07-30 17:00:00,1.34611,1.34769,1.34556,1.34637
2026-07-30 21:00:00,1.34645,1.34714,1.3454,1.34592
2026-07-31 01:00:00,1.34595,1.34626,1.34427,1.34458
2026-07-31 05:00:00,1.34455,1.34638,1.34358,1.34636
2026-07-31 09:00:00,1.3463,1.34682,1.34158,1.34223
2026-07-31 13:00:00,1.34235,1.34722,1.34011,1.34661
2026-07-31 17:00:00,1.34658,1.34944,1.34637,1.34804
2026-07-31 21:00:00,1.34816,1.34854,1.34628,1.34776
2026-08-01 01:00:00,1.34777,1.34814,1.34754,1.34794
2026-08-01 05:00:00,1.3479,1.34807,1.34766,1.34782
2026-08-01 09:00:00,1.3478,1.34793,1.3477,1.34787
2026-08-01 13:00:00,1.34784,1.3481,1.34731,1.34781
2026-08-01 17:00:00,1.34779,1.34809,1.34718,1.34787
2026-08-01 21:00:00,1.34787,1.34828,1.34727,1.34791
2026-08-02 01:00:00,1.34792,1.34818,1.34784,1.34813
2026-08-02 05:00:00,1.34813,1.3482,1.34789,1.34812
2026-08-02 09:00:00,1.3481,1.34822,1.34809,1.34818
2026-08-02 13:00:00,1.34815,1.34861,1.34738,1.34792
2026-08-02 17:00:00,1.3479,1.34959,1.34693,1.34808
2026-08-02 21:00:00,1.34828,1.35065,1.34807,1.34876
2026-08-03 01:00:00,1.34877,1.34896,1.34647,1.34722
2026-08-03 05:00:00,1.3472,1.34778,1.34533,1.34548
2026-08-03 09:00:00,1.34553,1.34722,1.34486,1.34643
2026-08-03 13:00:00,1.34632,1.34667,1.34248,1.3428
2026-08-03 17:00:00,1.34279,1.34349,1.34183,1.34339
2026-08-03 21:00:00,1.34334,1.34343,1.34244,1.34256
2026-08-04 01:00:00,1.34254,1.34326,1.34208,1.34264
2026-08-04 05:00:00,1.34266,1.34426,1.34198,1.34418
2026-08-04 09:00:00,1.34415,1.34548,1.34364,1.34432
2026-08-04 13:00:00,1.34439,1.34566,1.34382,1.34471
2026-08-04 17:00:00,1.34468,1.34548,1.34396,1.34542
2026-08-04 21:00:00,1.34536,1.34562,1.34456,1.34506
2026-08-05 01:00:00,1.34511,1.34604,1.34447,1.34547
2026-08-05 05:00:00,1.34546,1.34702,1.34515,1.34597
2026-08-05 09:00:00,1.34589,1.34845,1.34553,1.34718
2026-08-05 13:00:00,1.34715,1.34864,1.34575,1.34601
2026-08-05 17:00:00,1.34603,1.34733,1.34561,1.34688
2026-08-05 21:00:00,1.34685,1.34714,1.34638,1.34662
2026-08-06 01:00:00,1.34668,1.34731,1.34586,1.34604
2026-08-06 05:00:00,1.34603,1.34662,1.3455,1.34637
2026-08-06 09:00:00,1.34632,1.34718,1.34528,1.347
2026-08-06 13:00:00,1.34697,1.34795,1.34497,1.34555
2026-08-06 17:00:00,1.34555,1.34595,1.34486,1.34541
2026-08-06 21:00:00,1.34535,1.3458,1.34431,1.34502
2026-08-07 01:00:00,1.34499,1.34562,1.3449,1.34541
2026-08-07 05:00:00,1.34544,1.34585,1.34443,1.34457
2026-08-07 09:00:00,1.34453,1.35093,1.34347,1.34991
2026-08-07 13:00:00,1.34978,1.35093,1.34824,1.3496
2026-08-07 17:00:00,1.34964,1.35037,1.34895,1.34936
2026-08-07 21:00:00,1.34932,1.34974,1.34772,1.34916
2026-08-08 01:00:00,1.34917,1.35022,1.34668,1.34834
2026-08-08 05:00:00,1.34844,1.34978,1.34559,1.3492
2026-08-08 09:00:00,1.34917,1.34931,1.34895,1.3492
2026-08-08 13:00:00,1.34918,1.3506,1.34519,1.3492
2026-08-08 17:00:00,1.34916,1.34924,1.34898,1.34916
2026-08-08 21:00:00,1.34917,1.34924,1.3491,1.34916
2026-08-09 01:00:00,1.34917,1.34923,1.34913,1.34916
2026-08-09 05:00:00,1.34915,1.34923,1.34913,1.3492
2026-08-09 09:00:00,1.34917,1.34972,1.34769,1.34786
2026-08-09 13:00:00,1.34783,1.34954,1.34526,1.34713
2026-08-09 17:00:00,1.3471,1.35015,1.34698,1.34964
2026-08-09 21:00:00,1.3496,1.35008,1.34878,1.34912
2026-08-10 01:00:00,1.34912,1.34917,1.34834,1.34891
2026-08-10 05:00:00,1.34895,1.35051,1.34876,1.35034
2026-08-10 09:00:00,1.35029,1.35071,1.34902,1.34971
2026-08-10 13:00:00,1.34969,1.35312,1.34951,1.3515
2026-08-10 17:00:00,1.3515,1.3515,1.35051,1.35078
2026-08-10 21:00:00,1.35074,1.3515,1.35048,1.35117
2026-08-11 01:00:00,1.35118,1.35155,1.35037,1.35111
2026-08-11 05:00:00,1.3511,1.35156,1.34954,1.35043
2026-08-11 09:00:00,1.3504,1.35057,1.34928,1.35006
2026-08-11 13:00:00,1.35005,1.35144,1.3497,1.35067
2026-08-11 17:00:00,1.35064,1.35095,1.34969,1.35084
2026-08-11 21:00:00,1.3508,1.35117,1.35031,1.35088
2026-08-12 01:00:00,1.35086,1.35094,1.3502,1.35076
2026-08-12 05:00:00,1.35074,1.35133,1.35027,1.35103
2026-08-12 09:00:00,1.35099,1.35402,1.35095,1.35348
2026-08-12 13:00:00,1.35341,1.35399,1.34953,1.34979
2026-08-12 17:00:00,1.34976,1.35026,1.34881,1.34956
2026-08-12 21:00:00,1.34952,1.35008,1.34913,1.34972
2026-08-13 01:00:00,1.34966,1.34999,1.34866,1.34961
2026-08-13 05:00:00,1.34956,1.34976,1.3475,1.34805
2026-08-13 09:00:00,1.34799,1.35089,1.3476,1.35084
2026-08-13 13:00:00,1.3507,1.35126,1.34831,1.34862
2026-08-13 17:00:00,1.34864,1.34894,1.34802,1.3487
2026-08-13 21:00:00,1.34871,1.3498,1.34834,1.34979
2026-08-14 01:00:00,1.34976,1.34999,1.34891,1.34971
2026-08-14 05:00:00,1.34972,1.35265,1.34972,1.35232
2026-08-14 09:00:00,1.3522,1.35507,1.35199,1.35396
2026-08-14 13:00:00,1.35385,1.35613,1.35353,1.3539
2026-08-14 17:00:00,1.35391,1.35394,1.3528,1.35341
2026-08-14 21:00:00,1.35337,1.35422,1.3524,1.35332
2026-08-15 01:00:00,1.35334,1.35342,1.35316,1.35337
2026-08-15 05:00:00,1.35334,1.35345,1.35314,1.35337
2026-08-15 09:00:00,1.35333,1.35342,1.35305,1.35329
2026-08-15 13:00:00,1.35327,1.35364,1.35303,1.35312
2026-08-15 17:00:00,1.35313,1.35377,1.35305,1.35334
2026-08-15 21:00:00,1.3533,1.35377,1.35293,1.35326
2026-08-16 01:00:00,1.35324,1.35333,1.35295,1.35314
2026-08-16 05:00:00,1.35311,1.3533,1.35305,1.3531
