date,open,high,low,close
2010-01-01,5.740300178527832,5.771100044250488,5.740300178527832,5.770500183105469
2010-01-04,5.787300109863281,5.80620002746582,5.6743998527526855,5.704999923706055
2010-01-05,5.702899932861328,5.722499847412109,5.671599864959717,5.713799953460693
2010-01-06,5.714700222015381,5.750199794769287,5.6508002281188965,5.6666998863220215
2010-01-07,5.668900012969971,5.729899883270264,5.64709997177124,5.707399845123291
2010-01-08,5.702400207519531,5.729599952697754,5.64900016784668,5.654399871826172
2010-01-11,5.634500026702881,5.640600204467773,5.592700004577637,5.6066999435424805
2010-01-12,5.603000164031982,5.6722002029418945,5.603000164031982,5.665900230407715
2010-01-13,5.666200160980225,5.6774001121521,5.599100112915039,5.631100177764893
2010-01-14,5.632400035858154,5.644999980926514,5.61299991607666,5.6305999755859375
2010-01-15,5.62470006942749,5.690899848937988,5.621600151062012,5.673999786376953
2010-01-18,5.681399822235107,5.695099830627441,5.63700008392334,5.63700008392334
2010-01-19,5.638999938964844,5.714799880981445,5.63539981842041,5.686999797821045
2010-01-20,5.688000202178955,5.7835001945495605,5.679100036621094,5.770599842071533
2010-01-21,5.771599769592285,5.828000068664551,5.7606000900268555,5.815400123596191
2010-01-22,5.809899806976318,5.826099872589111,5.767899990081787,5.8024001121521
2010-01-25,5.7895002365112305,5.818900108337402,5.7733001708984375,5.811299800872803
2010-01-26,5.810500144958496,5.8719000816345215,5.786900043487549,5.847400188446045
2010-01-27,5.840700149536133,5.875999927520752,5.825699806213379,5.845799922943115
2010-01-28,5.841899871826172,5.897200107574463,5.820300102233887,5.887400150299072
2010-01-29,5.88640022277832,5.926499843597412,5.854100227355957,5.922599792480469
2010-02-01,5.920899868011475,5.929200172424316,5.841400146484375,5.850299835205078
2010-02-02,5.852099895477295,5.872000217437744,5.825300216674805,5.827000141143799
2010-02-03,5.824900150299072,5.87529993057251,5.804299831390381,5.862299919128418
2010-02-04,5.861999988555908,5.972700119018555,5.860499858856201,5.95389986038208
2010-02-05,5.950500011444092,6.041900157928467,5.947500228881836,5.985000133514404
2010-02-08,5.9928998947143555,6.006199836730957,5.935100078582764,5.975900173187256
2010-02-09,5.9766998291015625,5.9766998291015625,5.8744001388549805,5.896900177001953
2010-02-10,5.901899814605713,5.942200183868408,5.858500003814697,5.900199890136719
2010-02-11,5.905099868774414,5.9496002197265625,5.864500045776367,5.889750003814697
2010-02-12,5.880899906158447,5.974800109863281,5.880899906158447,5.8979997634887695
2010-02-15,5.912099838256836,5.932600021362305,5.906300067901611,5.911900043487549
2010-02-16,5.915999889373779,5.921000003814697,5.840199947357178,5.847710132598877
2010-02-17,5.848400115966797,5.894400119781494,5.824999809265137,5.880899906158447
2010-02-18,5.87529993057251,6.006999969482422,5.874100208282471,5.996699810028076
2010-02-19,5.995699882507324,6.01639986038208,5.926199913024902,5.935999870300293
2010-02-22,5.9253997802734375,5.9375,5.884300231933594,5.900300025939941
2010-02-23,5.9054999351501465,5.961599826812744,5.847899913787842,5.944900035858154
2010-02-24,5.944499969482422,5.956600189208984,5.888999938964844,5.927199840545654
2010-02-25,5.9270501136779785,5.992000102996826,5.922999858856201,5.93179988861084
2010-02-26,5.937399864196777,5.944900035858154,5.888999938964844,5.906300067901611
2010-03-01,5.89709997177124,5.973100185394287,5.889999866485596,5.934500217437744
2010-03-02,5.931000232696533,6.0055999755859375,5.907100200653076,5.921199798583984
2010-03-03,5.921899795532227,5.94950008392334,5.850299835205078,5.868500232696533
2010-03-04,5.871099948883057,5.945940017700195,5.867499828338623,5.922999858856201
2010-03-05,5.921899795532227,5.942399978637695,5.880300045013428,5.896999835968018
2010-03-08,5.888400077819824,5.90339994430542,5.854000091552734,5.895999908447266
2010-03-09,5.8927001953125,5.94350004196167,5.888000011444092,5.8942999839782715
2010-03-10,5.896900177001953,5.935100078582764,5.852799892425537,5.875699996948242
2010-03-11,5.873000144958496,5.888999938964844,5.85260009765625,5.861000061035156
2010-03-12,5.855199813842773,5.866300106048584,5.803400039672852,5.820000171661377
2010-03-15,5.819300174713135,5.878399848937988,5.815000057220459,5.868000030517578
2010-03-16,5.861499786376953,5.876800060272217,5.811999797821045,5.826000213623047
2010-03-17,5.819699764251709,5.8317999839782715,5.789299964904785,5.817399978637695
2010-03-18,5.821100234985352,5.884099960327148,5.816699981689453,5.863100051879883
2010-03-19,5.868100166320801,5.912399768829346,5.841000080108643,5.9070000648498535
2010-03-22,5.916100025177002,5.982600212097168,5.911300182342529,5.919899940490723
2010-03-23,5.922999858856201,5.970699787139893,5.9131999015808105,5.950399875640869
2010-03-24,5.94890022277832,6.043499946594238,5.941999912261963,6.030799865722656
2010-03-25,6.030300140380859,6.0980000495910645,6.021399974822998,6.079400062561035
2010-03-26,6.0746002197265625,6.080599784851074,6.0152997970581055,6.039100170135498
2010-03-29,6.021999835968018,6.039599895477295,5.948699951171875,5.948999881744385
2010-03-30,5.958600044250488,5.9984002113342285,5.93120002746582,5.984499931335449
2010-03-31,5.978700160980225,5.997700214385986,5.920499801635742,5.939499855041504
2010-04-01,5.941999912261963,5.957799911499023,5.8979997634887695,5.915900230407715
2010-04-02,5.91379976272583,5.952000141143799,5.906700134277344,5.929999828338623
2010-04-05,5.934500217437744,5.956600189208984,5.915200233459473,5.935699939727783
2010-04-06,5.9359002113342285,5.998169898986816,5.9268999099731445,5.9506001472473145
2010-04-07,5.960000038146973,5.984000205993652,5.941299915313721,5.961100101470947
2010-04-08,5.9695000648498535,6.003300189971924,5.940700054168701,5.944799900054932
2010-04-09,5.946300029754639,5.9593000411987305,5.888199806213379,5.901000022888184
2010-04-12,5.84060001373291,5.897600173950195,5.817800045013428,5.882299900054932
2010-04-13,5.8831000328063965,5.899799823760986,5.859000205993652,5.873700141906738
2010-04-14,5.869999885559082,5.883699893951416,5.834099769592285,5.8460001945495605
2010-04-15,5.8404998779296875,5.894199848175049,5.833000183105469,5.849999904632568
2010-04-16,5.85290002822876,5.909800052642822,5.845799922943115,5.888800144195557
2010-04-19,5.9004998207092285,5.958399772644043,5.898200035095215,5.905799865722656
2010-04-20,5.908199787139893,5.925230026245117,5.874300003051758,5.898499965667725
2010-04-21,5.901100158691406,5.91949987411499,5.881100177764893,5.906700134277344
2010-04-22,5.9120001792907715,5.946499824523926,5.886600017547607,5.932199954986572
2010-04-23,5.937099933624268,5.960100173950195,5.875500202178955,5.885000228881836
2010-04-26,5.893799781799316,5.903900146484375,5.8460001945495605,5.848700046539307
2010-04-27,5.846799850463867,5.960299968719482,5.844399929046631,5.942500114440918
2010-04-28,5.943900108337402,5.997499942779541,5.9268999099731445,5.951600074768066
2010-04-29,5.956900119781494,5.972499847412109,5.89739990234375,5.901700019836426
2010-04-30,5.903570175170898,5.919099807739258,5.881499767303467,5.9029998779296875
2010-05-03,5.8871002197265625,5.953000068664551,5.883200168609619,5.929200172424316
2010-05-04,5.933300018310547,6.041200160980225,5.921899795532227,6.033100128173828
2010-05-05,6.031599998474121,6.114699840545654,6.019499778747559,6.085319995880127
2010-05-06,6.080399990081787,6.287899971008301,6.061600208282471,6.255899906158447
2010-05-07,6.257999897003174,6.315700054168701,6.181000232696533,6.218800067901611
2010-05-10,6.160799980163574,6.195390224456787,6.00629997253418,6.141499996185303
2010-05-11,6.13640022277832,6.202000141143799,6.119999885559082,6.198800086975098
2010-05-12,6.196000099182129,6.212900161743164,6.117800235748291,6.145999908447266
2010-05-13,6.144199848175049,6.199699878692627,6.1041998863220215,6.178199768066406
2010-05-14,6.180300235748291,6.249000072479248,6.1539998054504395,6.229000091552734
2010-05-17,6.2307000160217285,6.30019998550415,6.200099945068359,6.216899871826172
2010-05-18,6.21750020980835,6.363999843597412,6.200200080871582,6.354300022125244
2010-05-19,6.353000164031982,6.453499794006348,6.329699993133545,6.407100200653076
2010-05-20,6.405900001525879,6.578100204467773,6.397900104522705,6.518199920654297
2010-05-21,6.520400047302246,6.5472002029418945,6.4334001541137695,6.441699981689453
2010-05-24,6.4953999519348145,6.540160179138184,6.441699981689453,6.512400150299072
2010-05-25,6.513700008392334,6.667500019073486,6.507999897003174,6.556000232696533
2010-05-26,6.559100151062012,6.624000072479248,6.461900234222412,6.598100185394287
2010-05-27,6.597300052642822,6.604000091552734,6.418700218200684,6.447500228881836
2010-05-28,6.4492998123168945,6.502099990844727,6.374800205230713,6.49399995803833
2010-05-31,6.478000164031982,6.4832000732421875,6.431399822235107,6.461100101470947
2010-06-01,6.4654998779296875,6.563399791717529,6.417399883270264,6.487599849700928
2010-06-02,6.4832000732421875,6.514699935913086,6.4506001472473145,6.468100070953369
2010-06-03,6.470900058746338,6.493100166320801,6.385900020599365,6.459239959716797
2010-06-04,6.459400177001953,6.61299991607666,6.423299789428711,6.5879998207092285
2010-06-07,6.631100177764893,6.708799839019775,6.614299774169922,6.69920015335083
2010-06-08,6.701900005340576,6.724999904632568,6.627500057220459,6.645100116729736
2010-06-09,6.645199775695801,6.683700084686279,6.543399810791016,6.615499973297119
2010-06-10,6.614299774169922,6.638700008392334,6.470600128173828,6.488100051879883
2010-06-11,6.485899925231934,6.506400108337402,6.443999767303467,6.453000068664551
2010-06-14,6.4328999519348145,6.440199851989746,6.368599891662598,6.437600135803223
2010-06-15,6.434899806976318,6.480299949645996,6.353400230407715,6.367800235748291
2010-06-16,6.36870002746582,6.4303998947143555,6.346099853515625,6.390399932861328
2010-06-17,6.393400192260742,6.444799900054932,6.338799953460693,6.364699840545654
2010-06-18,6.371799945831299,6.384200096130371,6.329999923706055,6.354000091552734
2010-06-21,6.3343000411987305,6.430699825286865,6.281499862670898,6.413899898529053
2010-06-22,6.414100170135498,6.47629976272583,6.393599987030029,6.463200092315674
2010-06-23,6.464900016784668,6.524899959564209,6.4390997886657715,6.475399971008301
2010-06-24,6.47189998626709,6.519499778747559,6.432700157165527,6.48799991607666
2010-06-25,6.489500045776367,6.543300151824951,6.419600009918213,6.441999912261963
2010-06-28,6.434000015258789,6.4583001136779785,6.3993000984191895,6.419899940490723
2010-06-29,6.425000190734863,6.519400119781494,6.4120001792907715,6.5106000900268555
2010-06-30,6.5040998458862305,6.520500183105469,6.445700168609619,6.520199775695801
2010-07-01,6.516200065612793,6.548999786376953,6.505000114440918,6.419000148773193
2010-07-02,6.422900199890137,6.456299781799316,6.388299942016602,6.432000160217285
2010-07-05,6.435400009155273,6.460000038146973,6.413599967956543,6.445000171661377
2010-07-06,6.441500186920166,6.4741997718811035,6.34089994430542,6.377099990844727
2010-07-07,6.386300086975098,6.456200122833252,6.368000030517578,6.387800216674805
2010-07-08,6.387899875640869,6.401899814605713,6.339399814605713,6.357800006866455
2010-07-09,6.354300022125244,6.384699821472168,6.337500095367432,6.361000061035156
2010-07-12,6.347599983215332,6.403969764709473,6.343100070953369,6.356800079345703
2010-07-13,6.347899913787842,6.3780999183654785,6.237299919128418,6.246799945831299
2010-07-14,6.2428998947143555,6.256999969482422,6.203700065612793,6.223599910736084
2010-07-15,6.225299835205078,6.242599964141846,6.151000022888184,6.1620001792907715
2010-07-16,6.169000148773193,6.2779998779296875,6.161399841308594,6.261000156402588
2010-07-19,6.287300109863281,6.315000057220459,6.264699935913086,6.2993998527526855
2010-07-20,6.297999858856201,6.330699920654297,6.24399995803833,6.249899864196777
2010-07-21,6.246099948883057,6.292799949645996,6.194699764251709,6.273799896240234
2010-07-22,6.272900104522705,6.295400142669678,6.161600112915039,6.163899898529053
2010-07-23,6.168099880218506,6.218599796295166,6.134399890899658,6.160999774932861
2010-07-26,6.173999786376953,6.219699859619141,6.147500038146973,6.157400131225586
2010-07-27,6.1585001945495605,6.182400226593018,6.126200199127197,6.1656999588012695
2010-07-28,6.1585001945495605,6.179699897766113,6.127799987792969,6.149899959564209
2010-07-29,6.1545000076293945,6.164999961853027,6.060800075531006,6.083499908447266
2010-07-30,6.080900192260742,6.143099784851074,6.039100170135498,6.071000099182129
2010-08-02,6.057600021362305,6.065700054168701,5.95419979095459,5.965000152587891
2010-08-03,5.966599941253662,5.98799991607666,5.94350004196167,5.956299781799316
2010-08-04,5.959199905395508,6.002500057220459,5.952600002288818,5.956099987030029
2010-08-05,5.985400199890137,6.018700122833252,5.94920015335083,5.986599922180176
2010-08-06,5.986999988555908,5.988900184631348,5.915900230407715,5.986599922180176
2010-08-09,5.9527997970581055,5.973199844360352,5.926700115203857,5.954599857330322
2010-08-10,5.973100185394287,6.066699981689453,5.973100185394287,5.978499889373779
2010-08-11,6.026800155639648,6.185999870300293,6.026800155639648,6.029399871826172
2010-08-12,6.196000099182129,6.230500221252441,6.145999908447266,6.190999984741211
2010-08-13,6.177000045776367,6.219299793243408,6.1132001876831055,6.176199913024902
2010-08-16,6.195899963378906,6.223599910736084,6.1305999755859375,6.193999767303467
2010-08-17,6.166999816894531,6.173999786376953,6.117000102996826,6.165800094604492
2010-08-18,6.131400108337402,6.175899982452393,6.127999782562256,6.134500026702881
2010-08-19,6.156099796295166,6.206610202789307,6.1290998458862305,6.155200004577637
2010-08-20,6.188899993896484,6.287399768829346,6.171199798583984,6.189199924468994
2010-08-23,6.231400012969971,6.253600120544434,6.203499794006348,6.2332000732421875
2010-08-24,6.250999927520752,6.315700054168701,6.243000030517578,6.2530999183654785
2010-08-25,6.301599979400635,6.364699840545654,6.25439977645874,6.298699855804443
2010-08-26,6.302700042724609,6.31790018081665,6.2530999183654785,6.30620002746582
2010-08-27,6.30019998550415,6.32450008392334,6.235599994659424,6.303899765014648
2010-08-30,6.232900142669678,6.292600154876709,6.2256999015808105,6.228300094604492
2010-08-31,6.303100109100342,6.342800140380859,6.276400089263916,6.300000190734863
2010-09-01,6.291200160980225,6.308899879455566,6.15880012512207,6.287099838256836
2010-09-02,6.182499885559082,6.2032999992370605,6.139500141143799,6.189199924468994
2010-09-03,6.136300086975098,6.148499965667725,6.102399826049805,6.140999794006348
2010-09-06,6.0991997718811035,6.122200012207031,6.078499794006348,6.1006999015808105
2010-09-07,6.114699840545654,6.220200061798096,6.112199783325195,6.11870002746582
2010-09-08,6.215700149536133,6.244050025939941,6.158999919891357,6.21560001373291
2010-09-09,6.183499813079834,6.212699890136719,6.148200035095215,6.18779993057251
2010-09-10,6.181000232696533,6.2017998695373535,6.157599925994873,6.18149995803833
2010-09-13,6.1697998046875,6.17080020904541,6.097899913787842,6.172699928283691
2010-09-14,6.1041998863220215,6.139400005340576,6.0254998207092285,6.102799892425537
2010-09-15,6.05079984664917,6.097499847412109,6.031099796295166,6.050000190734863
2010-09-16,6.085999965667725,6.11959981918335,6.050899982452393,6.084000110626221
2010-09-17,6.093699932098389,6.129499912261963,6.0447001457214355,6.09060001373291
2010-09-20,6.098800182342529,6.105899810791016,6.035900115966797,6.098800182342529
2010-09-21,6.049300193786621,6.070099830627441,6.012800216674805,6.0473198890686035
2010-09-22,5.959000110626221,5.964600086212158,5.865200042724609,5.956099987030029
2010-09-23,5.886099815368652,5.952000141143799,5.872499942779541,5.886099815368652
2010-09-24,5.952400207519531,5.969699859619141,5.8703999519348145,5.957200050354004
2010-09-27,5.8765997886657715,5.905900001525879,5.8516998291015625,5.878699779510498
2010-09-28,5.906400203704834,5.960999965667725,5.848800182342529,5.910099983215332
2010-09-29,5.849999904632568,5.876399993896484,5.817299842834473,5.850200176239014
2010-09-30,5.854400157928467,5.913899898529053,5.820499897003174,5.853300094604492
2010-10-01,5.8805999755859375,5.885000228881836,5.824699878692627,5.880799770355225
2010-10-04,5.830100059509277,5.876800060272217,5.822999954223633,5.8302998542785645
2010-10-05,5.866199970245361,5.883900165557861,5.798299789428711,5.872099876403809
2010-10-06,5.811100006103516,5.822000026702881,5.768099784851074,5.812099933624268
2010-10-07,5.762199878692627,5.828460216522217,5.736299991607666,5.76230001449585
2010-10-08,5.819200038909912,5.858799934387207,5.791600227355957,5.816100120544434
2010-10-11,5.788700103759766,5.86269998550415,5.783400058746338,5.797900199890137
2010-10-12,5.84119987487793,5.906599998474121,5.838500022888184,5.841300010681152
2010-10-13,5.848700046539307,5.852399826049805,5.778500080108643,5.8506999015808105
2010-10-14,5.78000020980835,5.784299850463867,5.705900192260742,5.784200191497803
2010-10-15,5.73799991607666,5.795300006866455,5.710700035095215,5.733699798583984
2010-10-18,5.795100212097168,5.876760005950928,5.789100170135498,5.798900127410889
2010-10-19,5.852700233459473,5.9217000007629395,5.818399906158447,5.850100040435791
2010-10-20,5.935699939727783,5.953999996185303,5.8180999755859375,5.9309000968933105
2010-10-21,5.816500186920166,5.8649001121521,5.784999847412109,5.820799827575684
2010-10-22,5.854400157928467,5.8851399421691895,5.793900012969971,5.854599952697754
2010-10-25,5.803400039672852,5.806399822235107,5.736999988555908,5.799900054931641
2010-10-26,5.798699855804443,5.877299785614014,5.767099857330322,5.80079984664917
2010-10-27,5.86269998550415,5.922999858856201,5.855999946594238,5.868199825286865
2010-10-28,5.896599769592285,5.905680179595947,5.850100040435791,5.900100231170654
2010-10-29,5.896599769592285,5.950799942016602,5.870299816131592,5.900100231170654
2010-11-01,5.865099906921387,5.880249977111816,5.804100036621094,5.841899871826172
2010-11-02,5.854100227355957,5.867000102996826,5.811299800872803,5.850399971008301
2010-11-03,5.840099811553955,5.869100093841553,5.822400093078613,5.838600158691406
2010-11-04,5.792099952697754,5.806300163269043,5.701399803161621,5.795499801635742
2010-11-05,5.724309921264648,5.795199871063232,5.71589994430542,5.719900131225586
2010-11-08,5.736400127410889,5.8249101638793945,5.727799892425537,5.736100196838379
2010-11-09,5.835899829864502,5.851500034332275,5.770100116729736,5.831389904022217
2010-11-10,5.847700119018555,5.907899856567383,5.823200225830078,5.851500034332275
2010-11-11,5.861999988555908,5.9328999519348145,5.839300155639648,5.856299877166748
2010-11-12,5.945099830627441,5.986199855804443,5.889200210571289,5.945000171661377
2010-11-15,5.954599857330322,6.001100063323975,5.917300224304199,5.952400207519531
2010-11-16,5.988699913024902,6.054500102996826,5.956500053405762,5.9903998374938965
2010-11-17,6.065700054168701,6.095600128173828,6.01170015335083,6.059299945831299
2010-11-18,6.018099784851074,6.024199962615967,5.955699920654297,6.015600204467773
2010-11-19,5.975800037384033,6.005000114440918,5.945899963378906,5.978700160980225
2010-11-22,5.957099914550781,6.023900032043457,5.931600093841553,5.963099956512451
2010-11-23,6.015100002288818,6.102799892425537,6.000999927520752,6.017099857330322
2010-11-24,6.095900058746338,6.137700080871582,6.053599834442139,6.096700191497803
2010-11-25,6.084499835968018,6.112500190734863,6.072999954223633,6.076300144195557
2010-11-26,6.086299896240234,6.1946001052856445,6.0817999839782715,6.092700004577637
2010-11-29,6.165900230407715,6.214719772338867,6.113900184631348,6.162499904632568
2010-11-30,6.160399913787842,6.233500003814697,6.139500141143799,6.160699844360352
2010-12-01,6.196899890899658,6.21150016784668,6.132999897003174,6.196800231933594
2010-12-02,6.144100189208984,6.161799907684326,6.075699806213379,6.14870023727417
2010-12-03,6.07390022277832,6.093200206756592,5.982800006866455,6.075200080871582
2010-12-06,5.956900119781494,6.034200191497803,5.947299957275391,5.953000068664551
2010-12-07,5.998300075531006,6.007699966430664,5.937399864196777,6.003699779510498
2010-12-08,6.007299900054932,6.0447001457214355,5.980999946594238,6.00439977645874
2010-12-09,6.011099815368652,6.059199810028076,5.971799850463867,6.009699821472168
2010-12-10,6.0355000495910645,6.040200233459473,5.984399795532227,6.0370001792907715
2010-12-13,6.011600017547607,6.02016019821167,5.929299831390381,6.012499809265137
2010-12-14,5.917900085449219,5.929699897766113,5.855199813842773,5.917600154876709
2010-12-15,5.905099868774414,5.942599773406982,5.873300075531006,5.900599956512451
2010-12-16,5.966000080108643,5.985499858856201,5.945099830627441,5.964900016784668
2010-12-17,5.948999881744385,5.99399995803833,5.902599811553955,5.946199893951416
2010-12-20,5.9857001304626465,6.005000114440918,5.9664998054504395,5.981299877166748
2010-12-21,5.985400199890137,5.986700057983398,5.947999954223633,5.981100082397461
2010-12-22,5.985799789428711,6.012599945068359,5.952400207519531,5.981100082397461
2010-12-23,5.981200218200684,6.004899978637695,5.958099842071533,5.976600170135498
2010-12-24,5.962399959564209,5.973700046539307,5.945700168609619,5.961900234222412
2010-12-27,5.981520175933838,5.982800006866455,5.946400165557861,5.982999801635742
2010-12-28,5.92609977722168,5.951519966125488,5.894999980926514,5.922399997711182
2010-12-29,5.964799880981445,5.9695000648498535,5.93120002746582,5.965199947357178
2010-12-30,5.905399799346924,5.911799907684326,5.862800121307373,5.903900146484375
2010-12-31,5.872000217437744,5.885200023651123,5.807199954986572,5.870800018310547
2011-01-03,5.829999923706055,5.871600151062012,5.81850004196167,5.825399875640869
2011-01-04,5.822999954223633,5.853400230407715,5.799900054931641,5.824999809265137
2011-01-05,5.85290002822876,5.9278998374938965,5.849400043487549,5.8506999015808105
2011-01-06,5.889400005340576,5.95989990234375,5.884900093078613,5.896100044250488
2011-01-07,5.9629998207092285,5.9781999588012695,5.937300205230713,5.9704999923706055
2011-01-10,5.992499828338623,5.997000217437744,5.952400207519531,5.98829984664917
2011-01-11,5.962800025939941,5.991600036621094,5.946599960327148,5.960100173950195
2011-01-12,5.946499824523926,5.954400062561035,5.908100128173828,5.947299957275391
2011-01-13,5.901299953460693,5.92140007019043,5.843800067901611,5.901599884033203
2011-01-14,5.861400127410889,5.900400161743164,5.826200008392334,5.8607001304626465
2011-01-17,5.834499835968018,5.88100004196167,5.8317999839782715,5.838500022888184
2011-01-18,5.860300064086914,5.872200012207031,5.8043999671936035,5.854499816894531
2011-01-19,5.8302998542785645,5.83489990234375,5.779099941253662,5.829699993133545
2011-01-20,5.828800201416016,5.894499778747559,5.807799816131592,5.824900150299072
2011-01-21,5.8709001541137695,5.884500026702881,5.796000003814697,5.870800018310547
2011-01-24,5.8059000968933105,5.833099842071533,5.7642998695373535,5.8105998039245605
2011-01-25,5.784299850463867,5.802299976348877,5.740600109100342,5.782020092010498
2011-01-26,5.758800029754639,5.7795000076293945,5.726099967956543,5.755000114440918
2011-01-27,5.759900093078613,5.785999774932861,5.743599891662598,5.761000156402588
2011-01-28,5.789299964904785,5.813000202178955,5.768700122833252,5.7895002365112305
2011-01-31,5.828199863433838,5.837900161743164,5.752200126647949,5.829400062561035
2011-02-01,5.761199951171875,5.771999835968018,5.710899829864502,5.766499996185303
2011-02-02,5.700200080871582,5.732600212097168,5.6834001541137695,5.695400238037109
2011-02-03,5.708099842071533,5.758399963378906,5.703499794006348,5.703199863433838
2011-02-04,5.740499973297119,5.768799781799316,5.718400001525879,5.737299919128418
2011-02-07,5.7565999031066895,5.793900012969971,5.736400127410889,5.756899833679199
2011-02-08,5.770599842071533,5.780799865722656,5.736800193786621,5.764699935913086
2011-02-09,5.765500068664551,5.7845001220703125,5.74399995803833,5.765200138092041
2011-02-10,5.7596001625061035,5.8491997718811035,5.752200126647949,5.758900165557861
2011-02-11,5.822400093078613,5.882599830627441,5.816500186920166,5.828499794006348
2011-02-14,5.867000102996826,5.880499839782715,5.835000038146973,5.866499900817871
2011-02-15,5.825200080871582,5.846700191497803,5.781700134277344,5.826300144195557
2011-02-16,5.823699951171875,5.824999809265137,5.775899887084961,5.821599960327148
2011-02-17,5.72160005569458,5.760700225830078,5.702700138092041,5.721700191497803
2011-02-18,5.6915998458862305,5.724299907684326,5.6753997802734375,5.697299957275391
2011-02-21,5.662360191345215,5.69890022277832,5.660600185394287,5.658199787139893
2011-02-22,5.6774001121521,5.7469000816345215,5.652100086212158,5.67549991607666
2011-02-23,5.667900085449219,5.668099880218506,5.611199855804443,5.6620001792907715
2011-02-24,5.630000114440918,5.653200149536133,5.582900047302246,5.623300075531006
2011-02-25,5.605400085449219,5.6656999588012695,5.588900089263916,5.609600067138672
2011-02-28,5.648200035095215,5.663599967956543,5.555699825286865,5.649199962615967
2011-03-01,5.583499908447266,5.602399826049805,5.556700229644775,5.585100173950195
2011-03-02,5.607100009918213,5.617599964141846,5.543700218200684,5.608099937438965
2011-03-03,5.539299964904785,5.588399887084961,5.533199787139893,5.539599895477295
2011-03-04,5.561200141906738,5.582699775695801,5.55079984664917,5.565700054168701
2011-03-07,5.55620002746582,5.572299957275391,5.520999908447266,5.55620002746582
2011-03-08,5.557499885559082,5.594299793243408,5.5406999588012695,5.552299976348877
2011-03-09,5.586299896240234,5.59250020980835,5.554100036621094,5.58620023727417
2011-03-10,5.56790018081665,5.658299922943115,5.5553998947143555,5.563600063323975
2011-03-11,5.646100044250488,5.684800148010254,5.631800174713135,5.649899959564209
2011-03-14,5.589099884033203,5.625800132751465,5.582600116729736,5.59499979019165
2011-03-15,5.5971999168396,5.720799922943115,5.592899799346924,5.601600170135498
2011-03-16,5.654099941253662,5.678899765014648,5.627399921417236,5.656199932098389
2011-03-17,5.678800106048584,5.680200099945068,5.606200218200684,5.680200099945068
2011-03-18,5.64709997177124,5.6596999168396,5.559500217437744,5.6442999839782715
2011-03-21,5.552199840545654,5.579800128936768,5.541299819946289,5.556519985198975
2011-03-22,5.540999889373779,5.5883002281188965,5.5329999923706055,5.536200046539307
2011-03-23,5.582699775695801,5.598899841308594,5.543499946594238,5.582900047302246
2011-03-24,5.58489990234375,5.609499931335449,5.539999961853027,5.591800212860107
2011-03-25,5.554100036621094,5.597899913787842,5.5432000160217285,5.554699897766113
2011-03-28,5.618100166320801,5.637599945068359,5.571899890899658,5.622600078582764
2011-03-29,5.598800182342529,5.623600006103516,5.572400093078613,5.601399898529053
2011-03-30,5.589600086212158,5.611000061035156,5.572000026702881,5.589600086212158
2011-03-31,5.570799827575684,5.576600074768066,5.501299858093262,5.574100017547607
2011-04-01,5.535200119018555,5.561049938201904,5.492000102996826,5.535399913787842
2011-04-04,5.487800121307373,5.514800071716309,5.462800025939941,5.487299919128418
2011-04-05,5.48829984664917,5.511199951171875,5.4593000411987305,5.486800193786621
2011-04-06,5.474939823150635,5.476799964904785,5.42519998550415,5.476200103759766
2011-04-07,5.456200122833252,5.487199783325195,5.450399875640869,5.456500053405762
2011-04-08,5.465000152587891,5.468400001525879,5.389400005340576,5.4608001708984375
2011-04-11,5.386899948120117,5.432459831237793,5.377200126647949,5.389200210571289
2011-04-12,5.460899829864502,5.499300003051758,5.420599937438965,5.457699775695801
2011-04-13,5.4644999504089355,5.467899799346924,5.410900115966797,5.458799839019775
2011-04-14,5.450200080871582,5.477499961853027,5.394499778747559,5.450200080871582
2011-04-18,5.373499870300293,5.512400150299072,5.371500015258789,5.380300045013428
2011-04-19,5.481299877166748,5.488999843597412,5.414400100708008,5.474999904632568
2011-04-20,5.414999961853027,5.422399997711182,5.342299938201904,5.415800094604492
2011-04-21,5.357500076293945,5.359499931335449,5.298600196838379,5.351799964904785
2011-04-22,5.349800109863281,5.378799915313721,5.334000110626221,5.352799892425537
2011-04-25,5.3520002365112305,5.372600078582764,5.3302001953125,5.350100040435791
2011-04-26,5.358399868011475,5.387899875640869,5.302299976348877,5.357500076293945
2011-04-27,5.297100067138672,5.32889986038208,5.273900032043457,5.295000076293945
2011-04-28,5.27269983291626,5.283899784088135,5.2428998947143555,5.272299766540527
2011-04-29,5.230999946594238,5.252900123596191,5.223599910736084,5.230400085449219
2011-05-02,5.2453999519348145,5.262599945068359,5.210400104522705,5.247000217437744
2011-05-03,5.24399995803833,5.289599895477295,5.232500076293945,5.241399765014648
2011-05-04,5.272900104522705,5.319900035858154,5.252500057220459,5.27269983291626
2011-05-05,5.321100234985352,5.446800231933594,5.2845001220703125,5.320099830627441
2011-05-06,5.462500095367432,5.492400169372559,5.430799961090088,5.461900234222412
2011-05-09,5.518599987030029,5.518799781799316,5.456699848175049,5.519100189208984
2011-05-10,5.4629998207092285,5.512499809265137,5.412399768829346,5.468200206756592
2011-05-11,5.410999774932861,5.475399971008301,5.396999835968018,5.416999816894531
2011-05-12,5.510200023651123,5.539999961853027,5.4770002365112305,5.503900051116943
2011-05-13,5.501399993896484,5.556600093841553,5.457300186157227,5.506400108337402
2011-05-16,5.572700023651123,5.591300010681152,5.519100189208984,5.572400093078613
2011-05-17,5.564700126647949,5.626500129699707,5.546599864959717,5.563799858093262
2011-05-18,5.548999786376953,5.593699932098389,5.537700176239014,5.547500133514404
2011-05-19,5.535999774932861,5.556000232696533,5.50600004196167,5.533599853515625
2011-05-20,5.489999771118164,5.557600021362305,5.464099884033203,5.4899001121521
2011-05-23,5.549799919128418,5.622900009155273,5.539899826049805,5.54610013961792
2011-05-24,5.593699932098389,5.605899810791016,5.545300006866455,5.588500022888184
2011-05-25,5.561200141906738,5.60230016708374,5.541600227355957,5.554599761962891
2011-05-26,5.546000003814697,5.551990032196045,5.47790002822876,5.5432000160217285
2011-05-27,5.504000186920166,5.50540018081665,5.410600185394287,5.502200126647949
2011-05-30,5.422399997711182,5.445899963378906,5.415599822998047,5.427199840545654
2011-05-31,5.410900115966797,5.4145002365112305,5.3592000007629395,5.412600040435791
2011-06-01,5.359099864959717,5.381400108337402,5.34689998626709,5.359799861907959
2011-06-02,5.429900169372559,5.442200183868408,5.351600170135498,5.435699939727783
2011-06-03,5.366000175476074,5.422100067138672,5.337600231170654,5.366700172424316
2011-06-06,5.3242998123168945,5.364200115203857,5.318999767303467,5.322500228881836
2011-06-07,5.377200126647949,5.381400108337402,5.332300186157227,5.377099990844727
2011-06-08,5.335899829864502,5.399099826812744,5.333199977874756,5.337600231170654
2011-06-09,5.393199920654297,5.438600063323975,5.361000061035156,5.3917999267578125
2011-06-10,5.418799877166748,5.4868998527526855,5.398499965667725,5.413599967956543
2011-06-13,5.497700214385986,5.504700183868408,5.427199840545654,5.496799945831299
2011-06-14,5.426199913024902,5.440999984741211,5.37529993057251,5.426799774169922
2011-06-15,5.395500183105469,5.522600173950195,5.392199993133545,5.394999980926514
2011-06-16,5.546000003814697,5.591800212860107,5.5229997634887695,5.54449987411499
2011-06-17,5.515100002288818,5.577099800109863,5.4953999519348145,5.5121002197265625
2011-06-20,5.526500225067139,5.579999923706055,5.518199920654297,5.527200222015381
2011-06-21,5.528200149536133,5.535999774932861,5.4857001304626465,5.532100200653076
2011-06-22,5.495200157165527,5.5142998695373535,5.425899982452393,5.493599891662598
2011-06-23,5.45359992980957,5.549699783325195,5.443299770355225,5.4552001953125
2011-06-24,5.4446001052856445,5.497700214385986,5.4303998947143555,5.443900108337402
2011-06-27,5.494100093841553,5.532899856567383,5.451399803161621,5.497000217437744
2011-06-28,5.454400062561035,5.482399940490723,5.413099765777588,5.451099872589111
2011-06-29,5.423399925231934,5.434500217437744,5.379199981689453,5.423799991607666
2011-06-30,5.36870002746582,5.388599872589111,5.349400043487549,5.363500118255615
2011-07-01,5.3831000328063965,5.396399974822998,5.3557000160217285,5.381199836730957
2011-07-04,5.3516998291015625,5.367800235748291,5.336999893188477,5.356500148773193
2011-07-05,5.332200050354004,5.360000133514404,5.3292999267578125,5.335899829864502
2011-07-06,5.367929935455322,5.430799961090088,5.350800037384033,5.364999771118164
2011-07-07,5.4028000831604,5.4359002113342285,5.370200157165527,5.403900146484375
2011-07-08,5.36899995803833,5.454699993133545,5.36460018157959,5.364699840545654
2011-07-11,5.433800220489502,5.543600082397461,5.421599864959717,5.43120002746582
2011-07-12,5.51200008392334,5.6296000480651855,5.51039981842041,5.5131001472473145
2011-07-13,5.598999977111816,5.6006999015808105,5.492700099945068,5.598700046539307
2011-07-14,5.501100063323975,5.551599979400635,5.47629976272583,5.5040998458862305
2011-07-15,5.5320000648498535,5.581399917602539,5.516499996185303,5.534200191497803
2011-07-18,5.572299957275391,5.6168999671936035,5.563000202178955,5.566999912261963
2011-07-19,5.561200141906738,5.594399929046631,5.501800060272217,5.566699981689453
2011-07-20,5.50600004196167,5.523499965667725,5.4704999923706055,5.507599830627441
2011-07-21,5.460899829864502,5.512599945068359,5.402299880981445,5.461100101470947
2011-07-22,5.3975701332092285,5.4496002197265625,5.375699996948242,5.395299911499023
2011-07-25,5.411499977111816,5.428500175476074,5.384799957275391,5.40749979019165
2011-07-26,5.410600185394287,5.418799877166748,5.341599941253662,5.410299777984619
2011-07-27,5.346499919891357,5.406000137329102,5.329400062561035,5.344200134277344
2011-07-28,5.399799823760986,5.420100212097168,5.366399765014648,5.400100231170654
2011-07-29,5.4019999504089355,5.437099933624268,5.367300033569336,5.399099826812744
2011-08-01,5.381800174713135,5.417300224304199,5.326000213623047,5.382400035858154
2011-08-02,5.364099979400635,5.410600185394287,5.354800224304199,5.359300136566162
2011-08-03,5.417099952697754,5.446199893951416,5.3420000076293945,5.416600227355957
2011-08-04,5.353499889373779,5.489299774169922,5.341800212860107,5.354400157928467
2011-08-05,5.531300067901611,5.54040002822876,5.445499897003174,5.528600215911865
2011-08-08,5.471499919891357,5.513000011444092,5.447000026702881,5.469399929046631
2011-08-09,5.4736199378967285,5.523399829864502,5.446800231933594,5.473680019378662
2011-08-10,5.447700023651123,5.546500205993652,5.407400131225586,5.446100234985352
2011-08-11,5.566400051116943,5.5690999031066895,5.478400230407715,5.572199821472168
2011-08-12,5.537499904632568,5.577000141143799,5.4756999015808105,5.532400131225586
2011-08-15,5.512800216674805,5.521599769592285,5.422399997711182,5.5167999267578125
2011-08-16,5.433199882507324,5.475500106811523,5.417500019073486,5.438600063323975
2011-08-17,5.444300174713135,5.45959997177124,5.356200218200684,5.438399791717529
2011-08-18,5.3805999755859375,5.4857001304626465,5.377900123596191,5.38700008392334
2011-08-19,5.4629998207092285,5.502600193023682,5.429999828338623,5.4679999351501465
2011-08-22,5.469900131225586,5.490799903869629,5.417399883270264,5.473499774932861
2011-08-23,5.446599960327148,5.45359992980957,5.383399963378906,5.450300216674805
2011-08-24,5.421800136566162,5.4496002197265625,5.401400089263916,5.426400184631348
2011-08-25,5.430699825286865,5.444399833679199,5.381899833679199,5.436500072479248
2011-08-26,5.4207000732421875,5.426799774169922,5.357600212097168,5.422299861907959
2011-08-29,5.358399868011475,5.368299961090088,5.329500198364258,5.358699798583984
2011-08-30,5.337500095367432,5.400899887084961,5.330999851226807,5.334000110626221
2011-08-31,5.3572998046875,5.367400169372559,5.329800128936768,5.3592000007629395
2011-09-01,5.361299991607666,5.40500020980835,5.347400188446045,5.358799934387207
2011-09-02,5.403120040893555,5.4375,5.372700214385986,5.400199890136719
2011-09-05,5.407700061798096,5.466300010681152,5.395100116729736,5.406700134277344
2011-09-06,5.446100234985352,5.466800212860107,5.328199863433838,5.451200008392334
2011-09-07,5.379499912261963,5.398099899291992,5.310400009155273,5.377200126647949
2011-09-08,5.386300086975098,5.398499965667725,5.353600025177002,5.38539981842041
2011-09-09,5.406700134277344,5.499000072479248,5.3867998123168945,5.404200077056885
2011-09-12,5.543300151824951,5.623799800872803,5.52869987487793,5.5447998046875
2011-09-13,5.624000072479248,5.719699859619141,5.614799976348877,5.624499797821045
2011-09-14,5.61299991607666,5.697500228881836,5.5991997718811035,5.609000205993652
2011-09-15,5.6585001945495605,5.688799858093262,5.54580020904541,5.658699989318848
2011-09-16,5.567200183868408,5.61959981918335,5.552999973297119,5.564000129699707
2011-09-19,5.609799861907959,5.728499889373779,5.604599952697754,5.6092000007629395
2011-09-20,5.698200225830078,5.724599838256836,5.641600131988525,5.699999809265137
2011-09-21,5.635900020599365,5.702000141143799,5.618000030517578,5.637899875640869
2011-09-22,5.737400054931641,5.85890007019043,5.733799934387207,5.7357001304626465
2011-09-23,5.842899799346924,5.874899864196777,5.7789998054504395,5.8404998779296875
2011-09-26,5.813000202178955,5.910900115966797,5.779099941253662,5.807199954986572
2011-09-27,5.754300117492676,5.788400173187256,5.69290018081665,5.760900020599365
2011-09-28,5.763599872589111,5.780799865722656,5.691400051116943,5.766200065612793
2011-09-29,5.794099807739258,5.813300132751465,5.720600128173828,5.796559810638428
2011-09-30,5.79580020904541,5.880199909210205,5.79040002822876,5.7972002029418945
2011-10-03,5.881750106811523,5.90749979019165,5.826560020446777,5.885200023651123
2011-10-04,5.912499904632568,5.969299793243408,5.882500171661377,5.912199974060059
2011-10-05,5.88129997253418,5.916999816894531,5.833600044250488,5.8780999183654785
2011-10-06,5.854400157928467,5.928999900817871,5.827899932861328,5.854700088500977
2011-10-07,5.826600074768066,5.840000152587891,5.769199848175049,5.824999809265137
2011-10-10,5.829699993133545,5.8333001136779785,5.674099922180176,5.8302998542785645
2011-10-11,5.709700107574463,5.7428998947143555,5.68179988861084,5.7058000564575195
2011-10-12,5.6890997886657715,5.717299938201904,5.615600109100342,5.689000129699707
2011-10-13,5.6290998458862305,5.6645002365112305,5.610599994659424,5.627999782562256
2011-10-14,5.633299827575684,5.641200065612793,5.565199851989746,5.63640022277832
2011-10-17,5.560699939727783,5.631700038909912,5.550300121307373,5.56220006942749
2011-10-18,5.6296000480651855,5.677999973297119,5.6092000007629395,5.62939977645874
2011-10-19,5.618599891662598,5.62470006942749,5.562300205230713,5.6203999519348145
2011-10-20,5.610300064086914,5.6504998207092285,5.578499794006348,5.610300064086914
2011-10-21,5.609099864959717,5.6265997886657715,5.534999847412109,5.608699798583984
2011-10-24,5.56879997253418,5.576700210571289,5.520699977874756,5.569699764251709
2011-10-25,5.523399829864502,5.55019998550415,5.504199981689453,5.526000022888184
2011-10-26,5.53380012512207,5.5524001121521,5.494800090789795,5.532899856567383
2011-10-27,5.520599842071533,5.524899959564209,5.406400203704834,5.520699977874756
2011-10-28,5.412899971008301,5.430600166320801,5.400000095367432,5.412600040435791
2011-10-31,5.429500102996826,5.5218000411987305,5.421299934387207,5.429699897766113
2011-11-01,5.551700115203857,5.697999954223633,5.546500205993652,5.551700115203857
2011-11-02,5.677599906921387,5.677599906921387,5.6066999435424805,5.677599906921387
2011-11-03,5.681000232696533,5.701099872589111,5.591599941253662,5.681399822235107
2011-11-04,5.587399959564209,5.655200004577637,5.583000183105469,5.587399959564209
2011-11-07,5.605100154876709,5.660399913787842,5.599999904632568,5.610799789428711
2011-11-08,5.606500148773193,5.631899833679199,5.579699993133545,5.603499889373779
2011-11-09,5.594900131225586,5.732999801635742,5.581299781799316,5.5929999351501465
2011-11-10,5.731500148773193,5.76039981842041,5.66480016708374,5.734300136566162
2011-11-11,5.690199851989746,5.704999923706055,5.6392998695373535,5.692699909210205
2011-11-14,5.616000175476074,5.694900035858154,5.616000175476074,5.617599964141846
2011-11-15,5.7170000076293945,5.775300025939941,5.709000110626221,5.717100143432617
2011-11-16,5.757199764251709,5.796899795532227,5.736100196838379,5.76039981842041
2011-11-17,5.8028998374938965,5.810699939727783,5.76639986038208,5.80079984664917
2011-11-18,5.813000202178955,5.8171000480651855,5.73960018157959,5.815100193023682
2011-11-21,5.7835001945495605,5.831699848175049,5.775100231170654,5.782899856567383
2011-11-22,5.790599822998047,5.817500114440918,5.761499881744385,5.797399997711182
2011-11-23,5.773799896240234,5.852099895477295,5.764900207519531,5.773399829864502
2011-11-24,5.859600067138672,5.888899803161621,5.821899890899658,5.860599994659424
2011-11-25,5.88670015335083,5.932000160217285,5.883800029754639,5.885799884796143
2011-11-28,5.881800174713135,5.907299995422363,5.840000152587891,5.883699893951416
2011-11-29,5.897299766540527,5.912499904632568,5.832799911499023,5.895999908447266
2011-11-30,5.844699859619141,5.880499839782715,5.724599838256836,5.844799995422363
2011-12-01,5.767899990081787,5.792600154876709,5.753300189971924,5.769999980926514
2011-12-02,5.80679988861084,5.811100006103516,5.73769998550415,5.806300163269043
2011-12-05,5.774199962615967,5.782599925994873,5.730249881744385,5.772200107574463
2011-12-06,5.776400089263916,5.799300193786621,5.74970006942749,5.7754998207092285
2011-12-07,5.747000217437744,5.773200035095215,5.716700077056885,5.746699810028076
2011-12-08,5.746799945831299,5.791100025177002,5.713099956512451,5.747200012207031
2011-12-09,5.785699844360352,5.8180999755859375,5.728400230407715,5.785200119018555
2011-12-12,5.747000217437744,5.8302998542785645,5.74429988861084,5.750199794769287
2011-12-13,5.845600128173828,5.89870023727417,5.821700096130371,5.846199989318848
2011-12-14,5.941800117492676,5.995999813079834,5.916600227355957,5.941299915313721
2011-12-15,5.979800224304199,6.001800060272217,5.9567999839782715,5.979599952697754
2011-12-16,5.991099834442139,5.992099761962891,5.9456000328063965,5.991600036621094
2011-12-19,5.959499835968018,5.9860100746154785,5.930699825286865,5.960299968719482
2011-12-20,5.940100193023682,5.946000099182129,5.868500232696533,5.939700126647949
2011-12-21,5.893700122833252,5.946000099182129,5.8445000648498535,5.894100189208984
2011-12-22,5.927800178527832,5.975599765777588,5.894499778747559,5.927199840545654
2011-12-23,5.93720006942749,5.978600025177002,5.920000076293945,5.935800075531006
2011-12-26,5.969200134277344,5.984000205993652,5.9456000328063965,5.969200134277344
2011-12-27,5.964700222015381,5.972099781036377,5.9394001960754395,5.972799777984619
2011-12-28,5.96150016784668,6.023900032043457,5.950500011444092,5.956600189208984
2011-12-29,6.016900062561035,6.035299777984619,6.005899906158447,6.016900062561035
2011-12-30,5.995800018310547,6.03000020980835,5.9654998779296875,5.99459981918335
2012-01-02,5.968800067901611,5.999000072479248,5.961900234222412,5.971499919891357
2012-01-03,5.981299877166748,5.9822001457214355,5.90749979019165,5.980400085449219
2012-01-04,5.911499977111816,5.960999965667725,5.896900177001953,5.911600112915039
2012-01-05,5.9359002113342285,6.010499954223633,5.933300018310547,5.944900035858154
2012-01-06,6.0131001472473145,6.037399768829346,5.99370002746582,6.012899875640869
2012-01-09,6.035200119018555,6.037600040435791,5.996200084686279,6.035200119018555
2012-01-10,5.99459981918335,6.0121002197265625,5.970900058746338,5.99399995803833
2012-01-11,6.004000186920166,6.041100025177002,5.980899810791016,6.004499912261963
2012-01-12,6.036300182342529,6.044600009918213,5.986000061035156,6.037199974060059
2012-01-13,6.010000228881836,6.09060001373291,5.986800193786621,6.009399890899658
2012-01-16,6.065499782562256,6.082799911499023,6.048900127410889,6.064300060272217
2012-01-17,6.051799774169922,6.053800106048584,5.981200218200684,6.053500175476074
2012-01-18,6.032599925994873,6.034599781036377,5.986800193786621,6.032299995422363
2012-01-19,5.967100143432617,5.9822998046875,5.920400142669678,5.9679999351501465
2012-01-20,5.9085001945495605,5.94379997253418,5.899400234222412,5.908100128173828
2012-01-23,5.936500072479248,5.9527997970581055,5.865099906921387,5.937300205230713
2012-01-24,5.8597002029418945,5.901299953460693,5.848999977111816,5.861599922180176
2012-01-25,5.883200168609619,5.940999984741211,5.87529993057251,5.881499767303467
2012-01-26,5.844299793243408,5.853899955749512,5.808000087738037,5.843400001525879
2012-01-27,5.837399959564209,5.85260009765625,5.812399864196777,5.83489990234375
2012-01-30,5.8003997802734375,5.8734002113342285,5.798699855804443,5.8003997802734375
2012-01-31,5.815800189971924,5.8628997802734375,5.791999816894531,5.815899848937988
2012-02-01,5.815800189971924,5.8765997886657715,5.791999816894531,5.867400169372559
2012-02-02,5.805099964141846,5.841300010681152,5.788899898529053,5.803100109100342
2012-02-03,5.826000213623047,5.843100070953369,5.7932000160217285,5.828999996185303
2012-02-06,5.808499813079834,5.839099884033203,5.801599979400635,5.807499885559082
2012-02-07,5.8180999755859375,5.827000141143799,5.7677001953125,5.818600177764893
2012-02-08,5.76632022857666,5.7769999504089355,5.743000030517578,5.766600131988525
2012-02-09,5.762800216674805,5.771599769592285,5.728000164031982,5.762700080871582
2012-02-10,5.749899864196777,5.785299777984619,5.7418999671936035,5.750500202178955
2012-02-13,5.729700088500977,5.741300106048584,5.706099987030029,5.732100009918213
2012-02-14,5.7316999435424805,5.740419864654541,5.7017998695373535,5.731400012969971
2012-02-15,5.735899925231934,5.777400016784668,5.705999851226807,5.733099937438965
2012-02-16,5.780980110168457,5.820000171661377,5.7743000984191895,5.780749797821045
2012-02-17,5.729000091552734,5.736299991607666,5.6809000968933105,5.728400230407715
2012-02-20,5.6641998291015625,5.688000202178955,5.639800071716309,5.66349983215332
2012-02-21,5.682849884033203,5.703800201416016,5.644199848175049,5.684020042419434
2012-02-22,5.685840129852295,5.701200008392334,5.654300212860107,5.6860198974609375
2012-02-23,5.646500110626221,5.657700061798096,5.583099842071533,5.646599769592285
2012-02-24,5.612299919128418,5.623000144958496,5.565400123596191,5.615200042724609
2012-02-27,5.561200141906738,5.621200084686279,5.560699939727783,5.5605998039245605
2012-02-28,5.60129976272583,5.6072998046875,5.554699897766113,5.602700233459473
2012-02-29,5.558899879455566,5.582799911499023,5.529600143432617,5.55810022354126
2012-03-01,5.58650016784668,5.592100143432617,5.560999870300293,5.5879998207092285
2012-03-02,5.565499782562256,5.63100004196167,5.56279993057251,5.56879997253418
2012-03-05,5.6153998374938965,5.63730001449585,5.596099853515625,5.61460018157959
2012-03-06,5.616099834442139,5.7046799659729,5.612569808959961,5.616799831390381
2012-03-07,5.701000213623047,5.702899932861328,5.655300140380859,5.6992998123168945
2012-03-08,5.655099868774414,5.658400058746338,5.579999923706055,5.654099941253662
2012-03-09,5.587399959564209,5.701399803161621,5.587399959564209,5.587299823760986
2012-03-12,5.703000068664551,5.723999977111816,5.688899993896484,5.699699878692627
2012-03-13,5.66949987411499,5.708899974822998,5.650700092315674,5.6697998046875
2012-03-14,5.696599960327148,5.830399990081787,5.694200038909912,5.6971001625061035
2012-03-15,5.82889986038208,5.837100028991699,5.775400161743164,5.825799942016602
2012-03-16,5.785399913787842,5.791399955749512,5.724299907684326,5.782899856567383
2012-03-19,5.729300022125244,5.756700038909912,5.7006001472473145,5.7266998291015625
2012-03-20,5.717800140380859,5.770999908447266,5.711699962615967,5.717700004577637
2012-03-21,5.761499881744385,5.7779998779296875,5.729400157928467,5.759399890899658
2012-03-22,5.749000072479248,5.8059000968933105,5.737100124359131,5.749300003051758
2012-03-23,5.7789998054504395,5.792200088500977,5.730999946594238,5.777900218963623
2012-03-26,5.742000102996826,5.778800010681152,5.687399864196777,5.742700099945068
2012-03-27,5.672399997711182,5.704800128936768,5.664999961853027,5.672100067138672
2012-03-28,5.701479911804199,5.7571001052856445,5.674300193786621,5.702000141143799
2012-03-29,5.7322001457214355,5.76669979095459,5.717599868774414,5.733099937438965
2012-03-30,5.737800121307373,5.738900184631348,5.685999870300293,5.73330020904541
2012-04-02,5.672999858856201,5.689799785614014,5.654900074005127,5.674300193786621
2012-04-03,5.668700218200684,5.686800003051758,5.655200004577637,5.6697001457214355
2012-04-04,5.725500106811523,5.788700103759766,5.720300197601318,5.726600170135498
2012-04-05,5.7565999031066895,5.804900169372559,5.743800163269043,5.753600120544434
2012-04-06,5.7866997718811035,5.795400142669678,5.768899917602539,5.791399955749512
2012-04-09,5.805699825286865,5.828700065612793,5.793099880218506,5.80810022354126
2012-04-10,5.775199890136719,5.817599773406982,5.758299827575684,5.773399829864502
2012-04-11,5.810500144958496,5.814300060272217,5.770100116729736,5.81220006942749
2012-04-12,5.803999900817871,5.815700054168701,5.7606000900268555,5.804500102996826
2012-04-13,5.76039981842041,5.798500061035156,5.755099773406982,5.757299900054932
2012-04-16,5.800099849700928,5.834569931030273,5.771900177001953,5.800300121307373
2012-04-17,5.748899936676025,5.774700164794922,5.730899810791016,5.748600006103516
2012-04-18,5.737400054931641,5.781799793243408,5.736000061035156,5.738100051879883
2012-04-19,5.756040096282959,5.7729997634887695,5.729000091552734,5.754899978637695
2012-04-20,5.745699882507324,5.754970073699951,5.706399917602539,5.745299816131592
2012-04-23,5.721199989318848,5.765900135040283,5.718100070953369,5.721099853515625
2012-04-24,5.73960018157959,5.7480998039245605,5.721700191497803,5.738999843597412
2012-04-25,5.728600025177002,5.731400012969971,5.712900161743164,5.729100227355957
2012-04-26,5.711900234222412,5.737500190734863,5.699900150299072,5.713900089263916
2012-04-27,5.74970006942749,5.763000011444092,5.710700035095215,5.750699996948242
2012-04-30,5.732999801635742,5.7428998947143555,5.7104997634887695,5.732900142669678
2012-05-01,5.721799850463867,5.733699798583984,5.703000068664551,5.722099781036377
2012-05-02,5.717800140380859,5.760739803314209,5.716599941253662,5.715700149536133
2012-05-03,5.742700099945068,5.753399848937988,5.721799850463867,5.7428998947143555
2012-05-04,5.743800163269043,5.792500019073486,5.7382001876831055,5.743800163269043
2012-05-07,5.836999893188477,5.842700004577637,5.788400173187256,5.835299968719482
2012-05-08,5.79449987411499,5.845590114593506,5.785200119018555,5.792870044708252
2012-05-09,5.83050012588501,5.858399868011475,5.826000213623047,5.8308000564575195
2012-05-10,5.832630157470703,5.858399868011475,5.81820011138916,5.833099842071533
2012-05-11,5.866700172424316,5.89169979095459,5.8471999168396,5.865799903869629
2012-05-14,5.868000030517578,5.929699897766113,5.865670204162598,5.867770195007324
2012-05-15,5.929100036621094,5.991300106048584,5.91510009765625,5.927199840545654
2012-05-16,5.999460220336914,6.03764009475708,5.949699878692627,5.99970006942749
2012-05-17,5.964600086212158,5.991300106048584,5.930150032043457,5.966700077056885
2012-05-18,5.984799861907959,6.027969837188721,5.968100070953369,5.984099864959717
2012-05-21,5.962699890136719,5.9928998947143555,5.947070121765137,5.963600158691406
2012-05-22,5.9274001121521,5.9471001625061035,5.914400100708008,5.927199840545654
2012-05-23,5.996399879455566,6.019499778747559,5.966400146484375,5.995800018310547
2012-05-24,5.995200157165527,6.025609970092773,5.97790002822876,5.996699810028076
2012-05-25,6.028600215911865,6.044400215148926,6.002699851989746,6.029799938201904
2012-05-28,5.9959001541137695,6.011199951171875,5.965799808502197,5.994800090789795
2012-05-29,6.014999866485596,6.0395002365112305,5.988100051879883,6.013500213623047
2012-05-30,6.031499862670898,6.074729919433594,6.022809982299805,6.031000137329102
2012-05-31,6.085899829864502,6.119699954986572,6.0432000160217285,6.0854997634887695
2012-06-01,6.111700057983398,6.16379976272583,6.080900192260742,6.1132001876831055
2012-06-04,6.1296000480651855,6.139800071716309,6.072450160980225,6.1289801597595215
2012-06-05,6.060200214385986,6.120950222015381,6.051499843597412,6.0644001960754395
2012-06-06,6.103400230407715,6.111509799957275,6.065499782562256,6.10368013381958
2012-06-07,6.0671000480651855,6.090700149536133,6.0055999755859375,6.06820011138916
2012-06-08,6.040599822998047,6.107100009918213,6.0391998291015625,6.040900230407715
2012-06-11,5.993199825286865,6.038000106811523,5.985000133514404,5.992499828338623
2012-06-12,6.039999961853027,6.05620002746582,6.017899990081787,6.039299964904785
2012-06-13,6.007900238037109,6.020500183105469,5.964799880981445,6.006999969482422
2012-06-14,5.973559856414795,5.9944000244140625,5.9496002197265625,5.973959922790527
2012-06-15,5.940800189971924,5.980899810791016,5.93120002746582,5.939819812774658
2012-06-18,5.930500030517578,6.0007100105285645,5.9230499267578125,5.932260036468506
2012-06-19,5.978720188140869,5.986700057983398,5.916600227355957,5.977499961853027
2012-06-20,5.945300102233887,5.952199935913086,5.895699977874756,5.946199893951416
2012-06-21,5.9070000648498535,5.960700035095215,5.900599956512451,5.906000137329102
2012-06-22,5.964799880981445,5.9781999588012695,5.948800086975098,5.9653000831604
2012-06-25,5.971799850463867,6.0234198570251465,5.963769912719727,5.971199989318848
2012-06-26,6.002600193023682,6.037899971008301,5.989409923553467,6.000539779663086
2012-06-27,6.016499996185303,6.050670146942139,6.000400066375732,6.016499996185303
2012-06-28,6.0406999588012695,6.090000152587891,6.014900207519531,6.034319877624512
2012-06-29,6.061299800872803,6.069270133972168,5.935699939727783,6.060400009155273
2012-07-02,5.953199863433838,5.989799976348877,5.952600002288818,5.953499794006348
2012-07-03,5.9704999923706055,5.991960048675537,5.952099800109863,5.969099998474121
2012-07-04,5.968599796295166,6.006100177764893,5.963860034942627,5.967100143432617
2012-07-05,5.990940093994141,6.04449987411499,5.982749938964844,5.990499973297119
2012-07-06,6.04640007019043,6.1224799156188965,6.043799877166748,6.0482001304626465
2012-07-09,6.128689765930176,6.128689765930176,6.0829901695251465,6.127600193023682
2012-07-10,6.063000202178955,6.1128997802734375,6.062399864196777,6.0644001960754395
2012-07-11,6.09689998626709,6.119699954986572,6.081029891967773,6.096799850463867
2012-07-12,6.106500148773193,6.140500068664551,6.101500034332275,6.105899810791016
2012-07-13,6.109129905700684,6.127299785614014,6.086400032043457,6.106599807739258
2012-07-16,6.094799995422363,6.123290061950684,6.083099842071533,6.093200206756592
2012-07-17,6.086599826812744,6.1280999183654785,6.0665998458862305,6.085999965667725
2012-07-18,6.065800189971924,6.123300075531006,6.058000087738037,6.064899921417236
2012-07-19,6.093900203704834,6.105639934539795,6.064199924468994,6.093999862670898
2012-07-20,6.054800033569336,6.097599983215332,6.050230026245117,6.055099964141846
2012-07-23,6.077420234680176,6.119500160217285,6.0731000900268555,6.0784502029418945
2012-07-24,6.076900005340576,6.109799861907959,6.071800231933594,6.076200008392334
2012-07-25,6.113500118255615,6.1194000244140625,6.066299915313721,6.114200115203857
2012-07-26,6.079100131988525,6.084700107574463,5.9878997802734375,6.078499794006348
2012-07-27,6.020400047302246,6.085299968719482,5.999599933624268,6.021200180053711
2012-07-30,6.055300235748291,6.090350151062012,6.0493998527526855,6.0569000244140625
2012-07-31,6.041460037231445,6.0528998374938965,6.014500141143799,6.040890216827393
2012-08-01,6.030600070953369,6.036900043487549,5.997600078582764,6.030670166015625
2012-08-02,6.0391998291015625,6.0721001625061035,5.986299991607666,6.038400173187256
2012-08-03,6.045300006866455,6.054699897766113,5.970399856567383,6.047399997711182
2012-08-06,5.960999965667725,5.994339942932129,5.943999767303467,5.9644598960876465
2012-08-07,5.962299823760986,5.964829921722412,5.9045000076293945,5.9618000984191895
2012-08-08,5.930160045623779,5.947999954223633,5.8709001541137695,5.928699970245361
2012-08-09,5.877560138702393,5.935800075531006,5.8597002029418945,5.877600193023682
2012-08-10,5.917399883270264,5.949900150299072,5.906700134277344,5.917799949645996
2012-08-13,5.922800064086914,5.938499927520752,5.908199787139893,5.9226298332214355
2012-08-14,5.947999954223633,5.947999954223633,5.897270202636719,5.945799827575684
2012-08-15,5.936399936676025,5.966899871826172,5.927000045776367,5.9332098960876465
2012-08-16,5.943299770355225,5.974999904632568,5.935699939727783,5.943299770355225
2012-08-17,5.938300132751465,5.961999893188477,5.928299903869629,5.938600063323975
2012-08-20,5.909800052642822,5.9487199783325195,5.908899784088135,5.910099983215332
2012-08-21,5.914299964904785,5.921209812164307,5.868800163269043,5.915599822998047
2012-08-22,5.877500057220459,5.9162797927856445,5.876739978790283,5.879899978637695
2012-08-23,5.851600170135498,5.862100124359131,5.821000099182129,5.852220058441162
2012-08-24,5.827700138092041,5.845200061798096,5.8160600662231445,5.826200008392334
2012-08-27,5.832009792327881,5.842160224914551,5.807300090789795,5.8302001953125
2012-08-28,5.826200008392334,5.8454999923706055,5.79640007019043,5.826600074768066
2012-08-29,5.8282999992370605,5.860499858856201,5.808199882507324,5.830599784851074
2012-08-30,5.819799900054932,5.830999851226807,5.799149990081787,5.821380138397217
2012-08-31,5.816229820251465,5.820400238037109,5.767360210418701,5.815299987792969
2012-09-03,5.797699928283691,5.816400051116943,5.788839817047119,5.795899868011475
2012-09-04,5.806399822235107,5.810800075531006,5.781199932098389,5.8094000816345215
2012-09-05,5.812399864196777,5.8429999351501465,5.799900054931641,5.812099933624268
2012-09-06,5.827000141143799,5.859899997711182,5.813600063323975,5.827099800109863
2012-09-07,5.848599910736084,5.855410099029541,5.742800235748291,5.844200134277344
2012-09-10,5.721799850463867,5.785830020904541,5.716700077056885,5.722700119018555
2012-09-11,5.794000148773193,5.798540115356445,5.761099815368652,5.78849983215332
2012-09-12,5.765100002288818,5.781599998474121,5.733799934387207,5.765100002288818
2012-09-13,5.73799991607666,5.776199817657471,5.72599983215332,5.736770153045654
2012-09-14,5.707499980926514,5.712299823760986,5.643799781799316,5.707399845123291
2012-09-17,5.692800045013428,5.718500137329102,5.672800064086914,5.6923699378967285
2012-09-18,5.713039875030518,5.726399898529053,5.702010154724121,5.7129998207092285
2012-09-19,5.7083001136779785,5.720200061798096,5.690609931945801,5.708000183105469
2012-09-20,5.695099830627441,5.755499839782715,5.689899921417236,5.698599815368652
2012-09-21,5.730199813842773,5.740499973297119,5.694699764251709,5.729800224304199
2012-09-24,5.744959831237793,5.770100116729736,5.734399795532227,5.745500087738037
2012-09-25,5.737430095672607,5.762179851531982,5.702300071716309,5.738379955291748
2012-09-26,5.727399826049805,5.775899887084961,5.714799880981445,5.726940155029297
2012-09-27,5.747099876403809,5.760700225830078,5.720600128173828,5.74429988861084
2012-09-28,5.706699848175049,5.740600109100342,5.682700157165527,5.707590103149414
2012-10-01,5.743680000305176,5.747099876403809,5.705599784851074,5.746799945831299
2012-10-02,5.7253098487854,5.730679988861084,5.673600196838379,5.729100227355957
2012-10-03,5.706299781799316,5.761199951171875,5.701399803161621,5.706600189208984
2012-10-04,5.752399921417236,5.759309768676758,5.700300216674805,5.750500202178955
2012-10-05,5.697199821472168,5.708580017089844,5.657830238342285,5.698699951171875
2012-10-08,5.67874002456665,5.720900058746338,5.67874002456665,5.680099964141846
2012-10-09,5.713500022888184,5.737090110778809,5.7006001472473145,5.714700222015381
2012-10-10,5.741300106048584,5.755060195922852,5.723599910736084,5.742499828338623
2012-10-11,5.734899997711182,5.745100021362305,5.697299957275391,5.734889984130859
2012-10-12,5.7051801681518555,5.71550989151001,5.6869001388549805,5.704949855804443
2012-10-15,5.72189998626709,5.728600025177002,5.70419979095459,5.720300197601318
2012-10-16,5.701700210571289,5.705599784851074,5.658599853515625,5.6992998123168945
2012-10-17,5.645659923553467,5.652400016784668,5.62529993057251,5.645999908447266
2012-10-18,5.636300086975098,5.6458001136779785,5.612199783325195,5.636199951171875
2012-10-19,5.634500026702881,5.668600082397461,5.627500057220459,5.633800029754639
2012-10-22,5.659200191497803,5.672749996185303,5.645500183105469,5.661230087280273
2012-10-23,5.666399955749512,5.741399765014648,5.665500164031982,5.666800022125244
2012-10-24,5.731299877166748,5.7600297927856445,5.715159893035889,5.731599807739258
2012-10-25,5.747700214385986,5.76924991607666,5.72130012512207,5.747600078582764
2012-10-26,5.776000022888184,5.799310207366943,5.760700225830078,5.7733001708984375
2012-10-29,5.773900032043457,5.795000076293945,5.755499839782715,5.770699977874756
2012-10-30,5.763700008392334,5.775000095367432,5.723499774932861,5.763000011444092
2012-10-31,5.729800224304199,5.7371602058410645,5.67519998550415,5.729700088500977
2012-11-01,5.698400020599365,5.716509819030762,5.670400142669678,5.696400165557861
2012-11-02,5.675380229949951,5.730100154876709,5.673999786376953,5.675000190734863
2012-11-05,5.731800079345703,5.755959987640381,5.725900173187256,5.733240127563477
2012-11-06,5.727829933166504,5.73960018157959,5.70989990234375,5.7266998291015625
2012-11-07,5.714300155639648,5.757400035858154,5.683800220489502,5.713900089263916
2012-11-08,5.7429399490356445,5.752379894256592,5.729100227355957,5.742099761962891
2012-11-09,5.720600128173828,5.75600004196167,5.700300216674805,5.721049785614014
2012-11-12,5.739999771118164,5.7529802322387695,5.728700160980225,5.738900184631348
2012-11-13,5.744800090789795,5.785999774932861,5.744200229644775,5.745140075683594
2012-11-14,5.762499809265137,5.769869804382324,5.740900039672852,5.764800071716309
2012-11-15,5.757699966430664,5.776100158691406,5.745299816131592,5.758200168609619
2012-11-16,5.754000186920166,5.799860000610352,5.753300189971924,5.754199981689453
2012-11-19,5.778759956359863,5.785099983215332,5.734300136566162,5.779540061950684
2012-11-20,5.750699996948242,5.753439903259277,5.717700004577637,5.749670028686523
2012-11-21,5.736299991607666,5.758230209350586,5.713099956512451,5.735599994659424
2012-11-22,5.701970100402832,5.714099884033203,5.67579984664917,5.6974101066589355
2012-11-23,5.684700012207031,5.6930999755859375,5.6545000076293945,5.684700012207031
2012-11-26,5.657800197601318,5.673999786376953,5.649099826812744,5.662559986114502
2012-11-27,5.642000198364258,5.700799942016602,5.632299900054932,5.642499923706055
2012-11-28,5.691380023956299,5.701340198516846,5.683499813079834,5.691299915313721
2012-11-29,5.665999889373779,5.682400226593018,5.642499923706055,5.664400100708008
2012-11-30,5.684500217437744,5.6880998611450195,5.658999919891357,5.686500072479248
2012-12-03,5.67549991607666,5.677000045776367,5.624499797821045,5.6753997802734375
2012-12-04,5.631100177764893,5.638559818267822,5.6066999435424805,5.629899978637695
2012-12-05,5.617700099945068,5.6342902183532715,5.606100082397461,5.618319988250732
2012-12-06,5.62306022644043,5.640399932861328,5.607659816741943,5.624000072479248
2012-12-07,5.651020050048828,5.690239906311035,5.64769983291626,5.652160167694092
2012-12-10,5.681600093841553,5.6904802322387695,5.6616997718811035,5.683899879455566
2012-12-11,5.666900157928467,5.6743998527526855,5.645199775695801,5.668099880218506
2012-12-12,5.642039775848389,5.651090145111084,5.617400169372559,5.641970157623291
2012-12-13,5.62293004989624,5.630370140075684,5.606500148773193,5.622000217437744
2012-12-14,5.624430179595947,5.642809867858887,5.604499816894531,5.623040199279785
2012-12-17,5.620039939880371,5.629720211029053,5.588500022888184,5.621310234069824
2012-12-18,5.610300064086914,5.613900184631348,5.5920000076293945,5.611100196838379
2012-12-19,5.596839904785156,5.604440212249756,5.527299880981445,5.5970001220703125
2012-12-20,5.575799942016602,5.581550121307373,5.5416998863220215,5.576519966125488
2012-12-21,5.557139873504639,5.581099987030029,5.529799938201904,5.557400226593018
2012-12-24,5.57480001449585,5.600339889526367,5.553400039672852,5.572700023651123
2012-12-25,5.5971999168396,5.608500003814697,5.590000152587891,5.597400188446045
2012-12-26,5.595170021057129,5.598390102386475,5.570700168609619,5.592529773712158
2012-12-27,5.587790012359619,5.587790012359619,5.552219867706299,5.587950229644775
2012-12-28,5.568399906158447,5.601319789886475,5.559460163116455,5.56850004196167
2012-12-31,5.5736799240112305,5.596700191497803,5.55364990234375,5.575699806213379
2013-01-01,5.563899993896484,5.5640997886657715,5.535099983215332,5.545000076293945
2013-01-02,5.55649995803833,5.559299945831299,5.501699924468994,5.557300090789795
2013-01-03,5.54463005065918,5.575900077819824,5.541910171508789,5.544529914855957
2013-01-04,5.587800025939941,5.6179399490356445,5.580100059509277,5.589700222015381
2013-01-07,5.61076021194458,5.620610237121582,5.587600231170654,5.608550071716309
2013-01-08,5.578000068664551,5.607999801635742,5.571849822998047,5.576550006866455
2013-01-09,5.597899913787842,5.617400169372559,5.59119987487793,5.596290111541748
2013-01-10,5.599599838256836,5.604619979858398,5.521200180053711,5.59945011138916
2013-01-11,5.523499965667725,5.549300193786621,5.513199806213379,5.5218000411987305
2013-01-14,5.5197601318359375,5.5229997634887695,5.504300117492676,5.51669979095459
2013-01-15,5.504499912261963,5.569300174713135,5.498600006103516,5.5040998458862305
2013-01-16,5.565800189971924,5.599899768829346,5.561920166015625,5.567599773406982
2013-01-17,5.568299770355225,5.574999809265137,5.529099941253662,5.569119930267334
2013-01-18,5.568299770355225,5.618899822235107,5.56220006942749,5.568729877471924
2013-01-21,5.601990222930908,5.611219882965088,5.587200164794922,5.601900100708008
2013-01-22,5.601500034332275,5.60890007019043,5.572800159454346,5.60099983215332
2013-01-23,5.579500198364258,5.586850166320801,5.543399810791016,5.579929828643799
2013-01-24,5.562399864196777,5.5721001625061035,5.537899971008301,5.561399936676025
2013-01-25,5.534900188446045,5.542129993438721,5.504499912261963,5.535900115966797
2013-01-28,5.523099899291992,5.54580020904541,5.519040107727051,5.521900177001953
2013-01-29,5.536200046539307,5.540289878845215,5.4979400634765625,5.5365400314331055
2013-01-30,5.497000217437744,5.502500057220459,5.474400043487549,5.496099948883057
2013-01-31,5.469900131225586,5.495039939880371,5.468379974365234,5.46999979019165
2013-02-01,5.45419979095459,5.468339920043945,5.430699825286865,5.454599857330322
2013-02-04,5.447319984436035,5.486199855804443,5.446899890899658,5.449100017547607
2013-02-05,5.477330207824707,5.499460220336914,5.464000225067139,5.475800037384033
2013-02-06,5.475669860839844,5.503159999847412,5.469339847564697,5.474309921264648
2013-02-07,5.49399995803833,5.531700134277344,5.475900173187256,5.494800090789795
2013-02-08,5.525539875030518,5.531469821929932,5.509099960327148,5.523200035095215
2013-02-11,5.535900115966797,5.536489963531494,5.502999782562256,5.535799980163574
2013-02-12,5.501999855041504,5.515699863433838,5.4816999435424805,5.499879837036133
2013-02-13,5.48390007019043,5.492239952087402,5.455999851226807,5.482669830322266
2013-02-14,5.47829008102417,5.527820110321045,5.4741997718811035,5.478390216827393
2013-02-15,5.540900230407715,5.5660400390625,5.528900146484375,5.5417799949646
2013-02-18,5.549900054931641,5.567599773406982,5.5424699783325195,5.549220085144043
2013-02-19,5.5553297996521,5.56279993057251,5.539840221405029,5.554800033569336
2013-02-20,5.532060146331787,5.5518999099731445,5.517300128936768,5.532249927520752
2013-02-21,5.601399898529053,5.697539806365967,5.595099925994873,5.601099967956543
2013-02-22,5.6743998527526855,5.681280136108398,5.6479997634887695,5.675429821014404
2013-02-25,5.662819862365723,5.671199798583984,5.608500003814697,5.6616997718811035
2013-02-26,5.695000171661377,5.720600128173828,5.6855998039245605,5.69350004196167
2013-02-27,5.691800117492676,5.716800212860107,5.687399864196777,5.692399978637695
2013-02-28,5.681049823760986,5.726200103759766,5.681049823760986,5.681049823760986
2013-03-01,5.730140209197998,5.782599925994873,5.717899799346924,5.731100082397461
2013-03-04,5.747010231018066,5.756810188293457,5.717700004577637,5.747590065002441
2013-03-05,5.709099769592285,5.717649936676025,5.693600177764893,5.709499835968018
2013-03-06,5.696100234985352,5.71012020111084,5.684000015258789,5.694859981536865
2013-03-07,5.717599868774414,5.72199010848999,5.662950038909912,5.716080188751221
2013-03-08,5.666200160980225,5.736499786376953,5.661200046539307,5.66510009765625
2013-03-11,5.728799819946289,5.736800193786621,5.717100143432617,5.730000019073486
2013-03-12,5.725500106811523,5.736130237579346,5.689499855041504,5.723899841308594
2013-03-13,5.704100131988525,5.763599872589111,5.688000202178955,5.704899787902832
2013-03-14,5.74124002456665,5.8231000900268555,5.7291998863220215,5.739170074462891
2013-03-15,5.787899971008301,5.810999870300293,5.749040126800537,5.788449764251709
2013-03-18,5.807469844818115,5.81620979309082,5.78249979019165,5.80649995803833
2013-03-19,5.791049957275391,5.834000110626221,5.78249979019165,5.793600082397461
2013-03-20,5.839369773864746,5.850200176239014,5.814700126647949,5.839369773864746
2013-03-21,5.843500137329102,5.855500221252441,5.830999851226807,5.842860221862793
2013-03-22,5.834400177001953,5.848999977111816,5.797299861907959,5.833899974822998
2013-03-25,5.791399955749512,5.851799964904785,5.776500225067139,5.786200046539307
2013-03-26,5.838399887084961,5.847509860992432,5.817200183868408,5.83620023727417
2013-03-27,5.8256001472473145,5.859340190887451,5.814700126647949,5.826099872589111
2013-03-28,5.852700233459473,5.880340099334717,5.833399772644043,5.852499961853027
2013-03-29,5.839439868927002,5.850339889526367,5.8282999992370605,5.838900089263916
2013-04-01,5.8471999168396,5.863830089569092,5.807799816131592,5.848299980163574
2013-04-02,5.8171000480651855,5.829309940338135,5.800300121307373,5.818299770355225
2013-04-03,5.814420223236084,5.825660228729248,5.795899868011475,5.81328010559082
2013-04-04,5.811999797821045,5.841700077056885,5.785600185394287,5.8125901222229
2013-04-05,5.782899856567383,5.787960052490234,5.710400104522705,5.785820007324219
2013-04-08,5.72737979888916,5.7492899894714355,5.7170000076293945,5.7266998291015625
2013-04-09,5.73330020904541,5.749899864196777,5.706999778747559,5.733500003814697
2013-04-10,5.71019983291626,5.752029895782471,5.7006001472473145,5.708549976348877
2013-04-11,5.754000186920166,5.756499767303467,5.691999912261963,5.753799915313721
2013-04-12,5.699900150299072,5.739709854125977,5.695000171661377,5.699699878692627
2013-04-15,5.72061014175415,5.745580196380615,5.708499908447266,5.718599796295166
2013-04-16,5.755199909210205,5.773930072784424,5.722499847412109,5.755300045013428
2013-04-17,5.723700046539307,5.80109977722168,5.717800140380859,5.723599910736084
2013-04-18,5.806300163269043,5.833099842071533,5.780600070953369,5.805099964141846
2013-04-19,5.820099830627441,5.821000099182129,5.783390045166016,5.818459987640381
2013-04-22,5.813899993896484,5.865799903869629,5.801700115203857,5.814499855041504
2013-04-23,5.848599910736084,5.9232001304626465,5.846700191497803,5.84837007522583
2013-04-24,5.922669887542725,5.932400226593018,5.892499923706055,5.920599937438965
2013-04-25,5.894199848175049,5.895209789276123,5.841300010681152,5.893499851226807
2013-04-26,5.874499797821045,5.877309799194336,5.843599796295166,5.873499870300293
2013-04-29,5.848700046539307,5.852809906005859,5.801599979400635,5.84660005569458
2013-04-30,5.810200214385986,5.840290069580078,5.754199981689453,5.808899879455566
2013-05-01,5.7667999267578125,5.772890090942383,5.721799850463867,5.767240047454834
2013-05-02,5.765200138092041,5.804840087890625,5.741600036621094,5.764599800109863
2013-05-03,5.799300193786621,5.831520080566406,5.7758002281188965,5.8003997802734375
2013-05-06,5.796999931335449,5.837510108947754,5.790800094604492,5.799600124359131
2013-05-07,5.834499835968018,5.853260040283203,5.816699981689453,5.83620023727417
2013-05-08,5.8414998054504395,5.854599952697754,5.733590126037598,5.840799808502197
2013-05-09,5.743500232696533,5.76692008972168,5.718999862670898,5.743470191955566
2013-05-10,5.783100128173828,5.823800086975098,5.767600059509277,5.782149791717529
2013-05-13,5.8025898933410645,5.82459020614624,5.786499977111816,5.80079984664917
2013-05-14,5.791299819946289,5.827199935913086,5.773900032043457,5.792540073394775
2013-05-15,5.827400207519531,5.870999813079834,5.822700023651123,5.8256001472473145
2013-05-16,5.84650993347168,5.878320217132568,5.804200172424316,5.846749782562256
2013-05-17,5.8277997970581055,5.88385009765625,5.822919845581055,5.826230049133301
2013-05-20,5.8562798500061035,5.8643999099731445,5.82859992980957,5.855599880218506
2013-05-21,5.828000068664551,5.849830150604248,5.784999847412109,5.827199935913086
2013-05-22,5.781799793243408,5.813109874725342,5.749300003051758,5.783299922943115
2013-05-23,5.826720237731934,5.853400230407715,5.818999767303467,5.827789783477783
2013-05-24,5.829460144042969,5.837779998779297,5.80109977722168,5.826099872589111
2013-05-27,5.82480001449585,5.844890117645264,5.817500114440918,5.822470188140869
2013-05-28,5.841800212860107,5.88661003112793,5.831099987030029,5.841400146484375
2013-05-29,5.896699905395508,5.902500152587891,5.853799819946289,5.895400047302246
2013-05-30,5.8933000564575195,5.898099899291992,5.825200080871582,5.8917999267578125
2013-05-31,5.829500198364258,5.888000011444092,5.826610088348389,5.827899932861328
2013-06-03,5.86929988861084,5.873869895935059,5.796999931335449,5.8689799308776855
2013-06-04,5.805500030517578,5.825870037078857,5.796199798583984,5.804520130157471
2013-06-05,5.811729907989502,5.827600002288818,5.797530174255371,5.81220006942749
2013-06-06,5.8059000968933105,5.819900035858154,5.743949890136719,5.805650234222412
2013-06-07,5.747990131378174,5.782519817352295,5.735599994659424,5.747739791870117
2013-06-10,5.7678399085998535,5.793570041656494,5.751220226287842,5.767769813537598
2013-06-11,5.758220195770264,5.812819957733154,5.744679927825928,5.759220123291016
2013-06-12,5.773530006408691,5.781789779663086,5.732460021972656,5.7748799324035645
2013-06-13,5.752799987792969,5.78587007522583,5.744460105895996,5.752900123596191
2013-06-14,5.739500045776367,5.752659797668457,5.709139823913574,5.739449977874756
2013-06-17,5.7052001953125,5.733570098876953,5.704520225524902,5.7052001953125
2013-06-18,5.727550029754639,5.772980213165283,5.724110126495361,5.729700088500977
2013-06-19,5.736499786376953,5.750800132751465,5.714320182800293,5.734899997711182
2013-06-20,5.773069858551025,6.0361199378967285,5.768529891967773,5.774630069732666
2013-06-21,5.988039970397949,6.10191011428833,5.9629998207092285,5.988999843597412
2013-06-24,6.068140029907227,6.16540002822876,6.055200099945068,6.072700023651123
2013-06-25,6.112299919128418,6.1350998878479,6.072549819946289,6.112199783325195
2013-06-26,6.085299968719482,6.114049911499023,6.059360027313232,6.0858001708984375
2013-06-27,6.1020097732543945,6.103909969329834,6.020899772644043,6.101590156555176
2013-06-28,6.038660049438477,6.105199813842773,6.0142998695373535,6.039030075073242
2013-07-01,6.06850004196167,6.094059944152832,6.0507001876831055,6.068840026855469
2013-07-02,6.107379913330078,6.119480133056641,6.073299884796143,6.104450225830078
2013-07-03,6.103059768676758,6.139500141143799,6.0833001136779785,6.102499961853027
2013-07-04,6.106040000915527,6.137599945068359,6.0883002281188965,6.1072001457214355
2013-07-05,6.106900215148926,6.2632598876953125,6.099440097808838,6.104000091552734
2013-07-08,6.255906105041504,6.266941070556641,6.139400005340576,6.249959945678711
2013-07-09,6.138390064239502,6.206735134124756,6.1214799880981445,6.139969825744629
2013-07-10,6.172520160675049,6.195817947387695,6.107999801635742,6.18271017074585
2013-07-11,5.969799995422363,6.103730201721191,5.969799995422363,5.967470169067383
2013-07-12,6.050230026245117,6.084099769592285,6.024400234222412,6.053899765014648
2013-07-15,6.0629401206970215,6.100076198577881,6.046189785003662,6.0630998611450195
2013-07-16,6.056700229644775,6.073519229888916,5.9867401123046875,6.059589862823486
2013-07-17,5.988900184631348,6.016829967498779,5.964700222015381,5.988699913024902
2013-07-18,5.9893999099731445,6.01140022277832,5.979700088500977,5.986599922180176
2013-07-19,5.975590229034424,5.999300003051758,5.959400177001953,5.9778900146484375
2013-07-22,5.966400146484375,5.971499919891357,5.922770023345947,5.967100143432617
2013-07-23,5.932600021362305,5.9426398277282715,5.88070011138916,5.9328999519348145
2013-07-24,5.87224006652832,5.915840148925781,5.866640090942383,5.871890068054199
2013-07-25,5.929790019989014,5.950300216674805,5.911799907684326,5.929500102996826
2013-07-26,5.906700134277344,5.935649871826172,5.884620189666748,5.904160022735596
2013-07-29,5.9029998779296875,5.941810131072998,5.891870021820068,5.9011101722717285
2013-07-30,5.933680057525635,5.951119899749756,5.920199871063232,5.933499813079834
2013-07-31,5.931660175323486,5.95550012588501,5.907770156860352,5.9328999519348145
2013-08-01,5.894959926605225,5.954500198364258,5.885729789733887,5.8931097984313965
2013-08-02,5.9496002197265625,5.962850093841553,5.916900157928467,5.94980001449585
2013-08-05,5.932720184326172,5.953800201416016,5.902100086212158,5.933619976043701
2013-08-06,5.918799877166748,5.940690040588379,5.905779838562012,5.91648006439209
2013-08-07,5.9169697761535645,5.946770191192627,5.908209800720215,5.917900085449219
2013-08-08,5.898859977722168,5.911980152130127,5.88670015335083,5.899489879608154
2013-08-09,5.903960227966309,5.921000003814697,5.837930202484131,5.903540134429932
2013-08-12,5.846199989318848,5.881380081176758,5.844120025634766,5.847280025482178
2013-08-13,5.873909950256348,5.9120001792907715,5.849820137023926,5.87352991104126
2013-08-14,5.883339881896973,5.906300067901611,5.883339881896973,5.890560150146484
2013-08-15,5.88394021987915,5.964940071105957,5.862500190734863,5.884099960327148
2013-08-16,5.908199787139893,5.924300193786621,5.896200180053711,5.908470153808594
2013-08-19,5.916100025177002,5.925739765167236,5.9004998207092285,5.915800094604492
2013-08-20,5.914649963378906,5.992499828338623,5.91077995300293,5.91480016708374
2013-08-21,5.949329853057861,6.065830230712891,5.947549819946289,5.94890022277832
2013-08-22,6.079209804534912,6.1235198974609375,6.061299800872803,6.078869819641113
2013-08-23,6.096189975738525,6.113999843597412,6.013700008392334,6.096439838409424
2013-08-26,6.015470027923584,6.054200172424316,6.004680156707764,6.015970230102539
2013-08-27,6.033160209655762,6.067409992218018,5.998189926147461,6.032919883728027
2013-08-28,6.009729862213135,6.0698699951171875,6.005579948425293,6.008289813995361
2013-08-29,6.044909954071045,6.108699798583984,6.03665018081665,6.048099994659424
2013-08-30,6.090620040893555,6.13031005859375,6.082149982452393,6.090099811553955
2013-09-02,6.112130165100098,6.121500015258789,6.056779861450195,6.11221981048584
2013-09-03,6.079909801483154,6.092599868774414,6.064740180969238,6.081500053405762
2013-09-04,6.068319797515869,6.091650009155273,6.057650089263916,6.067619800567627
2013-09-05,6.058370113372803,6.138649940490723,6.058370113372803,6.058889865875244
2013-09-06,6.129630088806152,6.1298298835754395,6.067039966583252,6.127289772033691
2013-09-09,6.06790018081665,6.091279983520508,6.017730236053467,6.0700201988220215
2013-09-10,6.008049964904785,6.036960124969482,5.916100025177002,6.005650043487549
2013-09-11,5.918230056762695,5.936100006103516,5.908699989318848,5.9186201095581055
2013-09-12,5.910299777984619,5.92609977722168,5.885200023651123,5.909999847412109
2013-09-13,5.87992000579834,5.9417901039123535,5.87992000579834,5.880000114440918
2013-09-16,5.903719902038574,5.915229797363281,5.883530139923096,5.904069900512695
2013-09-17,5.9095001220703125,5.918300151824951,5.884200096130371,5.906469821929932
2013-09-18,5.906000137329102,5.922229766845703,5.898399829864502,5.90500020980835
2013-09-19,5.815489768981934,5.835869789123535,5.755899906158447,5.8136701583862305
2013-09-20,5.828700065612793,5.945219993591309,5.816699981689453,5.8262200355529785
2013-09-23,5.922140121459961,5.926420211791992,5.89132022857666,5.9211201667785645
2013-09-24,5.920199871063232,5.9917402267456055,5.904200077056885,5.924499988555908
2013-09-25,5.9688801765441895,6.04580020904541,5.963500022888184,5.972430229187012
2013-09-26,6.006700038909912,6.0106000900268555,5.970300197601318,6.006700038909912
2013-09-27,5.976399898529053,6.004089832305908,5.96619987487793,5.976319789886475
2013-09-30,5.999770164489746,6.024119853973389,5.983369827270508,6.000770092010498
2013-10-01,6.004909992218018,6.021679878234863,5.947700023651123,6.004879951477051
2013-10-02,5.991600036621094,6.028590202331543,5.976990222930908,5.99137020111084
2013-10-03,6.003660202026367,6.01186990737915,5.944429874420166,6.003200054168701
2013-10-04,5.947199821472168,5.979499816894531,5.942299842834473,5.9471001625061035
2013-10-07,5.963910102844238,5.996250152587891,5.96150016784668,5.962289810180664
2013-10-09,5.960690021514893,6.007500171661377,5.959539890289307,5.960239887237549
2013-10-10,5.999730110168457,6.071899890899658,5.996150016784668,6.000699996948242
2013-10-11,6.036300182342529,6.039120197296143,5.990600109100342,6.0335001945495605
2013-10-14,5.996970176696777,6.007540225982666,5.97130012512207,5.995719909667969
2013-10-15,5.974720001220703,6.032879829406738,5.968200206756592,5.974709987640381
2013-10-16,6.0131001472473145,6.029819965362549,5.997680187225342,6.016200065612793
2013-10-17,5.995779991149902,6.000500202178955,5.915500164031982,5.9954400062561035
2013-10-18,5.931920051574707,5.9359002113342285,5.896900177001953,5.932139873504639
2013-10-21,5.900539875030518,5.925250053405762,5.900539875030518,5.900899887084961
2013-10-22,5.917059898376465,5.95058012008667,5.88730001449585,5.916719913482666
2013-10-23,5.8937201499938965,5.922810077667236,5.889999866485596,5.895150184631348
2013-10-24,5.917119979858398,5.9197998046875,5.878550052642822,5.9187798500061035
2013-10-25,5.893199920654297,5.911499977111816,5.878039836883545,5.893189907073975
2013-10-28,5.8892998695373535,5.903820037841797,5.868199825286865,5.887499809265137
2013-10-29,5.8978800773620605,5.912499904632568,5.879260063171387,5.897500038146973
2013-10-30,5.895219802856445,5.914179801940918,5.862299919128418,5.896500110626221
2013-10-31,5.901140213012695,5.949699878692627,5.890860080718994,5.90339994430542
2013-11-01,5.943900108337402,5.973020076751709,5.932590007781982,5.9430999755859375
2013-11-04,5.961870193481445,5.982600212097168,5.933800220489502,5.96189022064209
2013-11-05,5.944699764251709,5.992400169372559,5.94133996963501,5.947000026702881
2013-11-06,5.982379913330078,5.986599922180176,5.946430206298828,5.984499931335449
2013-11-07,5.953129768371582,6.050930023193359,5.9496002197265625,5.953110218048096
2013-11-08,6.048099994659424,6.178140163421631,6.03849983215332,6.0483598709106445
2013-11-11,6.153800010681152,6.154200077056885,6.119319915771484,6.154069900512695
2013-11-12,6.145400047302246,6.216169834136963,6.143089771270752,6.144999980926514
2013-11-13,6.188310146331787,6.219399929046631,6.185999870300293,6.187950134277344
2013-11-14,6.163969993591309,6.209720134735107,6.1558098793029785,6.162439823150635
2013-11-15,6.154900074005127,6.164010047912598,6.1102800369262695,6.156949996948242
2013-11-18,6.1107001304626465,6.121799945831299,6.102200031280518,6.110030174255371
2013-11-19,6.127429962158203,6.1305999755859375,6.071499824523926,6.129049777984619
2013-11-20,6.079400062561035,6.1072998046875,6.070839881896973,6.079500198364258
2013-11-21,6.123600006103516,6.137770175933838,6.085400104522705,6.124599933624268
2013-11-22,6.0924601554870605,6.102399826049805,6.060790061950684,6.094490051269531
2013-11-25,6.0660400390625,6.137060165405273,6.061989784240723,6.065470218658447
2013-11-26,6.092400074005127,6.131499767303467,6.085539817810059,6.093800067901611
2013-11-27,6.091360092163086,6.100269794464111,6.0605998039245605,6.091639995574951
2013-11-28,6.103960037231445,6.109610080718994,6.083899974822998,6.104100227355957
2013-11-29,6.086949825286865,6.1367998123168945,6.081039905548096,6.08512020111084
2013-12-02,6.1255998611450195,6.158929824829102,6.092400074005127,6.12647008895874
2013-12-03,6.120699882507324,6.128650188446045,6.08473014831543,6.119959831237793
2013-12-04,6.097670078277588,6.157149791717529,6.094659805297852,6.097799777984619
2013-12-05,6.150569915771484,6.204929828643799,6.129069805145264,6.149789810180664
2013-12-06,6.144209861755371,6.193170070648193,6.144209861755371,6.1483001708984375
2013-12-09,6.142889976501465,6.15585994720459,6.134029865264893,6.142560005187988
2013-12-10,6.135900020599365,6.139699935913086,6.092080116271973,6.135200023651123
2013-12-11,6.1042799949646,6.1316399574279785,6.1006999015808105,6.105130195617676
2013-12-12,6.144529819488525,6.178140163421631,6.128499984741211,6.145249843597412
2013-12-13,6.1956000328063965,6.2117600440979,6.173649787902832,6.196300029754639
2013-12-16,6.186920166015625,6.195000171661377,6.119180202484131,6.184289932250977
2013-12-17,6.14709997177124,6.1608500480651855,6.126999855041504,6.146599769592285
2013-12-18,6.104129791259766,6.1153998374938965,6.087600231170654,6.106780052185059
2013-12-19,6.1392998695373535,6.169099807739258,6.107289791107178,6.14040994644165
2013-12-20,6.1479997634887695,6.175960063934326,6.144199848175049,6.147200107574463
2013-12-23,6.1492600440979,6.1722002029418945,6.125569820404053,6.148859977722168
2013-12-24,6.140600204467773,6.177760124206543,6.1396098136901855,6.140429973602295
2013-12-25,6.133590221405029,6.150909900665283,6.111660003662109,6.147449970245361
2013-12-26,6.147059917449951,6.163440227508545,6.132900238037109,6.149240016937256
2013-12-27,6.133769989013672,6.1386799812316895,6.091909885406494,6.133699893951416
2013-12-30,6.1345601081848145,6.154600143432617,6.074699878692627,6.135819911956787
2013-12-31,6.069220066070557,6.089379787445068,6.062699794769287,6.069799900054932
2014-01-01,6.063079833984375,6.063079833984375,5.998600006103516,6.063079833984375
2014-01-02,6.0655999183654785,6.163440227508545,6.059770107269287,6.064529895782471
2014-01-03,6.167439937591553,6.17519998550415,6.11605978012085,6.168829917907715
2014-01-06,6.148399829864502,6.186299800872803,6.147319793701172,6.148270130157471
2014-01-07,6.166259765625,6.1840901374816895,6.144100189208984,6.166259765625
2014-01-08,6.164700031280518,6.211040019989014,6.155799865722656,6.166230201721191
2014-01-09,6.201700210571289,6.211359977722168,6.172639846801758,6.203800201416016
2014-01-10,6.174749851226807,6.194829940795898,6.144659996032715,6.175389766693115
2014-01-13,6.1427001953125,6.150139808654785,6.1128997802734375,6.143119812011719
2014-01-14,6.1149001121521,6.136149883270264,6.085599899291992,6.115200042724609
2014-01-15,6.084400177001953,6.137829780578613,6.081610202789307,6.084549903869629
2014-01-16,6.134099960327148,6.180799961090088,6.118850231170654,6.134099960327148
2014-01-17,6.177649974822998,6.195899963378906,6.15339994430542,6.179510116577148
2014-01-20,6.157649993896484,6.1916399002075195,6.156400203704834,6.158070087432861
2014-01-21,6.178699970245361,6.200240135192871,6.167089939117432,6.178500175476074
2014-01-22,6.166820049285889,6.1869001388549805,6.153530120849609,6.168600082397461
2014-01-23,6.163099765777588,6.169000148773193,6.097700119018555,6.163390159606934
2014-01-24,6.089799880981445,6.156700134277344,6.08489990234375,6.0884599685668945
2014-01-27,6.12375020980835,6.189109802246094,6.122369766235352,6.126999855041504
2014-01-28,6.143869876861572,6.162690162658691,6.132800102233887,6.145170211791992
2014-01-29,6.1280999183654785,6.2134199142456055,6.117199897766113,6.127620220184326
2014-01-30,6.168600082397461,6.251580238342285,6.162489891052246,6.168600082397461
2014-01-31,6.240600109100342,6.302030086517334,6.235889911651611,6.23960018157959
2014-02-03,6.274499893188477,6.278110027313232,6.249330043792725,6.273439884185791
2014-02-04,6.282770156860352,6.3135600090026855,6.274010181427002,6.28380012512207
2014-02-05,6.281179904937744,6.295199871063232,6.236370086669922,6.284999847412109
2014-02-06,6.229629993438721,6.2451701164245605,6.190629959106445,6.229100227355957
2014-02-07,6.205210208892822,6.229499816894531,6.170899868011475,6.206099987030029
2014-02-10,6.174499988555908,6.187699794769287,6.121600151062012,6.173940181732178
2014-02-11,6.126369953155518,6.13955020904541,6.111000061035156,6.12647008895874
2014-02-12,6.12401008605957,6.151000022888184,6.111100196838379,6.124120235443115
2014-02-13,6.1168999671936035,6.117099761962891,6.087399959564209,6.117000102996826
2014-02-14,6.100419998168945,6.107100009918213,6.086639881134033,6.102260112762451
2014-02-17,6.071499824523926,6.085159778594971,6.0640997886657715,6.073599815368652
2014-02-18,6.07928991317749,6.08459997177124,6.038300037384033,6.07958984375
2014-02-19,6.034319877624512,6.057270050048828,6.031320095062256,6.034090042114258
2014-02-20,6.074999809265137,6.120800018310547,6.062039852142334,6.0746002197265625
2014-02-21,6.093480110168457,6.1161298751831055,6.069159984588623,6.094900131225586
2014-02-24,6.070230007171631,6.077000141143799,6.023970127105713,6.0721001625061035
2014-02-25,6.032800197601318,6.047100067138672,6.0100998878479,6.0313801765441895
2014-02-26,6.035099983215332,6.06879997253418,6.03302001953125,6.033050060272217
2014-02-27,6.049439907073975,6.054200172424316,6.04826021194458,6.050270080566406
2014-02-28,6.0359601974487305,6.0447998046875,5.982970237731934,6.037290096282959
2014-03-03,6.011000156402588,6.051400184631348,6.000699996948242,6.008910179138184
2014-03-04,6.04311990737915,6.057799816131592,5.9903998374938965,6.045989990234375
2014-03-05,6.005879878997803,6.022449970245361,5.985849857330322,6.009099960327148
2014-03-06,5.991409778594971,5.999599933624268,5.965799808502197,5.9954400062561035
2014-03-07,5.9720001220703125,5.981750011444092,5.95389986038208,5.97189998626709
2014-03-10,5.982500076293945,5.985499858856201,5.964479923248291,5.981900215148926
2014-03-11,5.952630043029785,5.965549945831299,5.942599773406982,5.952439785003662
2014-03-12,5.953199863433838,5.985169887542725,5.950160026550293,5.952099800109863
2014-03-13,5.947390079498291,5.950560092926025,5.910099983215332,5.946589946746826
2014-03-14,5.965020179748535,5.990300178527832,5.9552998542785645,5.964200019836426
2014-03-17,5.968410015106201,5.9846601486206055,5.930019855499268,5.969900131225586
2014-03-18,5.94911003112793,5.98052978515625,5.942850112915039,5.9516401290893555
2014-03-19,5.951340198516846,5.992199897766113,5.948619842529297,5.951809883117676
2014-03-20,6.037600040435791,6.086870193481445,6.029019832611084,6.038300037384033
2014-03-21,6.060800075531006,6.086019992828369,6.0503997802734375,6.059629917144775
2014-03-24,6.048999786376953,6.071000099182129,6.04026985168457,6.048999786376953
2014-03-25,6.020100116729736,6.050099849700928,6.010930061340332,6.019000053405762
2014-03-26,6.028299808502197,6.047500133514404,6.026599884033203,6.027919769287109
2014-03-27,6.045599937438965,6.070409774780273,5.987120151519775,6.044839859008789
2014-03-28,5.998410224914551,6.0254998207092285,5.983399868011475,5.999730110168457
2014-03-31,6.002500057220459,6.012800216674805,5.978099822998047,6.000500202178955
2014-04-01,5.983059883117676,5.993199825286865,5.958199977874756,5.982729911804199
2014-04-02,5.98199987411499,5.9847002029418945,5.948999881744385,5.979410171508789
2014-04-03,5.97091007232666,6.012800216674805,5.9674201011657715,5.971159934997559
2014-04-04,6.002280235290527,6.015900135040283,5.9749298095703125,6.001500129699707
2014-04-07,5.989640235900879,6.012249946594238,5.987199783325195,5.991199970245361
2014-04-08,5.987800121307373,5.9928297996521,5.966300010681152,5.989099979400635
2014-04-09,5.973529815673828,5.976480007171631,5.946400165557861,5.9730000495910645
2014-04-10,5.933700084686279,5.957029819488525,5.911210060119629,5.932499885559082
2014-04-11,5.925300121307373,5.9582600593566895,5.916900157928467,5.9253997802734375
2014-04-14,5.945499897003174,5.972760200500488,5.939720153808594,5.943160057067871
2014-04-15,5.961490154266357,5.971179962158203,5.94890022277832,5.961699962615967
2014-04-16,5.954400062561035,5.979400157928467,5.941009998321533,5.951690196990967
2014-04-17,5.974100112915039,5.9823198318481445,5.960460186004639,5.97353982925415
2014-04-18,5.984670162200928,5.987599849700928,5.978529930114746,5.984950065612793
2014-04-21,5.983139991760254,6.007199764251709,5.967649936676025,5.983139991760254
2014-04-22,5.98960018157959,5.994800090789795,5.96750020980835,5.9942498207092285
2014-04-23,5.9855499267578125,5.999529838562012,5.971940040588379,5.98769998550415
2014-04-24,5.991499900817871,6.007410049438477,5.977200031280518,5.988450050354004
2014-04-25,5.993500232696533,6.016849994659424,5.978569984436035,5.992129802703857
2014-04-28,6.004429817199707,6.0183000564575195,5.993350028991699,6.0038299560546875
2014-04-29,5.9972100257873535,6.008389949798584,5.978169918060303,5.997459888458252
2014-04-30,6.004159927368164,6.011499881744385,5.942200183868408,6.004799842834473
2014-05-01,5.94290018081665,5.949359893798828,5.933300018310547,5.942619800567627
2014-05-02,5.944300174713135,5.9682698249816895,5.933320045471191,5.9439802169799805
2014-05-05,5.934010028839111,5.964200019836426,5.928030014038086,5.931819915771484
2014-05-06,5.952089786529541,5.955999851226807,5.9061598777771,5.952139854431152
2014-05-07,5.917079925537109,5.93310022354126,5.895130157470703,5.916959762573242
2014-05-08,5.910099983215332,5.911600112915039,5.8491997718811035,5.908390045166016
2014-05-09,5.8983001708984375,5.917490005493164,5.870699882507324,5.8953399658203125
2014-05-12,5.907400131225586,5.922900199890137,5.901700019836426,5.905379772186279
2014-05-13,5.919270038604736,5.934150218963623,5.909140110015869,5.917329788208008
2014-05-14,5.91579008102417,5.927420139312744,5.910699844360352,5.915559768676758
2014-05-15,5.921030044555664,5.94920015335083,5.9193902015686035,5.921030044555664
2014-05-16,5.945099830627441,5.954209804534912,5.9293999671936035,5.9446001052856445
2014-05-19,5.9299798011779785,5.943220138549805,5.9197001457214355,5.9303998947143555
2014-05-20,5.9293599128723145,5.951000213623047,5.922359943389893,5.93064022064209
2014-05-21,5.951129913330078,5.963520050048828,5.944109916687012,5.951129913330078
2014-05-22,5.946410179138184,5.954500198364258,5.930500030517578,5.946229934692383
2014-05-23,5.945620059967041,5.968699932098389,5.944240093231201,5.944620132446289
2014-05-26,5.963850021362305,5.969399929046631,5.953619956970215,5.963560104370117
2014-05-27,5.957190036773682,5.967400074005127,5.946199893951416,5.9567999839782715
2014-05-28,5.9527997970581055,5.973050117492676,5.9394001960754395,5.952469825744629
2014-05-29,5.964869976043701,5.972020149230957,5.942399978637695,5.9654998779296875
2014-05-30,5.965400218963623,5.987299919128418,5.960899829864502,5.964879989624023
2014-06-02,5.976099967956543,6.0015997886657715,5.96560001373291,5.9766998291015625
2014-06-03,5.99183988571167,6.011970043182373,5.98714017868042,5.9917497634887695
2014-06-04,6.001440048217773,6.008790016174316,5.986639976501465,5.999509811401367
2014-06-05,5.997900009155273,6.012800216674805,5.97760009765625,6.000400066375732
2014-06-06,5.97760009765625,5.987400054931641,5.947070121765137,5.976840019226074
2014-06-09,5.946499824523926,5.972330093383789,5.934810161590576,5.944200038909912
2014-06-10,5.96914005279541,5.978909969329834,5.9440598487854,5.968319892883301
2014-06-11,5.97707986831665,5.99970006942749,5.974599838256836,5.979599952697754
2014-06-12,5.999000072479248,6.005509853363037,5.986199855804443,5.99806022644043
2014-06-13,5.98468017578125,6.013700008392334,5.979700088500977,5.984600067138672
2014-06-16,5.992559909820557,6.007400035858154,5.984300136566162,5.9926300048828125
2014-06-17,5.984399795532227,6.008500099182129,5.980609893798828,5.983719825744629
2014-06-18,5.997600078582764,6.0320000648498535,5.996580123901367,5.997700214385986
2014-06-19,6.0088300704956055,6.131149768829346,5.992599964141846,6.008039951324463
2014-06-20,6.1226301193237305,6.1590800285339355,6.10860013961792,6.121829986572266
2014-06-23,6.1286301612854,6.137199878692627,6.106900215148926,6.1286301612854
2014-06-24,6.108320236206055,6.123000144958496,6.089310169219971,6.108230113983154
2014-06-25,6.108449935913086,6.1479902267456055,6.105299949645996,6.108699798583984
2014-06-26,6.131209850311279,6.1585001945495605,6.1184000968933105,6.131080150604248
2014-06-27,6.1282501220703125,6.153200149536133,6.118800163269043,6.131309986114502
2014-06-30,6.1266398429870605,6.166600227355957,6.122200012207031,6.126500129699707
2014-07-01,6.1321001052856445,6.172460079193115,6.124780178070068,6.1305999755859375
2014-07-02,6.162700176239014,6.183340072631836,6.160699844360352,6.1624298095703125
2014-07-03,6.170839786529541,6.23960018157959,6.167759895324707,6.173590183258057
2014-07-04,6.190499782562256,6.217299938201904,6.180099964141846,6.1905999183654785
2014-07-07,6.186100006103516,6.203010082244873,6.155200004577637,6.188000202178955
2014-07-08,6.1596999168396,6.190629959106445,6.155179977416992,6.159900188446045
2014-07-09,6.184909820556641,6.188600063323975,6.148230075836182,6.185219764709473
2014-07-10,6.151500225067139,6.171299934387207,6.147799968719482,6.152029991149902
2014-07-11,6.17080020904541,6.179999828338623,6.150700092315674,6.169000148773193
2014-07-14,6.174520015716553,6.184430122375488,6.164420127868652,6.174620151519775
2014-07-15,6.178289890289307,6.219600200653076,6.175320148468018,6.179699897766113
2014-07-16,6.209000110626221,6.227369785308838,6.191500186920166,6.2084197998046875
2014-07-17,6.194930076599121,6.201600074768066,6.187570095062256,6.195499897003174
2014-07-18,6.2137298583984375,6.2165398597717285,6.1682000160217285,6.213630199432373
2014-07-21,6.188300132751465,6.220600128173828,6.176730155944824,6.187759876251221
2014-07-22,6.1956400871276855,6.200049877166748,6.178999900817871,6.194779872894287
2014-07-23,6.187739849090576,6.196839809417725,6.173900127410889,6.186500072479248
2014-07-24,6.19713020324707,6.22353982925415,6.192800045013428,6.196300029754639
2014-07-25,6.2006001472473145,6.2246599197387695,6.191400051116943,6.200439929962158
2014-07-28,6.21619987487793,6.228600025177002,6.2052001953125,6.215740203857422
2014-07-29,6.226930141448975,6.251500129699707,6.220600128173828,6.226950168609619
2014-07-30,6.2461700439453125,6.2779998779296875,6.241099834442139,6.246699810028076
2014-07-31,6.253799915313721,6.295300006866455,6.2517900466918945,6.252120018005371
2014-08-01,6.282700061798096,6.301199913024902,6.2612199783325195,6.282599925994873
2014-08-04,6.264500141143799,6.290319919586182,6.258780002593994,6.263999938964844
2014-08-05,6.261899948120117,6.2824201583862305,6.255099773406982,6.260990142822266
2014-08-06,6.279699802398682,6.3053297996521,6.276249885559082,6.27869987487793
2014-08-07,6.262700080871582,6.2845001220703125,6.243750095367432,6.263629913330078
2014-08-08,6.248000144958496,6.262750148773193,6.217400074005127,6.246079921722412
2014-08-11,6.232399940490723,6.247970104217529,6.175099849700928,6.231629848480225
2014-08-12,6.1834001541137695,6.192999839782715,6.168859958648682,6.182499885559082
2014-08-13,6.179520130157471,6.182199954986572,6.146299839019775,6.1809000968933105
2014-08-14,6.155099868774414,6.163599967956543,6.1339898109436035,6.154439926147461
2014-08-15,6.155640125274658,6.160999774932861,6.13040018081665,6.155129909515381
2014-08-18,6.138999938964844,6.158299922943115,6.129590034484863,6.138130187988281
2014-08-19,6.156970024108887,6.167200088500977,6.135129928588867,6.156929969787598
2014-08-20,6.161409854888916,6.186399936676025,6.159629821777344,6.1631999015808105
2014-08-21,6.190159797668457,6.1981000900268555,6.146999835968018,6.188399791717529
2014-08-22,6.147280216217041,6.171800136566162,6.1305999755859375,6.147640228271484
2014-08-25,6.178999900817871,6.19379997253418,6.1691999435424805,6.179299831390381
2014-08-26,6.177999973297119,6.181920051574707,6.160799980163574,6.175839900970459
2014-08-27,6.177760124206543,6.186800003051758,6.166560173034668,6.17717981338501
2014-08-28,6.177849769592285,6.192669868469238,6.165800094604492,6.178080081939697
2014-08-29,6.177499771118164,6.191199779510498,6.168799877166748,6.17480993270874
2014-09-01,6.195620059967041,6.206540107727051,6.176599979400635,6.196100234985352
2014-09-02,6.187349796295166,6.204899787902832,6.181960105895996,6.187220096588135
2014-09-03,6.189040184020996,6.228829860687256,6.187220096588135,6.191199779510498
2014-09-04,6.217480182647705,6.272089958190918,6.203000068664551,6.217390060424805
2014-09-05,6.2692999839782715,6.289599895477295,6.261000156402588,6.268099784851074
2014-09-08,6.281199932098389,6.319900035858154,6.279250144958496,6.281499862670898
2014-09-09,6.330830097198486,6.359620094299316,6.328649997711182,6.332499980926514
2014-09-10,6.3399200439453125,6.359300136566162,6.332809925079346,6.338890075683594
2014-09-11,6.340720176696777,6.382430076599121,6.331630229949951,6.340400218963623
2014-09-12,6.376259803771973,6.388889789581299,6.359300136566162,6.376820087432861
2014-09-15,6.3617401123046875,6.411320209503174,6.35968017578125,6.360020160675049
2014-09-16,6.3950700759887695,6.4166998863220215,6.384500026702881,6.396100044250488
2014-09-17,6.398069858551025,6.4153900146484375,6.395400047302246,6.398029804229736
2014-09-18,6.438899993896484,6.440999984741211,6.324900150299072,6.440989971160889
2014-09-19,6.320499897003174,6.35876989364624,6.312449932098389,6.320529937744141
2014-09-22,6.353499889373779,6.362800121307373,6.334400177001953,6.353539943695068
2014-09-23,6.34375,6.35099983215332,6.318699836730957,6.343570232391357
2014-09-24,6.34758996963501,6.402699947357178,6.340700149536133,6.348400115966797
2014-09-25,6.393099784851074,6.418139934539795,6.388700008392334,6.393129825592041
2014-09-26,6.394410133361816,6.452119827270508,6.39109992980957,6.39300012588501
2014-09-29,6.459499835968018,6.465799808502197,6.4339399337768555,6.460100173950195
2014-09-30,6.441100120544434,6.46205997467041,6.4039998054504395,6.440999984741211
2014-10-01,6.427549839019775,6.4634599685668945,6.426000118255615,6.428549766540527
2014-10-02,6.445189952850342,6.466700077056885,6.415480136871338,6.443570137023926
2014-10-03,6.443999767303467,6.541840076446533,6.4435200691223145,6.443230152130127
2014-10-06,6.527400016784668,6.528540134429932,6.489299774169922,6.52603006362915
2014-10-07,6.480199813842773,6.497600078582764,6.464300155639648,6.478270053863525
2014-10-08,6.460140228271484,6.485599994659424,6.458099842071533,6.458620071411133
2014-10-09,6.437829971313477,6.470930099487305,6.407670021057129,6.436759948730469
2014-10-10,6.472799777984619,6.541240215301514,6.461870193481445,6.473259925842285
2014-10-13,6.508200168609619,6.513599872589111,6.480269908905029,6.510469913482666
2014-10-14,6.487599849700928,6.571400165557861,6.476200103759766,6.487380027770996
2014-10-15,6.578670024871826,6.648119926452637,6.512599945068359,6.579400062561035
2014-10-16,6.55019998550415,6.6774001121521,6.53911018371582,6.548890113830566
2014-10-17,6.559599876403809,6.567470073699951,6.524700164794922,6.563310146331787
2014-10-20,6.545499801635742,6.584139823913574,6.532400131225586,6.545300006866455
2014-10-21,6.559999942779541,6.573299884796143,6.533899784088135,6.557700157165527
2014-10-22,6.568260192871094,6.62539005279541,6.557700157165527,6.567759990692139
2014-10-23,6.613900184631348,6.6402997970581055,6.557300090789795,6.614560127258301
2014-10-24,6.568180084228516,6.599100112915039,6.56141996383667,6.567969799041748
2014-10-27,6.586599826812744,6.623330116271973,6.568779945373535,6.585239887237549
2014-10-28,6.58620023727417,6.638700008392334,6.572500228881836,6.584320068359375
2014-10-29,6.611299991607666,6.663320064544678,6.603169918060303,6.610599994659424
2014-10-30,6.700500011444092,6.735499858856201,6.699150085449219,6.700890064239502
2014-10-31,6.702300071716309,6.799200057983398,6.6891398429870605,6.702199935913086
2014-11-03,6.76140022277832,6.8065900802612305,6.753680229187012,6.761899948120117
2014-11-04,6.796939849853516,6.895549774169922,6.792799949645996,6.796899795532227
2014-11-05,6.8557000160217285,6.931399822235107,6.822500228881836,6.8567399978637695
2014-11-06,6.829999923706055,6.866600036621094,6.798099994659424,6.829959869384766
2014-11-07,6.868000030517578,6.876999855041504,6.8277997970581055,6.866789817810059
2014-11-10,6.802499771118164,6.810200214385986,6.732100009918213,6.800909996032715
2014-11-11,6.809750080108643,6.844820022583008,6.8003997802734375,6.809700012207031
2014-11-12,6.792980194091797,6.807139873504639,6.738500118255615,6.793399810791016
2014-11-13,6.808700084686279,6.811100006103516,6.756100177764893,6.8084001541137695
2014-11-14,6.788700103759766,6.811500072479248,6.7571001052856445,6.788249969482422
2014-11-17,6.747600078582764,6.779099941253662,6.722599983215332,6.745610237121582
2014-11-18,6.783299922943115,6.785799980163574,6.71560001373291,6.784599781036377
2014-11-19,6.736000061035156,6.803709983825684,6.729979991912842,6.735799789428711
2014-11-20,6.807799816131592,6.813799858093262,6.744309902191162,6.807300090789795
2014-11-21,6.767189979553223,6.789100170135498,6.741600036621094,6.7665300369262695
2014-11-24,6.794400215148926,6.800469875335693,6.768799781799316,6.794069766998291
2014-11-25,6.795680046081543,6.824999809265137,6.785999774932861,6.796299934387207
2014-11-26,6.797100067138672,6.836239814758301,6.79557991027832,6.79640007019043
2014-11-27,6.831099987030029,6.933000087738037,6.812900066375732,6.830399990081787
2014-11-28,6.933750152587891,7.0114898681640625,6.92894983291626,6.931119918823242
2014-12-01,7.054699897766113,7.058899879455566,6.922800064086914,7.0542402267456055
2014-12-02,6.942399978637695,7.018700122833252,6.935200214385986,6.941299915313721
2014-12-03,7.024310111999512,7.044000148773193,7.000959873199463,7.02446985244751
2014-12-04,7.0269999504089355,7.097700119018555,7.002079963684082,7.025179862976074
2014-12-05,7.057199954986572,7.178279876708984,7.05079984664917,7.05709981918335
2014-12-08,7.137239933013916,7.186470031738281,7.126999855041504,7.136940002441406
2014-12-09,7.167500019073486,7.1793999671936035,7.065999984741211,7.1682000160217285
2014-12-10,7.107619762420654,7.22189998626709,7.1031999588012695,7.103559970855713
2014-12-11,7.1356201171875,7.295300006866455,7.125360012054443,7.140520095825195
2014-12-12,7.307400226593018,7.395209789276123,7.307400226593018,7.31102991104126
2014-12-15,7.358960151672363,7.436299800872803,7.343739986419678,7.357439994812012
2014-12-16,7.454160213470459,7.861299991607666,7.428599834442139,7.4527201652526855
2014-12-17,7.435699939727783,7.578999996185303,7.395100116729736,7.443470001220703
2014-12-18,7.431600093841553,7.451200008392334,7.337250232696533,7.4342498779296875
2014-12-19,7.371699810028076,7.401599884033203,7.321770191192627,7.374100208282471
2014-12-22,7.372620105743408,7.4457597732543945,7.321090221405029,7.365379810333252
2014-12-23,7.42779016494751,7.45320987701416,7.363550186157227,7.4280900955200195
2014-12-24,7.429069995880127,7.5208001136779785,7.3750200271606445,7.421299934387207
2014-12-25,7.429969787597656,7.44936990737915,7.410299777984619,7.443220138549805
2014-12-26,7.436870098114014,7.488999843597412,7.418600082397461,7.435100078582764
2014-12-29,7.464950084686279,7.509799957275391,7.3796000480651855,7.464950084686279
2014-12-30,7.451399803161621,7.478300094604492,7.33912992477417,7.4497199058532715
2014-12-31,7.418829917907715,7.497290134429932,7.380690097808838,7.416319847106934
2015-01-01,7.388969898223877,7.469699859619141,7.375219821929932,7.452700138092041
2015-01-02,7.4215898513793945,7.577199935913086,7.414999961853027,7.455780029296875
2015-01-05,7.603109836578369,7.672609806060791,7.579750061035156,7.603640079498291
2015-01-06,7.629650115966797,7.756199836730957,7.595099925994873,7.633800029754639
2015-01-07,7.742869853973389,7.838560104370117,7.683259963989258,7.7436699867248535
2015-01-08,7.69989013671875,7.706759929656982,7.607540130615234,7.697500228881836
2015-01-09,7.6173601150512695,7.689899921417236,7.60053014755249,7.619900226593018
2015-01-12,7.644229888916016,7.759500026702881,7.634500026702881,7.644229888916016
2015-01-13,7.738110065460205,7.765439987182617,7.696159839630127,7.739799976348877
2015-01-14,7.727799892425537,7.7716898918151855,7.62939977645874,7.736569881439209
2015-01-15,7.620500087738037,7.813539981842041,7.564789772033691,7.619900226593018
2015-01-16,7.580880165100098,7.740920066833496,7.551599979400635,7.599520206451416
2015-01-19,7.553999900817871,7.6819000244140625,7.518929958343506,7.553199768066406
2015-01-20,7.636199951171875,7.670720100402832,7.58050012588501,7.637619972229004
2015-01-21,7.683899879455566,7.690199851989746,7.544600009918213,7.682499885559082
2015-01-22,7.570990085601807,7.648029804229736,7.570990085601807,7.574699878692627
2015-01-23,7.652569770812988,7.796599864959717,7.622300148010254,7.654369831085205
2015-01-26,7.7993998527526855,7.815199851989746,7.7357001304626465,7.787199974060059
2015-01-27,7.786099910736084,7.805540084838867,7.696700096130371,7.785439968109131
2015-01-28,7.734600067138672,7.792719841003418,7.69989013671875,7.731900215148926
2015-01-29,7.821119785308838,7.844799995422363,7.761660099029541,7.8180999755859375
2015-01-30,7.811800003051758,7.834249973297119,7.744500160217285,7.814300060272217
2015-02-02,7.719979763031006,7.742099761962891,7.626309871673584,7.717010021209717
2015-02-03,7.650700092315674,7.656300067901611,7.548439979553223,7.647449970245361
2015-02-04,7.529689788818359,7.571400165557861,7.509699821472168,7.530980110168457
2015-02-05,7.625899791717529,7.627739906311035,7.511899948120117,7.625800132751465
2015-02-06,7.511030197143555,7.577119827270508,7.457449913024902,7.510819911956787
2015-02-09,7.608109951019287,7.65093994140625,7.580639839172363,7.6072998046875
2015-02-10,7.59876012802124,7.614999771118164,7.551680088043213,7.594940185546875
2015-02-11,7.574150085449219,7.664100170135498,7.543580055236816,7.571700096130371
2015-02-12,7.658609867095947,7.728240013122559,7.608850002288818,7.672220230102539
2015-02-13,7.63730001449585,7.65064001083374,7.557199954986572,7.638840198516846
2015-02-16,7.568620204925537,7.576469898223877,7.5345001220703125,7.5696001052856445
2015-02-17,7.5804901123046875,7.587200164794922,7.493599891662598,7.579850196838379
2015-02-18,7.519529819488525,7.532599925994873,7.497799873352051,7.518700122833252
2015-02-19,7.519440174102783,7.601600170135498,7.496799945831299,7.5243000984191895
2015-02-20,7.583169937133789,7.615600109100342,7.52623987197876,7.584390163421631
2015-02-23,7.538680076599121,7.64709997177124,7.524219989776611,7.5387701988220215
2015-02-24,7.619800090789795,7.642300128936768,7.5912299156188965,7.619900226593018
2015-02-25,7.585000038146973,7.609119892120361,7.568999767303467,7.5833001136779785
2015-02-26,7.531789779663086,7.656300067901611,7.521500110626221,7.537720203399658
2015-02-27,7.6483001708984375,7.675559997558594,7.6168999671936035,7.650310039520264
2015-03-02,7.6714701652526855,7.697500228881836,7.650899887084961,7.674180030822754
2015-03-03,7.690770149230957,7.71796989440918,7.672699928283691,7.691100120544434
2015-03-04,7.700719833374023,7.821700096130371,7.696599960327148,7.700900077819824
2015-03-05,7.768099784851074,7.815730094909668,7.708209991455078,7.768089771270752
2015-03-06,7.7195000648498535,7.875619888305664,7.714139938354492,7.7192702293396
2015-03-09,7.8902997970581055,7.93779993057251,7.865429878234863,7.889200210571289
2015-03-10,7.939599990844727,8.100319862365723,7.865499973297119,7.941539764404297
2015-03-11,8.086299896240234,8.222479820251465,8.081700325012207,8.088319778442383
2015-03-12,8.199899673461914,8.237870216369629,8.051199913024902,8.200980186462402
2015-03-13,8.111559867858887,8.230210304260254,8.10923957824707,8.112319946289062
2015-03-16,8.208900451660156,8.271599769592285,8.174469947814941,8.207500457763672
2015-03-17,8.262669563293457,8.326000213623047,8.252070426940918,8.261199951171875
2015-03-18,8.310330390930176,8.411999702453613,8.293600082397461,8.310959815979004
2015-03-19,8.19182014465332,8.388699531555176,8.033709526062012,8.187620162963867
2015-03-20,8.081500053405762,8.12162971496582,8.019450187683105,8.083999633789062
2015-03-23,8.019740104675293,8.070269584655762,7.881380081176758,8.020649909973145
2015-03-24,7.8857197761535645,7.912300109863281,7.795899868011475,7.882599830627441
2015-03-25,7.863619804382324,7.864999771118164,7.8024001121521,7.870460033416748
2015-03-26,7.839570045471191,7.881100177764893,7.733650207519531,7.842490196228027
2015-03-27,7.9064202308654785,8.024120330810547,7.891570091247559,7.905300140380859
2015-03-30,7.968500137329102,8.036800384521484,7.946300029754639,7.969019889831543
2015-03-31,8.008899688720703,8.134791374206543,7.998899936676025,8.007699966430664
2015-04-01,8.057419776916504,8.111000061035156,8.001110076904297,8.06013011932373
2015-04-02,8.019659996032715,8.036299705505371,7.947690010070801,8.01941967010498
2015-04-03,7.988570213317871,8.010700225830078,7.897079944610596,7.990019798278809
2015-04-06,7.914420127868652,7.980599880218506,7.893400192260742,7.912519931793213
2015-04-07,7.938700199127197,8.079999923706055,7.921329975128174,7.938320159912109
2015-04-08,8.067000389099121,8.067000389099121,7.977019786834717,8.066100120544434
2015-04-09,8.049659729003906,8.109800338745117,8.032079696655273,8.05502986907959
2015-04-10,8.084799766540527,8.156200408935547,8.07367992401123,8.086299896240234
2015-04-13,8.109199523925781,8.139960289001465,8.071200370788574,8.1074800491333
2015-04-14,8.0826997756958,8.1212797164917,7.9145002365112305,8.082799911499023
2015-04-15,7.953169822692871,7.976560115814209,7.883999824523926,7.952899932861328
2015-04-16,7.805980205535889,7.878419876098633,7.7598700523376465,7.809820175170898
2015-04-17,7.746679782867432,7.845320224761963,7.721499919891357,7.750909805297852
2015-04-20,7.836319923400879,7.883500099182129,7.784249782562256,7.828100204467773
2015-04-21,7.87306022644043,7.92195987701416,7.840020179748535,7.877019882202148
2015-04-22,7.877429962158203,7.909870147705078,7.805699825286865,7.875639915466309
2015-04-23,7.899400234222412,7.9547200202941895,7.841730117797852,7.895989894866943
2015-04-24,7.835149765014648,7.858520030975342,7.770880222320557,7.837850093841553
2015-04-27,7.782090187072754,7.8078999519348145,7.7032999992370605,7.7813801765441895
2015-04-28,7.729650020599365,7.75439977645874,7.652219772338867,7.731420040130615
2015-04-29,7.645100116729736,7.6595001220703125,7.473169803619385,7.647600173950195
2015-04-30,7.51938009262085,7.567200183868408,7.443220138549805,7.523240089416504
2015-05-01,7.541999816894531,7.628389835357666,7.4971699714660645,7.538269996643066
2015-05-04,7.603730201721191,7.618500232696533,7.557600021362305,7.603899955749512
2015-05-05,7.587719917297363,7.668300151824951,7.544809818267822,7.583640098571777
2015-05-06,7.581110000610352,7.590909957885742,7.374489784240723,7.579740047454834
2015-05-07,7.426340103149414,7.488999843597412,7.311699867248535,7.427700042724609
2015-05-08,7.463689804077148,7.508269786834717,7.42549991607666,7.4609198570251465
2015-05-11,7.4894700050354,7.579599857330322,7.4847002029418945,7.4894700050354
2015-05-12,7.565100193023682,7.575620174407959,7.45550012588501,7.565430164337158
2015-05-13,7.480879783630371,7.4823198318481445,7.349599838256836,7.477059841156006
2015-05-14,7.387760162353516,7.397900104522705,7.343900203704834,7.387549877166748
2015-05-15,7.37470006942749,7.3947601318359375,7.302800178527832,7.3719000816345215
2015-05-18,7.317200183868408,7.388420104980469,7.310329914093018,7.316699981689453
2015-05-19,7.401529788970947,7.546090126037598,7.400899887084961,7.400629997253418
2015-05-20,7.535520076751709,7.596819877624512,7.509170055389404,7.532760143280029
2015-05-21,7.568399906158447,7.586699962615967,7.520790100097656,7.5706000328063965
2015-05-22,7.562039852142334,7.640719890594482,7.503799915313721,7.557030200958252
2015-05-25,7.651800155639648,7.666520118713379,7.625400066375732,7.651820182800293
2015-05-26,7.649799823760986,7.748899936676025,7.646560192108154,7.649199962615967
2015-05-27,7.743000030517578,7.8165202140808105,7.709199905395508,7.747900009155273
2015-05-28,7.772580146789551,7.880519866943359,7.72668981552124,7.776800155639648
2015-05-29,7.793320178985596,7.834070205688477,7.736690044403076,7.791609764099121
2015-06-01,7.781219959259033,7.983369827270508,7.771520137786865,7.780109882354736
2015-06-02,7.955850124359131,7.962900161743164,7.776100158691406,7.957300186157227
2015-06-03,7.829500198364258,7.855639934539795,7.711190223693848,7.831299781799316
2015-06-04,7.765170097351074,7.815100193023682,7.712200164794922,7.766469955444336
2015-06-05,7.774670124053955,7.999499797821045,7.728899955749512,7.77209997177124
2015-06-08,7.965439796447754,7.977479934692383,7.8632001876831055,7.9621500968933105
2015-06-09,7.821760177612305,7.873219966888428,7.752900123596191,7.8179497718811035
2015-06-10,7.762020111083984,7.7769999504089355,7.654429912567139,7.765890121459961
2015-06-11,7.774889945983887,7.861830234527588,7.763199806213379,7.773399829864502
2015-06-12,7.847449779510498,7.882130146026611,7.714389801025391,7.851359844207764
2015-06-15,7.769830226898193,7.797969818115234,7.758120059967041,7.766739845275879
2015-06-16,7.75521993637085,7.791999816894531,7.735209941864014,7.7548298835754395
2015-06-17,7.762430191040039,7.774219989776611,7.716000080108643,7.762730121612549
2015-06-18,7.644100189208984,7.761000156402588,7.604229927062988,7.646299839019775
2015-06-19,7.775450229644775,7.820129871368408,7.758349895477295,7.775899887084961
2015-06-22,7.728020191192627,7.764989852905273,7.684500217437744,7.724999904632568
2015-06-23,7.738019943237305,7.851419925689697,7.727819919586182,7.7336201667785645
2015-06-24,7.824039936065674,7.881499767303467,7.788839817047119,7.822000026702881
2015-06-25,7.837430000305176,7.860040187835693,7.792220115661621,7.8343400955200195
2015-06-26,7.804480075836182,7.866040229797363,7.783420085906982,7.807559967041016
2015-06-29,7.922019958496094,7.927219867706299,7.8618998527526855,7.9253997802734375
2015-06-30,7.868559837341309,7.917610168457031,7.825109958648682,7.871230125427246
2015-07-01,7.8521599769592285,7.906980037689209,7.822569847106934,7.8526201248168945
2015-07-02,7.9329400062561035,7.966100215911865,7.892189979553223,7.928040027618408
2015-07-03,7.956329822540283,8.012519836425781,7.935060024261475,7.954909801483154
2015-07-06,8.062520027160645,8.106900215148926,8.006600379943848,8.065019607543945
2015-07-07,8.078579902648926,8.266380310058594,8.07252025604248,8.083000183105469
2015-07-08,8.17199993133545,8.26272964477539,8.15095043182373,8.171259880065918
2015-07-09,8.217700004577637,8.256030082702637,8.079500198364258,8.22659969329834
2015-07-10,8.124931335449219,8.128000259399414,7.940499782562256,8.12279987335205
2015-07-13,8.016030311584473,8.081649780273438,7.99245023727417,8.012370109558105
2015-07-14,8.097999572753906,8.193360328674316,8.074620246887207,8.09060001373291
2015-07-15,8.119331359863281,8.184499740600586,8.10060977935791,8.118300437927246
2015-07-16,8.16172981262207,8.191499710083008,8.105090141296387,8.159729957580566
2015-07-17,8.153599739074707,8.189680099487305,8.12522029876709,8.160690307617188
2015-07-20,8.171649932861328,8.241559982299805,8.156499862670898,8.171529769897461
2015-07-21,8.218700408935547,8.25874137878418,8.09883975982666,8.219099998474121
2015-07-22,8.103529930114746,8.194330215454102,8.095620155334473,8.10420036315918
2015-07-23,8.156900405883789,8.197830200195312,8.133930206298828,8.15188980102539
2015-07-24,8.17057991027832,8.226880073547363,8.161299705505371,8.167380332946777
2015-07-27,8.204649925231934,8.207329750061035,8.129300117492676,8.206729888916016
2015-07-28,8.170330047607422,8.213809967041016,8.145079612731934,8.170929908752441
2015-07-29,8.156789779663086,8.201899528503418,8.100139617919922,8.155989646911621
2015-07-30,8.153829574584961,8.192099571228027,8.124979972839355,8.151280403137207
2015-07-31,8.157999992370605,8.210479736328125,8.073949813842773,8.157010078430176
2015-08-03,8.180821418762207,8.238840103149414,8.174480438232422,8.18019962310791
2015-08-04,8.245969772338867,8.259831428527832,8.184430122375488,8.242199897766113
2015-08-05,8.287619590759277,8.303520202636719,8.23900032043457,8.285619735717773
2015-08-06,8.250659942626953,8.303199768066406,8.230270385742188,8.250089645385742
2015-08-07,8.277700424194336,8.327699661254883,8.251259803771973,8.26846981048584
2015-08-10,8.267600059509277,8.274700164794922,8.20740032196045,8.264860153198242
2015-08-11,8.195509910583496,8.282500267028809,8.18019962310791,8.196100234985352
2015-08-12,8.26669979095459,8.306909561157227,8.114689826965332,8.269700050354004
2015-08-13,8.15468978881836,8.221599578857422,8.132019996643066,8.14877986907959
2015-08-14,8.205060005187988,8.2368803024292,8.159219741821289,8.20359992980957
2015-08-17,8.2324800491333,8.282999992370605,8.186100006103516,8.234399795532227
2015-08-18,8.206310272216797,8.293109893798828,8.196069717407227,8.206100463867188
2015-08-19,8.278499603271484,8.356769561767578,8.245309829711914,8.27715015411377
2015-08-20,8.293100357055664,8.338451385498047,8.222060203552246,8.291899681091309
2015-08-21,8.233420372009277,8.240880012512207,8.18295955657959,8.232049942016602
2015-08-24,8.21030044555664,8.2216796875,8.083709716796875,8.213520050048828
2015-08-25,8.23346996307373,8.269100189208984,8.11952018737793,8.232009887695312
2015-08-26,8.202939987182617,8.358559608459473,8.194230079650879,8.1976900100708
2015-08-27,8.369199752807617,8.369199752807617,8.29520034790039,8.358070373535156
2015-08-28,8.300121307373047,8.330809593200684,8.23639965057373,8.299771308898926
2015-08-31,8.275959968566895,8.385519981384277,8.23052978515625,8.274359703063965
2015-09-01,8.260560035705566,8.359539985656738,8.252360343933105,8.258270263671875
2015-09-02,8.29401969909668,8.319299697875977,8.239850044250488,8.295929908752441
2015-09-03,8.251021385192871,8.323479652404785,8.226550102233887,8.243619918823242
2015-09-04,8.262350082397461,8.331250190734863,8.233830451965332,8.261409759521484
2015-09-07,8.302539825439453,8.318599700927734,8.270440101623535,8.304731369018555
2015-09-08,8.326250076293945,8.328149795532227,8.228300094604492,8.323969841003418
2015-09-09,8.222379684448242,8.264089584350586,8.20753002166748,8.228019714355469
2015-09-10,8.215069770812988,8.261899948120117,8.162481307983398,8.215129852294922
2015-09-11,8.165499687194824,8.233280181884766,8.1251802444458,8.166170120239258
2015-09-14,8.130611419677734,8.223799705505371,8.10768985748291,8.13263988494873
2015-09-15,8.182869911193848,8.226771354675293,8.168279647827148,8.18960952758789
2015-09-16,8.1899995803833,8.238289833068848,8.119440078735352,8.18416976928711
2015-09-17,8.144060134887695,8.166970252990723,8.10006046295166,8.144261360168457
2015-09-18,8.107069969177246,8.130399703979492,8.045820236206055,8.107600212097168
2015-09-21,8.16637134552002,8.22704029083252,8.14303970336914,8.163000106811523
2015-09-22,8.2153902053833,8.298999786376953,8.203499794006348,8.218230247497559
2015-09-23,8.292289733886719,8.306111335754395,8.248550415039062,8.293149948120117
2015-09-24,8.281920433044434,8.48196029663086,8.242830276489258,8.279990196228027
2015-09-25,8.475830078125,8.570119857788086,8.465069770812988,8.470239639282227
2015-09-28,8.50570011138916,8.59939956665039,8.497590065002441,8.505889892578125
2015-09-29,8.534029960632324,8.541179656982422,8.464329719543457,8.53794002532959
2015-09-30,8.465800285339355,8.54308032989502,8.423370361328125,8.466170310974121
2015-10-01,8.518930435180664,8.53258991241455,8.405909538269043,8.51990032196045
2015-10-02,8.431879997253418,8.477060317993164,8.326539993286133,8.43416976928711
2015-10-05,8.38090991973877,8.408470153808594,8.321599960327148,8.379199981689453
2015-10-06,8.395039558410645,8.412300109863281,8.281479835510254,8.401800155639648
2015-10-07,8.276800155639648,8.286149978637695,8.196769714355469,8.279041290283203
2015-10-08,8.208900451660156,8.218661308288574,8.132800102233887,8.201910018920898
2015-10-09,8.137649536132812,8.152621269226074,8.054679870605469,8.1414213180542
2015-10-12,8.071479797363281,8.087421417236328,8.045599937438965,8.073860168457031
2015-10-13,8.09529972076416,8.177989959716797,8.066949844360352,8.096420288085938
2015-10-14,8.14663028717041,8.149889945983887,8.077679634094238,8.1427001953125
2015-10-15,8.083569526672363,8.117259979248047,8.038000106811523,8.081119537353516
2015-10-16,8.106399536132812,8.11359977722168,8.06128978729248,8.100179672241211
2015-10-19,8.112899780273438,8.133429527282715,8.088170051574707,8.115019798278809
2015-10-20,8.123250007629395,8.136969566345215,8.10746955871582,8.124850273132324
2015-10-21,8.121700286865234,8.191301345825195,8.11266040802002,8.122610092163086
2015-10-22,8.176079750061035,8.286299705505371,8.169899940490723,8.181599617004395
2015-10-23,8.29481029510498,8.420299530029297,8.263400077819824,8.296110153198242
2015-10-26,8.39430046081543,8.403200149536133,8.327500343322754,8.393500328063965
2015-10-27,8.321080207824707,8.467700004577637,8.319330215454102,8.323639869689941
2015-10-28,8.465700149536133,8.533729553222656,8.438599586486816,8.463459968566895
2015-10-29,8.573040008544922,8.592399597167969,8.532500267028809,8.571100234985352
2015-10-30,8.556180000305176,8.595800399780273,8.456609725952148,8.553190231323242
2015-11-02,8.468799591064453,8.483499526977539,8.430330276489258,8.46737003326416
2015-11-03,8.488249778747559,8.543930053710938,8.465239524841309,8.488129615783691
2015-11-04,8.50177001953125,8.639800071716309,8.495909690856934,8.502599716186523
2015-11-05,8.656000137329102,8.67648983001709,8.546150207519531,8.647500038146973
2015-11-06,8.550649642944336,8.689640045166016,8.515350341796875,8.55111026763916
2015-11-09,8.651169776916504,8.672340393066406,8.608499526977539,8.653300285339355
2015-11-10,8.650779724121094,8.704290390014648,8.635499954223633,8.650679588317871
2015-11-11,8.604829788208008,8.621700286865234,8.580639839172363,8.601070404052734
2015-11-12,8.607000350952148,8.710689544677734,8.590259552001953,8.604419708251953
2015-11-13,8.66666030883789,8.721199989318848,8.639690399169922,8.664999961853027
2015-11-16,8.72169017791748,8.72169017791748,8.663339614868164,8.72305965423584
2015-11-17,8.698650360107422,8.725569725036621,8.649200439453125,8.69968032836914
2015-11-18,8.675800323486328,8.703499794006348,8.623499870300293,8.678999900817871
2015-11-19,8.65723991394043,8.668069839477539,8.597800254821777,8.658960342407227
2015-11-20,8.601059913635254,8.635700225830078,8.581000328063965,8.602299690246582
2015-11-23,8.636249542236328,8.684000015258789,8.613200187683105,8.635669708251953
2015-11-24,8.64680004119873,8.665570259094238,8.62600040435791,8.645330429077148
2015-11-25,8.642250061035156,8.692700386047363,8.611740112304688,8.641500473022461
2015-11-26,8.642129898071289,8.667799949645996,8.625900268554688,8.64404010772705
2015-11-27,8.661069869995117,8.705699920654297,8.648269653320312,8.662220001220703
2015-11-30,8.70376968383789,8.7189302444458,8.664950370788574,8.704299926757812
2015-12-01,8.686059951782227,8.699000358581543,8.639809608459473,8.68556022644043
2015-12-02,8.627400398254395,8.652000427246094,8.597940444946289,8.62594985961914
2015-12-03,8.651040077209473,8.677399635314941,8.489190101623535,8.64663028717041
2015-12-04,8.498370170593262,8.536199569702148,8.471799850463867,8.499529838562012
2015-12-07,8.5201997756958,8.677860260009766,8.51609992980957,8.519869804382324
2015-12-08,8.66565990447998,8.812800407409668,8.638199806213379,8.663599967956543
2015-12-09,8.751409530639648,8.769000053405762,8.667059898376465,8.757829666137695
2015-12-10,8.67251968383789,8.676219940185547,8.609020233154297,8.672419548034668
2015-12-11,8.641759872436523,8.720009803771973,8.639769554138184,8.641759872436523
2015-12-14,8.684060096740723,8.741419792175293,8.629210472106934,8.68336009979248
2015-12-15,8.652440071105957,8.704319953918457,8.608160018920898,8.654800415039062
2015-12-16,8.687600135803223,8.7781400680542,8.663209915161133,8.68770980834961
2015-12-17,8.775079727172852,8.831089973449707,8.672209739685059,8.775489807128906
2015-12-18,8.759730339050293,8.791620254516602,8.738280296325684,8.759679794311523
2015-12-21,8.744879722595215,8.811010360717773,8.729700088500977,8.748530387878418
2015-12-22,8.772700309753418,8.774869918823242,8.682270050048828,8.77239990234375
2015-12-23,8.718600273132324,8.749369621276855,8.68809986114502,8.718600273132324
2015-12-24,8.70363998413086,8.713879585266113,8.649450302124023,8.713709831237793
2015-12-25,8.70833969116211,8.70833969116211,8.618490219116211,8.70833969116211
2015-12-28,8.676190376281738,8.70691967010498,8.659629821777344,8.65762996673584
2015-12-29,8.688679695129395,8.724900245666504,8.66055965423584,8.688300132751465
2015-12-30,8.696860313415527,8.832679748535156,8.686949729919434,8.694540023803711
2015-12-31,8.780400276184082,8.84453010559082,8.773409843444824,8.782259941101074
2016-01-01,8.858480453491211,8.858480453491211,8.775099754333496,8.858480453491211
2016-01-04,8.831500053405762,8.906089782714844,8.811969757080078,8.82863998413086
2016-01-05,8.8779296875,8.96282958984375,8.856599807739258,8.878450393676758
2016-01-06,8.905269622802734,8.989680290222168,8.888919830322266,8.905850410461426
2016-01-07,8.934639930725098,8.982029914855957,8.904999732971191,8.946049690246582
2016-01-08,8.886099815368652,8.956299781799316,8.869600296020508,8.88578987121582
2016-01-11,8.874930381774902,8.954500198364258,8.86044979095459,8.871060371398926
2016-01-12,8.94120979309082,8.94120979309082,8.847100257873535,8.940299987792969
2016-01-13,8.868579864501953,8.893919944763184,8.791199684143066,8.874990463256836
2016-01-14,8.818289756774902,8.8506498336792,8.772740364074707,8.820059776306152
2016-01-15,8.758549690246582,8.838379859924316,8.75529956817627,8.76278018951416
2016-01-18,8.849699974060059,8.897760391235352,8.841329574584961,8.849349975585938
2016-01-19,8.894960403442383,8.903470039367676,8.81350040435791,8.893969535827637
2016-01-20,8.810379981994629,8.910240173339844,8.79520034790039,8.810580253601074
2016-01-21,8.878439903259277,8.951629638671875,8.860090255737305,8.877479553222656
2016-01-22,8.781020164489746,8.80698013305664,8.715920448303223,8.7808198928833
2016-01-25,8.735159873962402,8.788880348205566,8.703900337219238,8.734600067138672
2016-01-26,8.748800277709961,8.77612018585205,8.701199531555176,8.757699966430664
2016-01-27,8.7047700881958,8.729180335998535,8.656089782714844,8.705100059509277
2016-01-28,8.656299591064453,8.675399780273438,8.607410430908203,8.65287971496582
2016-01-29,8.615579605102539,8.73069953918457,8.57861042022705,8.614649772644043
2016-02-01,8.685680389404297,8.697400093078613,8.636360168457031,8.685449600219727
2016-02-02,8.67527961730957,8.738750457763672,8.674599647521973,8.680450439453125
2016-02-03,8.723199844360352,8.739669799804688,8.626870155334473,8.719679832458496
2016-02-04,8.563309669494629,8.569510459899902,8.447580337524414,8.563610076904297
2016-02-05,8.496199607849121,8.611149787902832,8.48369026184082,8.496109962463379
2016-02-08,8.564000129699707,8.65149974822998,8.531200408935547,8.56177043914795
2016-02-09,8.582900047302246,8.62289047241211,8.547100067138672,8.583160400390625
2016-02-10,8.579859733581543,8.593290328979492,8.502280235290527,8.581000328063965
2016-02-11,8.504059791564941,8.59138011932373,8.489859580993652,8.514100074768066
2016-02-12,8.554229736328125,8.626509666442871,8.537360191345215,8.554200172424316
2016-02-15,8.589679718017578,8.65470027923584,8.566800117492676,8.591329574584961
2016-02-16,8.608960151672363,8.639670372009277,8.578200340270996,8.60949993133545
2016-02-17,8.626799583435059,8.64387035369873,8.585200309753418,8.6274995803833
2016-02-18,8.550749778747559,8.602259635925293,8.524129867553711,8.54833984375
2016-02-19,8.591429710388184,8.623510360717773,8.563929557800293,8.589400291442871
2016-02-22,8.564629554748535,8.625200271606445,8.552430152893066,8.56410026550293
2016-02-23,8.602160453796387,8.625530242919922,8.581729888916016,8.60696029663086
2016-02-24,8.6003999710083,8.752869606018066,8.593199729919434,8.599780082702637
2016-02-25,8.6560697555542,8.681940078735352,8.621190071105957,8.666279792785645
2016-02-26,8.623519897460938,8.687800407409668,8.592100143432617,8.623220443725586
2016-02-29,8.689129829406738,8.733200073242188,8.668319702148438,8.691109657287598
2016-03-01,8.687479972839355,8.700719833374023,8.633959770202637,8.685839653015137
2016-03-02,8.634180068969727,8.718899726867676,8.63403034210205,8.640210151672363
2016-03-03,8.66073989868164,8.6875,8.606860160827637,8.661239624023438
2016-03-04,8.584589958190918,8.587690353393555,8.51216983795166,8.58329963684082
2016-03-07,8.4933500289917,8.554980278015137,8.483869552612305,8.491080284118652
2016-03-08,8.503179550170898,8.595990180969238,8.482999801635742,8.503700256347656
2016-03-09,8.567609786987305,8.588800430297852,8.509790420532227,8.565600395202637
2016-03-10,8.529939651489258,8.602089881896973,8.479789733886719,8.529680252075195
2016-03-11,8.506329536437988,8.541780471801758,8.418510437011719,8.507340431213379
2016-03-14,8.41189956665039,8.49075984954834,8.397210121154785,8.410449981689453
2016-03-15,8.475600242614746,8.575980186462402,8.466119766235352,8.469690322875977
2016-03-16,8.551420211791992,8.602250099182129,8.543270111083984,8.551440238952637
2016-03-17,8.455129623413086,8.457599639892578,8.308099746704102,8.4476900100708
2016-03-18,8.320639610290527,8.358260154724121,8.301159858703613,8.319849967956543
2016-03-21,8.37720012664795,8.414400100708008,8.361639976501465,8.37697982788086
2016-03-22,8.411860466003418,8.462220191955566,8.378049850463867,8.406089782714844
2016-03-23,8.401359558105469,8.495140075683594,8.391169548034668,8.399299621582031
2016-03-24,8.478859901428223,8.517780303955078,8.471209526062012,8.479080200195312
2016-03-25,8.487680435180664,8.50255012512207,8.455439567565918,8.48501968383789
2016-03-28,8.48639965057373,8.508959770202637,8.41569995880127,8.485980033874512
2016-03-29,8.428179740905762,8.488499641418457,8.425410270690918,8.427470207214355
2016-03-30,8.391189575195312,8.39210033416748,8.277999877929688,8.39229965209961
2016-03-31,8.309089660644531,8.32938003540039,8.251540184020996,8.30862045288086
2016-04-01,8.26865005493164,8.346570014953613,8.25160026550293,8.272970199584961
2016-04-04,8.31110954284668,8.346579551696777,8.285479545593262,8.309470176696777
2016-04-05,8.332320213317871,8.377900123596191,8.318920135498047,8.331500053405762
2016-04-06,8.335160255432129,8.365500450134277,8.279000282287598,8.331399917602539
2016-04-07,8.316240310668945,8.332229614257812,8.257559776306152,8.316459655761719
2016-04-08,8.327309608459473,8.333769798278809,8.197770118713379,8.329440116882324
2016-04-11,8.224961280822754,8.254300117492676,8.162469863891602,8.223581314086914
2016-04-12,8.197099685668945,8.230199813842773,8.128089904785156,8.196040153503418
2016-04-13,8.168279647827148,8.2504301071167,8.163060188293457,8.170599937438965
2016-04-14,8.225740432739258,8.293600082397461,8.198749542236328,8.230231285095215
2016-04-15,8.23427963256836,8.258110046386719,8.203100204467773,8.231619834899902
2016-04-18,8.310959815979004,8.317879676818848,8.203949928283691,8.312100410461426
2016-04-19,8.210339546203613,8.22068977355957,8.098270416259766,8.215749740600586
2016-04-20,8.128279685974121,8.157469749450684,8.100700378417969,8.132530212402344
2016-04-21,8.111249923706055,8.184499740600586,8.09214973449707,8.107250213623047
2016-04-22,8.201189994812012,8.237170219421387,8.173450469970703,8.200369834899902
2016-04-25,8.234919548034668,8.249019622802734,8.175100326538086,8.234199523925781
2016-04-26,8.201910018920898,8.23091983795166,8.116901397705078,8.202449798583984
2016-04-27,8.153579711914062,8.185991287231445,8.11925983428955,8.158300399780273
2016-04-28,8.145939826965332,8.16765022277832,8.103599548339844,8.146260261535645
2016-04-29,8.133009910583496,8.133009910583496,8.03380012512207,8.134381294250488
2016-05-02,8.050471305847168,8.070500373840332,8.02029037475586,8.049469947814941
2016-05-03,8.023079872131348,8.094659805297852,7.9653000831604,8.022749900817871
2016-05-04,8.115079879760742,8.15779972076416,8.093050003051758,8.114899635314941
2016-05-05,8.153441429138184,8.179920196533203,8.111800193786621,8.153289794921875
2016-05-06,8.173419952392578,8.215689659118652,8.154580116271973,8.171730041503906
2016-05-09,8.207189559936523,8.21737003326416,8.167400360107422,8.20557975769043
2016-05-10,8.21265983581543,8.240360260009766,8.193220138549805,8.210410118103027
2016-05-11,8.205659866333008,8.2295503616333,8.132439613342285,8.2012300491333
2016-05-12,8.159199714660645,8.178520202636719,8.09119987487793,8.153329849243164
2016-05-13,8.128479957580566,8.22296142578125,8.11555004119873,8.125670433044434
2016-05-16,8.193699836730957,8.200920104980469,8.136639595031738,8.193811416625977
2016-05-17,8.15820026397705,8.19357967376709,8.126669883728027,8.16100025177002
2016-05-18,8.179200172424316,8.258139610290527,8.179100036621094,8.183199882507324
2016-05-19,8.307660102844238,8.39169979095459,8.305009841918945,8.307640075683594
2016-05-20,8.35077953338623,8.35614013671875,8.303339958190918,8.348799705505371
2016-05-23,8.324041366577148,8.382390022277832,8.297269821166992,8.323590278625488
2016-05-24,8.357049942016602,8.404459953308105,8.32997989654541,8.355449676513672
2016-05-25,8.355039596557617,8.357669830322266,8.314129829406738,8.355520248413086
2016-05-26,8.323320388793945,8.323579788208008,8.240269660949707,8.317770004272461
2016-05-27,8.270059585571289,8.341879844665527,8.263070106506348,8.27122974395752
2016-05-30,8.340729713439941,8.369939804077148,8.3329496383667,8.340100288391113
2016-05-31,8.333979606628418,8.38782024383545,8.319049835205078,8.329350471496582
2016-06-01,8.365710258483887,8.37992000579834,8.294289588928223,8.370711326599121
2016-06-02,8.300000190734863,8.37322998046875,8.279709815979004,8.30150032043457
2016-06-03,8.331339836120605,8.34550952911377,8.175569534301758,8.330699920654297
2016-06-06,8.175511360168457,8.21576976776123,8.166879653930664,8.176480293273926
2016-06-07,8.170160293579102,8.1770601272583,8.11028003692627,8.170490264892578
2016-06-08,8.121609687805176,8.123370170593262,8.072199821472168,8.122170448303223
2016-06-09,8.09237003326416,8.175901412963867,8.085439682006836,8.0908203125
2016-06-10,8.155449867248535,8.233960151672363,8.154500007629395,8.153800010681152
2016-06-13,8.271829605102539,8.315159797668457,8.23466968536377,8.272040367126465
2016-06-14,8.274370193481445,8.36929988861084,8.263469696044922,8.273969650268555
2016-06-15,8.348759651184082,8.368040084838867,8.299240112304688,8.35004997253418
2016-06-16,8.307229995727539,8.474720001220703,8.283149719238281,8.30700969696045
2016-06-17,8.3610200881958,8.398670196533203,8.331509590148926,8.36283016204834
2016-06-20,8.28192138671875,8.303019523620605,8.231590270996094,8.2849702835083
2016-06-21,8.270009994506836,8.3335599899292,8.249290466308594,8.275871276855469
2016-06-22,8.308910369873047,8.31919002532959,8.251371383666992,8.30636978149414
2016-06-23,8.254429817199707,8.267290115356445,8.147970199584961,8.23861026763916
2016-06-24,8.187049865722656,8.719220161437988,8.184200286865234,8.220959663391113
2016-06-27,8.534760475158691,8.61316967010498,8.44690990447998,8.53361988067627
2016-06-28,8.565990447998047,8.573590278625488,8.429100036621094,8.5658597946167
2016-06-29,8.466460227966309,8.491180419921875,8.375459671020508,8.46969985961914
2016-06-30,8.375399589538574,8.41880989074707,8.346260070800781,8.383041381835938
2016-07-01,8.355420112609863,8.392950057983398,8.322770118713379,8.352089881896973
2016-07-04,8.332751274108887,8.350250244140625,8.295519828796387,8.333869934082031
2016-07-05,8.293109893798828,8.409919738769531,8.287690162658691,8.29358959197998
2016-07-06,8.409760475158691,8.510319709777832,8.402000427246094,8.411029815673828
2016-07-07,8.434120178222656,8.504549980163574,8.417229652404785,8.433500289916992
2016-07-08,8.499460220336914,8.546979904174805,8.469730377197266,8.498820304870605
2016-07-11,8.526269912719727,8.545669555664062,8.467909812927246,8.527839660644531
2016-07-12,8.501020431518555,8.502869606018066,8.414469718933105,8.502019882202148
2016-07-13,8.438400268554688,8.467049598693848,8.38068962097168,8.439399719238281
2016-07-14,8.42134952545166,8.421480178833008,8.354399681091309,8.422240257263184
2016-07-15,8.378089904785156,8.458780288696289,8.338129997253418,8.37843132019043
2016-07-18,8.46580982208252,8.483960151672363,8.438300132751465,8.468029975891113
2016-07-19,8.445859909057617,8.517840385437012,8.436169624328613,8.434160232543945
2016-07-20,8.503190040588379,8.529709815979004,8.479339599609375,8.508399963378906
2016-07-21,8.4891996383667,8.514619827270508,8.450770378112793,8.49804973602295
2016-07-22,8.48058032989502,8.555150032043457,8.475680351257324,8.477879524230957
2016-07-25,8.551810264587402,8.588769912719727,8.539939880371094,8.55226993560791
2016-07-26,8.58471965789795,8.590849876403809,8.549360275268555,8.583250045776367
2016-07-27,8.567270278930664,8.604410171508789,8.554630279541016,8.572380065917969
2016-07-28,8.525620460510254,8.55916976928711,8.494239807128906,8.529080390930176
2016-07-29,8.550250053405762,8.565939903259277,8.407299995422363,8.553059577941895
2016-08-01,8.439840316772461,8.478529930114746,8.404829978942871,8.43982982635498
2016-08-02,8.489760398864746,8.49487018585205,8.39780044555664,8.495389938354492
2016-08-03,8.432990074157715,8.457050323486328,8.40552043914795,8.432000160217285
2016-08-04,8.453760147094727,8.487910270690918,8.430120468139648,8.453550338745117
2016-08-05,8.429559707641602,8.517789840698242,8.416609764099121,8.418780326843262
2016-08-08,8.511460304260254,8.515219688415527,8.477310180664062,8.50940990447998
2016-08-09,8.470250129699707,8.495559692382812,8.392339706420898,8.466819763183594
2016-08-10,8.399860382080078,8.403829574584961,8.247249603271484,8.405799865722656
2016-08-11,8.260299682617188,8.29619026184082,8.208459854125977,8.259400367736816
2016-08-12,8.237890243530273,8.250089645385742,8.152520179748535,8.237310409545898
2016-08-15,8.210749626159668,8.24092960357666,8.199681282043457,8.208900451660156
2016-08-16,8.218000411987305,8.221349716186523,8.123069763183594,8.217260360717773
2016-08-17,8.190299987792969,8.250539779663086,8.182530403137207,8.191559791564941
2016-08-18,8.192319869995117,8.198559761047363,8.148200035095215,8.196511268615723
2016-08-19,8.152299880981445,8.229249954223633,8.150099754333496,8.152899742126465
2016-08-22,8.237299919128418,8.263480186462402,8.211099624633789,8.240900039672852
2016-08-23,8.209879875183105,8.231579780578613,8.17632007598877,8.20680046081543
2016-08-24,8.20989990234375,8.239351272583008,8.170100212097168,8.21045970916748
2016-08-25,8.210439682006836,8.226519584655762,8.184720039367676,8.21399974822998
2016-08-26,8.221099853515625,8.243989944458008,8.138779640197754,8.21992015838623
2016-08-29,8.281100273132324,8.322239875793457,8.269120216369629,8.28320026397705
2016-08-30,8.268950462341309,8.351200103759766,8.267029762268066,8.269599914550781
2016-08-31,8.339400291442871,8.361289978027344,8.311300277709961,8.33899974822998
2016-09-01,8.334159851074219,8.397310256958008,8.308939933776855,8.333270072937012
2016-09-02,8.328940391540527,8.344449996948242,8.246299743652344,8.327659606933594
2016-09-05,8.30687141418457,8.310759544372559,8.259570121765137,8.306659698486328
2016-09-06,8.287879943847656,8.293519973754883,8.175169944763184,8.293000221252441
2016-09-07,8.179671287536621,8.194829940795898,8.155940055847168,8.176300048828125
2016-09-08,8.175589561462402,8.195389747619629,8.117581367492676,8.178730010986328
2016-09-09,8.183099746704102,8.272950172424316,8.164230346679688,8.182821273803711
2016-09-12,8.248760223388672,8.277621269226074,8.219490051269531,8.245800018310547
2016-09-13,8.221839904785156,8.272041320800781,8.2012300491333,8.221750259399414
2016-09-14,8.276869773864746,8.27865982055664,8.215499877929688,8.274700164794922
2016-09-15,8.230859756469727,8.273699760437012,8.213821411132812,8.233869552612305
2016-09-16,8.231410026550293,8.311031341552734,8.22439956665039,8.233169555664062
2016-09-19,8.314720153808594,8.31564998626709,8.265681266784668,8.31503963470459
2016-09-20,8.287090301513672,8.298101425170898,8.255399703979492,8.28557014465332
2016-09-21,8.299019813537598,8.326319694519043,8.275320053100586,8.29800033569336
2016-09-22,8.246299743652344,8.249979972839355,8.081419944763184,8.248419761657715
2016-09-23,8.130620002746582,8.144020080566406,8.095939636230469,8.128190040588379
2016-09-26,8.105290412902832,8.142769813537598,8.08810043334961,8.104869842529297
2016-09-27,8.107500076293945,8.165419578552246,8.065799713134766,8.108400344848633
2016-09-28,8.10890007019043,8.137149810791016,8.075309753417969,8.10552978515625
2016-09-29,8.028800010681152,8.067070007324219,8.006389617919922,8.024160385131836
2016-09-30,8.045180320739746,8.097201347351074,7.980169773101807,8.050000190734863
2016-10-03,7.994619846343994,8.007719993591309,7.9457502365112305,7.994420051574707
2016-10-04,7.975930213928223,8.017821311950684,7.970940113067627,7.975979804992676
2016-10-05,8.008689880371094,8.037619590759277,7.974530220031738,8.008681297302246
2016-10-06,8.01846981048584,8.060250282287598,8.016300201416016,8.022741317749023
2016-10-07,8.061619758605957,8.11952018737793,8.024399757385254,8.060529708862305
2016-10-10,8.094779968261719,8.131609916687012,8.061599731445312,8.094539642333984
2016-10-11,8.07742977142334,8.198519706726074,8.07742977142334,8.079939842224121
2016-10-12,8.171810150146484,8.241700172424316,8.160909652709961,8.175620079040527
2016-10-13,8.214489936828613,8.256219863891602,8.184840202331543,8.217619895935059
2016-10-14,8.161020278930664,8.239509582519531,8.135199546813965,8.160320281982422
2016-10-17,8.230400085449219,8.252829551696777,8.18257999420166,8.231619834899902
2016-10-18,8.167539596557617,8.171839714050293,8.121299743652344,8.163599967956543
2016-10-19,8.157609939575195,8.172100067138672,8.13290023803711,8.15783977508545
2016-10-20,8.130149841308594,8.215319633483887,8.127120018005371,8.13129997253418
2016-10-21,8.18472957611084,8.272649765014648,8.182649612426758,8.183199882507324
2016-10-24,8.256719589233398,8.275019645690918,8.225279808044434,8.257519721984863
2016-10-25,8.258500099182129,8.290019989013672,8.242349624633789,8.258609771728516
2016-10-26,8.283559799194336,8.28499984741211,8.249320030212402,8.283329963684082
2016-10-27,8.270730018615723,8.286319732666016,8.212499618530273,8.267749786376953
2016-10-28,8.27184009552002,8.297209739685059,8.24612045288086,8.269269943237305
2016-10-31,8.261099815368652,8.279199600219727,8.245400428771973,8.25879955291748
2016-11-01,8.263400077819824,8.269829750061035,8.182299613952637,8.264530181884766
2016-11-02,8.211739540100098,8.221940040588379,8.167799949645996,8.216950416564941
2016-11-03,8.185110092163086,8.192741394042969,8.162400245666504,8.188920021057129
2016-11-04,8.19009017944336,8.225379943847656,8.167909622192383,8.190329551696777
2016-11-07,8.154970169067383,8.265789985656738,8.138799667358398,8.153539657592773
2016-11-08,8.233989715576172,8.246509552001953,8.206060409545898,8.233220100402832
2016-11-09,8.233320236206055,8.349651336669922,8.148050308227539,8.215950012207031
2016-11-10,8.317520141601562,8.414290428161621,8.267789840698242,8.318249702453613
2016-11-11,8.36830997467041,8.419750213623047,8.34945011138916,8.366399765014648
2016-11-14,8.427669525146484,8.522489547729492,8.424409866333008,8.426819801330566
2016-11-15,8.464400291442871,8.471719741821289,8.380000114440918,8.463210105895996
2016-11-16,8.435859680175781,8.502120018005371,8.39717960357666,8.43529987335205
2016-11-17,8.464200019836426,8.507519721984863,8.44950008392334,8.463239669799805
2016-11-18,8.549039840698242,8.605939865112305,8.540399551391602,8.54850959777832
2016-11-21,8.597270011901855,8.597270011901855,8.522199630737305,8.597399711608887
2016-11-22,8.53302001953125,8.553540229797363,8.492300033569336,8.533780097961426
2016-11-23,8.516409873962402,8.621159553527832,8.502730369567871,8.516630172729492
2016-11-24,8.619999885559082,8.638389587402344,8.569499969482422,8.621000289916992
2016-11-25,8.588319778442383,8.607810020446777,8.540539741516113,8.591099739074707
2016-11-28,8.572810173034668,8.590530395507812,8.508620262145996,8.572070121765137
2016-11-29,8.543910026550293,8.587309837341309,8.53948974609375,8.541000366210938
2016-11-30,8.526780128479004,8.548279762268066,8.452199935913086,8.527029991149902
2016-12-01,8.521539688110352,8.522109985351562,8.41919994354248,8.521180152893066
2016-12-02,8.408909797668457,8.460009574890137,8.396200180053711,8.408510208129883
2016-12-05,8.47681999206543,8.492119789123535,8.362589836120605,8.46654987335205
2016-12-06,8.379349708557129,8.393879890441895,8.336799621582031,8.380249977111816
2016-12-07,8.397509574890137,8.421219825744629,8.346420288085938,8.396510124206543
2016-12-08,8.352580070495605,8.46146011352539,8.331910133361816,8.353509902954102
2016-12-09,8.424229621887207,8.528770446777344,8.421589851379395,8.42609977722168
2016-12-12,8.48075008392334,8.494759559631348,8.422300338745117,8.478639602661133
2016-12-13,8.43062973022461,8.453459739685059,8.409099578857422,8.430100440979004
2016-12-14,8.426899909973145,8.490220069885254,8.408820152282715,8.428750038146973
2016-12-15,8.592109680175781,8.674220085144043,8.548040390014648,8.592570304870605
2016-12-16,8.65939998626709,8.712820053100586,8.641440391540527,8.658300399780273
2016-12-19,8.680560111999512,8.697070121765137,8.631219863891602,8.67770004272461
2016-12-20,8.683159828186035,8.723979949951172,8.670370101928711,8.681819915771484
2016-12-21,8.704010009765625,8.705730438232422,8.629770278930664,8.705710411071777
2016-12-22,8.681170463562012,8.721850395202637,8.66139030456543,8.678400039672852
2016-12-23,8.712209701538086,8.722539901733398,8.688220024108887,8.71127986907959
2016-12-26,8.689800262451172,8.704099655151367,8.669150352478027,8.691100120544434
2016-12-27,8.6864595413208,8.722419738769531,8.684700012207031,8.684100151062012
2016-12-28,8.705069541931152,8.739100456237793,8.684149742126465,8.704119682312012
2016-12-29,8.709770202636719,8.712300300598145,8.655810356140137,8.711179733276367
2016-12-30,8.588970184326172,8.647109985351562,8.568829536437988,8.588680267333984
2017-01-02,8.634900093078613,8.653820037841797,8.614680290222168,8.632200241088867
2017-01-03,8.654370307922363,8.68356990814209,8.623459815979004,8.654470443725586
2017-01-04,8.64072036743164,8.664830207824707,8.59689998626709,8.640250205993652
2017-01-05,8.586600303649902,8.593560218811035,8.496489524841309,8.581939697265625
2017-01-06,8.481220245361328,8.530220031738281,8.471949577331543,8.479809761047363
2017-01-09,8.535249710083008,8.581740379333496,8.522100448608398,8.535340309143066
2017-01-10,8.52847957611084,8.596229553222656,8.499629974365234,8.52791976928711
2017-01-11,8.598250389099121,8.669119834899902,8.587409973144531,8.600119590759277
2017-01-12,8.53773021697998,8.557900428771973,8.478630065917969,8.537599563598633
2017-01-13,8.52178955078125,8.533169746398926,8.484979629516602,8.522589683532715
2017-01-16,8.510199546813965,8.552020072937012,8.498640060424805,8.508779525756836
2017-01-17,8.526000022888184,8.52910041809082,8.427330017089844,8.528220176696777
2017-01-18,8.45911979675293,8.479820251464844,8.43649959564209,8.45775032043457
2017-01-19,8.493200302124023,8.50901985168457,8.445599555969238,8.49489974975586
2017-01-20,8.443679809570312,8.46522045135498,8.418789863586426,8.44435977935791
2017-01-23,8.39210033416748,8.399020195007324,8.359800338745117,8.38949966430664
2017-01-24,8.350199699401855,8.367420196533203,8.31410026550293,8.350350379943848
2017-01-25,8.35254955291748,8.370421409606934,8.29889965057373,8.351530075073242
2017-01-26,8.304619789123535,8.355730056762695,8.29458999633789,8.306699752807617
2017-01-27,8.339619636535645,8.366901397705078,8.305100440979004,8.337599754333496
2017-01-30,8.322099685668945,8.35811996459961,8.299830436706543,8.325429916381836
2017-01-31,8.306220054626465,8.321539878845215,8.225339889526367,8.304400444030762
2017-02-01,8.24470043182373,8.261619567871094,8.221500396728516,8.24402141571045
2017-02-02,8.232549667358398,8.232549667358398,8.175689697265625,8.232000350952148
2017-02-03,8.246199607849121,8.264321327209473,8.1875,8.249130249023438
2017-02-06,8.20691967010498,8.268219947814941,8.196720123291016,8.206119537353516
2017-02-07,8.254659652709961,8.336520195007324,8.25316047668457,8.257200241088867
2017-02-08,8.321499824523926,8.346969604492188,8.295929908752441,8.323749542236328
2017-02-09,8.317000389099121,8.335689544677734,8.292799949645996,8.318619728088379
2017-02-10,8.334019660949707,8.392180442810059,8.321399688720703,8.33240032196045
2017-02-13,8.396149635314941,8.403960227966309,8.358050346374512,8.39430046081543
2017-02-14,8.385510444641113,8.41215991973877,8.354100227355957,8.389300346374512
2017-02-15,8.397350311279297,8.415149688720703,8.357950210571289,8.39739990234375
2017-02-16,8.34119987487793,8.345470428466797,8.297599792480469,8.33629035949707
2017-02-17,8.283900260925293,8.34358024597168,8.279609680175781,8.282999992370605
2017-02-20,8.3362398147583,8.354990005493164,8.322099685668945,8.339550018310547
2017-02-21,8.338700294494629,8.385339736938477,8.335200309753418,8.339300155639648
2017-02-22,8.346739768981934,8.396519660949707,8.335180282592773,8.350299835205078
2017-02-23,8.368399620056152,8.374309539794922,8.316699981689453,8.36970043182373
2017-02-24,8.334099769592285,8.35811996459961,8.319499969482422,8.335800170898438
2017-02-27,8.384400367736816,8.384400367736816,8.339900016784668,8.381999969482422
2017-02-28,8.372599601745605,8.38700008392334,8.355199813842773,8.371520042419434
2017-03-01,8.396320343017578,8.423500061035156,8.37263011932373,8.39661979675293
2017-03-02,8.41841983795166,8.479999542236328,8.412059783935547,8.422300338745117
2017-03-03,8.482549667358398,8.485939979553223,8.441020011901855,8.48157024383545
2017-03-06,8.423370361328125,8.487420082092285,8.416799545288086,8.422889709472656
2017-03-07,8.489139556884766,8.49822998046875,8.434200286865234,8.492600440979004
2017-03-08,8.450650215148926,8.502420425415039,8.444840431213379,8.449740409851074
2017-03-09,8.534099578857422,8.592840194702148,8.527979850769043,8.533100128173828
2017-03-10,8.587289810180664,8.625969886779785,8.55912971496582,8.588789939880371
2017-03-13,8.595840454101562,8.603139877319336,8.540300369262695,8.593299865722656
2017-03-14,8.564169883728027,8.620519638061523,8.558030128479004,8.564800262451172
2017-03-15,8.609219551086426,8.61322021484375,8.572799682617188,8.609219551086426
2017-03-16,8.49590015411377,8.553319931030273,8.470600128173828,8.498279571533203
2017-03-17,8.502300262451172,8.510299682617188,8.44540023803711,8.500300407409668
2017-03-20,8.461359977722168,8.493120193481445,8.434220314025879,8.460399627685547
2017-03-21,8.480649948120117,8.480649948120117,8.423700332641602,8.480090141296387
2017-03-22,8.47029972076416,8.52748966217041,8.443280220031738,8.467020034790039
2017-03-23,8.467599868774414,8.492659568786621,8.457559585571289,8.46304988861084
2017-03-24,8.486900329589844,8.5106201171875,8.476300239562988,8.487130165100098
2017-03-27,8.458629608154297,8.486470222473145,8.423720359802246,8.457189559936523
2017-03-28,8.48363971710205,8.519140243530273,8.47959041595459,8.488550186157227
2017-03-29,8.519960403442383,8.553979873657227,8.503450393676758,8.519499778747559
2017-03-30,8.501009941101074,8.557299613952637,8.501009941101074,8.503800392150879
2017-03-31,8.557439804077148,8.60315990447998,8.557439804077148,8.560489654541016
2017-04-03,8.58191967010498,8.60597038269043,8.554570198059082,8.581589698791504
2017-04-04,8.576809883117676,8.633210182189941,8.575830459594727,8.578100204467773
2017-04-05,8.588210105895996,8.609800338745117,8.571240425109863,8.592320442199707
2017-04-06,8.599900245666504,8.641200065612793,8.58672046661377,8.602160453796387
2017-04-07,8.625300407409668,8.637909889221191,8.597660064697266,8.620989799499512
2017-04-10,8.661580085754395,8.678640365600586,8.617500305175781,8.661520004272461
2017-04-11,8.618539810180664,8.6425199508667,8.581029891967773,8.618619918823242
2017-04-12,8.592610359191895,8.603320121765137,8.566499710083008,8.59391975402832
2017-04-13,8.541000366210938,8.568490028381348,8.532979965209961,8.540940284729004
2017-04-14,8.57759952545166,8.586199760437012,8.560400009155273,8.577300071716309
2017-04-17,8.585249900817871,8.589710235595703,8.525250434875488,8.585989952087402
2017-04-18,8.55420970916748,8.567370414733887,8.51593017578125,8.556289672851562
2017-04-19,8.51134967803955,8.578829765319824,8.50337028503418,8.50691032409668
2017-04-20,8.575940132141113,8.608659744262695,8.55090045928955,8.575750350952148
2017-04-21,8.619230270385742,8.684009552001953,8.604900360107422,8.622790336608887
2017-04-24,8.524459838867188,8.607760429382324,8.502949714660645,8.525070190429688
2017-04-25,8.552539825439453,8.577839851379395,8.54319953918457,8.5556001663208
2017-04-26,8.564530372619629,8.605420112609863,8.544560432434082,8.56820011138916
2017-04-27,8.57798957824707,8.606459617614746,8.539799690246582,8.57903003692627
2017-04-28,8.566060066223145,8.580080032348633,8.51360034942627,8.565890312194824
2017-05-01,8.56624984741211,8.590550422668457,8.562800407409668,8.565770149230957
2017-05-02,8.57975959777832,8.613349914550781,8.575539588928223,8.58141040802002
2017-05-03,8.586870193481445,8.629570007324219,8.580820083618164,8.58549976348877
2017-05-04,8.657400131225586,8.693949699401855,8.61830997467041,8.654239654541016
2017-05-05,8.678199768066406,8.716099739074707,8.583930015563965,8.678359985351562
2017-05-08,8.608559608459473,8.650879859924316,8.581439971923828,8.609589576721191
2017-05-09,8.633959770202637,8.683719635009766,8.627459526062012,8.63502025604248
2017-05-10,8.677980422973633,8.70715045928955,8.602629661560059,8.678030014038086
2017-05-11,8.636099815368652,8.639189720153809,8.573100090026855,8.632349967956543
2017-05-12,8.600090026855469,8.61340045928955,8.564800262451172,8.599579811096191
2017-05-15,8.562899589538574,8.576459884643555,8.495220184326172,8.56482982635498
2017-05-16,8.543899536132812,8.5720796585083,8.461700439453125,8.54384994506836
2017-05-17,8.463069915771484,8.473799705505371,8.378350257873535,8.463500022888184
2017-05-18,8.4102201461792,8.497949600219727,8.402620315551758,8.409500122070312
2017-05-19,8.474200248718262,8.480939865112305,8.354519844055176,8.474300384521484
2017-05-22,8.370499610900879,8.39840030670166,8.326820373535156,8.376070022583008
2017-05-23,8.344659805297852,8.371999740600586,8.319640159606934,8.346819877624512
2017-05-24,8.375720024108887,8.406999588012695,8.368000030517578,8.377699851989746
2017-05-25,8.332869529724121,8.3574800491333,8.30049991607666,8.331391334533691
2017-05-26,8.396249771118164,8.42870044708252,8.365599632263184,8.39680004119873
2017-05-29,8.380000114440918,8.419690132141113,8.380000114440918,8.38759994506836
2017-05-30,8.4399995803833,8.469799995422363,8.418499946594238,8.437520027160645
2017-05-31,8.448399543762207,8.459329605102539,8.40818977355957,8.449299812316895
2017-06-01,8.436880111694336,8.472840309143066,8.409520149230957,8.435830116271973
2017-06-02,8.451000213623047,8.479880332946777,8.402899742126465,8.452159881591797
2017-06-05,8.423890113830566,8.465459823608398,8.40211009979248,8.423399925231934
2017-06-06,8.44066047668457,8.486000061035156,8.429349899291992,8.442399978637695
2017-06-07,8.45971965789795,8.499119758605957,8.441399574279785,8.459589958190918
2017-06-08,8.496689796447754,8.499650001525879,8.462499618530273,8.497550010681152
2017-06-09,8.508600234985352,8.54043960571289,8.487600326538086,8.513839721679688
2017-06-12,8.497200012207031,8.499309539794922,8.45680046081543,8.498600006103516
2017-06-13,8.471400260925293,8.478230476379395,8.40939998626709,8.474169731140137
2017-06-14,8.432889938354492,8.438139915466309,8.346779823303223,8.434550285339355
2017-06-15,8.426429748535156,8.51255989074707,8.416729927062988,8.427359580993652
2017-06-16,8.500300407409668,8.51414966583252,8.450960159301758,8.500399589538574
2017-06-19,8.443079948425293,8.47881031036377,8.429100036621094,8.443400382995605
2017-06-20,8.509599685668945,8.563190460205078,8.460800170898438,8.507599830627441
2017-06-21,8.546299934387207,8.566200256347656,8.528900146484375,8.54520034790039
2017-06-22,8.525870323181152,8.531499862670898,8.467900276184082,8.527299880981445
2017-06-23,8.491900444030762,8.496689796447754,8.432000160217285,8.488499641418457
2017-06-26,8.439000129699707,8.481249809265137,8.432000160217285,8.441510200500488
2017-06-27,8.4860200881958,8.4895601272583,8.408340454101562,8.483710289001465
2017-06-28,8.419449806213379,8.474129676818848,8.394519805908203,8.417499542236328
2017-06-29,8.429490089416504,8.431159973144531,8.3641996383667,8.425700187683105
2017-06-30,8.375100135803223,8.396820068359375,8.359959602355957,8.375100135803223
2017-07-03,8.33938980102539,8.371021270751953,8.338700294494629,8.33899974822998
2017-07-04,8.348999977111816,8.386910438537598,8.337900161743164,8.349639892578125
2017-07-05,8.34058952331543,8.412440299987793,8.329939842224121,8.339599609375
2017-07-06,8.397809982299805,8.40641975402832,8.339409828186035,8.396439552307129
2017-07-07,8.352800369262695,8.396320343017578,8.350689888000488,8.351400375366211
2017-07-10,8.354299545288086,8.361249923706055,8.31521987915039,8.353989601135254
2017-07-12,8.270999908447266,8.29889965057373,8.251310348510742,8.274029731750488
2017-07-13,8.279399871826172,8.294879913330078,8.24899959564209,8.279041290283203
2017-07-14,8.254210472106934,8.260990142822266,8.188220024108887,8.25160026550293
2017-07-17,8.179499626159668,8.205220222473145,8.125699996948242,8.180939674377441
2017-07-18,8.157999992370605,8.166970252990723,8.043121337890625,8.159279823303223
2017-07-19,8.083900451660156,8.095499992370605,8.046799659729004,8.085749626159668
2017-07-20,8.047599792480469,8.103019714355469,8.01395034790039,8.049429893493652
2017-07-21,8.045999526977539,8.051119804382324,8.0020112991333,8.043499946594238
2017-07-24,8.028519630432129,8.050821304321289,8.005999565124512,8.02869987487793
2017-07-25,8.015021324157715,8.019570350646973,7.944920063018799,8.012700080871582
2017-07-26,7.975590229034424,8.004610061645508,7.957039833068848,7.973780155181885
2017-07-27,7.89385986328125,7.958749771118164,7.861599922180176,7.89408016204834
2017-07-28,7.943600177764893,7.9733500480651855,7.914010047912598,7.94635009765625
2017-07-31,7.917389869689941,7.960840225219727,7.89463996887207,7.914999961853027
2017-08-01,7.878960132598877,7.934120178222656,7.866199970245361,7.8786702156066895
2017-08-02,7.922510147094727,7.932620048522949,7.867000102996826,7.921339988708496
2017-08-03,7.898499965667725,7.9204301834106445,7.877600193023682,7.898849964141846
2017-08-04,7.895840167999268,7.975399971008301,7.878900051116943,7.894700050354004
2017-08-07,7.941810131072998,7.960720062255859,7.92519998550415,7.94297981262207
2017-08-08,7.923279762268066,7.9611101150512695,7.88116979598999,7.919589996337891
2017-08-09,7.95442008972168,7.9870500564575195,7.944900035858154,7.953149795532227
2017-08-10,7.945690155029297,7.973420143127441,7.934629917144775,7.947189807891846
2017-08-11,7.951230049133301,8.005999565124512,7.940159797668457,7.949699878692627
2017-08-14,7.927279949188232,7.939789772033691,7.910900115966797,7.927519798278809
2017-08-15,7.95359992980957,8.002019882202148,7.941400051116943,7.956099987030029
2017-08-16,7.951399803161621,7.967549800872803,7.92494010925293,7.949699878692627
2017-08-17,7.920959949493408,7.987559795379639,7.899990081787109,7.919300079345703
2017-08-18,7.975639820098877,7.980599880218506,7.908559799194336,7.9766998291015625
2017-08-21,7.913589954376221,7.934140205383301,7.881619930267334,7.91402006149292
2017-08-22,7.900750160217285,7.920070171356201,7.887700080871582,7.901519775390625
2017-08-23,7.911620140075684,7.919670104980469,7.869080066680908,7.90880012512207
2017-08-24,7.8610100746154785,7.8738298416137695,7.837679862976074,7.860610008239746
2017-08-25,7.842510223388672,7.857719898223877,7.768700122833252,7.842510223388672
2017-08-28,7.7345099449157715,7.772729873657227,7.733399868011475,7.732600212097168
2017-08-29,7.773099899291992,7.802690029144287,7.703370094299316,7.775360107421875
2017-08-30,7.753600120544434,7.806300163269043,7.739200115203857,7.754590034484863
2017-08-31,7.802490234375,7.846419811248779,7.762199878692627,7.802000045776367
2017-09-01,7.754260063171387,7.821249961853027,7.718430042266846,7.754469871520996
2017-09-04,7.787799835205078,7.8111701011657715,7.777989864349365,7.786099910736084
2017-09-05,7.8105998039245605,7.8207597732543945,7.749800205230713,7.813049793243408
2017-09-06,7.768479824066162,7.79295015335083,7.761439800262451,7.768400192260742
2017-09-07,7.795300006866455,7.798920154571533,7.714360237121582,7.79472017288208
2017-09-08,7.728940010070801,7.747690200805664,7.6998701095581055,7.729000091552734
2017-09-11,7.750999927520752,7.85414981842041,7.738379955291748,7.749300003051758
2017-09-12,7.833199977874756,7.876589775085449,7.82436990737915,7.833199977874756
2017-09-13,7.834219932556152,7.898429870605469,7.821400165557861,7.832900047302246
2017-09-14,7.876999855041504,7.9475297927856445,7.869719982147217,7.878200054168701
2017-09-15,7.872010231018066,7.885700225830078,7.797070026397705,7.872759819030762
2017-09-18,7.855999946594238,7.857329845428467,7.791910171508789,7.856289863586426
2017-09-19,7.82450008392334,7.825650215148926,7.786610126495361,7.82420015335083
2017-09-20,7.801400184631348,7.81171989440918,7.773489952087402,7.802390098571777
2017-09-21,7.872499942779541,7.88277006149292,7.795629978179932,7.874770164489746
2017-09-22,7.7978901863098145,7.803390026092529,7.766049861907959,7.7964301109313965
2017-09-25,7.816229820251465,7.831150054931641,7.79610013961792,7.815199851989746
2017-09-26,7.816319942474365,7.912600040435791,7.81279993057251,7.815899848937988
2017-09-27,7.897590160369873,7.975150108337402,7.891300201416016,7.8961100578308105
2017-09-28,7.948110103607178,7.986710071563721,7.930419921875,7.947700023651123
2017-09-29,7.942269802093506,7.981450080871582,7.934500217437744,7.940299987792969
2017-10-02,7.9652099609375,8.01156997680664,7.941440105438232,7.965390205383301
2017-10-03,8.003499984741211,8.024089813232422,7.941440105438232,8.003580093383789
2017-10-04,7.974299907684326,7.976009845733643,7.931180000305176,7.975729942321777
2017-10-05,7.955900192260742,7.996039867401123,7.943190097808838,7.955999851226807
2017-10-06,8.004349708557129,8.037919998168945,7.996339797973633,8.00469970703125
2017-10-09,7.989309787750244,8.00432014465332,7.966300010681152,7.987500190734863
2017-10-10,7.982409954071045,7.985919952392578,7.9339399337768555,7.980400085449219
2017-10-11,7.94379997253418,7.955679893493652,7.905799865722656,7.944699764251709
2017-10-12,7.9139299392700195,7.918310165405273,7.883820056915283,7.913640022277832
2017-10-13,7.903950214385986,7.912049770355225,7.851620197296143,7.904399871826172
2017-10-16,7.888309955596924,7.918379783630371,7.8733601570129395,7.889019966125488
2017-10-17,7.896399974822998,7.960629940032959,7.896399974822998,7.896900177001953
2017-10-18,7.934629917144775,7.972080230712891,7.92609977722168,7.934899806976318
2017-10-19,7.954440116882324,7.977019786834717,7.934850215911865,7.953519821166992
2017-10-20,7.924930095672607,7.997000217437744,7.922500133514404,7.92710018157959
2017-10-23,7.996950149536133,8.004420280456543,7.975319862365723,7.997129917144775
2017-10-24,7.999800205230713,8.01531982421875,7.978400230407715,7.9998297691345215
2017-10-25,8.008230209350586,8.031780242919922,7.992000102996826,8.006999969482422
2017-10-26,8.007499694824219,8.154520034790039,7.999100208282471,8.010109901428223
2017-10-27,8.182109832763672,8.22655963897705,8.157999992370605,8.183349609375
2017-10-30,8.155500411987305,8.184060096740723,8.139300346374512,8.159910202026367
2017-10-31,8.151289939880371,8.200860023498535,8.147199630737305,8.149189949035645
2017-11-01,8.163849830627441,8.181209564208984,8.126399993896484,8.163949966430664
2017-11-02,8.140800476074219,8.160909652709961,8.117600440979004,8.14109992980957
2017-11-03,8.132479667663574,8.18375015258789,8.11991024017334,8.131699562072754
2017-11-06,8.163900375366211,8.181340217590332,8.13599967956543,8.164509773254395
2017-11-07,8.132450103759766,8.199219703674316,8.121000289916992,8.13029956817627
2017-11-08,8.15919017791748,8.18241024017334,8.158479690551758,8.15820026397705
2017-11-09,8.158900260925293,8.16775131225586,8.118399620056152,8.15839958190918
2017-11-10,8.128899574279785,8.146860122680664,8.109840393066406,8.127449989318848
2017-11-13,8.135100364685059,8.182680130004883,8.131600379943848,8.136750221252441
2017-11-14,8.170450210571289,8.230859756469727,8.149250030517578,8.17020034790039
2017-11-15,8.183719635009766,8.277739524841309,8.173500061035156,8.18241024017334
2017-11-17,8.207619667053223,8.265000343322754,8.177300453186035,8.206740379333496
2017-11-20,8.266200065612793,8.295909881591797,8.237899780273438,8.267550468444824
2017-11-21,8.291760444641113,8.33872127532959,8.20205020904541,8.290399551391602
2017-11-22,8.211999893188477,8.241559982299805,8.178919792175293,8.215680122375488
2017-11-23,8.156089782714844,8.158909797668457,8.121100425720215,8.155489921569824
2017-11-24,8.132220268249512,8.157400131225586,8.112890243530273,8.132499694824219
2017-11-27,8.13479995727539,8.163590431213379,8.124239921569824,8.134499549865723
2017-11-28,8.146820068359375,8.225139617919922,8.138299942016602,8.146499633789062
2017-11-29,8.23639965057373,8.248200416564941,8.205400466918945,8.238800048828125
2017-11-30,8.252670288085938,8.343729972839355,8.236599922180176,8.25028133392334
2017-12-01,8.316900253295898,8.320269584655762,8.263110160827637,8.319169998168945
2017-12-04,8.306509971618652,8.33154010772705,8.280989646911621,8.304490089416504
2017-12-05,8.318730354309082,8.36046028137207,8.27219009399414,8.320079803466797
2017-12-06,8.260820388793945,8.299599647521973,8.243439674377441,8.260299682617188
2017-12-07,8.26449966430664,8.305049896240234,8.264410018920898,8.265740394592285
2017-12-08,8.315400123596191,8.339699745178223,8.286999702453613,8.315790176391602
2017-12-11,8.29699993133545,8.389320373535156,8.27748966217041,8.297200202941895
2017-12-12,8.376250267028809,8.382769584655762,8.303099632263184,8.377249717712402
2017-12-13,8.340571403503418,8.381790161132812,8.324819564819336,8.339790344238281
2017-12-14,8.314399719238281,8.33471965789795,8.21033000946045,8.317689895629883
2017-12-15,8.296150207519531,8.392029762268066,8.270700454711914,8.29662036895752
2017-12-18,8.392399787902832,8.3927001953125,8.313400268554688,8.39430046081543
2017-12-19,8.35890007019043,8.386810302734375,8.349699974060059,8.356399536132812
2017-12-20,8.355779647827148,8.392729759216309,8.317219734191895,8.353599548339844
2017-12-21,8.405449867248535,8.41841983795166,8.368900299072266,8.405170440673828
2017-12-22,8.366069793701172,8.385880470275879,8.312399864196777,8.369331359863281
2017-12-25,8.321499824523926,8.332500457763672,8.044670104980469,8.320799827575684
2017-12-26,8.31659984588623,8.341779708862305,8.297599792480469,8.313699722290039
2017-12-27,8.307700157165527,8.324210166931152,8.272100448608398,8.308521270751953
2017-12-28,8.262350082397461,8.280449867248535,8.222999572753906,8.262080192565918
2017-12-29,8.248970031738281,8.251999855041504,8.176899909973145,8.248430252075195
2018-01-01,8.204400062561035,8.207799911499023,7.939410209655762,8.20460033416748
2018-01-02,8.192999839782715,8.19513988494873,8.095000267028809,8.194470405578613
2018-01-03,8.119000434875488,8.143540382385254,8.09179973602295,8.119939804077148
2018-01-04,8.104299545288086,8.113880157470703,8.067299842834473,8.104900360107422
2018-01-05,8.06350040435791,8.092510223388672,8.038200378417969,8.065930366516113
2018-01-08,8.042570114135742,8.090571403503418,8.03341007232666,8.042031288146973
2018-01-09,8.074390411376953,8.129030227661133,8.064800262451172,8.073639869689941
2018-01-10,8.112549781799316,8.11283016204834,8.033499717712402,8.11244010925293
2018-01-11,8.068699836730957,8.081839561462402,8.008210182189941,8.068010330200195
2018-01-12,8.005949974060059,8.015419960021973,7.94419002532959,8.006959915161133
2018-01-15,7.926089763641357,7.929019927978516,7.859109878540039,7.925970077514648
2018-01-16,7.878590106964111,7.900740146636963,7.866700172424316,7.877399921417236
2018-01-17,7.868680000305176,7.8957600593566895,7.829209804534912,7.866499900817871
2018-01-18,7.883399963378906,7.886919975280762,7.815800189971924,7.882019996643066
2018-01-19,7.845059871673584,7.874849796295166,7.822309970855713,7.843100070953369
2018-01-22,7.848599910736084,7.876840114593506,7.839809894561768,7.848599910736084
2018-01-23,7.857530117034912,7.881080150604248,7.820899963378906,7.855999946594238
2018-01-24,7.817930221557617,7.82643985748291,7.752500057220459,7.818329811096191
2018-01-25,7.75915002822876,7.763000011444092,7.639560222625732,7.759749889373779
2018-01-26,7.7444000244140625,7.748489856719971,7.66556978225708,7.745999813079834
2018-01-29,7.684490203857422,7.732490062713623,7.678699970245361,7.685359954833984
2018-01-30,7.710249900817871,7.758959770202637,7.6864399909973145,7.709000110626221
2018-01-31,7.718410015106201,7.722400188446045,7.6620402336120605,7.718299865722656
2018-02-01,7.705999851226807,7.726049900054932,7.664490222930908,7.705900192260742
2018-02-02,7.638460159301758,7.7482099533081055,7.637700080871582,7.640850067138672
2018-02-05,7.738039970397949,7.8001298904418945,7.69966983795166,7.734769821166992
2018-02-06,7.838900089263916,7.887760162353516,7.77957010269165,7.840109825134277
2018-02-07,7.811200141906738,7.881879806518555,7.795760154724121,7.8112101554870605
2018-02-08,7.901639938354492,7.947400093078613,7.8637800216674805,7.903029918670654
2018-02-09,7.915500164031982,8.056171417236328,7.884339809417725,7.9140801429748535
2018-02-12,7.975830078125,7.977369785308838,7.923689842224121,7.973499774932861
2018-02-13,7.907519817352295,7.916910171508789,7.8770599365234375,7.90723991394043
2018-02-14,7.865900039672852,7.951189994812012,7.828549861907959,7.867980003356934
2018-02-15,7.78154993057251,7.816830158233643,7.7550201416015625,7.781990051269531
2018-02-16,7.763319969177246,7.790309906005859,7.715400218963623,7.765210151672363
2018-02-19,7.77230978012085,7.801660060882568,7.754149913787842,7.771389961242676
2018-02-20,7.78318977355957,7.847179889678955,7.7778000831604,7.782430171966553
2018-02-21,7.842040061950684,7.861489772796631,7.827020168304443,7.842020034790039
2018-02-22,7.865610122680664,7.904819965362549,7.852200031280518,7.864980220794678
2018-02-23,7.851719856262207,7.889649868011475,7.836510181427002,7.852980136871338
2018-02-26,7.849219799041748,7.854259967803955,7.790470123291016,7.850769996643066
2018-02-27,7.8194899559021,7.875400066375732,7.806089878082275,7.820700168609619
2018-02-28,7.875199794769287,7.911779880523682,7.857860088348389,7.869999885559082
2018-03-01,7.898159980773926,7.942850112915039,7.859879970550537,7.898220062255859
2018-03-02,7.83912992477417,7.884900093078613,7.7600297927856445,7.839940071105957
2018-03-05,7.780799865722656,7.848710060119629,7.770400047302246,7.7843098640441895
2018-03-06,7.814549922943115,7.826650142669678,7.743740081787109,7.815700054168701
2018-03-07,7.774519920349121,7.821310043334961,7.771759986877441,7.776559829711914
2018-03-08,7.808599948883057,7.858850002288818,7.797100067138672,7.80994987487793
2018-03-09,7.840109825134277,7.844639778137207,7.768479824066162,7.839600086212158
2018-03-12,7.774700164794922,7.790500164031982,7.747000217437744,7.776599884033203
2018-03-13,7.7435197830200195,7.768750190734863,7.717820167541504,7.743000030517578
2018-03-14,7.73291015625,7.754350185394287,7.71258020401001,7.733500003814697
2018-03-15,7.724460124969482,7.738100051879883,7.662799835205078,7.724530220031738
2018-03-16,7.713500022888184,7.737349987030029,7.694900035858154,7.712699890136719
2018-03-19,7.724850177764893,7.752110004425049,7.719799995422363,7.7230000495910645
2018-03-20,7.722620010375977,7.736710071563721,7.695300102233887,7.722330093383789
2018-03-21,7.7407097816467285,7.748020172119141,7.720600128173828,7.741209983825684
2018-03-22,7.688739776611328,7.760340213775635,7.670599937438965,7.687600135803223
2018-03-23,7.739719867706299,7.786349773406982,7.727099895477295,7.739590167999268
2018-03-26,7.755499839782715,7.757319927215576,7.678100109100342,7.756999969482422
2018-03-27,7.674950122833252,7.72406005859375,7.649199962615967,7.671899795532227
2018-03-28,7.711209774017334,7.858590126037598,7.70419979095459,7.709000110626221
2018-03-29,7.85830020904541,7.876180171966553,7.8408098220825195,7.861410140991211
2018-03-30,7.837299823760986,7.842219829559326,7.822120189666748,7.838500022888184
2018-04-02,7.8538899421691895,7.890369892120361,7.8296799659729,7.853509902954102
2018-04-03,7.894629955291748,7.894740104675293,7.8190999031066895,7.894989967346191
2018-04-04,7.832920074462891,7.858059883117676,7.823299884796143,7.832119941711426
2018-04-05,7.816420078277588,7.848979949951172,7.791399955749512,7.81728982925415
2018-04-06,7.834740161895752,7.866089820861816,7.804140090942383,7.833010196685791
2018-04-09,7.834859848022461,7.839069843292236,7.7683000564575195,7.83512020111084
2018-04-10,7.784910202026367,7.828639984130859,7.770400047302246,7.784299850463867
2018-04-11,7.79403018951416,7.797679901123047,7.748069763183594,7.793859958648682
2018-04-12,7.7578301429748535,7.811470031738281,7.749100208282471,7.758590221405029
2018-04-13,7.764500141143799,7.78249979019165,7.7480998039245605,7.765160083770752
2018-04-16,7.769000053405762,7.791250228881836,7.747900009155273,7.770140171051025
2018-04-17,7.768119812011719,7.787409782409668,7.755099773406982,7.767809867858887
2018-04-18,7.760630130767822,7.782609939575195,7.739999771118164,7.760270118713379
2018-04-19,7.759170055389404,7.791619777679443,7.7316999435424805,7.759300231933594
2018-04-20,7.7929301261901855,7.845439910888672,7.785999774932861,7.791200160980225
2018-04-23,7.830999851226807,7.883130073547363,7.825399875640869,7.829500198364258
2018-04-24,7.889389991760254,7.91264009475708,7.871779918670654,7.891180038452148
2018-04-25,7.89670991897583,7.982669830322266,7.8927001953125,7.894100189208984
2018-04-26,7.964660167694092,8.00298023223877,7.932869911193848,7.964469909667969
2018-04-27,7.988560199737549,8.02676010131836,7.95628023147583,7.985799789428711
2018-04-30,7.968820095062256,8.028440475463867,7.952000141143799,7.96835994720459
2018-05-01,8.0106201171875,8.094169616699219,8.006400108337402,8.010589599609375
2018-05-02,8.085439682006836,8.123720169067383,8.053720474243164,8.086529731750488
2018-05-03,8.120519638061523,8.12106990814209,8.035099983215332,8.120539665222168
2018-05-04,8.046449661254883,8.099800109863281,8.040300369262695,8.04539966583252
2018-05-07,8.053799629211426,8.086359977722168,8.028300285339355,8.054900169372559
2018-05-08,8.059849739074707,8.162449836730957,8.052289962768555,8.05780029296875
2018-05-09,8.128600120544434,8.159219741821289,8.05049991607666,8.129429817199707
2018-05-10,8.075599670410156,8.081000328063965,7.982059955596924,8.077199935913086
2018-05-11,7.997200012207031,8.015419960021973,7.971049785614014,7.998730182647705
2018-05-14,7.9902801513671875,8.005780220031738,7.964109897613525,7.989419937133789
2018-05-15,8.031800270080566,8.134969711303711,8.002420425415039,8.033209800720215
2018-05-16,8.124799728393555,8.1289701461792,8.0860595703125,8.125160217285156
2018-05-17,8.066499710083008,8.128549575805664,8.054630279541016,8.065699577331543
2018-05-18,8.130979537963867,8.146519660949707,8.107199668884277,8.130229949951172
2018-05-21,8.116920471191406,8.136139869689941,8.066189765930176,8.116069793701172
2018-05-22,8.05010986328125,8.071980476379395,8.02340030670166,8.047100067138672
2018-05-23,8.047260284423828,8.145669937133789,8.047260284423828,8.049019813537598
2018-05-24,8.080940246582031,8.1039400100708,8.069459915161133,8.079649925231934
2018-05-25,8.097149848937988,8.154789924621582,8.076889991760254,8.098250389099121
2018-05-28,8.154109954833984,8.19711971282959,8.12617015838623,8.153300285339355
2018-05-29,8.18848991394043,8.33102035522461,8.184100151062012,8.188739776611328
2018-05-30,8.290949821472168,8.306099891662598,8.17061996459961,8.291210174560547
2018-05-31,8.18451976776123,8.19614028930664,8.143670082092285,8.184100151062012
2018-06-01,8.175000190734863,8.204910278320312,8.13640022277832,8.17743968963623
2018-06-04,8.178500175476074,8.178549766540527,8.09179973602295,8.179579734802246
2018-06-05,8.116669654846191,8.151729583740234,8.09142017364502,8.11851978302002
2018-06-06,8.10420036315918,8.117830276489258,8.061659812927246,8.102899551391602
2018-06-07,8.07091999053955,8.072389602661133,8.023079872131348,8.072010040283203
2018-06-08,8.06029987335205,8.108050346374512,8.051389694213867,8.06101131439209
2018-06-11,8.049980163574219,8.073019981384277,8.022270202636719,8.050149917602539
2018-06-12,8.049010276794434,8.069841384887695,7.994959831237793,8.047100067138672
2018-06-13,8.047550201416016,8.058110237121582,8.003299713134766,8.048580169677734
2018-06-14,8.009750366210938,8.098259925842285,7.982100009918213,8.008549690246582
2018-06-15,8.135930061340332,8.150520324707031,8.121399879455566,8.134200096130371
2018-06-18,8.152400016784668,8.178979873657227,8.119000434875488,8.149700164794922
2018-06-19,8.121820449829102,8.228090286254883,8.113499641418457,8.122220039367676
2018-06-20,8.183719635009766,8.202460289001465,8.148699760437012,8.18179988861084
2018-06-21,8.17609977722168,8.198060035705566,8.11775016784668,8.175840377807617
2018-06-22,8.123499870300293,8.124890327453613,8.067290306091309,8.123800277709961
2018-06-25,8.091099739074707,8.143850326538086,8.090221405029297,8.088399887084961
2018-06-26,8.103699684143066,8.137080192565918,8.08922004699707,8.107000350952148
2018-06-27,8.129949569702148,8.17096996307373,8.121500015258789,8.128629684448242
2018-06-28,8.184720039367676,8.211910247802734,8.157899856567383,8.184320449829102
2018-06-29,8.189290046691895,8.193960189819336,8.121009826660156,8.190469741821289
2018-07-02,8.153349876403809,8.20088005065918,8.151800155639648,8.152700424194336
2018-07-03,8.167799949645996,8.178629875183105,8.107500076293945,8.166810035705566
2018-07-04,8.137140274047852,8.137140274047852,8.094499588012695,8.137260437011719
2018-07-05,8.110469818115234,8.122079849243164,8.035639762878418,8.112059593200684
2018-07-06,8.058950424194336,8.070969581604004,8.018939971923828,8.060799598693848
2018-07-09,8.025199890136719,8.037919998168945,7.986410140991211,8.025899887084961
2018-07-10,8.016519546508789,8.053370475769043,7.992790222167969,8.017379760742188
2018-07-11,8.026479721069336,8.073809623718262,8.024999618530273,8.027799606323242
2018-07-12,8.104640007019043,8.118410110473633,8.082599639892578,8.106399536132812
2018-07-13,8.111000061035156,8.168190002441406,8.101900100708008,8.10949993133545
2018-07-16,8.11929988861084,8.123479843139648,8.080639839172363,8.116299629211426
2018-07-17,8.10181999206543,8.139200210571289,8.076359748840332,8.102470397949219
2018-07-18,8.151000022888184,8.198610305786133,8.142930030822754,8.152899742126465
2018-07-19,8.168399810791016,8.273090362548828,8.160699844360352,8.17024040222168
2018-07-20,8.223950386047363,8.246999740600586,8.182220458984375,8.222990036010742
2018-07-23,8.158599853515625,8.184510231018066,8.146320343017578,8.158499717712402
2018-07-24,8.195819854736328,8.22008991241455,8.152910232543945,8.19279956817627
2018-07-25,8.176850318908691,8.187049865722656,8.14739990234375,8.175299644470215
2018-07-26,8.125399589538574,8.183070182800293,8.119810104370117,8.126099586486816
2018-07-27,8.184550285339355,8.212889671325684,8.16504955291748,8.186019897460938
2018-07-30,8.1875,8.197360038757324,8.131600379943848,8.18789005279541
2018-07-31,8.13191032409668,8.156339645385742,8.116900444030762,8.1316499710083
2018-08-01,8.156900405883789,8.175569534301758,8.154210090637207,8.156999588012695
2018-08-02,8.171420097351074,8.227829933166504,8.165900230407715,8.171270370483398
2018-08-03,8.238699913024902,8.262359619140625,8.214159965515137,8.238289833068848
2018-08-06,8.25866985321045,8.266420364379883,8.233269691467285,8.260180473327637
2018-08-07,8.247599601745605,8.249979972839355,8.181300163269043,8.249799728393555
2018-08-08,8.19810962677002,8.235420227050781,8.178799629211426,8.196900367736816
2018-08-09,8.218689918518066,8.288439750671387,8.208800315856934,8.21660041809082
2018-08-10,8.316800117492676,8.375929832458496,8.305399894714355,8.319230079650879
2018-08-13,8.371399879455566,8.422340393066406,8.343000411987305,8.370400428771973
2018-08-14,8.36892032623291,8.403949737548828,8.337249755859375,8.369290351867676
2018-08-15,8.412910461425781,8.49197006225586,8.410799980163574,8.415399551391602
2018-08-16,8.455249786376953,8.484919548034668,8.406909942626953,8.458279609680176
2018-08-17,8.4793701171875,8.506460189819336,8.450380325317383,8.478799819946289
2018-08-20,8.45259952545166,8.481300354003906,8.434450149536133,8.451899528503418
2018-08-21,8.437800407409668,8.442520141601562,8.393719673156738,8.437259674072266
2018-08-22,8.3996000289917,8.411450386047363,8.331339836120605,8.401220321655273
2018-08-23,8.351570129394531,8.378640174865723,8.324399948120117,8.350390434265137
2018-08-24,8.38634967803955,8.389679908752441,8.32349967956543,8.386549949645996
2018-08-27,8.321760177612305,8.366259574890137,8.317500114440918,8.311019897460938
2018-08-28,8.3231201171875,8.350299835205078,8.289259910583496,8.323089599609375
2018-08-29,8.338800430297852,8.378470420837402,8.335599899291992,8.341670036315918
2018-08-30,8.32759952545166,8.356820106506348,8.30840015411377,8.32759952545166
2018-08-31,8.34570026397705,8.388640403747559,8.315099716186523,8.346719741821289
2018-09-03,8.39109992980957,8.393779754638672,8.344200134277344,8.390899658203125
2018-09-04,8.355299949645996,8.423430442810059,8.35420036315918,8.35531997680664
2018-09-05,8.390950202941895,8.428620338439941,8.372099876403809,8.391940116882324
2018-09-06,8.39937973022461,8.428170204162598,8.382379531860352,8.398810386657715
2018-09-07,8.42389965057373,8.441539764404297,8.402750015258789,8.421199798583984
2018-09-10,8.437700271606445,8.450830459594727,8.362199783325195,8.436300277709961
2018-09-11,8.387940406799316,8.399290084838867,8.338399887084961,8.38757038116455
2018-09-12,8.324299812316895,8.347149848937988,8.226469993591309,8.32450008392334
2018-09-13,8.256199836730957,8.263319969177246,8.193619728088379,8.255999565124512
2018-09-14,8.215700149536133,8.266599655151367,8.208600044250488,8.214799880981445
2018-09-17,8.251299858093262,8.252220153808594,8.16415023803711,8.250709533691406
2018-09-18,8.182239532470703,8.182239532470703,8.142900466918945,8.182660102844238
2018-09-19,8.150690078735352,8.188509941101074,8.12837028503418,8.150930404663086
2018-09-20,8.148249626159668,8.227829933166504,8.11596965789795,8.147600173950195
2018-09-21,8.145099639892578,8.159040451049805,8.120169639587402,8.145400047302246
2018-09-24,8.141400337219238,8.160750389099121,8.117859840393066,8.140580177307129
2018-09-25,8.136870384216309,8.149880409240723,8.10513973236084,8.137299537658691
2018-09-26,8.128499984741211,8.13634967803955,8.104499816894531,8.130800247192383
2018-09-27,8.104140281677246,8.139969825744629,8.091099739074707,8.103019714355469
2018-09-28,8.156060218811035,8.191530227661133,8.127799987792969,8.155599594116211
2018-10-01,8.142399787902832,8.168510437011719,8.123209953308105,8.14363956451416
2018-10-02,8.150409698486328,8.210410118103027,8.14739990234375,8.150230407714844
2018-10-03,8.171710014343262,8.204259872436523,8.145700454711914,8.169449806213379
2018-10-04,8.228790283203125,8.246230125427246,8.213839530944824,8.2298002243042
2018-10-05,8.245240211486816,8.289219856262207,8.236700057983398,8.244669914245605
2018-10-08,8.259590148925781,8.2985200881958,8.256999969482422,8.259340286254883
2018-10-09,8.273110389709473,8.307479858398438,8.248319625854492,8.274299621582031
2018-10-10,8.259519577026367,8.260299682617188,8.189579963684082,8.257499694824219
2018-10-11,8.219019889831543,8.241649627685547,8.18865966796875,8.219389915466309
2018-10-12,8.212349891662598,8.215270042419434,8.168499946594238,8.21321964263916
2018-10-15,8.171719551086426,8.185750007629395,8.140819549560547,8.1697998046875
2018-10-16,8.147290229797363,8.161979675292969,8.116220474243164,8.146300315856934
2018-10-17,8.14346981048584,8.206489562988281,8.138699531555176,8.143199920654297
2018-10-18,8.213709831237793,8.2489595413208,8.203729629516602,8.213910102844238
2018-10-19,8.273550033569336,8.276350021362305,8.216629981994629,8.272100448608398
2018-10-22,8.222700119018555,8.265419960021973,8.194700241088867,8.224100112915039
2018-10-23,8.251810073852539,8.311929702758789,8.251399993896484,8.251799583435059
2018-10-24,8.286720275878906,8.336139678955078,8.270719528198242,8.285699844360352
2018-10-25,8.341099739074707,8.355179786682129,8.303350448608398,8.342949867248535
2018-10-26,8.344730377197266,8.392939567565918,8.335260391235352,8.344420433044434
2018-10-29,8.35750961303711,8.377289772033691,8.326499938964844,8.355899810791016
2018-10-30,8.388640403747559,8.40192985534668,8.371569633483887,8.38761043548584
2018-10-31,8.406970024108887,8.450300216674805,8.397500038146973,8.406399726867676
2018-11-01,8.433090209960938,8.433090209960938,8.337929725646973,8.431180000305176
2018-11-02,8.354100227355957,8.375100135803223,8.303409576416016,8.355400085449219
2018-11-05,8.356499671936035,8.387860298156738,8.341400146484375,8.355600357055664
2018-11-06,8.35420036315918,8.386699676513672,8.345849990844727,8.35319995880127
2018-11-07,8.35159969329834,8.372469902038574,8.288020133972168,8.354249954223633
2018-11-08,8.340399742126465,8.349579811096191,8.316880226135254,8.341150283813477
2018-11-09,8.379070281982422,8.449910163879395,8.375200271606445,8.379440307617188
2018-11-12,8.43120002746582,8.477490425109863,8.425200462341309,8.430700302124023
2018-11-13,8.520389556884766,8.52180004119873,8.473609924316406,8.51869010925293
2018-11-14,8.477740287780762,8.540360450744629,8.465609550476074,8.478599548339844
2018-11-15,8.503600120544434,8.526260375976562,8.462679862976074,8.506629943847656
2018-11-16,8.486539840698242,8.493439674377441,8.424699783325195,8.485589981079102
2018-11-19,8.44003963470459,8.494440078735352,8.429969787597656,8.431699752807617
2018-11-20,8.474080085754395,8.574469566345215,8.454779624938965,8.474100112915039
2018-11-21,8.58314037322998,8.586560249328613,8.5095796585083,8.581899642944336
2018-11-22,8.520899772644043,8.555370330810547,8.508159637451172,8.520730018615723
2018-11-23,8.529500007629395,8.59928035736084,8.525400161743164,8.52910041809082
2018-11-26,8.588159561157227,8.599349975585938,8.540430068969727,8.589790344238281
2018-11-27,8.581000328063965,8.621829986572266,8.574700355529785,8.581060409545898
2018-11-28,8.593310356140137,8.61989974975586,8.581899642944336,8.594249725341797
2018-11-29,8.552949905395508,8.581330299377441,8.527259826660156,8.55210018157959
2018-11-30,8.533860206604004,8.604649543762207,8.52301025390625,8.53009033203125
2018-12-03,8.554059982299805,8.5635404586792,8.505399703979492,8.553389549255371
2018-12-04,8.52280044555664,8.524609565734863,8.448399543762207,8.523039817810059
2018-12-05,8.50529956817627,8.537870407104492,8.492429733276367,8.508819580078125
2018-12-06,8.506250381469727,8.574560165405273,8.503000259399414,8.503199577331543
2018-12-07,8.516759872436523,8.543729782104492,8.46992015838623,8.51669979095459
2018-12-10,8.491399765014648,8.556570053100586,8.44452953338623,8.497200012207031
2018-12-11,8.560199737548828,8.584859848022461,8.506699562072754,8.557600021362305
2018-12-12,8.575289726257324,8.591329574584961,8.554679870605469,8.574569702148438
2018-12-13,8.570579528808594,8.593910217285156,8.529800415039062,8.570429801940918
2018-12-14,8.55150032043457,8.633740425109863,8.546629905700684,8.551600456237793
2018-12-17,8.617389678955078,8.647649765014648,8.603280067443848,8.616600036621094
2018-12-18,8.639399528503418,8.725799560546875,8.631999969482422,8.640279769897461
2018-12-19,8.724800109863281,8.724800109863281,8.655900001525879,8.72523021697998
2018-12-20,8.71560001373291,8.726119995117188,8.611209869384766,8.715539932250977
2018-12-21,8.668270111083984,8.758930206298828,8.645899772644043,8.670760154724121
2018-12-24,8.762499809265137,8.772689819335938,8.718720436096191,8.76990032196045
2018-12-25,8.747599601745605,8.774999618530273,8.708939552307129,8.7475004196167
2018-12-26,8.744230270385742,8.82217025756836,8.744219779968262,8.748970031738281
2018-12-27,8.748299598693848,8.802419662475586,8.735600471496582,8.748029708862305
2018-12-28,8.761560440063477,8.768899917602539,8.68278980255127,8.761980056762695
2018-12-31,8.708399772644043,8.709199905395508,8.647729873657227,8.707500457763672
2019-01-01,8.360580444335938,8.639399528503418,8.360580444335938,8.360580444335938
2019-01-02,8.646889686584473,8.727689743041992,8.632499694824219,8.64645004272461
2019-01-03,8.776240348815918,8.776240348815918,8.694379806518555,8.779809951782227
2019-01-04,8.690890312194824,8.6939697265625,8.601940155029297,8.69064998626709
2019-01-07,8.60552978515625,8.60552978515625,8.528519630432129,8.605770111083984
2019-01-08,8.525810241699219,8.571399688720703,8.521400451660156,8.526459693908691
2019-01-09,8.533419609069824,8.542499542236328,8.46127986907959,8.532400131225586
2019-01-10,8.461210250854492,8.489419937133789,8.44320011138916,8.459349632263184
2019-01-11,8.471099853515625,8.537610054016113,8.443400382995605,8.472599983215332
2019-01-14,8.538249969482422,8.56460952758789,8.520500183105469,8.538299560546875
2019-01-15,8.546719551086426,8.562430381774902,8.505709648132324,8.544099807739258
2019-01-16,8.537850379943848,8.554880142211914,8.521599769592285,8.536600112915039
2019-01-17,8.534090042114258,8.580010414123535,8.531200408935547,8.536319732666016
2019-01-18,8.548399925231934,8.559869766235352,8.51848030090332,8.54578971862793
2019-01-21,8.558699607849121,8.582859992980957,8.547499656677246,8.559000015258789
2019-01-22,8.554900169372559,8.60830020904541,8.553299903869629,8.555299758911133
2019-01-23,8.602140426635742,8.60509967803955,8.573710441589355,8.600000381469727
2019-01-24,8.562129974365234,8.598230361938477,8.545299530029297,8.562780380249023
2019-01-25,8.580249786376953,8.583330154418945,8.509759902954102,8.577400207519531
2019-01-28,8.509909629821777,8.537269592285156,8.500699996948242,8.50961971282959
2019-01-29,8.507800102233887,8.516730308532715,8.475700378417969,8.50570011138916
2019-01-30,8.493800163269043,8.508350372314453,8.46973991394043,8.4931001663208
2019-01-31,8.416799545288086,8.443690299987793,8.398940086364746,8.417499542236328
2019-02-01,8.4308500289917,8.452670097351074,8.406999588012695,8.430100440979004
2019-02-04,8.433219909667969,8.500690460205078,8.428000450134277,8.433199882507324
2019-02-05,8.460149765014648,8.48369026184082,8.455499649047852,8.45989990234375
2019-02-06,8.480950355529785,8.531339645385742,8.479599952697754,8.479740142822266
2019-02-07,8.540069580078125,8.589150428771973,8.536499977111816,8.54069995880127
2019-02-08,8.592820167541504,8.642049789428711,8.586689949035645,8.593799591064453
2019-02-11,8.638999938964844,8.726940155029297,8.634900093078613,8.640390396118164
2019-02-12,8.711170196533203,8.715109825134277,8.65149974822998,8.710479736328125
2019-02-13,8.641500473022461,8.64900016784668,8.606200218200684,8.641039848327637
2019-02-14,8.659560203552246,8.671540260314941,8.626999855041504,8.65719985961914
2019-02-15,8.650070190429688,8.68574047088623,8.645400047302246,8.648799896240234
2019-02-18,8.634599685668945,8.636930465698242,8.600500106811523,8.635149955749512
2019-02-19,8.606419563293457,8.647629737854004,8.57859992980957,8.606249809265137
2019-02-20,8.567399978637695,8.598250389099121,8.555299758911133,8.56941032409668
2019-02-21,8.587699890136719,8.643710136413574,8.579999923706055,8.587030410766602
2019-02-22,8.626119613647461,8.630800247192383,8.59988021850586,8.624199867248535
2019-02-25,8.596599578857422,8.61063003540039,8.564140319824219,8.59529972076416
2019-02-26,8.592459678649902,8.625349998474121,8.576700210571289,8.590259552001953
2019-02-27,8.555219650268555,8.569629669189453,8.519829750061035,8.557390213012695
2019-02-28,8.546110153198242,8.56425952911377,8.51360034942627,8.542900085449219
2019-03-01,8.559900283813477,8.580060005187988,8.534600257873535,8.558300018310547
2019-03-04,8.562899589538574,8.65725040435791,8.562899589538574,8.560600280761719
2019-03-05,8.652299880981445,8.683389663696289,8.643799781799316,8.654170036315918
2019-03-06,8.663979530334473,8.69594955444336,8.655070304870605,8.664290428161621
2019-03-07,8.657600402832031,8.751270294189453,8.653599739074707,8.658699989318848
2019-03-08,8.774100303649902,8.818599700927734,8.757499694824219,8.774100303649902
2019-03-11,8.741809844970703,8.751070022583008,8.678279876708984,8.740389823913574
2019-03-12,8.650300025939941,8.66312026977539,8.619999885559082,8.651320457458496
2019-03-13,8.635350227355957,8.641180038452148,8.57571029663086,8.635359764099121
2019-03-14,8.562649726867676,8.611530303955078,8.55033016204834,8.563750267028809
2019-03-15,8.56719970703125,8.570710182189941,8.53219985961914,8.567839622497559
2019-03-18,8.532099723815918,8.566189765930176,8.509699821472168,8.534299850463867
2019-03-19,8.547260284423828,8.555159568786621,8.508399963378906,8.546699523925781
2019-03-20,8.527939796447754,8.546059608459473,8.521220207214355,8.524900436401367
2019-03-21,8.48740005493164,8.508330345153809,8.416000366210938,8.49116039276123
2019-03-22,8.450799942016602,8.586139678955078,8.438199996948242,8.447500228881836
2019-03-25,8.558899879455566,8.572839736938477,8.512299537658691,8.559000015258789
2019-03-26,8.531290054321289,8.547280311584473,8.514419555664062,8.530200004577637
2019-03-27,8.536890029907227,8.65032958984375,8.536890029907227,8.5378999710083
2019-03-28,8.631070137023926,8.679550170898438,8.620499610900879,8.630419731140137
2019-03-29,8.637579917907715,8.653400421142578,8.589099884033203,8.63379955291748
2019-04-01,8.607199668884277,8.615460395812988,8.566800117492676,8.606900215148926
2019-04-02,8.588600158691406,8.628239631652832,8.583900451660156,8.588800430297852
2019-04-03,8.602700233459473,8.602700233459473,8.540499687194824,8.600500106811523
2019-04-04,8.56190013885498,8.596039772033691,8.559599876403809,8.562999725341797
2019-04-05,8.595800399780273,8.620820045471191,8.58584976196289,8.59570026397705
2019-04-08,8.606200218200684,8.610250473022461,8.528599739074707,8.606499671936035
2019-04-09,8.55270004272461,8.561400413513184,8.522379875183105,8.554730415344238
2019-04-10,8.55519962310791,8.566329956054688,8.498299598693848,8.553999900817871
2019-04-11,8.495590209960938,8.539979934692383,8.481200218200684,8.49370002746582
2019-04-12,8.533300399780273,8.53380012512207,8.480549812316895,8.530710220336914
2019-04-15,8.486300468444824,8.501359939575195,8.478599548339844,8.488300323486328
2019-04-16,8.491840362548828,8.505590438842773,8.47029972076416,8.487500190734863
2019-04-17,8.491220474243164,8.497810363769531,8.457500457763672,8.489100456237793
2019-04-18,8.489899635314941,8.559029579162598,8.484199523925781,8.492659568786621
2019-04-19,8.509300231933594,8.513250350952148,8.498100280761719,8.50979995727539
2019-04-22,8.516500473022461,8.517569541931152,8.4891996383667,8.5178804397583
2019-04-23,8.49209976196289,8.573519706726074,8.49209976196289,8.494170188903809
2019-04-24,8.55148983001709,8.60750961303711,8.551380157470703,8.5520601272583
2019-04-25,8.64009952545166,8.70337963104248,8.630499839782715,8.640000343322754
2019-04-26,8.665900230407715,8.69137954711914,8.652620315551758,8.66685962677002
2019-04-29,8.685700416564941,8.695929527282715,8.66569995880127,8.684499740600586
2019-04-30,8.653989791870117,8.674039840698242,8.610030174255371,8.652990341186523
2019-05-01,8.629899978637695,8.652750015258789,8.617799758911133,8.630419731140137
2019-05-02,8.666999816894531,8.767919540405273,8.657400131225586,8.667289733886719
2019-05-03,8.754599571228027,8.786250114440918,8.696619987487793,8.755220413208008
2019-05-06,8.742799758911133,8.763010025024414,8.723389625549316,8.744930267333984
2019-05-07,8.724180221557617,8.755109786987305,8.69909954071045,8.722999572753906
2019-05-08,8.749469757080078,8.78341007232666,8.720210075378418,8.746600151062012
2019-05-09,8.761529922485352,8.79557991027832,8.743900299072266,8.761199951171875
2019-05-10,8.77830982208252,8.796509742736816,8.717729568481445,8.78279972076416
2019-05-13,8.722299575805664,8.76144027709961,8.705340385437012,8.722399711608887
2019-05-14,8.763930320739746,8.763930320739746,8.719019889831543,8.756999969482422
2019-05-15,8.746259689331055,8.76278018951416,8.709420204162598,8.743399620056152
2019-05-16,8.716329574584961,8.736129760742188,8.680800437927246,8.714960098266602
2019-05-17,8.753700256347656,8.788590431213379,8.747300148010254,8.753000259399414
2019-05-20,8.781929969787598,8.78909969329834,8.760000228881836,8.779399871826172
2019-05-21,8.78555965423584,8.80325984954834,8.750089645385742,8.78380012512207
2019-05-23,8.756500244140625,8.796429634094238,8.744150161743164,8.756500244140625
2019-05-24,8.74899959564209,8.764650344848633,8.69890022277832,8.747300148010254
2019-05-27,8.685799598693848,8.718070030212402,8.677800178527832,8.682299613952637
2019-05-28,8.70324993133545,8.7121000289917,8.673199653625488,8.700300216674805
2019-05-29,8.715399742126465,8.774920463562012,8.710000038146973,8.712599754333496
2019-05-30,8.744649887084961,8.769180297851562,8.734600067138672,8.739689826965332
2019-05-31,8.777009963989258,8.793680191040039,8.736599922180176,8.77554988861084
2019-06-03,8.75864028930664,8.766409873962402,8.707500457763672,8.758399963378906
2019-06-04,8.70026969909668,8.722559928894043,8.668100357055664,8.698100090026855
2019-06-05,8.693300247192383,8.730210304260254,8.653240203857422,8.695280075073242
2019-06-06,8.733200073242188,8.741250038146973,8.688420295715332,8.731900215148926
2019-06-07,8.694700241088867,8.707300186157227,8.605039596557617,8.694109916687012
2019-06-10,8.619649887084961,8.666529655456543,8.614299774169922,8.616999626159668
2019-06-11,8.647649765014648,8.684269905090332,8.61870002746582,8.647899627685547
2019-06-12,8.628100395202637,8.645910263061523,8.617369651794434,8.627440452575684
2019-06-13,8.657230377197266,8.678970336914062,8.643440246582031,8.658539772033691
2019-06-14,8.675490379333496,8.717510223388672,8.661999702453613,8.674099922180176
2019-06-17,8.706159591674805,8.733519554138184,8.701399803161621,8.70559024810791
2019-06-18,8.725600242614746,8.75691032409668,8.719400405883789,8.726400375366211
2019-06-19,8.737489700317383,8.752340316772461,8.723099708557129,8.737569808959961
2019-06-20,8.691320419311523,8.691320419311523,8.53849983215332,8.691080093383789
2019-06-21,8.552080154418945,8.577520370483398,8.536800384521484,8.549980163574219
2019-06-24,8.491649627685547,8.50687026977539,8.467499732971191,8.491920471191406
2019-06-25,8.47819995880127,8.521129608154297,8.473400115966797,8.479780197143555
2019-06-26,8.541339874267578,8.549819946289062,8.477899551391602,8.541629791259766
2019-06-27,8.491009712219238,8.524459838867188,8.48859977722168,8.490870475769043
2019-06-28,8.509149551391602,8.537369728088379,8.501299858093262,8.508000373840332
2019-07-01,8.520899772644043,8.577300071716309,8.517900466918945,8.519700050354004
2019-07-02,8.583589553833008,8.588640213012695,8.545869827270508,8.583239555358887
2019-07-03,8.567890167236328,8.594459533691406,8.531350135803223,8.567540168762207
2019-07-04,8.525449752807617,8.546830177307129,8.517800331115723,8.524900436401367
2019-07-05,8.52826976776123,8.636969566345215,8.527000427246094,8.527600288391113
2019-07-08,8.612879753112793,8.644020080566406,8.598299980163574,8.61240005493164
2019-07-09,8.640800476074219,8.674559593200684,8.633890151977539,8.637900352478027
2019-07-10,8.65093994140625,8.663979530334473,8.579299926757812,8.648200035095215
2019-07-11,8.575699806213379,8.576350212097168,8.53030014038086,8.575400352478027
2019-07-12,8.54269027709961,8.557530403137207,8.517200469970703,8.541099548339844
2019-07-15,8.532600402832031,8.549530029296875,8.521599769592285,8.534290313720703
2019-07-16,8.538240432739258,8.56682014465332,8.53339958190918,8.535889625549316
2019-07-17,8.573840141296387,8.592430114746094,8.56466007232666,8.571800231933594
2019-07-18,8.585780143737793,8.607230186462402,8.575400352478027,8.583499908447266
2019-07-19,8.546130180358887,8.575389862060547,8.535099983215332,8.547809600830078
2019-07-22,8.572529792785645,8.605310440063477,8.56760025024414,8.570899963378906
2019-07-23,8.617950439453125,8.69340991973877,8.614500045776367,8.615799903869629
2019-07-24,8.68179988861084,8.692159652709961,8.623600006103516,8.682950019836426
2019-07-25,8.640230178833008,8.670470237731934,8.63230037689209,8.639599800109863
2019-07-26,8.675829887390137,8.729829788208008,8.670999526977539,8.673500061035156
2019-07-29,8.711799621582031,8.729169845581055,8.697600364685059,8.713939666748047
2019-07-30,8.69972038269043,8.76513957977295,8.690899848937988,8.697600364685059
2019-07-31,8.755189895629883,8.785090446472168,8.745100021362305,8.753769874572754
2019-08-01,8.858149528503418,8.901789665222168,8.858149528503418,8.858699798583984
2019-08-02,8.890800476074219,8.955989837646484,8.873499870300293,8.895039558410645
2019-08-05,8.913800239562988,8.950220108032227,8.892129898071289,8.913180351257324
2019-08-06,8.911299705505371,8.916430473327637,8.89076042175293,8.909500122070312
2019-08-07,8.898880004882812,8.984709739685059,8.887800216674805,8.89995002746582
2019-08-08,8.949760437011719,8.955499649047852,8.915060043334961,8.947600364685059
2019-08-09,8.92199993133545,8.929479598999023,8.850760459899902,8.923359870910645
2019-08-12,8.874990463256836,8.951330184936523,8.869799613952637,8.870200157165527
2019-08-13,8.907299995422363,8.934530258178711,8.874279975891113,8.907910346984863
2019-08-14,8.865530014038086,8.97577953338623,8.863550186157227,8.86596965789795
2019-08-15,8.975899696350098,9.030679702758789,8.930879592895508,8.977250099182129
2019-08-16,9.015060424804688,9.042570114135742,8.985480308532715,9.016500473022461
2019-08-19,9.001899719238281,9.015250205993652,8.958999633789062,9.001700401306152
2019-08-20,8.98235034942627,9.02064037322998,8.967499732971191,8.980199813842773
2019-08-21,8.986000061035156,8.999099731445312,8.932999610900879,8.985799789428711
2019-08-22,8.934650421142578,8.997879981994629,8.934650421142578,8.934430122375488
2019-08-23,8.975799560546875,9.013299942016602,8.932129859924316,8.976499557495117
2019-08-26,8.994879722595215,8.997570037841797,8.962849617004395,8.993499755859375
2019-08-27,9.00199031829834,9.027400016784668,8.98390007019043,9.002570152282715
2019-08-28,9.008660316467285,9.048049926757812,9.005599975585938,9.006999969482422
2019-08-29,9.038610458374023,9.092350006103516,9.036700248718262,9.038829803466797
2019-08-30,9.092550277709961,9.12362003326416,9.080169677734375,9.092659950256348
2019-09-02,9.111499786376953,9.12710952758789,9.093799591064453,9.111200332641602
2019-09-03,9.110099792480469,9.163029670715332,9.103300094604492,9.109089851379395
2019-09-04,9.10159969329834,9.102479934692383,9.030099868774414,9.103289604187012
2019-09-05,9.028690338134766,9.034330368041992,8.963399887084961,9.027000427246094
2019-09-06,9.006400108337402,9.022029876708984,8.959500312805176,9.007399559020996
2019-09-09,8.97760009765625,8.986869812011719,8.911299705505371,8.980230331420898
2019-09-10,8.922829627990723,8.986499786376953,8.92039966583252,8.922750473022461
2019-09-11,8.95110034942627,8.982020378112793,8.937299728393555,8.94948959350586
2019-09-12,8.948860168457031,9.009420394897461,8.923850059509277,8.951519966125488
2019-09-13,8.972990036010742,8.985710144042969,8.937439918518066,8.975179672241211
2019-09-16,8.92240047454834,8.988229751586914,8.920120239257812,8.924599647521973
2019-09-17,8.957429885864258,8.980259895324707,8.929100036621094,8.956199645996094
2019-09-18,8.923800468444824,8.97074031829834,8.92039966583252,8.92199993133545
2019-09-19,8.945969581604004,8.981800079345703,8.88401985168457,8.945300102233887
2019-09-20,8.973600387573242,9.050649642944336,8.963000297546387,8.972000122070312
2019-09-23,9.061880111694336,9.114700317382812,9.0423002243042,9.060700416564941
2019-09-24,9.04069995880127,9.05012035369873,8.994099617004395,9.040599822998047
2019-09-25,9.0106201171875,9.054949760437012,9.007200241088867,9.008299827575684
2019-09-26,9.047039985656738,9.084529876708984,9.039400100708008,9.044699668884277
2019-09-27,9.077699661254883,9.098400115966797,9.06149959564209,9.07960033416748
2019-09-30,9.071240425109863,9.09469985961914,9.059300422668457,9.06879997253418
2019-10-01,9.097249984741211,9.145489692687988,9.091389656066895,9.098039627075195
2019-10-02,9.122949600219727,9.15999984741211,9.113699913024902,9.123470306396484
2019-10-03,9.126469612121582,9.152020454406738,9.104599952697754,9.125
2019-10-04,9.117090225219727,9.126070022583008,9.090689659118652,9.115579605102539
2019-10-07,9.093799591064453,9.141759872436523,9.087300300598145,9.093799591064453
2019-10-08,9.134200096130371,9.177989959716797,9.121199607849121,9.134300231933594
2019-10-09,9.157899856567383,9.177109718322754,9.146400451660156,9.16012954711914
2019-10-10,9.164779663085938,9.174449920654297,9.108139991760254,9.17300033569336
2019-10-11,9.117059707641602,9.124199867248535,9.047599792480469,9.117500305175781
2019-10-14,9.084030151367188,9.12339973449707,9.072290420532227,9.08240032196045
2019-10-15,9.108229637145996,9.167160034179688,9.10081958770752,9.107720375061035
2019-10-16,9.12794017791748,9.204050064086914,9.126999855041504,9.127679824829102
2019-10-17,9.176170349121094,9.20656967163086,9.13821029663086,9.175589561462402
2019-10-18,9.179940223693848,9.196080207824707,9.163200378417969,9.180310249328613
2019-10-21,9.160120010375977,9.165679931640625,9.089980125427246,9.162139892578125
2019-10-22,9.133580207824707,9.161310195922852,9.119400024414062,9.133870124816895
2019-10-23,9.144519805908203,9.192660331726074,9.136919975280762,9.144160270690918
2019-10-24,9.124300003051758,9.147709846496582,9.084879875183105,9.12405014038086
2019-10-25,9.142709732055664,9.195340156555176,9.12695026397705,9.142200469970703
2019-10-28,9.193739891052246,9.223199844360352,9.177399635314941,9.193790435791016
2019-10-29,9.21969985961914,9.304070472717285,9.212699890136719,9.218999862670898
2019-10-30,9.2247896194458,9.244660377502441,9.206040382385254,9.226699829101562
2019-10-31,9.172120094299316,9.221659660339355,9.155099868774414,9.17372989654541
2019-11-01,9.190979957580566,9.19690990447998,9.084959983825684,9.190699577331543
2019-11-04,9.090909957885742,9.134289741516113,9.074299812316895,9.089699745178223
2019-11-05,9.136099815368652,9.19927978515625,9.103560447692871,9.135880470275879
2019-11-06,9.172189712524414,9.202079772949219,9.128000259399414,9.172380447387695
2019-11-07,9.1668701171875,9.184900283813477,9.078740119934082,9.167180061340332
2019-11-08,9.105719566345215,9.163290023803711,9.104999542236328,9.10509967803955
2019-11-11,9.136730194091797,9.164979934692383,9.133919715881348,9.135580062866211
2019-11-12,9.130339622497559,9.161210060119629,9.122269630432129,9.128629684448242
2019-11-13,9.162799835205078,9.224760055541992,9.156399726867676,9.162690162658691
2019-11-14,9.183469772338867,9.212730407714844,9.171850204467773,9.18278980255127
2019-11-15,9.16469955444336,9.164950370788574,9.071800231933594,9.166099548339844
2019-11-18,9.083580017089844,9.132160186767578,9.06410026550293,9.084400177001953
2019-11-19,9.112159729003906,9.13403034210205,9.099100112915039,9.112000465393066
2019-11-20,9.128040313720703,9.211350440979004,9.123970031738281,9.128000259399414
2019-11-21,9.126729965209961,9.156379699707031,9.097200393676758,9.128000259399414
2019-11-22,9.140850067138672,9.170519828796387,9.11139965057373,9.14050006866455
2019-11-25,9.157500267028809,9.198169708251953,9.127120018005371,9.156689643859863
2019-11-26,9.181099891662598,9.184869766235352,9.149700164794922,9.181400299072266
2019-11-27,9.166540145874023,9.189680099487305,9.164199829101562,9.164799690246582
2019-11-28,9.164999961853027,9.192540168762207,9.156259536743164,9.166299819946289
2019-11-29,9.165539741516113,9.217390060424805,9.161199569702148,9.163900375366211
2019-12-02,9.207770347595215,9.21815013885498,9.14490032196045,9.206729888916016
2019-12-03,9.16845989227295,9.191539764404297,9.134699821472168,9.168510437011719
2019-12-04,9.17982006072998,9.212949752807617,9.15349006652832,9.182600021362305
2019-12-05,9.155949592590332,9.167920112609863,9.132080078125,9.15880012512207
2019-12-06,9.13860034942627,9.156189918518066,9.114999771118164,9.137499809265137
2019-12-09,9.12658977508545,9.151410102844238,9.124300003051758,9.127090454101562
2019-12-10,9.145990371704102,9.199480056762695,9.13446044921875,9.145500183105469
2019-12-11,9.17473030090332,9.182669639587402,9.139300346374512,9.175140380859375
2019-12-12,9.103650093078613,9.110309600830078,9.075790405273438,9.106900215148926
2019-12-13,9.04166030883789,9.064330101013184,8.991800308227539,9.038470268249512
2019-12-16,9.026769638061523,9.032219886779785,8.978960037231445,9.025739669799805
2019-12-17,9.013799667358398,9.055959701538086,9.007699966430664,9.01259994506836
2019-12-18,9.025540351867676,9.038809776306152,9.010239601135254,9.025569915771484
2019-12-19,9.005669593811035,9.00730037689209,8.945019721984863,9.00730037689209
2019-12-20,8.965800285339355,8.982259750366211,8.949919700622559,8.963500022888184
2019-12-23,8.9689302444458,8.980110168457031,8.935099601745605,8.967729568481445
2019-12-24,8.9553804397583,8.966050148010254,8.906900405883789,8.955039978027344
2019-12-25,8.909700393676758,8.944299697875977,8.860770225524902,8.914600372314453
2019-12-26,8.909540176391602,8.910050392150879,8.876999855041504,8.908889770507812
2019-12-27,8.880040168762207,8.888890266418457,8.804699897766113,8.879199981689453
2019-12-30,8.806699752807617,8.826080322265625,8.774720191955566,8.805800437927246
2019-12-31,8.8160400390625,8.817230224609375,8.760299682617188,8.816180229187012
2020-01-01,8.357110023498535,8.35713005065918,8.266539573669434,8.357110023498535
2020-01-02,8.77029037475586,8.812009811401367,8.754830360412598,8.769969940185547
2020-01-03,8.793299674987793,8.853480339050293,8.789329528808594,8.790900230407715
2020-01-06,8.833499908447266,8.852060317993164,8.787030220031738,8.834199905395508
2020-01-07,8.79088020324707,8.862649917602539,8.775970458984375,8.791500091552734
2020-01-08,8.856180191040039,8.875510215759277,8.832839965820312,8.858610153198242
2020-01-09,8.864399909973145,8.90153980255127,8.851340293884277,8.86536979675293
2020-01-10,8.87695026397705,8.910030364990234,8.869500160217285,8.877400398254395
2020-01-13,8.889399528503418,8.916009902954102,8.862000465393066,8.890899658203125
2020-01-14,8.887140274047852,8.904250144958496,8.868650436401367,8.888299942016602
2020-01-15,8.873700141906738,8.89585018157959,8.850500106811523,8.873100280761719
2020-01-16,8.855609893798828,8.892430305480957,8.845399856567383,8.855400085449219
2020-01-17,8.88798999786377,8.917679786682129,8.88113021850586,8.886199951171875
2020-01-20,8.907919883728027,8.935890197753906,8.889800071716309,8.908499717712402
2020-01-21,8.926899909973145,8.970849990844727,8.926300048828125,8.926600456237793
2020-01-22,8.984600067138672,8.998590469360352,8.960000038146973,8.983200073242188
2020-01-23,8.975600242614746,9.024580001831055,8.963489532470703,8.976900100708008
2020-01-24,8.994190216064453,9.049010276794434,8.974309921264648,8.992799758911133
2020-01-27,9.061699867248535,9.145009994506836,9.049810409545898,9.061400413513184
2020-01-28,9.142040252685547,9.18163013458252,9.1256103515625,9.141200065612793
2020-01-29,9.111260414123535,9.180000305175781,9.107500076293945,9.111390113830566
2020-01-30,9.161470413208008,9.230839729309082,9.160599708557129,9.160300254821777
2020-01-31,9.189499855041504,9.24386978149414,9.162540435791016,9.189499855041504
2020-02-03,9.208270072937012,9.288000106811523,9.184969902038574,9.206609725952148
2020-02-04,9.284669876098633,9.284939765930176,9.209799766540527,9.284070014953613
2020-02-05,9.213720321655273,9.249360084533691,9.174500465393066,9.21150016784668
2020-02-06,9.208359718322754,9.253669738769531,9.179499626159668,9.207300186157227
2020-02-07,9.220199584960938,9.294690132141113,9.20127010345459,9.218899726867676
2020-02-10,9.30109977722168,9.303600311279297,9.228599548339844,9.298689842224121
2020-02-11,9.285099983215332,9.289440155029297,9.232749938964844,9.285619735717773
2020-02-12,9.242549896240234,9.246749877929688,9.195199966430664,9.242890357971191
2020-02-13,9.239489555358887,9.276069641113281,9.238849639892578,9.239150047302246
2020-02-14,9.250900268554688,9.268460273742676,9.224860191345215,9.251299858093262
2020-02-17,9.240599632263184,9.267330169677734,9.231650352478027,9.239700317382812
2020-02-18,9.25529956817627,9.337820053100586,9.25529956817627,9.255160331726074
2020-02-19,9.325650215148926,9.331399917602539,9.266500473022461,9.326729774475098
2020-02-20,9.268099784851074,9.333029747009277,9.259329795837402,9.263400077819824
2020-02-21,9.31952953338623,9.361980438232422,9.271400451660156,9.320710182189941
2020-02-24,9.327799797058105,9.389309883117676,9.314800262451172,9.329110145568848
2020-02-25,9.350500106811523,9.40093994140625,9.326000213623047,9.34926986694336
2020-02-26,9.360099792480469,9.401359558105469,9.351909637451172,9.359789848327637
2020-02-27,9.399310111999512,9.412280082702637,9.3681001663208,9.399689674377441
2020-02-28,9.388409614562988,9.494779586791992,9.385089874267578,9.386910438537598
2020-03-02,9.411749839782715,9.42411994934082,9.299280166625977,9.414790153503418
2020-03-03,9.288599967956543,9.327400207519531,9.183059692382812,9.282489776611328
2020-03-04,9.275230407714844,9.291600227355957,9.230890274047852,9.272379875183105
2020-03-05,9.250510215759277,9.306150436401367,9.241270065307617,9.253580093383789
2020-03-06,9.288069725036621,9.330619812011719,9.231160163879395,9.288579940795898
2020-03-09,9.452659606933594,9.596039772033691,9.202739715576172,9.479000091552734
2020-03-10,9.532759666442871,9.60116958618164,9.379059791564941,9.542229652404785
2020-03-11,9.590660095214844,9.650750160217285,9.545209884643555,9.590129852294922
2020-03-12,9.670599937438965,10.2014799118042,9.562430381774902,9.69729995727539
2020-03-13,9.95853042602539,10.225379943847656,9.732569694519043,10.098719596862793
2020-03-16,10.131669998168945,10.394399642944336,10.093950271606445,10.131819725036621
2020-03-17,10.27653980255127,10.579669952392578,9.46442985534668,10.268719673156738
2020-03-18,10.35519027709961,11.110440254211426,9.991740226745605,10.370149612426758
2020-03-19,11.165719985961914,12.105629920959473,10.544500350952148,10.779120445251465
2020-03-20,11.341019630432129,11.678640365600586,9.888030052185059,7.735320091247559
2020-03-23,11.803030014038086,11.902640342712402,11.197449684143066,11.759900093078613
2020-03-24,11.50747013092041,11.517000198364258,10.85890007019043,11.47665023803711
2020-03-25,11.024149894714355,11.060370445251465,10.797900199890137,11.02455997467041
2020-03-26,10.708439826965332,10.809749603271484,10.399900436401367,10.711730003356934
2020-03-27,10.397500038146973,10.717490196228027,10.375450134277344,10.398730278015137
2020-03-30,10.490289688110352,10.650589942932129,10.425829887390137,10.48859977722168
2020-03-31,10.530280113220215,10.586799621582031,10.387490272521973,10.532620429992676
2020-04-01,10.387419700622559,10.485380172729492,10.267370223999023,10.409890174865723
2020-04-02,10.44756031036377,10.478960037231445,10.22329044342041,10.454299926757812
2020-04-03,10.378069877624512,10.583600044250488,10.378069877624512,10.38008975982666
2020-04-06,10.540769577026367,10.589400291442871,10.405599594116211,10.568699836730957
2020-04-07,10.400440216064453,10.42300033569336,10.12576961517334,10.404950141906738
2020-04-08,10.243570327758789,10.36929988861084,10.22406005859375,10.242630004882812
2020-04-09,10.230440139770508,10.330809593200684,10.13838005065918,10.224300384521484
2020-04-10,10.17467975616455,10.245400428771973,10.159899711608887,10.173100471496582
2020-04-13,10.227700233459473,10.321319580078125,10.149089813232422,10.225099563598633
2020-04-14,10.276559829711914,10.338809967041016,10.19970989227295,10.27655029296875
2020-04-15,10.29677963256836,10.575639724731445,10.289859771728516,10.295960426330566
2020-04-16,10.504630088806152,10.578089714050293,10.41415023803711,10.516400337219238
2020-04-17,10.35435962677002,10.518619537353516,10.307120323181152,10.360919952392578
2020-04-20,10.33530044555664,10.432180404663086,10.323670387268066,10.333900451660156
2020-04-21,10.423979759216309,10.686599731445312,10.399860382080078,10.426219940185547
2020-04-22,10.602100372314453,10.793999671936035,10.554320335388184,10.587929725646973
2020-04-23,10.779339790344238,10.805399894714355,10.531089782714844,10.786600112915039
2020-04-24,10.623629570007324,10.713939666748047,10.598139762878418,10.633999824523926
2020-04-27,10.624699592590332,10.640700340270996,10.528200149536133,10.62600040435791
2020-04-28,10.47819995880127,10.551739692687988,10.343549728393555,10.489299774169922
2020-04-29,10.407380104064941,10.411959648132324,10.323149681091309,10.406880378723145
2020-04-30,10.303179740905762,10.352640151977539,10.204739570617676,10.305100440979004
2020-05-01,10.252289772033691,10.345669746398926,10.239250183105469,10.245759963989258
2020-05-04,10.432939529418945,10.455570220947266,10.336739540100098,10.430649757385254
2020-05-05,10.321999549865723,10.34552001953125,10.225110054016113,10.317429542541504
2020-05-06,10.24297046661377,10.315130233764648,10.2364501953125,10.252099990844727
2020-05-07,10.26990032196045,10.314550399780273,10.210869789123535,10.271240234375
2020-05-08,10.224690437316895,10.25629997253418,10.177229881286621,10.232580184936523
2020-05-11,10.215399742126465,10.303370475769043,10.155940055847168,10.213600158691406
2020-05-12,10.292200088500977,10.359700202941895,10.138190269470215,10.287389755249023
2020-05-13,10.15962028503418,10.187689781188965,10.036250114440918,10.16349983215332
2020-05-14,10.139039993286133,10.270620346069336,10.139039993286133,10.154899597167969
2020-05-15,10.142829895019531,10.263540267944336,10.132840156555176,10.143400192260742
2020-05-18,10.214539527893066,10.223199844360352,10.023920059204102,10.23523998260498
2020-05-19,10.019339561462402,10.069990158081055,9.940939903259277,10.0181303024292
2020-05-20,9.971260070800781,10.019180297851562,9.885869979858398,9.971199989318848
2020-05-21,9.892950057983398,9.982540130615234,9.874899864196777,9.8985595703125
2020-05-22,9.943269729614258,10.097479820251465,9.933159828186035,9.94219970703125
2020-05-25,9.99429988861084,10.060700416564941,9.994070053100586,9.993020057678223
2020-05-26,10.054479598999023,10.056739807128906,9.875579833984375,10.053500175476074
2020-05-27,9.886619567871094,9.94480037689209,9.80189037322998,9.886899948120117
2020-05-28,9.851739883422852,9.909299850463867,9.766019821166992,9.85044002532959
2020-05-29,9.776049613952637,9.794400215148926,9.678999900817871,9.776000022888184
2020-06-01,9.733320236206055,9.736729621887207,9.615139961242676,9.726799964904785
2020-06-02,9.610899925231934,9.642499923706055,9.519700050354004,9.634320259094238
2020-06-03,9.521650314331055,9.567070007324219,9.440679550170898,9.520609855651855
2020-06-04,9.450499534606934,9.512129783630371,9.312049865722656,9.449600219726562
2020-06-05,9.351499557495117,9.360600471496582,9.261529922485352,9.347450256347656
2020-06-08,9.259819984436035,9.30547046661377,9.2322998046875,9.26140022277832
2020-06-09,9.241410255432129,9.421079635620117,9.214280128479004,9.240400314331055
2020-06-10,9.281749725341797,9.374059677124023,9.190730094909668,9.278599739074707
2020-06-11,9.323360443115234,9.53993034362793,9.286700248718262,9.331999778747559
2020-06-12,9.637100219726562,9.69474983215332,9.51259994506836,9.633500099182129
2020-06-15,9.68220043182373,9.806599617004395,9.57129955291748,9.685500144958496
2020-06-16,9.496399879455566,9.630629539489746,9.44629955291748,9.506609916687012
2020-06-17,9.559189796447754,9.607709884643555,9.496829986572266,9.555219650268555
2020-06-18,9.529890060424805,9.566229820251465,9.44186019897461,9.53225040435791
2020-06-19,9.525230407714844,9.614899635314941,9.489720344543457,9.525239944458008
2020-06-22,9.666150093078613,9.673600196838379,9.572070121765137,9.66569995880127
2020-06-23,9.562259674072266,9.678689956665039,9.457119941711426,9.555800437927246
2020-06-24,9.51161003112793,9.626399993896484,9.473589897155762,9.51377010345459
2020-06-25,9.675299644470215,9.736359596252441,9.640600204467773,9.672900199890137
2020-06-26,9.648489952087402,9.749170303344727,9.633600234985352,9.654540061950684
2020-06-29,9.707719802856445,9.717459678649902,9.641130447387695,9.70635986328125
2020-06-30,9.667699813842773,9.7672700881958,9.618900299072266,9.665650367736816
2020-07-01,9.618720054626465,9.630599975585938,9.513569831848145,9.621500015258789
2020-07-02,9.510459899902344,9.56719970703125,9.436969757080078,9.513819694519043
2020-07-03,9.524900436401367,9.54286003112793,9.477009773254395,9.525899887084961
2020-07-06,9.473939895629883,9.473939895629883,9.357239723205566,9.475299835205078
2020-07-07,9.388179779052734,9.470890045166016,9.345390319824219,9.385319709777832
2020-07-08,9.482139587402344,9.51200008392334,9.396519660949707,9.486519813537598
2020-07-09,9.36775016784668,9.464030265808105,9.315600395202637,9.36732006072998
2020-07-10,9.47288990020752,9.54574966430664,9.410479545593262,9.464599609375
2020-07-13,9.433090209960938,9.45911979675293,9.362649917602539,9.432880401611328
2020-07-14,9.445380210876465,9.480050086975098,9.377699851989746,9.44906997680664
2020-07-15,9.356069564819336,9.371529579162598,9.274900436401367,9.361599922180176
2020-07-16,9.284319877624512,9.348299980163574,9.249449729919434,9.275019645690918
2020-07-17,9.29502010345459,9.310059547424316,9.267800331115723,9.297030448913574
2020-07-20,9.28441047668457,9.31408977508545,9.239299774169922,9.274749755859375
2020-07-21,9.209989547729492,9.223799705505371,9.11620044708252,9.21660041809082
2020-07-22,9.100560188293457,9.182780265808105,9.0693998336792,9.093899726867676
2020-07-23,9.156310081481934,9.219340324401855,9.101140022277832,9.15880012512207
2020-07-24,9.220809936523438,9.255970001220703,9.1673002243042,9.214799880981445
2020-07-27,9.153889656066895,9.153889656066895,9.058600425720215,9.156929969787598
2020-07-28,9.07406997680664,9.150199890136719,9.038999557495117,9.066450119018555
2020-07-29,9.125109672546387,9.125109672546387,9.048299789428711,9.112910270690918
2020-07-30,9.028030395507812,9.166970252990723,9.008299827575684,9.031599998474121
2020-07-31,9.05053997039795,9.09712028503418,9.022700309753418,9.04990005493164
2020-08-03,9.100560188293457,9.171799659729004,9.090100288391113,9.06719970703125
2020-08-04,9.124210357666016,9.166709899902344,9.086799621582031,9.127900123596191
2020-08-05,9.087539672851562,9.100419998168945,8.918399810791016,9.084970474243164
2020-08-06,8.956689834594727,9.015870094299316,8.906599998474121,8.939900398254395
2020-08-07,8.97262954711914,9.077349662780762,8.951399803161621,8.971090316772461
2020-08-10,9.05562973022461,9.056699752807617,8.999839782714844,9.050399780273438
2020-08-11,9.031689643859863,9.05165958404541,8.931599617004395,9.013899803161621
2020-08-12,9.01377010345459,9.04916000366211,8.912190437316895,9.010600090026855
2020-08-13,8.921710014343262,8.935270309448242,8.85414981842041,8.933270454406738
2020-08-14,8.877309799194336,8.949859619140625,8.854399681091309,8.878899574279785
2020-08-17,8.875900268554688,8.885419845581055,8.83512020111084,8.875900268554688
2020-08-18,8.839850425720215,8.857540130615234,8.792790412902832,8.839119911193848
2020-08-19,8.825849533081055,8.861390113830566,8.799799919128418,8.818140029907227
2020-08-20,8.910099983215332,9.01278018951416,8.879199981689453,8.901280403137207
2020-08-21,8.901900291442871,9.059000015258789,8.864899635314941,8.902099609375
2020-08-24,9.017029762268066,9.031209945678711,8.956859588623047,9.022669792175293
2020-08-25,8.997469902038574,9.008390426635742,8.924869537353516,8.989259719848633
2020-08-26,8.943099975585938,8.985050201416016,8.90779972076416,8.953020095825195
2020-08-27,8.853469848632812,8.968029975891113,8.839949607849121,8.85420036315918
2020-08-28,8.905949592590332,8.920109748840332,8.775300025939941,8.90764045715332
2020-08-31,8.775079727172852,8.80817985534668,8.674059867858887,8.771200180053711
2020-09-01,8.736000061035156,8.750249862670898,8.651570320129395,8.724599838256836
2020-09-02,8.752129554748535,8.866060256958008,8.740779876708984,8.75059986114502
2020-09-03,8.848299980163574,8.966259956359863,8.848299980163574,8.84689998626709
2020-09-04,8.926369667053223,9.001469612121582,8.878000259399414,8.937020301818848
2020-09-07,8.925789833068848,8.946809768676758,8.90093994140625,8.925909996032715
2020-09-08,8.92924976348877,9.101180076599121,8.91670036315918,8.942500114440918
2020-09-09,9.15215015411377,9.179340362548828,9.01276969909668,9.157099723815918
2020-09-10,9.016599655151367,9.044639587402344,8.926730155944824,9.00691032409668
2020-09-11,9.055139541625977,9.065759658813477,8.999580383300781,9.064080238342285
2020-09-14,9.030200004577637,9.043450355529785,8.982669830322266,9.03279972076416
2020-09-15,9.037480354309082,9.052109718322754,8.978899955749512,9.033699989318848
2020-09-16,9.034899711608887,9.054200172424316,8.969499588012695,9.0314302444458
2020-09-17,9.034279823303223,9.12732982635498,9.021100044250488,9.036100387573242
2020-09-18,9.028949737548828,9.091099739074707,8.995169639587402,9.03950023651123
2020-09-21,9.073399543762207,9.332850456237793,9.03909969329834,9.098380088806152
2020-09-22,9.28773021697998,9.365679740905762,9.2608003616333,9.279919624328613
2020-09-23,9.327730178833008,9.44690990447998,9.319700241088867,9.33965015411377
2020-09-24,9.499679565429688,9.593299865722656,9.455699920654297,9.485699653625488
2020-09-25,9.506730079650879,9.61361026763916,9.461000442504883,9.485560417175293
2020-09-28,9.555609703063965,9.581500053405762,9.455599784851074,9.565890312194824
2020-09-29,9.457900047302246,9.502019882202148,9.415849685668945,9.462340354919434
2020-09-30,9.4052095413208,9.493149757385254,9.348250389099121,9.405960083007812
2020-10-01,9.326899528503418,9.347040176391602,9.25220012664795,9.325200080871582
2020-10-02,9.289799690246582,9.401089668273926,9.277799606323242,9.309100151062012
2020-10-05,9.30459976196289,9.309200286865234,9.196120262145996,9.30519962310791
2020-10-06,9.194069862365723,9.28600025177002,9.182089805603027,9.195899963378906
2020-10-07,9.349089622497559,9.375920295715332,9.274100303649902,9.34745979309082
2020-10-08,9.28579044342041,9.304550170898438,9.256360054016113,9.289649963378906
2020-10-09,9.242549896240234,9.258600234985352,9.146300315856934,9.25
2020-10-12,9.149230003356934,9.16353988647461,9.120400428771973,9.142499923706055
2020-10-13,9.131799697875977,9.22527027130127,9.129650115966797,9.132499694824219
2020-10-14,9.234880447387695,9.271739959716797,9.179699897766113,9.23324966430664
2020-10-15,9.24905014038086,9.408949851989746,9.229399681091309,9.2529296875
2020-10-16,9.360899925231934,9.389069557189941,9.321820259094238,9.33998966217041
2020-10-19,9.32129955291748,9.376740455627441,9.268890380859375,9.320899963378906
2020-10-20,9.338709831237793,9.347990036010742,9.248089790344238,9.337980270385742
2020-10-21,9.271949768066406,9.271949768066406,9.178279876708984,9.271309852600098
2020-10-22,9.237799644470215,9.256799697875977,9.197230339050293,9.234299659729004
2020-10-23,9.24425983428955,9.292969703674316,9.197770118713379,9.247679710388184
2020-10-26,9.260499954223633,9.314120292663574,9.224900245666504,9.255180358886719
2020-10-27,9.240269660949707,9.24612045288086,9.129739761352539,9.241239547729492
2020-10-28,9.194620132446289,9.381509780883789,9.158909797668457,9.197199821472168
2020-10-29,9.359820365905762,9.590120315551758,9.308380126953125,9.358139991760254
2020-10-30,9.50728988647461,9.598010063171387,9.461810111999512,9.522879600524902
2020-11-02,9.568269729614258,9.599519729614258,9.522089958190918,9.566399574279785
2020-11-03,9.553739547729492,9.574799537658691,9.348150253295898,9.555399894714355
2020-11-04,9.312729835510254,9.57824993133545,9.285929679870605,9.321599960327148
2020-11-05,9.319999694824219,9.360039710998535,9.148619651794434,9.311639785766602
2020-11-06,9.188300132751465,9.2391996383667,9.136910438537598,9.172750473022461
2020-11-09,9.129199981689453,9.153860092163086,8.965160369873047,9.129199981689453
2020-11-10,9.034540176391602,9.052499771118164,8.982600212097168,9.031359672546387
2020-11-11,8.998339653015137,9.099780082702637,8.967479705810547,8.998729705810547
2020-11-12,9.07610034942627,9.137960433959961,9.063030242919922,9.074299812316895
2020-11-13,9.168000221252441,9.19159984588623,9.130800247192383,9.169599533081055
2020-11-16,9.131170272827148,9.15507984161377,9.051600456237793,9.130419731140137
2020-11-17,9.053959846496582,9.085969924926758,9.02517032623291,9.05165958404541
2020-11-18,9.065199851989746,9.089079856872559,8.991000175476074,9.067020416259766
2020-11-19,9.022290229797363,9.093110084533691,9.007180213928223,9.018199920654297
2020-11-20,9.005720138549805,9.014300346374512,8.965370178222656,9.014300346374512
2020-11-23,9.009599685668945,9.084400177001953,8.961660385131836,8.994979858398438
2020-11-24,9.023300170898438,9.037199974060059,8.909700393676758,9.017359733581543
2020-11-25,8.897859573364258,8.910730361938477,8.838720321655273,8.89391040802002
2020-11-26,8.82234001159668,8.901530265808105,8.813170433044434,8.824179649353027
2020-11-27,8.878950119018555,8.883560180664062,8.820650100708008,8.878100395202637
2020-11-30,8.819549560546875,8.885120391845703,8.781209945678711,8.820329666137695
2020-12-01,8.876709938049316,8.888199806213379,8.806469917297363,8.882980346679688
2020-12-02,8.810750007629395,8.89247989654541,8.790550231933594,8.811400413513184
2020-12-03,8.794599533081055,8.842840194702148,8.737380027770996,8.793100357055664
2020-12-04,8.753120422363281,8.798060417175293,8.738800048828125,8.75430965423584
2020-12-07,8.801300048828125,8.914389610290527,8.69845962524414,8.797369956970215
2020-12-08,8.73661994934082,8.788800239562988,8.720379829406738,8.733209609985352
2020-12-09,8.754159927368164,8.837430000305176,8.688440322875977,8.755669593811035
2020-12-10,8.835399627685547,8.844220161437988,8.748339653015137,8.818619728088379
2020-12-11,8.76509952545166,8.866909980773926,8.7433500289917,8.763589859008789
2020-12-14,8.773940086364746,8.892000198364258,8.689959526062012,8.773690223693848
2020-12-15,8.729299545288086,8.752400398254395,8.71366024017334,8.728899955749512
2020-12-16,8.71969985961914,8.730469703674316,8.651009559631348,8.717869758605957
2020-12-17,8.663599967956543,8.66919994354248,8.565179824829102,8.666500091552734
2020-12-18,8.565600395202637,8.62201976776123,8.565580368041992,8.565710067749023
2020-12-21,8.63187026977539,8.864740371704102,8.524800300598145,8.63029956817627
2020-12-22,8.636260032653809,8.745530128479004,8.611860275268555,8.635080337524414
2020-12-23,8.724519729614258,8.753199577331543,8.627360343933105,8.726799964904785
2020-12-24,8.632539749145508,8.640700340270996,8.598469734191895,8.633899688720703
2020-12-25,8.579830169677734,8.720069885253906,8.262689590454102,8.568519592285156
2020-12-28,8.616239547729492,8.68120002746582,8.592419624328613,8.6154203414917
2020-12-29,8.627820014953613,8.641249656677246,8.57742977142334,8.628140449523926
2020-12-30,8.621000289916992,8.623600006103516,8.53538990020752,8.615400314331055
2020-12-31,8.529560089111328,8.579360008239746,8.499429702758789,8.530500411987305
2021-01-01,8.586170196533203,8.601160049438477,8.479769706726074,7.649779796600342
2021-01-04,8.549099922180176,8.568889617919922,8.475640296936035,8.548500061035156
2021-01-05,8.54701042175293,8.555899620056152,8.48307991027832,8.553899765014648
2021-01-06,8.464200019836426,8.493800163269043,8.38860034942627,8.4610595703125
2021-01-07,8.396900177001953,8.472020149230957,8.391719818115234,8.39739990234375
2021-01-08,8.426790237426758,8.462690353393555,8.361479759216309,8.4266996383667
2021-01-11,8.462599754333496,8.585009574890137,8.449339866638184,8.460599899291992
2021-01-12,8.522259712219238,8.550680160522461,8.479700088500977,8.524049758911133
2021-01-13,8.441760063171387,8.511170387268066,8.4131498336792,8.445079803466797
2021-01-14,8.462699890136719,8.52245044708252,8.44281005859375,8.46129035949707
2021-01-15,8.464850425720215,8.57925033569336,8.457220077514648,8.466300010681152
2021-01-18,8.571629524230957,8.642829895019531,8.563150405883789,8.571000099182129
2021-01-19,8.586549758911133,8.590900421142578,8.514100074768066,8.591540336608887
2021-01-20,8.515170097351074,8.538599967956543,8.478799819946289,8.51492977142334
2021-01-21,8.469779968261719,8.479900360107422,8.397500038146973,8.477499961853027
2021-01-22,8.405900001525879,8.503490447998047,8.39525032043457,8.406579971313477
2021-01-25,8.50255012512207,8.595069885253906,8.447400093078613,8.465700149536133
2021-01-26,8.531970024108887,8.621399879455566,8.510640144348145,8.529589653015137
2021-01-27,8.543100357055664,8.695199966430664,8.528400421142578,8.54601001739502
2021-01-28,8.662690162658691,8.727789878845215,8.585949897766113,8.661020278930664
2021-01-29,8.597700119018555,8.65641975402832,8.488909721374512,8.597900390625
2021-02-01,8.599699974060059,8.617500305175781,8.54580020904541,8.602299690246582
2021-02-02,8.58633041381836,8.647700309753418,8.549519538879395,8.585249900817871
2021-02-03,8.600600242614746,8.63403034210205,8.578929901123047,8.600600242614746
2021-02-04,8.576620101928711,8.651399612426758,8.570639610290527,8.5770902633667
2021-02-05,8.631449699401855,8.644009590148926,8.531800270080566,8.631210327148438
2021-02-08,8.524849891662598,8.547869682312012,8.49429988861084,8.525979995727539
2021-02-09,8.496999740600586,8.500249862670898,8.459199905395508,8.492349624633789
2021-02-10,8.447099685668945,8.461099624633789,8.407750129699707,8.446080207824707
2021-02-11,8.460700035095215,8.477160453796387,8.436200141906738,8.45989990234375
2021-02-12,8.47665023803711,8.5143404006958,8.446999549865723,8.471269607543945
2021-02-15,8.45009994506836,8.459099769592285,8.373499870300293,8.450300216674805
2021-02-16,8.38523006439209,8.4485502243042,8.3545503616333,8.386710166931152
2021-02-17,8.455400466918945,8.543600082397461,8.441499710083008,8.458900451660156
2021-02-18,8.492500305175781,8.517620086669922,8.44909954071045,8.492799758911133
2021-02-19,8.455519676208496,8.490799903869629,8.405960083007812,8.463199615478516
2021-02-22,8.450989723205566,8.536999702453613,8.415749549865723,8.44828987121582
2021-02-23,8.48781967163086,8.530200004577637,8.443599700927734,8.485779762268066
2021-02-24,8.467869758605957,8.47655963897705,8.41349983215332,8.466569900512695
2021-02-25,8.369170188903809,8.41763973236084,8.316459655761719,8.36771011352539
2021-02-26,8.497550010681152,8.667030334472656,8.493249893188477,8.500900268554688
2021-03-01,8.612719535827637,8.66117000579834,8.54419994354248,8.630200386047363
2021-03-02,8.550200462341309,8.623800277709961,8.484399795532227,8.5520601272583
2021-03-03,8.466939926147461,8.518699645996094,8.43574047088623,8.47599983215332
2021-03-04,8.518600463867188,8.54740047454834,8.45592975616455,8.51710033416748
2021-03-05,8.589699745178223,8.628800392150879,8.510100364685059,8.57964038848877
2021-03-08,8.5246000289917,8.608149528503418,8.5110502243042,8.51941967010498
2021-03-09,8.532890319824219,8.5447998046875,8.454400062561035,8.533040046691895
2021-03-10,8.468799591064453,8.509750366210938,8.42650032043457,8.467599868774414
2021-03-11,8.432479858398438,8.477219581604004,8.377739906311035,8.432999610900879
2021-03-12,8.413100242614746,8.488490104675293,8.398449897766113,8.409899711608887
2021-03-15,8.418000221252441,8.511580467224121,8.404509544372559,8.419349670410156
2021-03-16,8.453880310058594,8.489419937133789,8.437899589538574,8.449729919433594
2021-03-17,8.478460311889648,8.513099670410156,8.44402027130127,8.477999687194824
2021-03-18,8.40215015411377,8.486040115356445,8.385729789733887,8.39840030670166
2021-03-19,8.509140014648438,8.605500221252441,8.476099967956543,8.508580207824707
2021-03-22,8.555049896240234,8.58689022064209,8.483599662780762,8.556650161743164
2021-03-23,8.497909545898438,8.587650299072266,8.484180450439453,8.496479988098145
2021-03-24,8.649330139160156,8.675569534301758,8.55780029296875,8.660479545593262
2021-03-25,8.597350120544434,8.66450023651123,8.574749946594238,8.572959899902344
2021-03-26,8.621060371398926,8.628120422363281,8.572879791259766,8.627099990844727
2021-03-29,8.587300300598145,8.617199897766113,8.522899627685547,8.580499649047852
2021-03-30,8.542550086975098,8.589960098266602,8.536450386047363,8.544899940490723
2021-03-31,8.534210205078125,8.562159538269043,8.502099990844727,8.544309616088867
2021-04-01,8.545060157775879,8.583290100097656,8.518730163574219,8.544750213623047
2021-04-02,8.524250030517578,8.542900085449219,8.514490127563477,8.524209976196289
2021-04-05,8.524439811706543,8.550909996032715,8.486310005187988,8.525199890136719
2021-04-06,8.486189842224121,8.551469802856445,8.475110054016113,8.494400024414062
2021-04-07,8.485589981079102,8.503669738769531,8.436539649963379,8.477470397949219
2021-04-08,8.469200134277344,8.492329597473145,8.450429916381836,8.471779823303223
2021-04-09,8.455900192260742,8.52925968170166,8.446379661560059,8.456270217895508
2021-04-12,8.49802017211914,8.530759811401367,8.470939636230469,8.503299713134766
2021-04-13,8.478599548339844,8.566390037536621,8.470290184020996,8.47819995880127
2021-04-14,8.464200019836426,8.468799591064453,8.382989883422852,8.46438980102539
2021-04-15,8.388429641723633,8.404829978942871,8.354789733886719,8.38659954071045
2021-04-16,8.376250267028809,8.419750213623047,8.354000091552734,8.377670288085938
2021-04-19,8.384389877319336,8.411499977111816,8.28030014038086,8.383319854736328
2021-04-20,8.282400131225586,8.354450225830078,8.241220474243164,8.284589767456055
2021-04-21,8.362299919128418,8.3916597366333,8.333589553833008,8.359649658203125
2021-04-22,8.338500022888184,8.377909660339355,8.310500144958496,8.335100173950195
2021-04-23,8.356610298156738,8.360719680786133,8.307680130004883,8.355380058288574
2021-04-26,8.303000450134277,8.31074047088623,8.265990257263184,8.302900314331055
2021-04-27,8.293100357055664,8.312569618225098,8.274200439453125,8.291879653930664
2021-04-28,8.268969535827637,8.297579765319824,8.218400001525879,8.269949913024902
2021-04-29,8.174880027770996,8.221380233764648,8.14618968963623,8.169139862060547
2021-04-30,8.180500030517578,8.32291030883789,8.172069549560547,8.179309844970703
2021-05-03,8.314640045166016,8.328700065612793,8.275250434875488,8.314189910888672
2021-05-04,8.28357982635498,8.359199523925781,8.282759666442871,8.286589622497559
2021-05-05,8.31387996673584,8.363470077514648,8.29699993133545,8.32444953918457
2021-05-06,8.333780288696289,8.366789817810059,8.310640335083008,8.341890335083008
2021-05-07,8.302149772644043,8.313549995422363,8.205300331115723,8.300450325012207
2021-05-10,8.209699630737305,8.24927043914795,8.188759803771973,8.204910278320312
2021-05-11,8.253640174865723,8.288269996643066,8.231209754943848,8.251310348510742
2021-05-12,8.261199951171875,8.330060005187988,8.251540184020996,8.252429962158203
2021-05-13,8.34220027923584,8.419090270996094,8.324029922485352,8.340539932250977
2021-05-14,8.352259635925293,8.366479873657227,8.228899955749512,8.353560447692871
2021-05-17,8.21895980834961,8.297149658203125,8.21895980834961,8.218299865722656
2021-05-18,8.255290031433105,8.255290031433105,8.176560401916504,8.25409984588623
2021-05-19,8.22996997833252,8.306650161743164,8.204259872436523,8.230469703674316
2021-05-20,8.324700355529785,8.353070259094238,8.27593994140625,8.32446002960205
2021-05-21,8.304300308227539,8.403590202331543,8.294580459594727,8.30420970916748
2021-05-24,8.380800247192383,8.38290023803711,8.330100059509277,8.378299713134766
2021-05-25,8.330069541931152,8.349510192871094,8.289569854736328,8.33036994934082
2021-05-26,8.30620002746582,8.356559753417969,8.277460098266602,8.305500030517578
2021-05-27,8.366299629211426,8.388500213623047,8.326149940490723,8.367170333862305
2021-05-28,8.347140312194824,8.38461971282959,8.3326997756958,8.346449851989746
2021-05-31,8.359769821166992,8.384750366210938,8.311800003051758,8.360400199890137
2021-06-01,8.305419921875,8.311779975891113,8.246049880981445,8.307100296020508
2021-06-02,8.314209938049316,8.347260475158691,8.28849983215332,8.313779830932617
2021-06-03,8.301289558410645,8.392020225524902,8.288029670715332,8.29740047454834
2021-06-04,8.374799728393555,8.402999877929688,8.297309875488281,8.375800132751465
2021-06-07,8.306099891662598,8.326860427856445,8.251799583435059,8.303799629211426
2021-06-08,8.264949798583984,8.281920433044434,8.2398099899292,8.262800216674805
2021-06-09,8.267560005187988,8.275219917297363,8.2364501953125,8.265569686889648
2021-06-10,8.274800300598145,8.343680381774902,8.25979995727539,8.272629737854004
2021-06-11,8.269240379333496,8.357099533081055,8.25160026550293,8.27196979522705
2021-06-14,8.347100257873535,8.357250213623047,8.301400184631348,8.348099708557129
2021-06-15,8.308799743652344,8.345829963684082,8.293279647827148,8.31029987335205
2021-06-16,8.316800117492676,8.384739875793457,8.304710388183594,8.315560340881348
2021-06-17,8.46580982208252,8.56521987915039,8.442390441894531,8.472399711608887
2021-06-18,8.541000366210938,8.702589988708496,8.512920379638672,8.538999557495117
2021-06-21,8.66670036315918,8.717499732971191,8.565770149230957,8.663599967956543
2021-06-22,8.578630447387695,8.612489700317383,8.566900253295898,8.577899932861328
2021-06-23,8.526700019836426,8.562459945678711,8.479100227355957,8.537400245666504
2021-06-24,8.522910118103027,8.542289733886719,8.48960018157959,8.534979820251465
2021-06-25,8.501959800720215,8.503499984741211,8.451129913330078,8.501629829406738
2021-06-28,8.488699913024902,8.547849655151367,8.485099792480469,8.486809730529785
2021-06-29,8.52079963684082,8.58102035522461,8.506349563598633,8.518600463867188
2021-06-30,8.559800148010254,8.625639915466309,8.544690132141113,8.55640983581543
2021-07-01,8.607199668884277,8.637470245361328,8.574749946594238,8.606800079345703
2021-07-02,8.62660026550293,8.674099922180176,8.607789993286133,8.626500129699707
2021-07-05,8.608229637145996,8.627659797668457,8.557499885559082,8.60830020904541
2021-07-06,8.559769630432129,8.717029571533203,8.522299766540527,8.558839797973633
2021-07-07,8.705499649047852,8.748649597167969,8.648200035095215,8.700699806213379
2021-07-08,8.729479789733887,8.818169593811035,8.725150108337402,8.731499671936035
2021-07-09,8.777139663696289,8.808830261230469,8.689000129699707,8.782819747924805
2021-07-12,8.677339553833008,8.736749649047852,8.67080020904541,8.677570343017578
2021-07-13,8.686070442199707,8.787050247192383,8.642860412597656,8.684120178222656
2021-07-14,8.777609825134277,8.798199653625488,8.71679973602295,8.772299766540527
2021-07-15,8.726750373840332,8.815199851989746,8.726630210876465,8.736319541931152
2021-07-16,8.819890022277832,8.845439910888672,8.78756046295166,8.823599815368652
2021-07-19,8.84689998626709,8.960129737854004,8.84572982788086,8.845800399780273
2021-07-20,8.951629638671875,9.103079795837402,8.924670219421387,8.952170372009277
2021-07-21,9.002099990844727,9.054400444030762,8.884400367736816,8.999460220336914
2021-07-22,8.88129997253418,8.891719818115234,8.773369789123535,8.88129997253418
2021-07-23,8.849209785461426,8.888179779052734,8.834569931030273,8.849679946899414
2021-07-26,8.85219955444336,8.944560050964355,8.80780029296875,8.852700233459473
2021-07-27,8.815500259399414,8.906140327453613,8.811490058898926,8.815999984741211
2021-07-28,8.876119613647461,8.901949882507324,8.834099769592285,8.873740196228027
2021-07-29,8.791500091552734,8.805399894714355,8.737700462341309,8.793499946594238
2021-07-30,8.729920387268066,8.838339805603027,8.724869728088379,8.72838020324707
2021-08-02,8.828300476074219,8.842430114746094,8.774900436401367,8.826290130615234
2021-08-03,8.826390266418457,8.843979835510254,8.758099555969238,8.827939987182617
2021-08-04,8.812560081481934,8.84749984741211,8.770899772644043,8.813400268554688
2021-08-05,8.841400146484375,8.850689888000488,8.799449920654297,8.841099739074707
2021-08-06,8.807700157165527,8.89070987701416,8.807339668273926,8.807900428771973
2021-08-09,8.922499656677246,8.958029747009277,8.885600090026855,8.92199993133545
2021-08-10,8.945199966430664,8.954549789428711,8.91862964630127,8.943070411682129
2021-08-11,8.925250053405762,8.940299987792969,8.860340118408203,8.924650192260742
2021-08-12,8.849100112915039,8.872929573059082,8.819999694824219,8.8503999710083
2021-08-13,8.847399711608887,8.861220359802246,8.781599998474121,8.846799850463867
2021-08-16,8.798819541931152,8.849370002746582,8.789819717407227,8.799860000610352
2021-08-17,8.8233003616333,8.907299995422363,8.821789741516113,8.822970390319824
2021-08-18,8.902059555053711,8.923110008239746,8.881199836730957,8.91450023651123
2021-08-19,8.909899711608887,9.03637981414795,8.908260345458984,8.910120010375977
2021-08-20,9.040200233459473,9.10219955444336,9.026240348815918,9.038769721984863
2021-08-23,9.017800331115723,9.024100303649902,8.908699989318848,9.027219772338867
2021-08-24,8.912949562072754,8.919099807739258,8.810640335083008,8.915499687194824
2021-08-25,8.825799942016602,8.860329627990723,8.814299583435059,8.830900192260742
2021-08-26,8.806059837341309,8.827199935913086,8.791299819946289,8.810090065002441
2021-08-27,8.833000183105469,8.871100425720215,8.717430114746094,8.828200340270996
2021-08-30,8.706600189208984,8.730079650878906,8.641900062561035,8.709710121154785
2021-08-31,8.66819953918457,8.710470199584961,8.575119972229004,8.668319702148438
2021-09-01,8.688199996948242,8.709099769592285,8.665010452270508,8.68610954284668
2021-09-02,8.692299842834473,8.705599784851074,8.639049530029297,8.690369606018066
2021-09-03,8.641409873962402,8.676010131835938,8.60789966583252,8.641969680786133
2021-09-06,8.669400215148926,8.687299728393555,8.645000457763672,8.670249938964844
2021-09-07,8.65291976928711,8.690449714660645,8.635210037231445,8.654600143432617
2021-09-08,8.681500434875488,8.735569953918457,8.671509742736816,8.680700302124023
2021-09-09,8.704500198364258,8.727219581604004,8.653200149536133,8.706299781799316
2021-09-10,8.676799774169922,8.682660102844238,8.61338996887207,8.675169944763184
2021-09-13,8.661399841308594,8.696290016174316,8.624950408935547,8.659870147705078
2021-09-14,8.639900207519531,8.647700309753418,8.573800086975098,8.640549659729004
2021-09-15,8.644399642944336,8.656800270080566,8.5614595413208,8.642720222473145
2021-09-16,8.565150260925293,8.64723014831543,8.559829711914062,8.56509017944336
2021-09-17,8.630579948425293,8.694259643554688,8.582249641418457,8.63051986694336
2021-09-20,8.701700210571289,8.781550407409668,8.691559791564941,8.697790145874023
2021-09-21,8.710949897766113,8.712200164794922,8.65410041809082,8.709659576416016
2021-09-22,8.67632007598877,8.688199996948242,8.615300178527832,8.678799629211426
2021-09-23,8.661399841308594,8.679510116577148,8.558730125427246,8.659090042114258
2021-09-24,8.576749801635742,8.627790451049805,8.568570137023926,8.572230339050293
2021-09-27,8.564900398254395,8.609149932861328,8.548219680786133,8.563799858093262
2021-09-28,8.599900245666504,8.675350189208984,8.586420059204102,8.59939956665039
2021-09-29,8.658599853515625,8.758870124816895,8.639749526977539,8.655590057373047
2021-09-30,8.765069961547852,8.826919555664062,8.690150260925293,8.767210006713867
2021-10-01,8.747340202331543,8.779640197753906,8.618080139160156,8.747289657592773
2021-10-04,8.609700202941895,8.651610374450684,8.545660018920898,8.610899925231934
2021-10-05,8.570850372314453,8.604499816894531,8.514200210571289,8.571809768676758
2021-10-06,8.53026008605957,8.643210411071777,8.52472972869873,8.52910041809082
2021-10-07,8.572890281677246,8.621020317077637,8.550439834594727,8.576399803161621
2021-10-08,8.572699546813965,8.603039741516113,8.516289710998535,8.57229995727539
2021-10-11,8.558289527893066,8.578689575195312,8.501449584960938,8.549579620361328
2021-10-12,8.580599784851074,8.593990325927734,8.526700019836426,8.580519676208496
2021-10-13,8.557419776916504,8.557999610900879,8.506799697875977,8.55720043182373
2021-10-14,8.48740005493164,8.493659973144531,8.409299850463867,8.487099647521973
2021-10-15,8.451800346374512,8.461299896240234,8.384639739990234,8.449790000915527
2021-10-18,8.426090240478516,8.48289966583252,8.40845012664795,8.429550170898438
2021-10-19,8.41349983215332,8.415169715881348,8.328960418701172,8.413419723510742
2021-10-20,8.345800399780273,8.412179946899414,8.332869529724121,8.349800109863281
2021-10-21,8.316300392150879,8.355159759521484,8.277700424194336,8.314399719238281
2021-10-22,8.362600326538086,8.379199981689453,8.298640251159668,8.363100051879883
2021-10-25,8.35243034362793,8.370820045471191,8.316800117492676,8.354399681091309
2021-10-26,8.34335994720459,8.376250267028809,8.318550109863281,8.347060203552246
2021-10-27,8.359760284423828,8.426380157470703,8.351499557495117,8.360340118408203
2021-10-28,8.418999671936035,8.441160202026367,8.311599731445312,8.41903018951416
2021-10-29,8.321820259094238,8.467269897460938,8.321820259094238,8.329259872436523
2021-11-01,8.449239730834961,8.470219612121582,8.39130973815918,8.453900337219238
2021-11-02,8.417059898376465,8.51140022277832,8.394000053405762,8.419500350952148
2021-11-03,8.523340225219727,8.538330078125,8.486080169677734,8.52299976348877
2021-11-04,8.487680435180664,8.578900337219238,8.486470222473145,8.488459587097168
2021-11-05,8.547889709472656,8.594940185546875,8.545289993286133,8.546879768371582
2021-11-08,8.544699668884277,8.567390441894531,8.498920440673828,8.543880462646484
2021-11-09,8.498040199279785,8.537440299987793,8.45872974395752,8.499300003051758
2021-11-10,8.504469871520996,8.601119995117188,8.494150161743164,8.504130363464355
2021-11-11,8.64490032196045,8.70576000213623,8.624300003051758,8.636249542236328
2021-11-12,8.68239974975586,8.709050178527832,8.65900993347168,8.679450035095215
2021-11-15,8.687899589538574,8.696789741516113,8.638179779052734,8.68970012664795
2021-11-16,8.717499732971191,8.729530334472656,8.681480407714844,8.718400001525879
2021-11-17,8.746800422668457,8.788339614868164,8.718040466308594,8.746990203857422
2021-11-18,8.737070083618164,8.834480285644531,8.73069953918457,8.73701000213623
2021-11-19,8.808950424194336,8.93418025970459,8.792099952697754,8.81089973449707
2021-11-22,8.931090354919434,8.963879585266113,8.88656997680664,8.932100296020508
2021-11-23,8.927009582519531,8.976269721984863,8.88366985321045,8.92959976196289
2021-11-24,8.894229888916016,8.980950355529785,8.87279987335205,8.898799896240234
2021-11-25,8.95518970489502,8.976699829101562,8.934969902038574,8.956049919128418
2021-11-26,8.98069953918457,9.096989631652832,8.972689628601074,8.977519989013672
2021-11-29,9.043299674987793,9.102680206298828,8.99092960357666,9.057999610900879
2021-11-30,9.010700225830078,9.12736988067627,8.99905014038086,9.011099815368652
2021-12-01,9.049610137939453,9.058480262756348,8.988439559936523,9.0518798828125
2021-12-02,9.069720268249512,9.110799789428711,9.054149627685547,9.097900390625
2021-12-03,9.096799850463867,9.187999725341797,9.078240394592285,9.091870307922363
2021-12-06,9.159029960632324,9.185999870300293,9.099029541015625,9.15857982635498
2021-12-07,9.093899726867676,9.102299690246582,9.02400016784668,9.093199729919434
2021-12-08,9.007019996643066,9.013919830322266,8.877599716186523,9.009400367736816
2021-12-09,8.873299598693848,9.032299995422363,8.871179580688477,8.871000289916992
2021-12-10,8.992639541625977,9.007349967956543,8.940290451049805,8.994400024414062
2021-12-13,8.944499969482422,9.072750091552734,8.931839942932129,8.942230224609375
2021-12-14,9.046440124511719,9.114709854125977,9.03279972076416,9.046099662780762
2021-12-15,9.096500396728516,9.120770454406738,9.068920135498047,9.096599578857422
2021-12-16,8.989540100097656,9.031240463256836,8.943639755249023,8.99374008178711
2021-12-17,8.98490047454834,9.02079963684082,8.97268009185791,8.983830451965332
2021-12-20,9.041999816894531,9.117199897766113,9.027870178222656,9.042309761047363
2021-12-21,9.050840377807617,9.057900428771973,8.95386028289795,9.05270004272461
2021-12-22,8.933489799499512,8.97085952758789,8.869959831237793,8.933509826660156
2021-12-23,8.857669830322266,8.890020370483398,8.824219703674316,8.868820190429688
2021-12-24,8.814620018005371,8.856380462646484,8.80012035369873,8.82411003112793
2021-12-27,7.999100208282471,8.904899597167969,7.999100208282471,7.999100208282471
2021-12-28,8.833100318908691,8.860799789428711,8.792200088500977,8.829719543457031
2021-12-29,8.796299934387207,8.854169845581055,8.757399559020996,8.798100471496582
2021-12-30,8.772890090942383,8.837599754333496,8.772890090942383,8.772359848022461
2021-12-31,8.815500259399414,8.834269523620605,8.7947998046875,8.801630020141602
2022-01-03,8.794349670410156,8.883190155029297,8.792770385742188,8.794050216674805
2022-01-04,8.867799758911133,8.884079933166504,8.823049545288086,8.863570213317871
2022-01-05,8.861000061035156,8.871500015258789,8.785400390625,8.851799964904785
2022-01-06,8.850199699401855,8.921699523925781,8.843589782714844,8.8503999710083
2022-01-07,8.888059616088867,8.891900062561035,8.838330268859863,8.88722038269043
2022-01-10,8.834799766540527,8.909219741821289,8.81056022644043,8.836950302124023
2022-01-11,8.853119850158691,8.860600471496582,8.780010223388672,8.853340148925781
2022-01-12,8.765899658203125,8.779199600219727,8.676679611206055,8.767990112304688
2022-01-13,8.66349983215332,8.688209533691406,8.627900123596191,8.651579856872559
2022-01-14,8.70320987701416,8.753140449523926,8.604570388793945,8.704560279846191
2022-01-17,8.768939971923828,8.779600143432617,8.715310096740723,8.774200439453125
2022-01-18,8.713399887084961,8.809590339660645,8.689399719238281,8.712800025939941
2022-01-19,8.80228042602539,8.821800231933594,8.741660118103027,8.805410385131836
2022-01-20,8.774829864501953,8.807760238647461,8.740360260009766,8.775799751281738
2022-01-21,8.836020469665527,8.910679817199707,8.80601978302002,8.8341703414917
2022-01-24,8.894530296325684,9.045260429382324,8.880900382995605,8.898099899291992
2022-01-25,8.956419944763184,9.030139923095703,8.954520225524902,8.960909843444824
2022-01-26,8.924309730529785,8.940520286560059,8.870050430297852,8.915619850158691
2022-01-27,8.936400413513184,9.013139724731445,8.921259880065918,8.938699722290039
2022-01-28,8.93556022644043,9.018460273742676,8.916720390319824,8.935990333557129
2022-01-31,8.991600036621094,9.00452995300293,8.900199890136719,8.989999771118164
2022-02-01,8.903240203857422,8.910300254821777,8.823800086975098,8.903300285339355
2022-02-02,8.815070152282715,8.834199905395508,8.754910469055176,8.827010154724121
2022-02-03,8.81470012664795,8.845930099487305,8.720789909362793,8.815790176391602
2022-02-04,8.718939781188965,8.815999984741211,8.682869911193848,8.717479705810547
2022-02-07,8.780630111694336,8.85569953918457,8.765469551086426,8.780579566955566
2022-02-08,8.774499893188477,8.842849731445312,8.763500213623047,8.770569801330566
2022-02-09,8.818750381469727,8.844149589538574,8.78030014038086,8.81840991973877
2022-02-10,8.816499710083008,8.875590324401855,8.73799991607666,8.812219619750977
2022-02-11,8.825699806213379,8.870599746704102,8.78849983215332,8.825200080871582
2022-02-14,8.832099914550781,8.94970989227295,8.832099914550781,8.858799934387207
2022-02-15,8.88131046295166,8.93865966796875,8.833809852600098,8.883139610290527
2022-02-16,8.901240348815918,8.911800384521484,8.870100021362305,8.900239944458008
2022-02-17,8.895000457763672,8.932279586791992,8.867890357971191,8.89579963684082
2022-02-18,8.91897964477539,9.003350257873535,8.883879661560059,8.914999961853027
2022-02-21,8.969050407409668,8.9904203414917,8.916020393371582,8.975899696350098
2022-02-22,9.014030456542969,9.018619537353516,8.869400024414062,9.00236988067627
2022-02-23,8.88720989227295,8.89330005645752,8.828800201416016,8.88976001739502
2022-02-24,8.890219688415527,9.087180137634277,8.876150131225586,8.89225959777832
2022-02-25,8.947629928588867,8.985679626464844,8.842329978942871,8.959759712219238
2022-02-28,8.925430297851562,8.99839973449707,8.789620399475098,8.925189971923828
2022-03-01,8.80720043182373,8.884559631347656,8.758899688720703,8.80601978302002
2022-03-02,8.87598991394043,8.958649635314941,8.8468599319458,8.8720703125
2022-03-03,8.848950386047363,8.9373197555542,8.837470054626465,8.849780082702637
2022-03-04,8.90038013458252,9.05105972290039,8.89680004119873,8.905240058898926
2022-03-07,8.970479965209961,9.058810234069824,8.92057991027832,8.968689918518066
2022-03-08,9.041080474853516,9.078200340270996,8.938159942626953,9.042280197143555
2022-03-09,8.976289749145508,8.983200073242188,8.876270294189453,8.97661018371582
2022-03-10,8.911999702453613,8.980119705200195,8.889510154724121,8.908610343933105
2022-03-11,8.927599906921387,8.984990119934082,8.867380142211914,8.925880432128906
2022-03-14,8.996100425720215,9.031999588012695,8.940699577331543,8.99155044555664
2022-03-15,9.030019760131836,9.074219703674316,8.956390380859375,9.037400245666504
2022-03-16,8.99590015411377,9.007499694824219,8.871430397033691,8.99407958984375
2022-03-17,8.894659996032715,8.926070213317871,8.7802095413208,8.895139694213867
2022-03-18,8.774700164794922,8.826809883117676,8.749449729919434,8.782699584960938
2022-03-21,8.753999710083008,8.760390281677246,8.721850395202637,8.750929832458496
2022-03-22,8.740699768066406,8.807379722595215,8.712200164794922,8.733400344848633
2022-03-23,8.752869606018066,8.792119979858398,8.706419944763184,8.753800392150879
2022-03-24,8.677599906921387,8.690400123596191,8.600319862365723,8.670849800109863
2022-03-25,8.661459922790527,8.683730125427246,8.606100082397461,8.661109924316406
2022-03-28,8.623970031738281,8.752169609069824,8.610969543457031,8.623970031738281
2022-03-29,8.701899528503418,8.712499618530273,8.600500106811523,8.701899528503418
2022-03-30,8.662579536437988,8.67549991607666,8.565460205078125,8.662579536437988
2022-03-31,8.560290336608887,8.776379585266113,8.558380126953125,8.560290336608887
2022-04-01,8.782520294189453,8.823040008544922,8.730779647827148,8.782520294189453
2022-04-04,8.754850387573242,8.761980056762695,8.645919799804688,8.754850387573242
2022-04-05,8.709989547729492,8.734299659729004,8.656999588012695,8.709989547729492
2022-04-06,8.763899803161621,8.784899711608887,8.725299835205078,8.763899803161621
2022-04-07,8.802000045776367,8.822319984436035,8.75175952911377,8.802000045776367
2022-04-08,8.809720039367676,8.824430465698242,8.686599731445312,8.809720039367676
2022-04-11,8.70580005645752,8.815059661865234,8.689990043640137,8.70580005645752
2022-04-12,8.813220024108887,8.834620475769043,8.731010437011719,8.813220024108887
2022-04-13,8.763019561767578,8.868149757385254,8.748880386352539,8.763019561767578
2022-04-14,8.744400024414062,8.834420204162598,8.712369918823242,8.744400024414062
2022-04-15,8.76099967956543,8.806449890136719,8.757829666137695,8.76099967956543
2022-04-18,8.799200057983398,8.85867977142334,8.788459777832031,8.799200057983398
2022-04-19,8.837050437927246,8.86870002746582,8.781829833984375,8.837050437927246
2022-04-20,8.825039863586426,8.84160041809082,8.763699531555176,8.825039863586426
2022-04-21,8.804169654846191,8.860230445861816,8.753999710083008,8.804169654846191
2022-04-22,8.89175033569336,8.95403003692627,8.870980262756348,8.89175033569336
2022-04-25,8.94279956817627,9.171030044555664,8.932700157165527,8.94279956817627
2022-04-26,9.118419647216797,9.239680290222168,9.072999954223633,9.118419647216797
2022-04-27,9.230779647827148,9.374420166015625,9.205550193786621,9.230779647827148
2022-04-28,9.320980072021484,9.450819969177246,9.281769752502441,9.320980072021484
2022-04-29,9.411499977111816,9.412699699401855,9.250100135803223,9.411499977111816
2022-05-02,9.388799667358398,9.485509872436523,9.35536003112793,9.390199661254883
2022-05-03,9.428689956665039,9.46675968170166,9.367329597473145,9.428689956665039
2022-05-04,9.393400192260742,9.426980018615723,9.35830020904541,9.393400192260742
2022-05-05,9.228050231933594,9.521610260009766,9.200369834899902,9.228050231933594
2022-05-06,9.482999801635742,9.580599784851074,9.402429580688477,9.482999801635742
2022-05-09,9.523099899291992,9.704819679260254,9.506329536437988,9.523300170898438
2022-05-10,9.655380249023438,9.730589866638184,9.596670150756836,9.655380249023438
2022-05-11,9.730500221252441,9.761919975280762,9.616999626159668,9.730500221252441
2022-05-12,9.748800277709961,9.9096097946167,9.721779823303223,9.748800277709961
2022-05-13,9.862449645996094,9.877900123596191,9.771329879760742,9.862449645996094
2022-05-16,9.765049934387207,9.84218978881836,9.750590324401855,9.765049934387207
2022-05-17,9.763799667358398,9.769200325012207,9.627479553222656,9.763799667358398
2022-05-18,9.656740188598633,9.807100296020508,9.633110046386719,9.656740188598633
2022-05-19,9.878620147705078,9.89739990234375,9.671759605407715,9.878620147705078
2022-05-20,9.694000244140625,9.773280143737793,9.645170211791992,9.694000244140625
2022-05-23,9.727299690246582,9.726799964904785,9.589770317077637,9.72439956665039
2022-05-24,9.60785961151123,9.644599914550781,9.564979553222656,9.60785961151123
2022-05-25,9.558300018310547,9.655719757080078,9.545269966125488,9.558300018310547
2022-05-26,9.565950393676758,9.613499641418457,9.531829833984375,9.565950393676758
2022-05-27,9.518269538879395,9.543169975280762,9.436599731445312,9.518269538879395
2022-05-30,9.455400466918945,9.471500396728516,9.391839981079102,9.455400466918945
2022-05-31,9.403169631958008,9.466850280761719,9.336099624633789,9.403169631958008
2022-06-01,9.350799560546875,9.492449760437012,9.347249984741211,9.350799560546875
2022-06-02,9.48069953918457,9.532899856567383,9.37720012664795,9.48069953918457
2022-06-03,9.362299919128418,9.452569961547852,9.348919868469238,9.362299919128418
2022-06-06,9.428580284118652,9.452400207519531,9.371450424194336,9.428580284118652
2022-06-07,9.42553997039795,9.57190990447998,9.415419578552246,9.42553997039795
2022-06-08,9.457859992980957,9.51449966430664,9.421330451965332,9.457859992980957
2022-06-09,9.474800109863281,9.563559532165527,9.458800315856934,9.474800109863281
2022-06-10,9.581259727478027,9.69137954711914,9.528510093688965,9.581259727478027
2022-06-13,9.779589653015137,9.91940975189209,9.680500030517578,9.779589653015137
2022-06-14,9.903209686279297,10.00529956817627,9.827679634094238,9.903209686279297
2022-06-15,9.989729881286621,10.03637981414795,9.911870002746582,9.989729881286621
2022-06-16,9.92549991607666,10.082209587097168,9.89208984375,9.92549991607666
2022-06-17,9.956990242004395,10.067779541015625,9.910980224609375,9.956990242004395
2022-06-20,9.987890243530273,10.008939743041992,9.864720344543457,9.987890243530273
2022-06-21,9.884360313415527,9.88860034942627,9.773170471191406,9.884360313415527
2022-06-22,9.844900131225586,9.996100425720215,9.833580017089844,9.844900131225586
2022-06-23,9.911149978637695,10.02245044708252,9.886150360107422,9.911149978637695
2022-06-24,9.974869728088379,9.980079650878906,9.838780403137207,9.974869728088379
2022-06-27,9.831089973449707,9.883700370788574,9.739350318908691,9.83899974822998
2022-06-28,9.792460441589355,9.837189674377441,9.70398998260498,9.792460441589355
2022-06-29,9.815380096435547,9.882200241088867,9.774889945983887,9.815380096435547
2022-06-30,9.88539981842041,9.963990211486816,9.850640296936035,9.88539981842041
2022-07-01,9.840239524841309,9.99882984161377,9.834159851074219,9.840239524841309
2022-07-04,9.913999557495117,9.952199935913086,9.837360382080078,9.966699600219727
2022-07-05,9.816929817199707,10.119050025939941,9.798609733581543,9.816929817199707
2022-07-06,10.063340187072754,10.164270401000977,10.013310432434082,10.063340187072754
2022-07-07,10.131400108337402,10.153300285339355,10.066679954528809,10.131400108337402
2022-07-08,10.070329666137695,10.18295955657959,10.031020164489746,10.070329666137695
2022-07-11,10.126999855041504,10.251029968261719,10.092700004577637,10.038100242614746
2022-07-12,10.195300102233887,10.267560005187988,10.184749603271484,10.195300102233887
2022-07-13,10.257909774780273,10.2843599319458,10.129449844360352,10.257909774780273
2022-07-14,10.228919982910156,10.354100227355957,10.16821002960205,10.228919982910156
2022-07-15,10.225000381469727,10.281350135803223,10.13047981262207,10.225000381469727
2022-07-18,10.168120384216309,10.19556999206543,10.027090072631836,10.168120384216309
2022-07-19,10.079839706420898,10.109399795532227,9.88815975189209,10.079839706420898
2022-07-20,9.901029586791992,9.969149589538574,9.855799674987793,9.901029586791992
2022-07-21,9.969200134277344,10.01710033416748,9.884169578552246,9.969200134277344
2022-07-22,9.9447603225708,10.035490036010742,9.87710952758789,9.9447603225708
2022-07-25,9.933799743652344,9.95995044708252,9.823200225830078,9.90999984741211
2022-07-26,9.832900047302246,9.909770011901855,9.706899642944336,9.832900047302246
2022-07-27,9.886679649353027,9.886799812316895,9.787610054016113,9.886679649353027
2022-07-28,9.727250099182129,9.815790176391602,9.683500289916992,9.727250099182129
2022-07-29,9.730389595031738,9.745039939880371,9.642629623413086,9.730389595031738
2022-08-01,9.685529708862305,9.688440322875977,9.57507038116455,9.685529708862305
2022-08-02,9.635430335998535,9.7643404006958,9.584360122680664,9.635430335998535
2022-08-03,9.780389785766602,9.791000366210938,9.679499626159668,9.780389785766602
2022-08-04,9.716690063476562,9.770170211791992,9.684329986572266,9.716690063476562
2022-08-05,9.721309661865234,9.870070457458496,9.72329044342041,9.721309661865234
2022-08-08,9.831299781799316,9.835000038146973,9.698809623718262,9.831299781799316
2022-08-09,9.718040466308594,9.75100040435791,9.688360214233398,9.718040466308594
2022-08-10,9.722990036010742,9.735300064086914,9.492670059204102,9.722990036010742
2022-08-11,9.513899803161621,9.543299674987793,9.4612398147583,9.513899803161621
2022-08-12,9.51990032196045,9.591699600219727,9.465709686279297,9.51990032196045
2022-08-15,9.588170051574707,9.713800430297852,9.555760383605957,9.588170051574707
2022-08-16,9.701000213623047,9.74746036529541,9.659709930419922,9.701000213623047
2022-08-17,9.663649559020996,9.747879981994629,9.636469841003418,9.663649559020996
2022-08-18,9.708200454711914,9.76278018951416,9.646889686584473,9.708200454711914
2022-08-19,9.72976016998291,9.821269989013672,9.725790023803711,9.72976016998291
2022-08-22,9.815799713134766,9.850000381469727,9.762299537658691,9.815799713134766
2022-08-23,9.81935977935791,9.884710311889648,9.67821979522705,9.81935977935791
2022-08-24,9.700940132141113,9.74662971496582,9.64840030670166,9.700940132141113
2022-08-25,9.699999809265137,9.724510192871094,9.599249839782715,9.699999809265137
2022-08-26,9.662449836730957,9.737950325012207,9.552289962768555,9.662449836730957
2022-08-29,9.791290283203125,9.8402099609375,9.721090316772461,9.791290283203125
2022-08-30,9.732999801635742,9.835180282592773,9.69221019744873,9.732999801635742
2022-08-31,9.807609558105469,9.972620010375977,9.745550155639648,9.807609558105469
2022-09-01,9.950130462646484,10.077630043029785,9.95359992980957,9.950130462646484
2022-09-02,10.045129776000977,10.0529203414917,9.705499649047852,10.045129776000977
2022-09-05,10.060859680175781,10.067760467529297,9.954400062561035,10.060859680175781
2022-09-06,9.94102954864502,10.040909767150879,9.905050277709961,9.94102954864502
2022-09-07,10.032119750976562,10.0826997756958,9.99133014678955,10.032119750976562
2022-09-08,10.013299942016602,10.118880271911621,9.904640197753906,10.013299942016602
2022-09-09,10.026260375976562,10.028719902038574,9.84274959564209,10.026260375976562
2022-09-12,9.865400314331055,9.90863037109375,9.559120178222656,9.865400314331055
2022-09-13,9.8371000289917,10.071619987487793,9.808670043945312,9.8371000289917
2022-09-14,10.093310356140137,10.145669937133789,10.048919677734375,10.093310356140137
2022-09-15,10.08584976196289,10.161959648132324,10.084609985351562,10.08584976196289
2022-09-16,10.184020042419434,10.287619590759277,10.14622974395752,10.184020042419434
2022-09-19,10.182999610900879,10.333450317382812,10.176969528198242,10.179900169372559
2022-09-20,10.203700065612793,10.331439971923828,10.176980018615723,10.203700065612793
2022-09-21,10.332090377807617,10.400130271911621,10.259090423583984,10.332090377807617
2022-09-22,10.365050315856934,10.43455982208252,10.284350395202637,10.365050315856934
2022-09-23,10.397600173950195,10.61322021484375,10.381099700927734,10.397600173950195
2022-09-26,10.588910102844238,10.809100151062012,10.588399887084961,10.588910102844238
2022-09-27,10.784899711608887,10.799790382385254,10.690500259399414,10.784899711608887
2022-09-28,10.791449546813965,11.008350372314453,10.726940155029297,10.791449546813965
2022-09-29,10.696599960327148,10.875490188598633,10.686800003051758,10.696599960327148
2022-09-30,10.67590045928955,10.901900291442871,10.633480072021484,10.67590045928955
2022-10-03,10.87339973449707,10.895150184631348,10.678890228271484,10.87339973449707
2022-10-04,10.638299942016602,10.671520233154297,10.471710205078125,10.638299942016602
2022-10-05,10.440400123596191,10.681779861450195,10.42708969116211,10.440400123596191
2022-10-06,10.482830047607422,10.719539642333984,10.435319900512695,10.482830047607422
2022-10-07,10.72208023071289,10.756699562072754,10.657649993896484,10.72208023071289
2022-10-10,10.703849792480469,10.75922966003418,10.619770050048828,10.703849792480469
2022-10-11,10.674200057983398,10.7955904006958,10.64818000793457,10.674200057983398
2022-10-12,10.753910064697266,10.792659759521484,10.634519577026367,10.753910064697266
2022-10-13,10.762619972229004,10.849980354309082,10.55115032196045,10.762619972229004
2022-10-14,10.579110145568848,10.68235969543457,10.51272964477539,10.579110145568848
2022-10-17,10.640299797058105,10.66528034210205,10.503009796142578,10.640299797058105
2022-10-18,10.51550006866455,10.628339767456055,10.454000473022461,10.51550006866455
2022-10-19,10.53672981262207,10.655380249023438,10.255809783935547,10.53672981262207
2022-10-20,10.623530387878418,10.649800300598145,10.535460472106934,10.623530387878418
2022-10-21,10.6664400100708,10.739450454711914,10.42236042022705,10.6664400100708
2022-10-24,10.497249603271484,10.634180068969727,10.434269905090332,10.497249603271484
2022-10-25,10.496760368347168,10.564350128173828,10.363320350646973,10.496760368347168
2022-10-26,10.3996000289917,10.429579734802246,10.235770225524902,10.3996000289917
2022-10-27,10.23114013671875,10.322600364685059,10.217530250549316,10.23114013671875
2022-10-28,10.270159721374512,10.373379707336426,10.233739852905273,10.270159721374512
2022-10-31,10.316120147705078,10.419119834899902,10.3100004196167,10.316120147705078
2022-11-01,10.381420135498047,10.392889976501465,10.230899810791016,10.381420135498047
2022-11-02,10.345990180969238,10.383099555969238,10.297940254211426,10.345990180969238
2022-11-03,10.461629867553711,10.636560440063477,10.427160263061523,10.461629867553711
2022-11-04,10.57841968536377,10.578479766845703,10.226960182189941,10.57841968536377
2022-11-07,10.256369590759277,10.32800006866455,10.18047046661377,10.256369590759277
2022-11-08,10.220800399780273,10.31719970703125,10.17512035369873,10.220800399780273
2022-11-09,10.227999687194824,10.360739707946777,10.213939666748047,10.227999687194824
2022-11-10,10.36989974975586,10.461440086364746,10.106019973754883,10.36989974975586
2022-11-11,10.099969863891602,10.127900123596191,9.887370109558105,10.099969863891602
2022-11-14,9.925299644470215,10.04382038116455,9.888879776000977,9.925299644470215
2022-11-15,10.036860466003418,10.047980308532715,9.863579750061035,10.036860466003418
2022-11-16,9.97931957244873,10.033499717712402,9.912610054016113,9.97931957244873
2022-11-17,9.999750137329102,10.18556022644043,9.974300384521484,9.999750137329102
2022-11-18,10.118229866027832,10.202210426330566,10.052470207214355,10.118229866027832
2022-11-21,10.150050163269043,10.299599647521973,10.138469696044922,10.150050163269043
2022-11-22,10.249320030212402,10.263250350952148,10.134340286254883,10.249320030212402
2022-11-23,10.096540451049805,10.119099617004395,9.95950984954834,10.096540451049805
2022-11-24,9.931320190429688,9.97212028503418,9.883899688720703,9.931320190429688
2022-11-25,9.90719985961914,9.937700271606445,9.829039573669434,9.90719985961914
2022-11-28,9.90880012512207,9.987279891967773,9.873160362243652,9.90880012512207
2022-11-29,10.011560440063477,10.028400421142578,9.922120094299316,10.011560440063477
2022-11-30,10.007550239562988,10.013810157775879,9.860610008239746,10.007550239562988
2022-12-01,9.822739601135254,9.848560333251953,9.719770431518555,9.822739601135254
2022-12-02,9.71481990814209,9.861300468444824,9.706899642944336,9.71481990814209
2022-12-05,9.753239631652832,9.94970989227295,9.665450096130371,9.753239631652832
2022-12-06,9.942689895629883,10.007220268249512,9.897109985351562,9.942689895629883
2022-12-07,10.007940292358398,10.075779914855957,9.91392993927002,10.007940292358398
2022-12-08,10.014599800109863,10.038249969482422,9.942460060119629,10.014599800109863
2022-12-09,9.960399627685547,10.018010139465332,9.922380447387695,9.960399627685547
2022-12-12,9.968649864196777,10.032259941101074,9.961520195007324,9.968649864196777
2022-12-13,9.98069953918457,9.98820972442627,9.743989944458008,9.98069953918457
2022-12-14,9.777190208435059,9.802610397338867,9.690159797668457,9.777190208435059
2022-12-15,9.717720031738281,9.872969627380371,9.716529846191406,9.717720031738281
2022-12-16,9.853099822998047,9.912420272827148,9.804420471191406,9.853099822998047
2022-12-19,9.827099800109863,9.947319984436035,9.79839038848877,9.827099800109863
2022-12-20,9.892459869384766,9.95680046081543,9.843770027160645,9.892459869384766
2022-12-21,9.872900009155273,9.90095043182373,9.785920143127441,9.879500389099121
2022-12-22,9.831310272216797,9.88241958618164,9.74590015411377,9.831310272216797
2022-12-23,9.862540245056152,9.916110038757324,9.821999549865723,9.862540245056152
2022-12-26,9.832779884338379,9.879799842834473,9.807259559631348,9.832779884338379
2022-12-27,9.813030242919922,9.875120162963867,9.791359901428223,9.813030242919922
2022-12-28,9.819430351257324,9.895059585571289,9.77637004852295,9.819430351257324
2022-12-29,9.87594985961914,9.91664981842041,9.858499526977539,9.87594985961914
2022-12-30,9.879690170288086,9.910420417785645,9.814339637756348,9.879690170288086
2023-01-02,9.768489837646484,9.880800247192383,9.761899948120117,9.768489837646484
2023-01-03,9.842809677124023,10.089420318603516,9.826499938964844,9.842809677124023
2023-01-04,10.089249610900879,10.138629913330078,9.974699974060059,10.089249610900879
2023-01-05,10.08178997039795,10.262969970703125,10.043930053710938,10.08178997039795
2023-01-06,10.245659828186035,10.301039695739746,9.983280181884766,10.245659828186035
2023-01-09,9.985950469970703,9.996600151062012,9.811559677124023,9.985950469970703
2023-01-10,9.875020027160645,10.004059791564941,9.856880187988281,9.875020027160645
2023-01-11,9.98270034790039,10.026519775390625,9.954540252685547,9.98270034790039
2023-01-12,9.988069534301758,10.030929565429688,9.874560356140137,9.988069534301758
2023-01-13,9.88290023803711,9.944419860839844,9.81737995147705,9.88290023803711
2023-01-16,9.786700248718262,9.935540199279785,9.806500434875488,9.899900436401367
2023-01-17,9.857629776000977,9.952210426330566,9.833629608154297,9.857629776000977
2023-01-18,9.877010345458984,9.889320373535156,9.752039909362793,9.877010345458984
2023-01-19,9.913100242614746,9.965689659118652,9.829739570617676,9.913100242614746
2023-01-20,9.896849632263184,9.934439659118652,9.7949800491333,9.896849632263184
2023-01-23,9.852709770202637,9.872300148010254,9.77791976928711,9.845450401306152
2023-01-24,9.817520141601562,9.921339988708496,9.781299591064453,9.817520141601562
2023-01-25,9.860340118408203,9.956000328063965,9.824870109558105,9.860340118408203
2023-01-26,9.888299942016602,9.918780326843262,9.843170166015625,9.888299942016602
2023-01-27,9.852580070495605,9.91133975982666,9.831130027770996,9.852580070495605
2023-01-30,9.873600006103516,9.95654010772705,9.852749824523926,9.888699531555176
2023-01-31,9.977060317993164,10.079629898071289,9.93904972076416,9.977060317993164
2023-02-01,9.98052978515625,9.99783992767334,9.927289962768555,9.98052978515625
2023-02-02,9.88029956817627,10.076600074768066,9.863320350646973,9.88029956817627
2023-02-03,10.043840408325195,10.192500114440918,10.015769958496094,10.043840408325195
2023-02-06,10.22249984741211,10.357319831848145,10.199399948120117,10.22249984741211
2023-02-07,10.336819648742676,10.430749893188477,10.282699584960938,10.336819648742676
2023-02-08,10.314399719238281,10.33154010772705,10.22776985168457,10.314399719238281
2023-02-09,10.311079978942871,10.317179679870605,10.093379974365234,10.311079978942871
2023-02-10,10.177029609680176,10.216300010681152,9.940839767456055,10.177029609680176
2023-02-13,10.130180358886719,10.183699607849121,10.06624984741211,10.130180358886719
2023-02-14,10.08806037902832,10.211750030517578,10.05346965789795,10.08806037902832
2023-02-15,10.135869979858398,10.244629859924316,10.12969970703125,10.135869979858398
2023-02-16,10.20680046081543,10.309419631958008,10.149840354919434,10.20680046081543
2023-02-17,10.25492000579834,10.374259948730469,10.25669002532959,10.25492000579834
2023-02-20,10.287810325622559,10.304240226745605,10.221400260925293,10.287810325622559
2023-02-21,10.234720230102539,10.310440063476562,10.181090354919434,10.234720230102539
2023-02-22,10.2946195602417,10.338879585266113,10.272290229797363,10.2946195602417
2023-02-23,10.351499557495117,10.380620002746582,10.261300086975098,10.351499557495117
2023-02-24,10.302940368652344,10.414660453796387,10.284500122070312,10.302940368652344
2023-02-27,10.351200103759766,10.428239822387695,10.312999725341797,10.351200103759766
2023-02-28,10.334600448608398,10.37576961517334,10.308300018310547,10.334600448608398
2023-03-01,10.382329940795898,10.447219848632812,10.296689987182617,10.382329940795898
2023-03-02,10.37732982635498,10.492030143737793,10.373600006103516,10.37732982635498
2023-03-03,10.442760467529297,10.458800315856934,10.39603042602539,10.442760467529297
2023-03-06,10.388500213623047,10.470890045166016,10.36775016784668,10.388500213623047
2023-03-07,10.41331958770752,10.679800033569336,10.377639770507812,10.41331958770752
2023-03-08,10.686380386352539,10.719300270080566,10.598540306091309,10.686380386352539
2023-03-09,10.673199653625488,10.690420150756836,10.534680366516113,10.673199653625488
2023-03-10,10.660209655761719,10.747779846191406,10.531270027160645,10.660209655761719
2023-03-13,10.598899841308594,10.692060470581055,10.489190101623535,10.622400283813477
2023-03-14,10.557330131530762,10.6427001953125,10.511030197143555,10.557330131530762
2023-03-15,10.548410415649414,10.820799827575684,10.470620155334473,10.548410415649414
2023-03-16,10.75016975402832,10.872400283813477,10.702210426330566,10.75016975402832
2023-03-17,10.746700286865234,10.765580177307129,10.650540351867676,10.746700286865234
2023-03-20,10.659390449523926,10.789580345153809,10.627249717712402,10.659390449523926
2023-03-21,10.646289825439453,10.694589614868164,10.471099853515625,10.646289825439453
2023-03-22,10.53201961517334,10.56266975402832,10.474360466003418,10.53201961517334
2023-03-23,10.441200256347656,10.44480037689209,10.274459838867188,10.441200256347656
2023-03-24,10.398110389709473,10.584810256958008,10.370809555053711,10.398110389709473
2023-03-27,10.458109855651855,10.559809684753418,10.461730003356934,10.458109855651855
2023-03-28,10.455499649047852,10.46543025970459,10.297240257263184,10.455499649047852
2023-03-29,10.354559898376465,10.434399604797363,10.342849731445312,10.354559898376465
2023-03-30,10.41720962524414,10.448920249938965,10.375740051269531,10.41720962524414
2023-03-31,10.394519805908203,10.475870132446289,10.359939575195312,10.394519805908203
2023-04-03,10.449870109558105,10.487199783325195,10.291029930114746,10.449870109558105
2023-04-04,10.274999618530273,10.340840339660645,10.244959831237793,10.274999618530273
2023-04-05,10.30150032043457,10.454290390014648,10.284210205078125,10.30150032043457
2023-04-06,10.44983959197998,10.482179641723633,10.4097900390625,10.44983959197998
2023-04-07,10.441069602966309,10.513079643249512,10.427450180053711,10.441069602966309
2023-04-10,10.491299629211426,10.563090324401855,10.453399658203125,10.491299629211426
2023-04-11,10.51533031463623,10.60276985168457,10.44379997253418,10.51533031463623
2023-04-12,10.555740356445312,10.566169738769531,10.407349586486816,10.555740356445312
2023-04-13,10.433159828186035,10.44729995727539,10.287429809570312,10.433159828186035
2023-04-14,10.30348014831543,10.402899742126465,10.248250007629395,10.30348014831543
2023-04-17,10.383399963378906,10.496549606323242,10.343480110168457,10.383399963378906
2023-04-18,10.478170394897461,10.502880096435547,10.42432975769043,10.478170394897461
2023-04-19,10.462340354919434,10.585579872131348,10.460280418395996,10.462340354919434
2023-04-20,10.583620071411133,10.618760108947754,10.56089973449707,10.583620071411133
2023-04-21,10.58117961883545,10.678130149841309,10.577619552612305,10.58117961883545
2023-04-24,10.584500312805176,10.647290229797363,10.552450180053711,10.584500312805176
2023-04-25,10.522700309753418,10.686140060424805,10.507060050964355,10.522700309753418
2023-04-26,10.665410041809082,10.6850004196167,10.568249702453613,10.665410041809082
2023-04-27,10.624699592590332,10.666199684143066,10.585570335388184,10.624699592590332
2023-04-28,10.607919692993164,10.770859718322754,10.592450141906738,10.607919692993164
2023-05-01,10.672539710998535,10.75409984588623,10.645899772644043,10.672539710998535
2023-05-02,10.737640380859375,10.829130172729492,10.555299758911133,10.737640380859375
2023-05-03,10.803199768066406,10.812350273132324,10.742759704589844,10.803199768066406
2023-05-04,10.762680053710938,10.76926040649414,10.663000106811523,10.762680053710938
2023-05-05,10.678000450134277,10.681599617004395,10.564009666442871,10.678000450134277
2023-05-08,10.570899963378906,10.574549674987793,10.454350471496582,10.570899963378906
2023-05-09,10.500419616699219,10.587220191955566,10.502050399780273,10.500419616699219
2023-05-10,10.565779685974121,10.576390266418457,10.43356990814209,10.565779685974121
2023-05-11,10.49899959564209,10.66724967956543,10.463310241699219,10.49899959564209
2023-05-12,10.671839714050293,10.718130111694336,10.643529891967773,10.671839714050293
2023-05-15,10.674799919128418,10.70796012878418,10.606010437011719,10.674799919128418
2023-05-16,10.593689918518066,10.729769706726074,10.58279037475586,10.593689918518066
2023-05-17,10.719670295715332,10.839710235595703,10.688509941101074,10.719670295715332
2023-05-18,10.771100044250488,10.931790351867676,10.76416015625,10.771100044250488
2023-05-19,10.914299964904785,10.93970012664795,10.807689666748047,10.914299964904785
2023-05-22,10.868800163269043,10.91907024383545,10.852999687194824,10.868800163269043
2023-05-23,10.902939796447754,10.995759963989258,10.888299942016602,10.902939796447754
2023-05-24,10.955499649047852,11.000020027160645,10.934940338134766,10.955499649047852
2023-05-25,10.950650215148926,11.070170402526855,10.93927001953125,10.950650215148926
2023-05-26,11.053509712219238,11.099969863891602,10.97819995880127,11.053509712219238
2023-05-29,11.077099800109863,11.133700370788574,11.056289672851562,11.076800346374512
2023-05-30,11.114500045776367,11.203550338745117,11.046509742736816,11.114500045776367
2023-05-31,11.181699752807617,11.28363037109375,11.124970436096191,11.181699752807617
2023-06-01,11.063199996948242,11.201860427856445,11.045989990234375,11.063199996948242
2023-06-02,11.05208969116211,11.063599586486816,10.957300186157227,11.05208969116211
2023-06-05,10.999600410461426,11.098549842834473,11.002050399780273,10.996500015258789
2023-06-06,11.03197956085205,11.156599998474121,10.987810134887695,11.03197956085205
2023-06-07,11.091400146484375,11.13428020477295,10.981019973754883,11.091400146484375
2023-06-08,11.043290138244629,11.047719955444336,10.882710456848145,11.043290138244629
2023-06-09,10.899399757385254,10.91450023651123,10.736510276794434,10.899399757385254
2023-06-12,10.752599716186523,10.829730033874512,10.727689743041992,10.752599716186523
2023-06-13,10.788820266723633,10.807929992675781,10.627960205078125,10.788820266723633
2023-06-14,10.642580032348633,10.671759605407715,10.522700309753418,10.642580032348633
2023-06-15,10.635499954223633,10.73157024383545,10.490619659423828,10.635499954223633
2023-06-16,10.49779987335205,10.580349922180176,10.422309875488281,10.49779987335205
2023-06-19,10.5649995803833,10.683210372924805,10.507100105285645,10.5649995803833
2023-06-20,10.68632984161377,10.794400215148926,10.639260292053223,10.68632984161377
2023-06-21,10.7221097946167,10.784740447998047,10.671299934387207,10.7221097946167
2023-06-22,10.64330005645752,10.662980079650879,10.484379768371582,10.64330005645752
2023-06-23,10.64540958404541,10.912460327148438,10.644109725952148,10.64540958404541
2023-06-26,10.81151008605957,10.828109741210938,10.701930046081543,10.81151008605957
2023-06-27,10.726590156555176,10.760519981384277,10.65845012664795,10.726590156555176
2023-06-28,10.790160179138184,10.83722972869873,10.742300033569336,10.790160179138184
2023-06-29,10.763199806213379,10.833330154418945,10.691450119018555,10.763199806213379
2023-06-30,10.798620223999023,10.80370044708252,10.667949676513672,10.798620223999023
2023-07-03,10.746199607849121,10.760869979858398,10.670860290527344,10.746199607849121
2023-07-04,10.685330390930176,10.711810111999512,10.613900184631348,10.685330390930176
2023-07-05,10.640910148620605,10.707799911499023,10.601499557495117,10.640910148620605
2023-07-06,10.678099632263184,10.822330474853516,10.620229721069336,10.678099632263184
2023-07-07,10.757450103759766,10.777199745178223,10.60669994354248,10.757450103759766
2023-07-10,10.631640434265137,10.674630165100098,10.501199722290039,10.631640434265137
2023-07-11,10.474510192871094,10.479499816894531,10.357370376586914,10.474510192871094
2023-07-12,10.340510368347168,10.349459648132324,10.099260330200195,10.340510368347168
2023-07-13,10.107430458068848,10.122900009155273,9.982939720153809,10.107430458068848
2023-07-14,9.943519592285156,10.035710334777832,9.935259819030762,9.943519592285156
2023-07-17,10.050800323486328,10.086400032043457,9.996800422668457,10.050800323486328
2023-07-18,10.062600135803223,10.117790222167969,10.003689765930176,10.062600135803223
2023-07-19,10.05027961730957,10.095769882202148,9.990610122680664,10.05027961730957
2023-07-20,10.037969589233398,10.095829963684082,9.926899909973145,10.037969589233398
2023-07-21,10.068460464477539,10.102279663085938,10.009499549865723,10.068460464477539
2023-07-24,10.090499877929688,10.111590385437012,10.032529830932617,10.090499877929688
2023-07-25,10.05465030670166,10.153929710388184,10.001540184020996,10.05465030670166
2023-07-26,10.062859535217285,10.152799606323242,10.050950050354004,10.062859535217285
2023-07-27,10.12362003326416,10.161239624023438,9.538470268249512,10.12362003326416
2023-07-28,10.171199798583984,10.23289966583252,10.132399559020996,10.171199798583984
2023-07-31,10.189200401306152,10.214579582214355,10.095620155334473,10.189200401306152
2023-08-01,10.112890243530273,10.249349594116211,10.086409568786621,10.112890243530273
2023-08-02,10.156590461730957,10.31110954284668,10.130359649658203,10.156590461730957
2023-08-03,10.287300109863281,10.326350212097168,10.21084976196289,10.287300109863281
2023-08-04,10.226719856262207,10.241060256958008,10.093509674072266,10.226719856262207
2023-08-07,10.136730194091797,10.201000213623047,10.08767032623291,10.136730194091797
2023-08-08,10.146730422973633,10.341620445251465,10.139920234680176,10.146730422973633
2023-08-09,10.264860153198242,10.276610374450684,10.183609962463379,10.264860153198242
2023-08-10,10.196149826049805,10.237959861755371,10.096500396728516,10.196149826049805
2023-08-11,10.313949584960938,10.471579551696777,10.294249534606934,10.313949584960938
2023-08-14,10.430500030517578,10.537400245666504,10.42240047454834,10.430500030517578
2023-08-15,10.47642993927002,10.520859718322754,10.434700012207031,10.47642993927002
2023-08-16,10.527179718017578,10.562390327453613,10.470760345458984,10.527179718017578
2023-08-17,10.614950180053711,10.665510177612305,10.514630317687988,10.614950180053711
2023-08-18,10.583580017089844,10.676159858703613,10.532670021057129,10.583580017089844
2023-08-21,10.642009735107422,10.660099983215332,10.552029609680176,10.642009735107422
2023-08-22,10.617679595947266,10.655890464782715,10.5600004196167,10.617679595947266
2023-08-23,10.6243896484375,10.73052978515625,10.592840194702148,10.6243896484375
2023-08-24,10.590200424194336,10.715539932250977,10.567139625549316,10.590200424194336
2023-08-25,10.725600242614746,10.747349739074707,10.637999534606934,10.725600242614746
2023-08-28,10.679499626159668,10.747309684753418,10.627809524536133,10.679499626159668
2023-08-29,10.703049659729004,10.7391996383667,10.622949600219727,10.703049659729004
2023-08-30,10.580269813537598,10.625280380249023,10.523500442504883,10.580269813537598
2023-08-31,10.596570014953613,10.676919937133789,10.561180114746094,10.596570014953613
2023-09-01,10.625280380249023,10.680879592895508,10.524089813232422,10.625280380249023
2023-09-04,10.666399955749512,10.673879623413086,10.608799934387207,10.666399955749512
2023-09-05,10.641050338745117,10.762800216674805,10.618639945983887,10.641050338745117
2023-09-06,10.717399597167969,10.751350402832031,10.673419952392578,10.717399597167969
2023-09-07,10.711810111999512,10.743189811706543,10.694270133972168,10.711810111999512
2023-09-08,10.704110145568848,10.704099655151367,10.618229866027832,10.704110145568848
2023-09-11,10.650670051574707,10.668399810791016,10.606820106506348,10.650670051574707
2023-09-12,10.642550468444824,10.702110290527344,10.621879577636719,10.642550468444824
2023-09-13,10.674360275268555,10.713930130004883,10.654840469360352,10.674360275268555
2023-09-14,10.711529731750488,10.77040958404541,10.672430038452148,10.711529731750488
2023-09-15,10.744819641113281,10.775199890136719,10.700249671936035,10.744819641113281
2023-09-18,10.765700340270996,10.873160362243652,10.755359649658203,10.765700340270996
2023-09-19,10.808759689331055,10.829219818115234,10.718740463256836,10.808759689331055
2023-09-20,10.767160415649414,10.792909622192383,10.684789657592773,10.767160415649414
2023-09-21,10.782959938049316,10.852129936218262,10.75094985961914,10.782959938049316
2023-09-22,10.76688003540039,10.801639556884766,10.706199645996094,10.76688003540039
2023-09-25,10.75059986114502,10.818400382995605,10.69828987121582,10.75059986114502
2023-09-26,10.805060386657715,10.865960121154785,10.774849891662598,10.805060386657715
2023-09-27,10.82371997833252,10.833419799804688,10.716609954833984,10.82371997833252
2023-09-28,10.756170272827148,10.766030311584473,10.688679695129395,10.756170272827148
2023-09-29,10.72467041015625,10.73822021484375,10.57487964630127,10.72467041015625
2023-10-02,10.692999839782715,10.827469825744629,10.65546989440918,10.682900428771973
2023-10-03,10.855690002441406,11.022270202636719,10.839030265808105,10.855690002441406
2023-10-04,10.95425033569336,11.035719871520996,10.918700218200684,10.95425033569336
2023-10-05,11.004899978637695,11.034640312194824,10.951029777526855,11.004899978637695
2023-10-06,10.953630447387695,11.072799682617188,10.876799583435059,10.953630447387695
2023-10-09,10.884300231933594,10.952380180358887,10.811470031738281,10.884300231933594
2023-10-10,10.772330284118652,10.878780364990234,10.750240325927734,10.772330284118652
2023-10-11,10.80286979675293,10.867609977722168,10.766510009765625,10.80286979675293
2023-10-12,10.848420143127441,10.96267032623291,10.82800006866455,10.848420143127441
2023-10-13,10.96243953704834,10.98921012878418,10.911100387573242,10.96243953704834
2023-10-16,10.918299674987793,10.968629837036133,10.882749557495117,10.918299674987793
2023-10-17,10.925919532775879,11.010510444641113,10.916749954223633,10.925919532775879
2023-10-18,10.951430320739746,11.066240310668945,10.894659996032715,10.951430320739746
2023-10-19,11.056839942932129,11.112469673156738,11.004039764404297,11.056839942932129
2023-10-20,10.992899894714355,11.07427978515625,10.967780113220215,10.992899894714355
2023-10-23,11.063790321350098,11.153949737548828,11.059220314025879,11.063790321350098
2023-10-24,11.074029922485352,11.194470405578613,11.020719528198242,11.074029922485352
2023-10-25,11.157130241394043,11.214929580688477,11.142390251159668,11.157130241394043
2023-10-26,11.201809883117676,11.268349647521973,11.199609756469727,11.201809883117676
2023-10-27,11.182720184326172,11.237170219421387,11.151430130004883,11.182720184326172
2023-10-30,11.176480293273926,11.188199996948242,11.103309631347656,11.176480293273926
2023-10-31,11.137319564819336,11.204500198364258,11.110300064086914,11.137319564819336
2023-11-01,11.163200378417969,11.234419822692871,11.142660140991211,11.163200378417969
2023-11-02,11.13644027709961,11.193639755249023,11.109399795532227,11.13644027709961
2023-11-03,11.152790069580078,11.177720069885254,11.042750358581543,11.152790069580078
2023-11-06,11.022709846496582,11.05055046081543,10.99940013885498,11.022709846496582
2023-11-07,11.054980278015137,11.20753002166748,11.01984977722168,11.054980278015137
2023-11-08,11.185819625854492,11.243900299072266,11.169389724731445,11.185819625854492
2023-11-09,11.17434024810791,11.202790260314941,11.105680465698242,11.17434024810791
2023-11-10,11.216699600219727,11.222390174865723,11.111300468444824,11.216699600219727
2023-11-13,11.096650123596191,11.143950462341309,11.064900398254395,11.096650123596191
2023-11-14,11.073780059814453,11.159130096435547,10.891119956970215,11.073780059814453
2023-11-15,10.871700286865234,10.8927001953125,10.77614974975586,10.871700286865234
2023-11-16,10.800359725952148,10.935770034790039,10.789690017700195,10.800359725952148
2023-11-17,10.933650016784668,10.951689720153809,10.82565975189209,10.933650016784668
2023-11-20,10.815899848937988,10.8233003616333,10.690489768981934,10.815899848937988
2023-11-21,10.694869995117188,10.698380470275879,10.631930351257324,10.694869995117188
2023-11-22,10.655440330505371,10.808110237121582,10.649640083312988,10.655440330505371
2023-11-23,10.75,10.794249534606934,10.695369720458984,10.75
2023-11-24,10.772089958190918,10.78594970703125,10.682920455932617,10.772089958190918
2023-11-27,10.703760147094727,10.729439735412598,10.656399726867676,10.703760147094727
2023-11-28,10.630279541015625,10.70967960357666,10.6068696975708,10.630279541015625
2023-11-29,10.605509757995605,10.707550048828125,10.576279640197754,10.605509757995605
2023-11-30,10.652230262756348,10.790069580078125,10.632089614868164,10.652230262756348
2023-12-01,10.805120468139648,10.804980278015137,10.652159690856934,10.805120468139648
2023-12-04,10.65719985961914,10.863459587097168,10.65719985961914,10.67300033569336
2023-12-05,10.837599754333496,10.933130264282227,10.828450202941895,10.837599754333496
2023-12-06,10.92549991607666,10.968729972839355,10.899849891662598,10.92549991607666
2023-12-07,10.971400260925293,10.982500076293945,10.866350173950195,10.971400260925293
2023-12-08,10.866669654846191,10.958970069885254,10.836429595947266,10.866669654846191
2023-12-11,10.897000312805176,10.98429012298584,10.879599571228027,10.897000312805176
2023-12-12,10.954440116882324,11.011910438537598,10.879449844360352,10.954440116882324
2023-12-13,10.954879760742188,11.008440017700195,10.919039726257324,10.954879760742188
2023-12-14,10.772390365600586,10.776800155639648,10.44456958770752,10.772390365600586
2023-12-15,10.498900413513184,10.551369667053223,10.423959732055664,10.498900413513184
2023-12-18,10.46560001373291,10.473899841308594,10.354920387268066,10.46560001373291
2023-12-19,10.396080017089844,10.409420013427734,10.256010055541992,10.393199920654297
2023-12-20,10.259249687194824,10.325460433959961,10.259119987487793,10.259249687194824
2023-12-21,10.342700004577637,10.356989860534668,10.263589859008789,10.342700004577637
2023-12-22,10.27001953125,10.28966999053955,10.151300430297852,10.27001953125
2023-12-25,10.18589973449707,10.231900215148926,10.043100357055664,10.173999786376953
2023-12-26,10.171199798583984,10.271929740905762,10.105340003967285,10.171199798583984
2023-12-27,10.136549949645996,10.178330421447754,10.045999526977539,10.136549949645996
2023-12-28,10.098340034484863,10.173720359802246,10.057069778442383,10.098340034484863
2023-12-29,10.180330276489258,10.200420379638672,10.113200187683105,10.180330276489258
2024-01-01,10.162910461425781,10.17140007019043,10.162910461425781,10.162910461425781
2024-01-02,10.13821029663086,10.347310066223145,10.135370254516602,10.13821029663086
2024-01-03,10.343620300292969,10.397649765014648,10.296990394592285,10.343620300292969
2024-01-04,10.330769538879395,10.348520278930664,10.257450103759766,10.330769538879395
2024-01-05,10.291399955749512,10.4052095413208,10.208749771118164,10.291399955749512
2024-01-08,10.300000190734863,10.421699523925781,10.283340454101562,10.300000190734863
2024-01-09,10.359020233154297,10.393850326538086,10.33230972290039,10.359020233154297
2024-01-10,10.359199523925781,10.372949600219727,10.30459976196289,10.359199523925781
2024-01-11,10.344969749450684,10.389880180358887,10.286459922790527,10.344969749450684
2024-01-12,10.289790153503418,10.314040184020996,10.24448013305664,10.289790153503418
2024-01-15,10.28711986541748,10.360289573669434,10.287229537963867,10.28711986541748
2024-01-16,10.350090026855469,10.485509872436523,10.350139617919922,10.350090026855469
2024-01-17,10.461159706115723,10.558759689331055,10.447290420532227,10.461159706115723
2024-01-18,10.503210067749023,10.559089660644531,10.469599723815918,10.503210067749023
2024-01-19,10.524459838867188,10.535699844360352,10.458640098571777,10.524459838867188
2024-01-22,10.480279922485352,10.521490097045898,10.469099998474121,10.480279922485352
2024-01-23,10.518950462341309,10.539030075073242,10.465370178222656,10.518950462341309
2024-01-24,10.497770309448242,10.507149696350098,10.4279203414917,10.497770309448242
2024-01-25,10.465239524841309,10.476499557495117,10.402020454406738,10.465239524841309
2024-01-26,10.433159828186035,10.481510162353516,10.387499809265137,10.433159828186035
2024-01-29,10.42471981048584,10.483710289001465,10.402469635009766,10.42471981048584
2024-01-30,10.416589736938477,10.487079620361328,10.389739990234375,10.416589736938477
2024-01-31,10.437270164489746,10.490050315856934,10.390629768371582,10.437270164489746
2024-02-01,10.51393985748291,10.563719749450684,10.41405963897705,10.51393985748291
2024-02-02,10.429129600524902,10.6393404006958,10.412050247192383,10.429129600524902
2024-02-05,10.617500305175781,10.715999603271484,10.612799644470215,10.617500305175781
2024-02-06,10.688579559326172,10.711030006408691,10.609789848327637,10.688579559326172
2024-02-07,10.58810043334961,10.618160247802734,10.538249969482422,10.58810043334961
2024-02-08,10.581700325012207,10.63379955291748,10.560569763183594,10.581700325012207
2024-02-09,10.612839698791504,10.631460189819336,10.548139572143555,10.612839698791504
2024-02-12,10.53242015838623,10.543709754943848,10.49722957611084,10.53242015838623
2024-02-13,10.497750282287598,10.665679931640625,10.460160255432129,10.497750282287598
2024-02-14,10.669059753417969,10.681340217590332,10.572460174560547,10.669059753417969
2024-02-15,10.577300071716309,10.593790054321289,10.511190414428711,10.577300071716309
2024-02-16,10.523260116577148,10.583580017089844,10.498470306396484,10.523260116577148
2024-02-19,10.494039535522461,10.512829780578613,10.479960441589355,10.495200157165527
2024-02-20,10.48904037475586,10.504870414733887,10.439959526062012,10.48904037475586
2024-02-21,10.484450340270996,10.522330284118652,10.467570304870605,10.484450340270996
2024-02-22,10.474610328674316,10.51533031463623,10.390620231628418,10.474610328674316
2024-02-23,10.496310234069824,10.55978012084961,10.488200187683105,10.496310234069824
2024-02-26,10.53396987915039,10.556380271911621,10.507599830627441,10.531720161437988
2024-02-27,10.498270034790039,10.55486011505127,10.477919578552246,10.498270034790039
2024-02-28,10.525270462036133,10.614919662475586,10.526049613952637,10.525270462036133
2024-02-29,10.590479850769043,10.628979682922363,10.556389808654785,10.590479850769043
2024-03-01,10.618359565734863,10.630319595336914,10.51218032836914,10.618359565734863
2024-03-04,10.512900352478027,10.559749603271484,10.49839973449707,10.512900352478027
2024-03-05,10.567540168762207,10.601160049438477,10.49901008605957,10.567540168762207
2024-03-06,10.569299697875977,10.58806037902832,10.469449996948242,10.569299697875977
2024-03-07,10.479049682617188,10.495800018310547,10.412469863891602,10.479049682617188
2024-03-08,10.396010398864746,10.412300109863281,10.317480087280273,10.396010398864746
2024-03-11,10.422829627990723,10.490150451660156,10.41112995147705,10.422829627990723
2024-03-12,10.440799713134766,10.548999786376953,10.414910316467285,10.440799713134766
2024-03-13,10.509550094604492,10.525190353393555,10.464699745178223,10.509550094604492
2024-03-14,10.46854019165039,10.571430206298828,10.4621000289917,10.46854019165039
2024-03-15,10.56527042388916,10.615400314331055,10.566289901733398,10.56527042388916
2024-03-18,10.62279987335205,10.644980430603027,10.57390022277832,10.62279987335205
2024-03-19,10.641169548034668,10.711480140686035,10.639280319213867,10.641169548034668
2024-03-20,10.638669967651367,10.694769859313965,10.629280090332031,10.638669967651367
2024-03-21,10.546380043029785,10.67887020111084,10.518580436706543,10.546380043029785
2024-03-22,10.660940170288086,10.77737045288086,10.653860092163086,10.660940170288086
2024-03-25,10.750539779663086,10.759599685668945,10.68220043182373,10.750539779663086
2024-03-26,10.71306037902832,10.753339767456055,10.687190055847168,10.71306037902832
2024-03-27,10.754599571228027,10.80010986328125,10.751299858093262,10.754599571228027
2024-03-28,10.797900199890137,10.854869842529297,10.63794994354248,10.797900199890137
2024-03-29,10.84060001373291,10.88556957244873,10.796719551086426,10.84060001373291
2024-04-01,10.845000267028809,10.972100257873535,10.820079803466797,10.845000267028809
2024-04-02,10.962949752807617,10.970029830932617,10.834329605102539,10.962949752807617
2024-04-03,10.831520080566406,10.851790428161621,10.717129707336426,10.831520080566406
2024-04-04,10.708490371704102,10.722590446472168,10.661020278930664,10.708490371704102
2024-04-05,10.729530334472656,10.784370422363281,10.699430465698242,10.729530334472656
2024-04-08,10.750900268554688,10.77040958404541,10.656129837036133,10.750900268554688
2024-04-09,10.674420356750488,10.691300392150879,10.631250381469727,10.674420356750488
2024-04-10,10.664899826049805,10.84574031829834,10.635899543762207,10.664899826049805
2024-04-11,10.836580276489258,10.883740425109863,10.782050132751465,10.836580276489258
2024-04-12,10.820159912109375,10.922499656677246,10.812640190124512,10.820159912109375
2024-04-15,10.865699768066406,10.97716999053955,10.858989715576172,10.865699768066406
2024-04-16,10.931400299072266,11.006270408630371,10.926090240478516,10.931400299072266
2024-04-17,10.968589782714844,11.041720390319824,10.949430465698242,10.968589782714844
2024-04-18,11.003299713134766,11.043359756469727,10.955069541931152,11.003299713134766
2024-04-19,11.05303955078125,11.089900016784668,10.984709739685059,11.05303955078125
2024-04-22,11.01449966430664,11.047550201416016,10.98153018951416,11.012999534606934
2024-04-23,10.979880332946777,11.017569541931152,10.901880264282227,10.979880332946777
2024-04-24,10.90386962890625,11.00864028930664,10.853230476379395,10.90386962890625
2024-04-25,10.99020004272461,11.027870178222656,10.9264497756958,10.99020004272461
2024-04-26,10.955780029296875,11.052419662475586,10.934610366821289,10.955780029296875
2024-04-29,11.015390396118164,11.027669906616211,10.972040176391602,11.015390396118164
2024-04-30,10.987279891967773,11.084659576416016,10.979260444641113,10.987279891967773
2024-05-01,11.11497974395752,11.137140274047852,11.061909675598145,11.11497974395752
2024-05-02,11.017459869384766,11.094630241394043,11.012889862060547,11.017459869384766
2024-05-03,10.974140167236328,10.99528980255127,10.799739837646484,10.974140167236328
2024-05-06,10.862799644470215,10.873700141906738,10.80055046081543,10.862799644470215
2024-05-07,10.8300199508667,10.881279945373535,10.812089920043945,10.8300199508667
2024-05-08,10.919300079345703,10.958370208740234,10.886170387268066,10.919300079345703
2024-05-09,10.901729583740234,10.93301010131836,10.858070373535156,10.901729583740234
2024-05-10,10.834759712219238,10.85949993133545,10.806380271911621,10.834759712219238
2024-05-13,10.84945011138916,10.869199752807617,10.791080474853516,10.84945011138916
2024-05-14,10.808500289916992,10.841950416564941,10.79343032836914,10.808500289916992
2024-05-15,10.800169944763184,10.80519962310791,10.684889793395996,10.800169944763184
2024-05-16,10.648280143737793,10.731650352478027,10.638070106506348,10.648280143737793
2024-05-17,10.688559532165527,10.739100456237793,10.671070098876953,10.688559532165527
2024-05-20,10.6670503616333,10.70773983001709,10.655269622802734,10.6670503616333
2024-05-21,10.692500114440918,10.727290153503418,10.642499923706055,10.692500114440918
2024-05-22,10.663800239562988,10.717350006103516,10.638420104980469,10.663800239562988
2024-05-23,10.704489707946777,10.715490341186523,10.593620300292969,10.704489707946777
2024-05-24,10.667900085449219,10.679699897766113,10.557510375976562,10.667900085449219
2024-05-27,10.588899612426758,10.589799880981445,10.47128963470459,10.588899612426758
2024-05-28,10.476900100708008,10.508950233459473,10.458189964294434,10.476900100708008
2024-05-29,10.514519691467285,10.588290214538574,10.471599578857422,10.514519691467285
2024-05-30,10.58584976196289,10.625639915466309,10.513999938964844,10.58584976196289
2024-05-31,10.551300048828125,10.566010475158691,10.45615005493164,10.551300048828125
2024-06-03,10.492500305175781,10.524499893188477,10.458359718322754,10.492500305175781
2024-06-04,10.446999549865723,10.59241008758545,10.426380157470703,10.446999549865723
2024-06-05,10.550939559936523,10.599849700927734,10.526599884033203,10.550939559936523
2024-06-06,10.567279815673828,10.607930183410645,10.53717041015625,10.567279815673828
2024-06-07,10.550239562988281,10.70740032196045,10.511639595031738,10.550239562988281
2024-06-10,10.71500015258789,10.746210098266602,10.65548038482666,10.71500015258789
2024-06-11,10.643850326538086,10.738829612731934,10.633760452270508,10.643850326538086
2024-06-12,10.690159797668457,10.704219818115234,10.486129760742188,10.690159797668457
2024-06-13,10.579500198364258,10.662260055541992,10.550880432128906,10.579500198364258
2024-06-14,10.648750305175781,10.724769592285156,10.626959800720215,10.648750305175781
2024-06-17,10.675200462341309,10.736430168151855,10.666359901428223,10.675200462341309
2024-06-18,10.648209571838379,10.693479537963867,10.575759887695312,10.648209571838379
2024-06-19,10.574250221252441,10.586079597473145,10.536450386047363,10.574250221252441
2024-06-20,10.5625,10.584930419921875,10.499159812927246,10.5625
2024-06-21,10.54010009765625,10.589070320129395,10.525970458984375,10.54010009765625
2024-06-24,10.579970359802246,10.587470054626465,10.522689819335938,10.579970359802246
2024-06-25,10.532400131225586,10.616900444030762,10.51863956451416,10.532400131225586
2024-06-26,10.614899635314941,10.710200309753418,10.59395980834961,10.614899635314941
2024-06-27,10.683819770812988,10.689200401306152,10.630709648132324,10.683819770812988
2024-06-28,10.65526008605957,10.692079544067383,10.626399993896484,10.65526008605957
2024-07-01,10.661399841308594,10.68237018585205,10.59904956817627,10.661399841308594
2024-07-02,10.658470153808594,10.719659805297852,10.654999732971191,10.658470153808594
2024-07-03,10.66586971282959,10.686090469360352,10.525369644165039,10.66586971282959
2024-07-04,10.547430038452148,10.579529762268066,10.541419982910156,10.547430038452148
2024-07-05,10.566100120544434,10.600449562072754,10.51688003540039,10.566100120544434
2024-07-08,10.563400268554688,10.595159530639648,10.519120216369629,10.563400268554688
2024-07-09,10.60116958618164,10.632169723510742,10.549610137939453,10.60116958618164
2024-07-10,10.602519989013672,10.733619689941406,10.589329719543457,10.602519989013672
2024-07-11,10.711739540100098,10.808699607849121,10.646849632263184,10.711739540100098
2024-07-12,10.713029861450195,10.768610000610352,10.678210258483887,10.713029861450195
2024-07-15,10.739100456237793,10.797829627990723,10.72603988647461,10.739100456237793
2024-07-16,10.804699897766113,10.846429824829102,10.794599533081055,10.804699897766113
2024-07-17,10.771820068359375,10.811059951782227,10.704700469970703,10.771820068359375
2024-07-18,10.714460372924805,10.783309936523438,10.704970359802246,10.714460372924805
2024-07-19,10.808150291442871,10.91310977935791,10.771479606628418,10.808150291442871
2024-07-22,10.878780364990234,11.004730224609375,10.87067985534668,10.878780364990234
2024-07-23,10.957229614257812,11.05031967163086,10.946929931640625,10.957229614257812
2024-07-24,11.017060279846191,11.077150344848633,10.920980453491211,11.017060279846191
2024-07-25,11.025799751281738,11.136280059814453,10.982709884643555,11.025799751281738
2024-07-26,11.024749755859375,11.032400131225586,10.90552043914795,11.024749755859375
2024-07-29,11.006600379943848,11.050339698791504,10.94614028930664,11.004599571228027
2024-07-30,10.99841022491455,11.019490242004395,10.950699806213379,10.99841022491455
2024-07-31,10.945549964904785,10.96222972869873,10.883099555969238,10.945549964904785
2024-08-01,10.89783000946045,10.915889739990234,10.829150199890137,10.89783000946045
2024-08-02,10.951979637145996,11.024279594421387,10.897489547729492,10.951979637145996
2024-08-05,10.956219673156738,11.127459526062012,10.918519973754883,10.956219673156738
2024-08-06,10.996700286865234,11.04248046875,10.888250350952148,10.996700286865234
2024-08-07,10.896430015563965,10.924659729003906,10.745499610900879,10.896430015563965
2024-08-08,10.820670127868652,10.888219833374023,10.761190414428711,10.820670127868652
2024-08-09,10.83506965637207,10.851699829101562,10.740960121154785,10.83506965637207
2024-08-12,10.811630249023438,10.812359809875488,10.75946044921875,10.811630249023438
2024-08-13,10.799969673156738,10.816780090332031,10.753199577331543,10.799969673156738
2024-08-14,10.723219871520996,10.749349594116211,10.620280265808105,10.723219871520996
2024-08-15,10.714489936828613,10.753049850463867,10.65999984741211,10.714489936828613
2024-08-16,10.740739822387695,10.768739700317383,10.710089683532715,10.740739822387695
2024-08-19,10.680899620056152,10.683659553527832,10.562649726867676,10.680899620056152
2024-08-20,10.529939651489258,10.570719718933105,10.499099731445312,10.529939651489258
2024-08-21,10.491640090942383,10.53555965423584,10.473979949951172,10.491640090942383
2024-08-22,10.500499725341797,10.607629776000977,10.385259628295898,10.500499725341797
2024-08-23,10.580479621887207,10.63422966003418,10.458009719848633,10.580479621887207
2024-08-26,10.465299606323242,10.569069862365723,10.42473030090332,10.465299606323242
2024-08-27,10.536479949951172,10.551969528198242,10.461859703063965,10.536479949951172
2024-08-28,10.460419654846191,10.54407024383545,10.444910049438477,10.460419654846191
2024-08-29,10.503600120544434,10.53380012512207,10.459179878234863,10.503600120544434
2024-08-30,10.5001802444458,10.617030143737793,10.475079536437988,10.5001802444458
2024-09-02,10.605629920959473,10.61674976348877,10.56074047088623,10.605629920959473
2024-09-03,10.590559959411621,10.701689720153809,10.581339836120605,10.590559959411621
2024-09-04,10.676190376281738,10.734330177307129,10.583499908447266,10.676190376281738
2024-09-05,10.632360458374023,10.658550262451172,10.590530395507812,10.632360458374023
2024-09-06,10.627809524536133,10.717350006103516,10.557290077209473,10.627809524536133
2024-09-09,10.70779037475586,10.850790023803711,10.687179565429688,10.70779037475586
2024-09-10,10.840189933776855,10.860710144042969,10.772100448608398,10.840189933776855
2024-09-11,10.811059951782227,10.910059928894043,10.788680076599121,10.811059951782227
2024-09-12,10.856120109558105,10.872010231018066,10.760000228881836,10.856120109558105
2024-09-13,10.707429885864258,10.711959838867188,10.630940437316895,10.707429885864258
2024-09-16,10.618840217590332,10.637700080871582,10.577580451965332,10.618840217590332
2024-09-17,10.590299606323242,10.622429847717285,10.5595703125,10.590299606323242
2024-09-18,10.579090118408203,10.617989540100098,10.546810150146484,10.579090118408203
2024-09-19,10.587039947509766,10.644820213317871,10.438010215759277,10.587039947509766
2024-09-20,10.50100040435791,10.560480117797852,10.445099830627441,10.50100040435791
2024-09-23,10.472800254821777,10.542630195617676,10.455699920654297,10.472800254821777
2024-09-24,10.48069953918457,10.499199867248535,10.410639762878418,10.48069953918457
2024-09-25,10.39054012298584,10.549779891967773,10.378029823303223,10.39054012298584
2024-09-26,10.574299812316895,10.611249923706055,10.49940013885498,10.574299812316895
2024-09-27,10.529399871826172,10.575530052185059,10.47031021118164,10.529399871826172
2024-09-30,10.484600067138672,10.556949615478516,10.44517993927002,10.484600067138672
2024-10-01,10.535479545593262,10.619779586791992,10.508440017700195,10.535479545593262
2024-10-02,10.607580184936523,10.621159553527832,10.519789695739746,10.607580184936523
2024-10-03,10.57190990447998,10.638799667358398,10.55817985534668,10.57190990447998
2024-10-04,10.598259925842285,10.69324016571045,10.55010986328125,10.598259925842285
2024-10-07,10.669699668884277,10.672699928283691,10.408269882202148,10.669699668884277
2024-10-08,10.640999794006348,10.739999771118164,10.569519996643066,10.640999794006348
2024-10-09,10.705920219421387,10.814080238342285,10.697970390319824,10.705920219421387
2024-10-10,10.774299621582031,10.795040130615234,10.731929779052734,10.774299621582031
2024-10-11,10.729439735412598,10.763400077819824,10.688859939575195,10.729439735412598
2024-10-14,10.731639862060547,10.79028034210205,10.71603012084961,10.731639862060547
2024-10-15,10.801799774169922,10.859829902648926,10.771849632263184,10.801799774169922
2024-10-16,10.826189994812012,10.931509971618652,10.808819770812988,10.826189994812012
2024-10-17,10.91234016418457,10.966150283813477,10.891690254211426,10.91234016418457
2024-10-18,10.916399955749512,10.938549995422363,10.858059883117676,10.916399955749512
2024-10-21,10.918600082397461,10.968810081481934,10.884309768676758,10.918600082397461
2024-10-22,10.94849967956543,10.956069946289062,10.90176010131836,10.94849967956543
2024-10-23,10.921699523925781,11.030349731445312,10.905850410461426,10.921699523925781
2024-10-24,10.986200332641602,10.98762035369873,10.908760070800781,10.986200332641602
2024-10-25,10.936180114746094,10.955769538879395,10.905360221862793,10.936180114746094
2024-10-28,10.985199928283691,11.027700424194336,10.958700180053711,10.985199928283691
2024-10-29,10.983920097351074,11.007980346679688,10.94324016571045,10.983920097351074
2024-10-30,10.953709602355957,10.990269660949707,10.909110069274902,10.953709602355957
2024-10-31,10.961199760437012,11.040989875793457,10.946149826049805,10.961199760437012
2024-11-01,10.993339538574219,11.048709869384766,10.975700378417969,10.993339538574219
2024-11-04,11.00885009765625,11.017470359802246,10.936519622802734,11.00885009765625
2024-11-05,11.004110336303711,11.005270004272461,10.943050384521484,11.004110336303711
2024-11-06,10.939499855041504,11.16469955444336,10.928750038146973,10.939499855041504
2024-11-07,11.076499938964844,11.093600273132324,10.820050239562988,11.076499938964844
2024-11-08,10.871199607849121,11.032349586486816,10.8545503616333,10.871199607849121
2024-11-11,10.993570327758789,11.082770347595215,10.977259635925293,10.993570327758789
2024-11-12,11.020279884338379,11.101539611816406,11.016679763793945,11.020279884338379
2024-11-13,11.079950332641602,11.154589653015137,11.034299850463867,11.079950332641602
2024-11-14,11.133099555969238,11.191129684448242,11.074950218200684,11.133099555969238
2024-11-15,11.1496000289917,11.156220436096191,11.038490295410156,11.1496000289917
2024-11-18,11.081950187683105,11.13074016571045,11.018099784851074,11.081950187683105
2024-11-19,10.998769760131836,11.071430206298828,10.961009979248047,10.998769760131836
2024-11-20,10.955080032348633,11.085260391235352,10.954609870910645,10.955080032348633
2024-11-21,11.061079978942871,11.09391975402832,11.001709938049316,11.061079978942871
2024-11-22,11.072649955749512,11.191690444946289,11.043399810791016,11.072649955749512
2024-11-25,11.01338005065918,11.117329597473145,10.985199928283691,11.01338005065918
2024-11-26,11.108790397644043,11.190699577331543,11.0558500289917,11.108790397644043
2024-11-27,11.142849922180176,11.172240257263184,11.02023983001709,11.142849922180176
2024-11-28,11.067700386047363,11.109270095825195,11.037590026855469,11.067700386047363
2024-11-29,11.037599563598633,11.087800025939941,10.979610443115234,11.037599563598633
2024-12-02,11.056679725646973,11.156000137329102,11.056679725646973,11.055520057678223
2024-12-03,11.092229843139648,11.127510070800781,11.037240028381348,11.092229843139648
2024-12-04,11.055919647216797,11.094019889831543,11.029129981994629,11.055919647216797
2024-12-05,11.053019523620605,11.080400466918945,11.011300086975098,11.053019523620605
2024-12-06,11.034520149230957,11.158160209655762,11.029720306396484,11.034520149230957
2024-12-09,11.151630401611328,11.195699691772461,11.074230194091797,11.151630401611328
2024-12-10,11.121230125427246,11.176199913024902,11.093950271606445,11.121230125427246
2024-12-11,11.144700050354004,11.202059745788574,11.103260040283203,11.144700050354004
2024-12-12,11.134570121765137,11.149370193481445,11.082469940185547,11.134570121765137
2024-12-13,11.149169921875,11.192239761352539,11.083359718322754,11.149169921875
2024-12-16,11.133399963378906,11.20359992980957,11.121899604797363,11.133399963378906
2024-12-17,11.14330005645752,11.213800430297852,11.116689682006836,11.14330005645752
2024-12-18,11.188420295715332,11.246089935302734,11.169910430908203,11.188420295715332
2024-12-19,11.386099815368652,11.457019805908203,11.267749786376953,11.386099815368652
2024-12-20,11.433629989624023,11.474780082702637,11.34076976776123,11.433629989624023
2024-12-23,11.314760208129883,11.385700225830078,11.291080474853516,11.314760208129883
2024-12-24,11.351180076599121,11.401320457458496,11.346309661865234,11.351180076599121
2024-12-25,11.35669994354248,11.374460220336914,10.734700202941895,11.35669994354248
2024-12-26,11.34214973449707,11.4027099609375,11.314959526062012,11.34214973449707
2024-12-27,11.38815975189209,11.41388988494873,11.328579902648926,11.38815975189209
2024-12-30,11.344900131225586,11.393489837646484,11.334199905395508,11.344900131225586
