Date,SPY,QQQ,IWM,EFA,EEM,TLT,IEF,LQD,HYG,GLD,SLV,USO,DBC,DBA,UUP,BTC,ETH
2007-01-07,98.28902435302734,37.561405181884766,59.175201416015625,40.3558235168457,24.596996307373047,48.313724517822266,50.158573150634766,49.428367614746094,,60.16999816894531,12.175000190734863,382.6400146484375,18.76150131225586,20.808931350708008,,,
2007-01-14,100.17729949951172,38.812007904052734,60.910438537597656,40.85887145996094,24.969650268554688,47.6800537109375,49.86140823364258,49.156253814697266,,62.16999816894531,12.779999732971191,357.0400085449219,18.826475143432617,22.538848876953125,,,
2007-01-21,99.8835678100586,37.835506439208984,59.9696044921875,41.18864822387695,25.134765625,47.653011322021484,49.84927749633789,49.25773239135742,,63.0,12.800999641418457,355.44000244140625,18.639673233032227,21.499237060546875,,,
2007-01-28,99.40105438232422,37.321563720703125,60.20866394042969,41.015384674072266,25.257492065429688,47.0681037902832,49.60061264038086,48.99028778076172,,64.16999816894531,13.354999542236328,370.239990234375,19.151350021362305,21.657255172729492,,,
2007-02-04,101.27530670166016,37.82694625854492,61.8898811340332,41.75877380371094,25.739490509033203,47.41740417480469,49.80139923095703,49.27030563354492,,64.27999877929688,13.392000198364258,394.7200012207031,19.663026809692383,21.648941040039062,,,
2007-02-11,100.6668930053711,37.587120056152344,61.936180114746094,41.71965408325195,25.471717834472656,47.65129470825195,49.96578598022461,49.381446838378906,,66.12000274658203,13.805999755859375,399.9200134277344,19.833585739135742,21.757057189941406,,,
2007-02-18,101.91871643066406,38.29804611206055,62.599422454833984,42.692203521728516,26.328590393066406,48.20048522949219,50.28227615356445,49.784420013427734,,66.36000061035156,13.901000022888184,394.79998779296875,19.890439987182617,22.239437103271484,,,
2007-02-25,101.61799621582031,38.76918029785156,63.20094680786133,42.859893798828125,26.219242095947266,48.309226989746094,50.410133361816406,49.923377990722656,,67.72000122070312,14.527999877929688,403.67999267578125,20.49957847595215,22.61370277404785,,,
2007-03-04,96.981201171875,36.38785171508789,59.27550506591797,40.467613220214844,24.09938621520996,49.236122131347656,51.02867889404297,50.37833786010742,,63.709999084472656,12.878000259399414,408.0799865722656,20.14221954345703,21.948347091674805,20.540979385375977,,
2007-03-11,98.45687103271484,36.773338317871094,60.29348373413086,41.417823791503906,25.036590576171875,48.799434661865234,50.79048156738281,50.094635009765625,,64.25,12.854999542236328,400.8800048828125,20.069120407104492,21.88180923461914,20.705570220947266,,
2007-03-18,97.26753234863281,36.710792541503906,59.59169006347656,40.94271469116211,24.617076873779297,49.0450439453125,51.02867889404297,49.99696731567383,,64.62000274658203,13.092000007629395,387.3599853515625,19.695514678955078,21.557453155517578,20.46691131591797,,
2007-03-25,100.6799545288086,37.816471099853516,62.00111770629883,42.75929260253906,26.089815139770508,48.4664306640625,50.857730865478516,49.91792678833008,,65.1500015258789,13.121999740600586,404.55999755859375,20.18282699584961,21.85685920715332,20.516292572021484,,
2007-04-01,99.7039566040039,37.310787200927734,61.390716552734375,42.64749526977539,25.996097564697266,48.18805694580078,50.74778366088867,49.8900032043457,,65.73999786376953,13.35200023651123,426.79998779296875,20.613285064697266,20.9503173828125,20.401079177856445,,
2007-04-08,101.27679443359375,38.193603515625,62.15565872192383,43.4523811340332,26.794950485229492,48.07632064819336,50.71220397949219,49.83018493652344,,66.86000061035156,13.65999984741211,416.0799865722656,20.5970401763916,21.149925231933594,20.38461685180664,,
2007-04-15,102.03507232666016,38.27077102661133,62.86654281616211,43.966609954833984,27.40859031677246,47.73112106323242,50.485328674316406,49.66665267944336,31.358068466186523,67.83999633789062,13.989999771118164,412.1600036621094,20.873186111450195,21.474281311035156,20.318784713745117,,
2007-04-22,104.35213470458984,38.913604736328125,63.60063171386719,44.76032257080078,27.482227325439453,48.29541778564453,50.81028366088867,50.01238250732422,31.43027114868164,68.69999694824219,13.871000289916992,400.3999938964844,20.73511505126953,21.208141326904297,20.129501342773438,,
2007-04-29,104.99112701416016,39.91644287109375,63.76290512084961,44.40816879272461,27.495620727539062,48.12010955810547,50.8348388671875,50.091835021972656,31.770267486572266,67.55999755859375,13.48900032043457,414.7200012207031,20.954402923583984,20.883785247802734,20.19533920288086,,
2007-05-06,105.96710968017578,39.96786880493164,63.99470138549805,45.01740646362305,27.832571029663086,48.71983337402344,51.070369720458984,50.34419250488281,31.807369232177734,68.19000244140625,13.383000373840332,386.3999938964844,20.70262336730957,21.29962921142578,20.244714736938477,,
2007-05-13,105.92496490478516,40.09644317626953,63.623779296875,44.816200256347656,28.10479736328125,48.49441909790039,50.97184371948242,50.26907730102539,31.876752853393555,66.44999694824219,13.147000312805176,388.55999755859375,20.58892059326172,21.066753387451172,20.41753578186035,,
2007-05-20,107.16072845458984,40.03644561767578,63.15243911743164,44.9056282043457,28.305622100830078,47.80152893066406,50.57797622680664,49.931175231933594,31.934049606323242,65.5199966430664,12.904000282287598,400.79998779296875,20.653894424438477,20.69249153137207,20.433998107910156,,
2007-05-27,106.50773620605469,39.813594818115234,63.73970413208008,44.82179260253906,28.060165405273438,47.49359893798828,50.417964935302734,49.81853103637695,31.997417449951172,64.94000244140625,12.880000114440918,396.0,20.791967391967773,21.623987197875977,20.499834060668945,,
2007-06-03,108.18582153320312,40.66215896606445,65.44734954833984,45.5875358581543,29.037525177001953,47.24958038330078,50.12720489501953,49.52477264404297,31.887582778930664,66.44000244140625,13.63700008392334,395.67999267578125,20.873186111450195,21.948347091674805,20.516292572021484,,
2007-06-10,106.05137634277344,40.2078742980957,64.01788330078125,44.53672790527344,28.138263702392578,46.26144027709961,49.66373825073242,48.98251724243164,31.596343994140625,64.22000122070312,13.029999732971191,392.4800109863281,20.70262336730957,21.98161506652832,20.60681915283203,,
2007-06-17,107.9399185180664,40.96843719482422,65.16146850585938,45.15714645385742,29.548524856567383,46.20070266723633,49.57107162475586,48.958953857421875,31.44163703918457,64.8499984741211,13.16100025177002,412.239990234375,21.644760131835938,23.179250717163086,20.647966384887695,,
2007-06-24,106.16291046142578,40.56526184082031,64.07196044921875,44.698814392089844,29.3298397064209,46.23934555053711,49.71317672729492,49.039146423339844,31.338468551635742,64.77999877929688,13.005999565124512,415.1199951171875,21.311767578125,22.197856903076172,20.532747268676758,,
2007-07-01,106.07829284667969,40.83119583129883,64.1785888671875,45.145973205566406,29.37224006652832,47.01771926879883,50.108680725097656,49.31261444091797,30.88645362854004,64.2699966430664,12.350000381469727,424.0,20.873186111450195,21.956663131713867,20.475141525268555,,
2007-07-08,107.87647247314453,41.91200256347656,65.64952087402344,46.11853790283203,30.860599517822266,46.26180648803711,49.6390380859375,48.78774642944336,30.991138458251953,64.95999908447266,12.680000305175781,437.44000244140625,21.401107788085938,22.214488983154297,20.39284896850586,,
2007-07-15,109.19511413574219,42.80413055419922,65.7269287109375,46.70543670654297,31.86473846435547,46.69407653808594,49.955413818359375,49.01987075805664,30.991138458251953,66.02999877929688,12.963000297546387,444.32000732421875,21.644760131835938,22.929744720458984,20.220027923583984,,
2007-07-22,108.24317169189453,42.932796478271484,64.44954681396484,46.062660217285156,31.23548126220703,47.636131286621094,50.47032165527344,49.21881103515625,30.762248992919922,67.58000183105469,13.232999801635742,456.0,21.441715240478516,21.94002914428711,20.154191970825195,,
2007-07-29,102.32678985595703,41.165733337402344,59.324554443359375,43.396488189697266,29.242828369140625,48.367652893066406,51.15888214111328,48.85409927368164,29.303483963012695,65.41000366210938,12.621000289916992,461.9200134277344,21.344255447387695,21.623987197875977,20.285865783691406,,
2007-08-05,101.40300750732422,40.67678451538086,58.333614349365234,43.51944351196289,28.506452560424805,48.918174743652344,51.464962005615234,49.24028015136719,29.795494079589844,66.69000244140625,13.027000427246094,451.5199890136719,21.035621643066406,21.648941040039062,20.137731552124023,,
2007-08-12,102.04473114013672,40.55669403076172,60.43160629272461,42.83194351196289,28.461820602416992,47.88898849487305,51.109989166259766,48.99277877807617,30.204063415527344,66.56999969482422,12.765000343322754,429.1199951171875,20.73511505126953,21.94002914428711,20.351701736450195,,
2007-08-19,102.04473114013672,39.72465133666992,60.70256042480469,41.70846176147461,27.27916717529297,48.28398895263672,51.707820892333984,48.94517517089844,30.6248722076416,65.01000213623047,11.663999557495117,432.239990234375,20.434606552124023,21.441011428833008,20.516292572021484,,
2007-08-26,104.59745788574219,41.34586715698242,61.64707565307617,43.7430305480957,29.231660842895508,48.87367248535156,51.91333770751953,49.63056564331055,30.67095184326172,66.11000061035156,11.899999618530273,429.1199951171875,20.81633186340332,22.231122970581055,20.39284896850586,,
2007-09-02,104.07561492919922,41.92058563232422,60.95805740356445,43.83246612548828,29.889934539794922,49.446693420410156,52.39910888671875,50.0732307434082,31.2299861907959,66.5199966430664,11.998000144958496,446.239990234375,20.865062713623047,22.156269073486328,20.401079177856445,,
2007-09-09,103.00375366210938,41.37161636352539,60.176177978515625,43.22320556640625,29.48827362060547,50.44211959838867,53.07687759399414,50.316104888916016,31.08256721496582,69.38999938964844,12.442000389099121,462.0799865722656,21.198060989379883,22.45568084716797,20.187108993530273,,
2007-09-16,104.99937438964844,42.2208137512207,60.45486068725586,43.75979995727539,30.608455657958984,50.224246978759766,52.707950592041016,50.03397750854492,31.799598693847656,69.98999786376953,12.479999542236328,478.32000732421875,21.474201202392578,22.76340675354004,20.19533920288086,,
2007-09-23,107.67266845703125,43.22117233276367,62.67670822143555,45.10686111450195,32.355655670166016,49.09587097167969,52.16400146484375,50.00050354003906,32.065399169921875,72.33999633789062,13.418999671936035,497.1199951171875,22.489437103271484,23.927776336669922,19.96491241455078,,
2007-09-30,108.10482788085938,44.122314453125,62.115272521972656,46.16325759887695,33.34864044189453,49.55951690673828,52.44538497924805,50.440391540527344,32.14265441894531,73.51000213623047,13.654999732971191,500.3999938964844,22.830556869506836,24.5349063873291,19.792091369628906,,
2007-10-07,110.42164611816406,45.33243942260742,65.28929901123047,47.06315994262695,35.04898452758789,49.506248474121094,52.21317672729492,50.485111236572266,32.31216812133789,73.4000015258789,13.295000076293945,498.239990234375,22.538166046142578,23.636682510375977,19.940221786499023,,
2007-10-14,110.76171875,45.941802978515625,65.04869842529297,47.48237228393555,35.59122848510742,49.14173889160156,52.11904525756836,50.44664001464844,32.498775482177734,74.58999633789062,13.739999771118164,512.0,22.83867645263672,23.936092376708984,19.91553497314453,,
2007-10-21,106.04303741455078,45.00632095336914,61.37797546386719,45.93968963623047,33.9622802734375,50.728790283203125,53.286338806152344,51.26805877685547,31.97005844116211,75.69999694824219,13.454000473022461,537.1199951171875,23.480302810668945,24.601444244384766,19.742713928222656,,
2007-10-28,108.84164428710938,46.28511428833008,63.644046783447266,47.48795700073242,36.37222671508789,50.751182556152344,53.267478942871094,51.07590866088867,32.06022644042969,77.69000244140625,14.133000373840332,569.3599853515625,24.243759155273438,24.351938247680664,19.62749671936035,,
2007-11-04,107.12706756591797,46.70564270019531,61.71944808959961,47.37617111206055,36.00403594970703,51.27851867675781,53.58769989013672,50.997459411621094,32.00860595703125,79.83000183105469,14.529999732971191,594.7999877929688,24.98284912109375,24.52659034729004,19.4217586517334,,
2007-11-11,102.83346557617188,42.91218948364258,59.639617919921875,45.68257522583008,34.27469253540039,51.441925048828125,54.06631851196289,51.08430480957031,31.852094650268555,82.18000030517578,15.289999961853027,598.1599731445312,25.267112731933594,24.842634201049805,19.33946418762207,,
2007-11-18,103.29402160644531,43.152523040771484,59.205020904541016,45.453407287597656,34.31930923461914,52.05021667480469,54.2237663269043,50.78998947143555,31.930355072021484,77.75,14.34000015258789,591.2000122070312,24.625484466552734,24.751150131225586,19.479366302490234,,
2007-11-25,102.11787414550781,42.7748908996582,58.25048828125,45.33042907714844,32.88673782348633,52.79372024536133,54.73389434814453,50.9588623046875,30.96305274963379,81.25,14.663000106811523,614.0800170898438,25.69757080078125,25.566205978393555,19.281858444213867,,
2007-12-02,105.32744598388672,44.036495208740234,59.48442459106445,46.38124465942383,34.45320510864258,53.15976333618164,55.15584945678711,51.446189880371094,31.9334716796875,77.31999969482422,13.899999618530273,559.280029296875,24.61736297607422,25.49135398864746,19.60280990600586,,
2007-12-09,106.92162322998047,44.91190719604492,60.912357330322266,46.70543670654297,35.709495544433594,51.885196685791016,54.571285247802734,50.48040008544922,32.02230453491211,78.5999984741211,14.276000022888184,555.4400024414062,25.08843421936035,26.672353744506836,19.685104370117188,,
2007-12-16,104.27171325683594,43.744712829589844,58.20392608642578,44.682064056396484,33.449058532714844,51.240474700927734,54.16689682006836,49.98126220703125,32.14834213256836,78.5199966430664,13.73900032043457,578.0800170898438,25.527013778686523,26.78879165649414,19.890844345092773,,
2007-12-23,105.50899505615234,44.54633712768555,60.997737884521484,44.860904693603516,34.301456451416016,51.83989715576172,54.546051025390625,50.71785354614258,32.19557189941406,80.0999984741211,14.21500015258789,590.4000244140625,25.726768493652344,27.6660099029541,20.00701904296875,,
2007-12-30,104.91773223876953,44.52056884765625,59.61468505859375,45.27937316894531,34.382144927978516,52.508155822753906,54.92998504638672,50.935543060302734,31.837448120117188,83.0,14.652000427246094,607.1199951171875,26.234479904174805,27.826269149780273,19.542322158813477,,
2008-01-06,100.65125274658203,41.58230972290039,56.134029388427734,43.892147064208984,32.69614028930664,53.52449035644531,55.83694076538086,51.88963317871094,31.42563819885254,85.12999725341797,15.166999816894531,618.47998046875,27.041820526123047,29.16739845275879,19.32656478881836,,
2008-01-13,99.82498168945312,40.422462463378906,54.677947998046875,43.083900451660156,33.18883514404297,53.4847297668457,56.1730842590332,51.845802307128906,31.013795852661133,88.58000183105469,16.07699966430664,584.719970703125,26.642305374145508,30.744693756103516,19.542322158813477,,
2008-01-20,94.06273651123047,38.96194076538086,52.34195327758789,41.10628128051758,30.60107421875,54.21715545654297,56.83266067504883,51.986976623535156,30.972604751586914,87.41999816894531,16.030000686645508,572.3200073242188,26.151247024536133,30.85434913635254,19.691686630249023,,
2008-01-27,94.7607650756836,37.79349899291992,53.315277099609375,40.52157974243164,30.14002799987793,54.47833251953125,57.20686721801758,52.283870697021484,31.251352310180664,90.30000305175781,16.29800033569336,575.280029296875,26.783803939819336,30.685651779174805,19.55061912536621,,
2008-02-03,99.41902923583984,39.16813278198242,56.538944244384766,42.161014556884766,31.554832458496094,54.25751876831055,57.22075271606445,52.564334869384766,31.341480255126953,89.3499984741211,16.618999481201172,563.760009765625,26.559080123901367,31.419477462768555,19.525724411010742,,
2008-02-10,94.78216552734375,37.45842742919922,54.24967575073242,39.17448043823242,29.90045738220215,53.385746002197266,57.036224365234375,51.9139289855957,30.668519973754883,91.0,17.025999069213867,583.2000122070312,27.807546615600586,32.920860290527344,19.8327579498291,,
2008-02-17,96.25651550292969,37.647464752197266,54.40541076660156,40.46997833251953,31.267793655395508,52.348838806152344,56.61000061035156,51.52762222290039,30.534557342529297,89.1500015258789,16.95199966430664,607.4400024414062,28.073888778686523,33.04738235473633,19.691686630249023,,
2008-02-24,96.59841918945312,37.52718734741211,54.05501174926758,41.09479904174805,31.91643524169922,52.428592681884766,56.571868896484375,51.28310775756836,30.617483139038086,93.38999938964844,17.916000366210938,628.7999877929688,29.380619049072266,34.540340423583984,19.30167007446289,,
2008-03-02,95.31633758544922,36.899993896484375,53.618953704833984,41.043216705322266,31.554832458496094,53.68770217895508,57.742454528808594,51.97262954711914,30.738698959350586,96.18000030517578,19.667999267578125,643.3599853515625,30.046464920043945,35.05485534667969,19.04442596435547,,
2008-03-09,92.38887786865234,36.14396286010742,51.3608283996582,39.96553421020508,30.133251190185547,52.743011474609375,57.78716278076172,51.12690734863281,30.653953552246094,96.08999633789062,20.040000915527344,669.8400268554688,30.962013244628906,33.53660202026367,18.919954299926758,,
2008-03-16,92.31766510009766,36.298606872558594,51.50098419189453,40.09738540649414,29.638296127319336,54.32707214355469,58.527408599853516,50.55729675292969,30.255935668945312,98.70999908447266,20.42099952697754,692.0800170898438,32.3769416809082,34.75120544433594,18.6378116607666,,
2008-03-23,94.5427017211914,37.049217224121094,52.544403076171875,39.816497802734375,29.064241409301758,55.57373046875,59.05069351196289,51.36760330200195,30.734189987182617,89.91000366210938,16.701000213623047,650.4000244140625,29.17253875732422,30.407304763793945,18.911657333374023,,
2008-03-30,94.13470458984375,37.393131256103516,53.18395233154297,41.06614303588867,30.192007064819336,54.64163589477539,58.41256332397461,51.524776458740234,30.89146614074707,91.87999725341797,17.75,674.9600219726562,30.50424575805664,31.71469497680664,18.55483055114746,,
2008-04-06,97.98570251464844,39.43087387084961,55.50035858154297,42.87754821777344,31.814727783203125,54.672916412353516,58.252750396728516,52.320091247558594,31.246620178222656,90.25,17.614999771118164,679.0399780273438,30.870458602905273,32.40633773803711,18.579723358154297,,
2008-04-13,95.47328186035156,38.0723876953125,53.612918853759766,41.639366149902344,31.491535186767578,54.94282531738281,58.239959716796875,52.13748550415039,31.1884822845459,91.30000305175781,17.577999114990234,707.8400268554688,31.586244583129883,32.541297912597656,18.6046199798584,,
2008-04-20,99.12384033203125,40.1617317199707,55.89811325073242,43.16989517211914,32.978660583496094,53.277408599853516,57.247371673583984,51.77227783203125,31.6763916015625,90.62000274658203,17.67099952697754,750.3200073242188,32.36029815673828,32.7774772644043,18.671005249023438,,
2008-04-27,99.92549896240234,40.540035247802734,56.07750701904297,43.35331726074219,33.12556076049805,52.73183822631836,56.71593475341797,51.6044807434082,31.957534790039062,87.2699966430664,16.684999465942383,765.280029296875,32.335323333740234,31.056777954101562,18.84526824951172,,
2008-05-04,101.2927017211914,41.932945251464844,56.58448028564453,43.8405876159668,33.81938552856445,52.801734924316406,56.63117980957031,52.306732177734375,32.433895111083984,84.58000183105469,16.256999969482422,747.2000122070312,31.619539260864258,30.677213668823242,19.019533157348633,,
2008-05-11,99.42448425292969,41.45145034790039,55.76555252075195,43.49663543701172,33.222740173339844,53.314754486083984,57.19001388549805,52.41584396362305,32.173919677734375,87.41999816894531,16.665000915527344,816.9600219726562,33.80851364135742,31.529129028320312,18.861865997314453,,
2008-05-18,102.11589813232422,42.999107360839844,57.67637634277344,45.00995635986328,35.05337905883789,52.9343147277832,56.81747055053711,52.37615203857422,32.20640182495117,89.0999984741211,16.75,818.1599731445312,33.73360824584961,31.124258041381836,18.74569320678711,,
2008-05-25,98.52259826660156,41.442840576171875,56.31929016113281,43.915096282958984,33.60468673706055,52.89394760131836,56.86243438720703,51.84083938598633,31.9724178314209,91.2300033569336,18.020999908447266,855.5999755859375,34.80729293823242,30.432607650756836,18.52993392944336,,
2008-06-01,100.46235656738281,42.999107360839844,58.2379264831543,43.97241973876953,34.194557189941406,52.0351676940918,56.085166931152344,51.151851654052734,31.920413970947266,87.44999694824219,16.67300033569336,824.47998046875,33.75025177001953,29.81687355041504,18.84526824951172,,
2008-06-08,97.55621337890625,42.156494140625,57.65298843383789,42.62531280517578,32.70518493652344,52.50199508666992,56.70206069946289,51.34754943847656,31.696001052856445,89.05999755859375,17.399999618530273,897.3599853515625,35.01536560058594,31.756866455078125,18.66270637512207,,
2008-06-15,97.45600891113281,41.58900833129883,57.18503952026367,41.54765701293945,31.91643524169922,51.40869903564453,55.39995193481445,50.291934967041016,31.89226531982422,85.83000183105469,16.33099937438965,873.5999755859375,36.2888069152832,34.22825622558594,19.077619552612305,,
2008-06-22,94.65592193603516,40.800621032714844,56.60004425048828,40.555973052978516,31.007898330688477,51.95246505737305,55.83184814453125,50.65543746948242,31.251163482666016,88.94999694824219,17.195999145507812,873.1199951171875,36.50520706176758,33.82338333129883,18.828672409057617,,
2008-06-29,91.742431640625,39.2777214050293,54.385040283203125,39.869171142578125,30.791725158691406,53.40441131591797,56.68921661376953,50.635528564453125,30.780147552490234,91.47000122070312,17.329999923706055,910.0,37.94511032104492,35.189815521240234,18.6212158203125,,
2008-07-06,90.86479187011719,38.400089263916016,52.08296585083008,39.29676818847656,29.518457412719727,53.45197296142578,56.729156494140625,50.368064880371094,30.67858123779297,92.05999755859375,18.000999450683594,934.5599975585938,38.635921478271484,35.451290130615234,18.737390518188477,,
2008-07-13,89.08794403076172,38.33987045288086,52.66228485107422,38.37393569946289,29.502439498901367,53.50422668457031,56.890838623046875,50.233062744140625,30.51717185974121,95.16000366210938,18.638999938964844,939.1199951171875,38.22809600830078,34.05955123901367,18.52993392944336,,
2008-07-20,90.62739562988281,38.36568069458008,53.92265319824219,39.20914840698242,29.692184448242188,52.51145553588867,56.41227340698242,49.59293746948242,30.645673751831055,94.16999816894531,17.968000411987305,835.52001953125,34.998722076416016,31.284521102905273,18.6046199798584,,
2008-07-27,90.26771545410156,38.95073699951172,55.331783294677734,39.0748176574707,29.20756721496582,52.33148193359375,56.41227340698242,49.96799850463867,30.958580017089844,91.69000244140625,17.25,794.1599731445312,33.4672737121582,30.331388473510742,18.75398826599121,,
2008-08-03,90.75688171386719,38.61518859863281,55.90326690673828,38.19870376586914,29.118412017822266,53.33746337890625,57.16519546508789,50.5052490234375,30.79059600830078,89.56999969482422,17.280000686645508,808.3200073242188,33.25086975097656,30.28078269958496,18.911657333374023,,
2008-08-10,93.06608581542969,40.7145881652832,57.241939544677734,38.18703079223633,28.226890563964844,53.605499267578125,57.359920501708984,50.83184814453125,30.604801177978516,84.43000030517578,15.1899995803833,741.4400024414062,30.870458602905273,27.893747329711914,19.525724411010742,,
2008-08-17,93.64158630371094,41.43732452392578,58.79197692871094,36.89036560058594,27.61652946472168,54.21144104003906,57.74283218383789,50.90217971801758,30.75408172607422,77.62999725341797,12.699999809265137,734.4000244140625,30.895421981811523,28.872173309326172,19.857654571533203,,
2008-08-24,93.26752471923828,40.86088943481445,57.68030548095703,36.82027816772461,27.5479679107666,54.23474884033203,57.67790222167969,50.56557083129883,30.518569946289062,81.08000183105469,13.260000228881836,740.3200073242188,32.04401397705078,31.08208465576172,19.74147605895996,,
2008-08-31,92.64884185791016,39.68210983276367,57.829071044921875,37.12984085083008,27.465662002563477,54.67759323120117,58.008914947509766,50.76152801513672,30.65123748779297,81.70999908447266,13.369999885559082,742.9600219726562,31.4281063079834,29.833742141723633,19.865949630737305,,
2008-09-07,89.50514221191406,37.38480758666992,56.08335494995117,34.717594146728516,25.346586227416992,55.8354377746582,58.63081741333008,51.027435302734375,30.864994049072266,78.9800033569336,12.029999732971191,688.47998046875,29.705217361450195,27.83470344543457,20.272563934326172,,
2008-09-14,90.70654296875,37.367584228515625,56.56086730957031,35.2783203125,25.058565139770508,55.51967239379883,58.357295989990234,50.482383728027344,30.724748611450195,75.55000305175781,10.75,651.9199829101562,28.548303604125977,27.952789306640625,20.189579010009766,,
2008-09-21,89.8061752319336,36.93647766113281,58.713722229003906,36.101863861083984,26.382131576538086,54.95243453979492,58.08382797241211,46.80839538574219,29.696123123168945,85.9800033569336,12.460000038146973,661.0399780273438,28.63985824584961,27.412965774536133,19.782968521118164,,
2008-09-28,87.44021606445312,35.36946105957031,55.409725189208984,34.89865493774414,24.544233322143555,55.26238250732422,57.89496994018555,45.42055892944336,28.787736892700195,86.63999938964844,13.149999618530273,689.6799926757812,29.25577163696289,27.514179229736328,19.61700439453125,,
2008-10-05,79.83573150634766,31.15060043334961,49.18859100341797,31.090473175048828,21.067302703857422,57.13286209106445,58.88474655151367,45.04840850830078,27.73196792602539,82.58999633789062,10.989999771118164,602.0,25.418811798095703,23.718542098999023,20.56300163269043,,
2008-10-12,64.03355407714844,26.966201782226562,41.14739227294922,24.741548538208008,16.836009979248047,56.28236770629883,57.29043197631836,41.4185905456543,22.949438095092773,83.22000122070312,9.800000190734863,532.0,22.772058486938477,21.086894989013672,20.737262725830078,,
2008-10-19,67.44145965576172,27.80997085571289,40.951255798339844,25.997312545776367,16.733139038085938,55.06222915649414,57.46689224243164,43.096595764160156,23.57590675354004,77.20999908447266,9.229999542236328,474.9599914550781,22.347579956054688,21.533939361572266,21.094087600708008,,
2008-10-26,62.97718811035156,25.40781021118164,37.005191802978516,23.12364959716797,13.592249870300293,56.73985290527344,58.40780258178711,44.78987121582031,23.50853729248047,72.20999908447266,9.130000114440918,424.0,20.18356704711914,20.395246505737305,22.305625915527344,,
2008-11-02,70.06069946289062,28.317962646484375,42.167240142822266,26.03235626220703,17.439498901367188,54.452178955078125,57.42761993408203,44.43497848510742,24.249479293823242,71.33999633789062,9.579999923706055,444.7200012207031,21.132402420043945,21.677330017089844,21.99029541015625,,
2008-11-09,67.91175842285156,26.854272842407227,39.71175003051758,26.10245132446289,16.897727966308594,55.51234817504883,58.12939453125,45.97108840942383,24.773191452026367,72.5,9.9399995803833,400.32000732421875,20.374998092651367,21.204980850219727,21.96540069580078,,
2008-11-16,62.67332077026367,24.95148277282715,35.80490493774414,24.06401824951172,15.238133430480957,56.048187255859375,58.91629409790039,45.802947998046875,23.957048416137695,73.30000305175781,9.359999656677246,369.44000244140625,19.767412185668945,21.247156143188477,22.197751998901367,,
2008-11-23,57.53614807128906,22.962602615356445,31.882375717163086,22.352672576904297,14.326034545898438,60.61239242553711,60.916465759277344,46.2869873046875,21.773862838745117,78.8499984741211,9.520000457763672,328.0,18.161048889160156,19.593944549560547,22.36371612548828,,
2008-11-30,65.18399810791016,25.07202911376953,37.13855743408203,24.37358283996582,15.738753318786621,62.26137924194336,61.880516052246094,45.92522048950195,22.528804779052734,80.30999755859375,10.229999542236328,336.7200012207031,18.518943786621094,20.81698226928711,22.03178596496582,,
2008-12-07,63.62115478515625,24.917043685913086,36.16576385498047,23.46825408935547,15.4575834274292,65.28392028808594,62.86943817138672,47.04765319824219,22.184419631958008,74.5199966430664,9.399999618530273,274.0,16.396549224853516,18.531166076660156,22.098173141479492,,
2008-12-14,64.38809204101562,25.55418586730957,36.78554153442383,25.132875442504883,16.98002052307129,66.40074920654297,63.665557861328125,48.39437484741211,22.3906307220459,80.80999755859375,10.140000343322754,304.79998779296875,18.22763442993164,20.24342155456543,21.12727928161621,,
2008-12-21,64.32723236083984,25.74647331237793,38.20549392700195,25.32563018798828,17.446359634399414,72.24484252929688,65.48159790039062,50.55525207519531,24.452714920043945,82.62999725341797,10.670000076293945,264.4800109863281,17.331470489501953,20.389549255371094,20.66781234741211,,
2008-12-28,63.57598876953125,25.117048263549805,37.58742904663086,25.411256790161133,16.71836280822754,71.67756652832031,65.560546875,51.55889129638672,25.88241958618164,85.5999984741211,10.640000343322754,232.8000030517578,16.90875244140625,22.04856300354004,20.52579116821289,,
2009-01-04,67.80657958984375,26.75530242919922,39.6980094909668,26.878211975097656,18.192689895629883,68.98286437988281,64.13996124267578,51.734745025634766,26.222963333129883,86.2300033569336,11.40999984741211,285.0400085449219,18.54044532775879,22.469768524169922,20.81818199157715,,
2009-01-11,64.9837417602539,25.92755699157715,38.045894622802734,25.736581802368164,17.302534103393555,66.83660125732422,64.47018432617188,52.75801467895508,27.219690322875977,83.91999816894531,11.100000381469727,258.9599914550781,18.100818634033203,22.736242294311523,20.98526382446289,,
2009-01-18,62.04417037963867,25.367095947265625,36.74161148071289,23.99754524230957,16.168970108032227,67.7674789428711,64.62870025634766,52.24376678466797,26.299097061157227,82.70999908447266,11.109999656677246,238.8800048828125,17.3821964263916,21.739112854003906,21.219175338745117,,
2009-01-25,60.6218147277832,24.918737411499023,35.08949279785156,22.62525177001953,15.452666282653809,63.848392486572266,63.54560852050781,50.685733795166016,25.371593475341797,88.52999877929688,11.850000381469727,258.6400146484375,17.46674156188965,21.773496627807617,21.611814498901367,,
2009-02-01,60.4175910949707,25.05668067932129,35.1606330871582,22.891429901123047,15.75169849395752,61.512386322021484,62.54172134399414,51.32851791381836,26.039531707763672,91.30999755859375,12.520000457763672,233.75999450683594,17.12010955810547,21.438257217407227,21.678646087646484,,
2009-02-08,63.44469451904297,27.04847526550293,37.121009826660156,24.07444190979004,17.34425926208496,60.813838958740234,61.956302642822266,50.78643798828125,25.809858322143555,89.58999633789062,12.90999984741211,225.60000610351562,17.187746047973633,21.558597564697266,21.4781494140625,,
2009-02-15,60.36651611328125,26.237957000732422,35.31081008911133,22.802698135375977,16.676637649536133,60.88522720336914,62.625179290771484,50.95177459716797,25.79938507080078,92.55000305175781,13.539999961853027,204.8000030517578,16.494487762451172,21.051437377929688,21.63687515258789,,
2009-02-22,56.47140884399414,24.892868041992188,32.520416259765625,21.229286193847656,14.96585750579834,61.782920837402344,63.04242706298828,50.347190856933594,24.750638961791992,97.80000305175781,14.25,194.8000030517578,15.682865142822266,20.054311752319336,21.728769302368164,,
2009-03-01,53.92578887939453,23.737462997436523,30.947359085083008,20.513559341430664,14.764181137084961,60.57006072998047,62.08212661743164,48.65739059448242,23.50960350036621,92.62999725341797,12.880000114440918,216.39999389648438,16.156312942504883,20.3035945892334,22.121410369873047,,
2009-03-08,50.27138900756836,22.676904678344727,27.824968338012695,19.27138328552246,14.673770904541016,62.15713119506836,62.73822784423828,48.35719680786133,21.90851593017578,92.29000091552734,13.180000305175781,223.9199981689453,16.23240089416504,20.11448097229004,22.221656799316406,,
2009-03-15,55.5013313293457,24.780773162841797,31.12126922607422,20.714670181274414,16.245466232299805,61.24501419067383,62.884281158447266,48.123497009277344,23.66119384765625,91.30000305175781,13.050000190734863,221.0399932861328,16.173221588134766,20.38095474243164,21.895849227905273,,
2009-03-22,56.354061126708984,25.201772689819336,31.603466033935547,21.785308837890625,16.620996475219727,61.954444885253906,64.32527160644531,48.68963623046875,23.947402954101562,93.58999633789062,13.609999656677246,246.0800018310547,17.686555862426758,21.498428344726562,21.018678665161133,,
2009-03-29,59.953765869140625,26.618183135986328,34.01432418823242,22.530603408813477,17.803251266479492,62.335994720458984,63.754188537597656,48.52341079711914,24.746007919311523,90.69000244140625,13.149999618530273,246.0,17.46674156188965,20.501298904418945,21.361194610595703,,
2009-04-05,61.90058135986328,27.939584732055664,36.18731689453125,23.97980308532715,19.020265579223633,61.53403091430664,63.144432067871094,48.52608108520508,25.218969345092773,87.58999633789062,12.600000381469727,247.44000244140625,17.788007736206055,21.489830017089844,21.085508346557617,,
2009-04-12,63.03921890258789,28.449148178100586,36.98830795288086,23.843761444091797,19.43753433227539,61.19326400756836,63.097816467285156,49.29385757446289,25.855506896972656,86.30999755859375,12.170000076293945,245.52000427246094,17.635828018188477,21.48123550415039,21.436378479003906,,
2009-04-19,63.97224426269531,28.768709182739258,37.86858367919922,24.234159469604492,19.54880714416504,60.804630279541016,63.091102600097656,50.437686920166016,26.91048240661621,85.22000122070312,11.680000305175781,235.60000610351562,17.07784080505371,21.06863021850586,21.528274536132812,,
2009-04-26,63.663700103759766,29.09688949584961,37.76549530029297,24.547653198242188,19.4862117767334,60.129051208496094,62.87136459350586,50.260101318359375,26.724531173706055,89.72000122070312,12.670000076293945,231.1999969482422,16.993295669555664,21.274932861328125,21.177404403686523,,
2009-05-03,64.56730651855469,29.68418312072754,38.7171630859375,25.08592987060547,20.230337142944336,58.23667907714844,62.17820739746094,50.36935043334961,27.23235321044922,86.94999694824219,12.3100004196167,236.9600067138672,17.399106979370117,22.443979263305664,21.118927001953125,,
2009-05-10,68.30660247802734,29.56328010559082,40.453975677490234,27.17986488342285,21.96893310546875,56.93534851074219,61.804161071777344,50.71050262451172,27.66122817993164,89.9800033569336,13.789999961853027,259.9200134277344,18.430540084838867,22.976926803588867,20.575916290283203,,
2009-05-17,65.16968536376953,28.820518493652344,37.87653350830078,25.878551483154297,20.918819427490234,58.79439163208008,62.48550033569336,51.01490783691406,26.598045349121094,91.55000305175781,13.770000457763672,250.39999389648438,17.906370162963867,22.478363037109375,20.726285934448242,,
2009-05-24,65.39741516113281,28.96735382080078,37.90033721923828,27.233116149902344,22.080202102661133,56.08982467651367,61.182952880859375,50.846946716308594,27.769338607788086,94.1500015258789,14.5,269.6000061035156,18.794076919555664,23.750560760498047,19.98278045654297,,
2009-05-31,67.97600555419922,30.556501388549805,39.78779602050781,28.067142486572266,23.11640739440918,56.47358322143555,61.082794189453125,51.40851974487305,28.054073333740234,96.19999694824219,15.470000267028809,291.20001220703125,19.639514923095703,23.97405433654785,19.824054718017578,,
2009-06-07,69.45999145507812,31.7656192779541,42.19078063964844,27.972497940063477,23.37372398376465,54.05196762084961,59.355743408203125,51.53407669067383,28.648799896240234,93.70999908447266,15.010000228881836,299.20001220703125,20.19750213623047,24.025630950927734,20.183279037475586,,
2009-06-14,69.84933471679688,31.65334129333496,41.85770034790039,28.646818161010742,23.46413230895996,54.13018798828125,59.670589447021484,52.2303466796875,29.005273818969727,92.16999816894531,14.630000114440918,315.44000244140625,20.163686752319336,23.484086990356445,20.041257858276367,,
2009-06-21,67.99798583984375,31.268566131591797,40.6918830871582,27.759553909301758,22.080202102661133,55.165035247802734,59.657222747802734,52.00355529785156,28.437835693359375,91.9000015258789,13.989999771118164,303.760009765625,19.614151000976562,22.349424362182617,20.024553298950195,,
2009-06-28,67.85023498535156,31.450172424316406,40.62842559814453,27.763427734375,22.65950584411621,56.9097785949707,60.775962829589844,52.96876907348633,28.50330352783203,92.29000091552734,13.899999618530273,300.0799865722656,19.284433364868164,22.24627113342285,19.907596588134766,,
2009-07-05,66.35050964355469,30.784317016601562,39.72019958496094,27.322452545166016,22.379060745239258,56.917720794677734,60.905025482177734,52.82872009277344,28.559389114379883,91.25,13.15999984741211,288.3999938964844,18.624990463256836,21.541406631469727,19.97442626953125,,
2009-07-12,64.98374938964844,30.19630241394043,38.27975082397461,26.59755516052246,21.677968978881836,58.082542419433594,61.91272735595703,53.459232330322266,28.093170166015625,89.58000183105469,12.5,259.0400085449219,17.534374237060547,20.58725929260254,19.94936752319336,,
2009-07-19,69.54203796386719,32.47918701171875,41.30392074584961,28.282936096191406,23.535884857177734,55.070709228515625,60.44147872924805,53.01945114135742,29.003559112548828,91.93000030517578,13.170000076293945,273.9200134277344,18.40517807006836,20.88811492919922,19.765579223632812,,
2009-07-26,72.44547271728516,33.76761245727539,43.619808197021484,29.756887435913086,24.818897247314453,55.19748306274414,60.51542663574219,53.90427017211914,30.064403533935547,93.41000366210938,13.65999984741211,289.760009765625,19.149160385131836,20.9396915435791,19.581789016723633,,
2009-08-02,72.99958801269531,34.11351776123047,44.224639892578125,30.451581954956055,25.085311889648438,57.22550964355469,61.24766540527344,55.34540557861328,31.000503540039062,93.3499984741211,13.699999809265137,294.4800109863281,19.478885650634766,21.80788230895996,19.481542587280273,,
2009-08-09,74.7652587890625,34.4853515625,45.43431854248047,30.75965690612793,25.61113929748535,54.80183792114258,59.68051528930664,54.404212951660156,30.86314582824707,93.75,14.390000343322754,301.20001220703125,19.690242767333984,22.031373977661133,19.61520767211914,,
2009-08-16,74.46236419677734,34.269161224365234,44.89314270019531,30.946910858154297,25.043237686157227,56.53390884399414,60.97412872314453,54.89396667480469,30.307846069335938,93.0,14.430000305175781,288.239990234375,19.191434860229492,21.97979736328125,19.590145111083984,,
2009-08-23,76.07293701171875,34.83989334106445,46.27790832519531,31.623485565185547,25.456892013549805,56.78827667236328,60.940399169921875,55.03237533569336,30.51886749267578,93.6500015258789,13.920000076293945,305.8399963378906,19.394338607788086,21.635963439941406,19.406356811523438,,
2009-08-30,76.37582397460938,34.969600677490234,46.19831848144531,32.05841827392578,25.253570556640625,58.447654724121094,61.533355712890625,55.798919677734375,30.470745086669922,93.87000274658203,14.5,301.2799987792969,19.216796875,22.332231521606445,19.44812774658203,,
2009-09-06,75.40066528320312,34.900413513183594,45.402469635009766,31.714088439941406,25.519996643066406,57.84416961669922,61.618621826171875,56.088584899902344,30.45316505432129,97.52999877929688,15.970000267028809,281.0400085449219,18.278362274169922,20.76777458190918,19.42306137084961,,
2009-09-13,77.40274047851562,35.90350341796875,47.28861618041992,32.98870086669922,26.54358673095703,58.74940872192383,62.17266845703125,56.80529022216797,31.364229202270508,98.77999877929688,16.5,286.55999755859375,18.548900604248047,21.051437377929688,19.05548858642578,,
2009-09-20,79.21893310546875,36.73457717895508,49.27023696899414,33.58674240112305,27.363882064819336,58.17832565307617,61.605079650878906,56.58064651489258,31.998987197875977,98.66999816894531,16.700000762939453,296.9599914550781,18.963165283203125,21.103012084960938,19.013717651367188,,
2009-09-27,77.53389739990234,36.09405517578125,47.727012634277344,32.771240234375,26.70485496520996,59.52706527709961,62.280738830566406,57.185035705566406,32.03258514404297,97.0,15.739999771118164,272.0,18.050092697143555,21.283527374267578,19.05548858642578,,
2009-10-04,76.07896423339844,35.38428497314453,46.267189025878906,31.81075096130371,26.54358673095703,60.3405647277832,62.85147476196289,56.10690689086914,31.404067993164062,98.37000274658203,15.819999694824219,286.9599914550781,18.345996856689453,21.08582305908203,19.130674362182617,,
2009-10-11,79.61978912353516,36.76918411254883,48.99534606933594,33.32697677612305,27.938777923583984,58.44520568847656,62.20790100097656,55.83824920654297,32.27744674682617,102.83999633789062,17.440000534057617,297.2799987792969,19.191434860229492,21.274932861328125,18.980300903320312,,
2009-10-18,80.82975006103516,37.028846740722656,49.20274353027344,33.89481735229492,28.569772720336914,58.1710090637207,62.18760681152344,55.902748107910156,32.37908935546875,103.18000030517578,17.18000030517578,323.6000061035156,20.20595932006836,22.426788330078125,18.771451950073242,,
2009-10-25,80.22845458984375,37.33180618286133,47.91046142578125,33.931060791015625,28.576786041259766,57.86626434326172,61.79463577270508,56.33250427246094,32.69529342651367,103.48999786376953,17.399999618530273,327.2799987792969,20.890762329101562,22.8136043548584,18.738037109375,,
2009-11-01,76.87322235107422,35.45352554321289,44.93501663208008,32.197364807128906,26.34027862548828,58.37207794189453,62.32307815551758,56.77301025390625,32.066619873046875,102.52999877929688,16.06999969482422,314.55999755859375,19.94387435913086,21.97979736328125,18.963594436645508,,
2009-11-08,79.52327728271484,36.87306594848633,46.33098602294922,33.23033905029297,27.798566818237305,57.06245803833008,62.04296875,56.8399543762207,32.4966926574707,107.43000030517578,17.09000015258789,317.6000061035156,20.08759880065918,21.93682098388672,19.072195053100586,,
2009-11-15,81.37159729003906,38.093482971191406,46.849525451660156,34.057918548583984,28.77309226989746,57.42319107055664,62.364051818847656,57.21232223510742,32.60679244995117,109.73999786376953,17.149999618530273,312.9599914550781,20.12986946105957,21.96260643005371,18.646141052246094,,
2009-11-22,81.2305679321289,37.600135803222656,46.73783874511719,33.42967987060547,28.499664306640625,58.15691375732422,62.746639251708984,57.179935455322266,32.72825241088867,112.94000244140625,18.219999313354492,315.3599853515625,20.510316848754883,22.375211715698242,18.746389389038086,,
2009-11-29,81.33448791503906,37.66071701049805,45.93215560913086,33.35115432739258,28.135089874267578,58.93950271606445,63.477725982666016,57.59551239013672,32.50048065185547,115.05999755859375,17.950000762939453,308.0,20.620222091674805,22.676069259643555,18.59601593017578,,
2009-12-06,82.40341186523438,38.18871307373047,48.19765853881836,34.23310470581055,29.333972930908203,57.250511169433594,62.33941650390625,57.34819412231445,32.97843551635742,113.75,18.149999618530273,306.6400146484375,20.670949935913086,22.478363037109375,18.779804229736328,,
2009-12-13,82.4776382446289,38.197383880615234,47.99821090698242,33.502166748046875,28.990434646606445,56.4837532043457,62.086029052734375,57.01217269897461,33.24225997924805,109.31999969482422,16.8700008392334,283.8399963378906,20.019962310791016,22.572919845581055,18.946884155273438,,
2009-12-20,82.2499771118164,38.547218322753906,48.803897857666016,33.12763977050781,28.296340942382812,56.91315460205078,62.12717056274414,57.2831916809082,33.51374053955078,108.94999694824219,16.950000762939453,293.2799987792969,20.15523338317871,22.56432342529297,19.22256851196289,,
2009-12-27,83.9441146850586,39.86508560180664,50.74811935424805,33.87409973144531,29.118587493896484,55.024009704589844,60.969932556152344,56.68158721923828,33.89227294921875,108.36000061035156,17.170000076293945,305.6000061035156,20.57794952392578,22.478363037109375,19.239274978637695,,
2010-01-03,83.16796875,39.66565704345703,50.01123046875,33.69732666015625,29.33913230895996,55.3310546875,60.78085708618164,56.684913635253906,33.808250427246094,107.30999755859375,16.540000915527344,314.239990234375,20.814674377441406,22.727645874023438,19.28104591369629,,
2010-01-10,85.50389099121094,40.35926055908203,51.67720413208008,34.89818572998047,30.540979385375977,54.96177673339844,61.02788162231445,57.28358840942383,34.516441345214844,111.37000274658203,18.149999618530273,327.44000244140625,21.45720672607422,23.105867385864258,19.080547332763672,,
2010-01-17,84.8098373413086,39.75236511230469,51.00440979003906,34.77626419067383,29.657264709472656,56.0635986328125,61.775630950927734,57.39788818359375,34.285499572753906,110.86000061035156,18.049999237060547,307.20001220703125,20.603313446044922,22.435382843017578,19.022071838378906,,
2010-01-24,81.50370788574219,38.28712844848633,49.44258499145508,32.837825775146484,28.002971649169922,56.629886627197266,62.159820556640625,57.474090576171875,33.396419525146484,107.16999816894531,16.780000686645508,290.7200012207031,19.884695053100586,22.443979263305664,19.28104591369629,,
2010-01-31,80.14543151855469,37.09933090209961,48.14503479003906,31.990510940551758,27.06269645690918,56.82069396972656,62.221534729003906,57.392459869384766,33.188602447509766,105.95999908447266,15.899999618530273,285.1199951171875,19.1829776763916,21.74770736694336,19.590145111083984,,
2010-02-07,79.60063934326172,37.26403045654297,47.47224044799805,31.380929946899414,26.299177169799805,56.81760787963867,62.52436065673828,57.076499938964844,32.94926452636719,104.68000030517578,14.899999618530273,281.67999267578125,18.9208927154541,21.38667869567871,19.75722312927246,,
2010-02-14,80.63053131103516,37.940311431884766,48.873897552490234,31.545520782470703,27.17580795288086,55.711849212646484,62.02880096435547,56.754032135009766,32.542015075683594,107.04000091552734,15.239999771118164,290.4800109863281,19.46197509765625,21.842266082763672,19.740514755249023,,
2010-02-21,82.944091796875,38.868019104003906,50.50782012939453,32.27091979980469,27.840368270874023,55.254764556884766,61.65019989013672,56.950809478759766,33.655208587646484,109.47000122070312,15.970000267028809,312.7200012207031,20.24822998046875,22.14312171936035,19.81570053100586,,
2010-02-28,82.64555358886719,38.80731964111328,50.29958724975586,32.07584762573242,27.54344367980957,56.626102447509766,62.428009033203125,57.683231353759766,33.81034851074219,109.43000030517578,16.06999969482422,310.55999755859375,19.977691650390625,21.833667755126953,19.748868942260742,,
2010-03-07,85.26506805419922,40.263916015625,53.359214782714844,33.51445770263672,28.950298309326172,55.938289642333984,62.278968811035156,57.9549560546875,34.32067108154297,110.80999755859375,17.010000228881836,318.79998779296875,20.239774703979492,21.472639083862305,19.740514755249023,,
2010-03-14,86.16809844970703,41.061561584472656,54.24026107788086,33.9289665222168,29.24723243713379,56.06840133666992,62.209903717041016,58.147071838378906,34.46525955200195,107.94999694824219,16.760000228881836,316.0799865722656,19.884695053100586,21.128801345825195,19.565082550048828,,
2010-03-21,86.90512084960938,41.21822738647461,53.9919548034668,33.75218200683594,29.119979858398438,56.55171203613281,62.278968811035156,58.459964752197266,34.4222526550293,108.27999877929688,16.649999618530273,313.6000061035156,19.800148010253906,21.309316635131836,19.807344436645508,,
2010-03-28,87.36224365234375,41.66086196899414,54.447628021240234,33.83753204345703,29.056350708007812,55.12030792236328,61.650943756103516,58.048316955566406,34.6332893371582,108.58999633789062,16.610000610351562,310.6400146484375,19.419702529907227,20.664623260498047,20.016197204589844,,
2010-04-04,88.2764892578125,41.799720764160156,54.94544982910156,34.72751235961914,30.55512046813965,55.32552719116211,61.64017105102539,58.185516357421875,34.44822311401367,110.26000213623047,17.540000915527344,329.9200134277344,20.273591995239258,20.9826717376709,19.765579223632812,,
2010-04-11,89.58789825439453,42.554832458496094,56.406795501708984,34.83723068237305,30.951026916503906,55.34420394897461,61.64716339111328,58.009071350097656,34.81828689575195,113.63999938964844,18.010000228881836,329.3599853515625,20.510316848754883,20.9396915435791,19.798995971679688,,
2010-04-18,89.44551849365234,42.98879623413086,57.37834167480469,34.57511520385742,30.017820358276367,55.891502380371094,62.24233627319336,58.571441650390625,34.82618713378906,111.23999786376953,17.40999984741211,324.79998779296875,20.501861572265625,21.128801345825195,19.75722312927246,,
2010-04-25,91.2814712524414,43.848052978515625,59.5222282409668,34.416622161865234,30.44200325012207,56.04700469970703,62.00012969970703,58.61008834838867,35.26318359375,113.19000244140625,17.90999984741211,327.6000061035156,20.687856674194336,21.274932861328125,19.915952682495117,,
2010-05-02,89.0333480834961,42.737091064453125,57.530921936035156,33.1669921875,29.72796058654785,57.30339050292969,62.78910446166992,59.16698455810547,35.196224212646484,115.36000061035156,18.260000228881836,330.6400146484375,20.662494659423828,21.403873443603516,20.016197204589844,,
2010-05-09,83.37557220458984,39.41290283203125,52.480403900146484,29.997203826904297,26.99907112121582,59.6564826965332,63.81162643432617,58.2156982421875,33.49909973144531,118.2699966430664,18.0,290.4800109863281,19.259069442749023,20.716196060180664,20.6343936920166,,
2010-05-16,85.34642028808594,40.73215866088867,55.85273361206055,30.472671508789062,27.918134689331055,59.21961212158203,63.82556915283203,58.77494812011719,34.08992385864258,120.37000274658203,18.93000030517578,278.4800109863281,19.08997917175293,20.415340423583984,21.04374122619629,,
2010-05-23,81.7644271850586,38.91818618774414,52.24754333496094,29.63755226135254,26.398151397705078,61.435298919677734,64.86690521240234,58.863494873046875,33.427696228027344,115.22000122070312,17.290000915527344,258.1600036621094,18.15999984741211,20.49270248413086,20.86830711364746,,
2010-05-30,81.95924377441406,39.577816009521484,53.19500732421875,29.454679489135742,26.935440063476562,60.23072052001953,64.63082122802734,58.392822265625,33.550621032714844,118.87999725341797,18.030000686645508,272.32000732421875,18.565807342529297,20.269208908081055,21.169052124023438,,
2010-06-06,80.04834747314453,39.135169982910156,51.03509521484375,28.576894760131836,26.299177169799805,61.24275588989258,65.14598846435547,58.71710205078125,33.38799285888672,119.19000244140625,17.049999237060547,261.44000244140625,17.96554946899414,19.822219848632812,21.528274536132812,,
2010-06-13,82.19156646728516,39.491024017333984,52.143165588378906,29.81433868408203,27.40204429626465,61.00477600097656,65.02067565917969,58.95612335205078,33.6677131652832,120.01000213623047,17.850000381469727,273.8399963378906,18.557357788085938,20.243419647216797,21.269296646118164,,
2010-06-20,84.12615203857422,40.87022018432617,53.63664627075195,30.850605010986328,28.22212791442871,61.18016815185547,65.11814880371094,59.217491149902344,34.47084045410156,122.83000183105469,18.75,283.2799987792969,18.937801361083984,20.716196060180664,20.834890365600586,,
2010-06-27,81.21977233886719,39.443267822265625,51.894248962402344,30.29869842529297,28.06028938293457,62.0318717956543,65.75163269042969,59.76796340942383,34.243045806884766,122.76000213623047,18.670000076293945,285.2799987792969,18.88707733154297,20.819347381591797,20.742996215820312,,
2010-07-04,76.9505844116211,37.003665924072266,48.19012451171875,29.20707893371582,26.86471939086914,63.3144645690918,66.45301055908203,60.20120620727539,34.09368133544922,118.48999786376953,17.459999084472656,260.79998779296875,17.92327880859375,20.724794387817383,20.52579116821289,,
2010-07-11,81.28755187988281,38.876922607421875,50.703548431396484,31.049190521240234,28.444578170776367,62.328250885009766,66.06912231445312,60.26824188232422,34.858497619628906,118.36000061035156,17.729999542236328,274.7200012207031,18.58271598815918,21.094419479370117,20.417192459106445,,
2010-07-18,80.30872344970703,38.63298034667969,49.197113037109375,30.751482009887695,27.505207061767578,63.32073211669922,66.90663146972656,60.85443878173828,34.90678787231445,116.66999816894531,17.489999771118164,273.2799987792969,18.574262619018555,21.721921920776367,20.057968139648438,,
2010-07-25,83.13224792480469,40.1315803527832,52.34695816040039,31.998167037963867,29.284330368041992,62.67999267578125,66.64148712158203,61.2061653137207,35.76414489746094,116.08999633789062,17.719999313354492,283.1199951171875,18.971622467041016,21.618770599365234,20.041257858276367,,
2010-08-01,83.02680969238281,39.91376876831055,52.37919235229492,32.1966438293457,29.46224021911621,63.1197395324707,67.206787109375,61.58024215698242,35.671630859375,115.48999786376953,17.579999923706055,282.7200012207031,19.352067947387695,22.332231521606445,19.83241081237793,,
2010-08-08,84.62310028076172,40.74150085449219,52.47583770751953,33.33787536621094,29.946165084838867,63.08445739746094,67.79671478271484,61.87562561035156,35.813045501708984,117.83999633789062,18.06999969482422,289.6000061035156,19.690242767333984,22.074356079101562,19.50660514831543,,
2010-08-15,81.55105590820312,38.96406555175781,49.197113037109375,31.452348709106445,28.94985580444336,64.4645767211914,68.62944793701172,62.015743255615234,35.30239486694336,118.73999786376953,17.739999771118164,270.32000732421875,18.94625473022461,22.32363510131836,20.141508102416992,,
2010-08-22,80.96377563476562,39.13831329345703,49.261573791503906,31.204246520996094,29.191808700561523,66.82791900634766,68.79044342041016,62.834075927734375,35.55365753173828,119.97000122070312,17.59000015258789,263.6000061035156,18.76871681213379,22.538536071777344,20.15821647644043,,
2010-08-29,80.45932006835938,38.39771270751953,49.66434860229492,31.334501266479492,28.81464385986328,66.39307403564453,68.62944793701172,62.71641540527344,35.26590347290039,121.01000213623047,18.700000762939453,268.55999755859375,19.05616569519043,22.443979263305664,20.108091354370117,,
2010-09-05,83.49364471435547,40.0880241394043,51.82331848144531,32.55638122558594,29.910573959350586,65.47178649902344,68.28155517578125,62.311195373535156,35.86354064941406,121.86000061035156,19.420000076293945,264.7200012207031,19.377431869506836,23.174633026123047,19.87417984008789,,
2010-09-12,83.93788146972656,40.602088928222656,51.331912994384766,32.754844665527344,30.074251174926758,64.67534637451172,67.89569854736328,62.36750030517578,36.05538558959961,121.7300033569336,19.420000076293945,270.1600036621094,19.614151000976562,23.157442092895508,20.03290557861328,,
2010-09-19,85.15178680419922,41.911094665527344,52.532230377197266,33.26344680786133,30.61510467529297,64.26446533203125,68.23941802978516,62.64876937866211,36.32887268066406,124.54000091552734,20.290000915527344,261.20001220703125,19.74942398071289,23.8623104095459,19.715452194213867,,
2010-09-26,86.9155502319336,43.36954879760742,54.10176086425781,34.3488655090332,31.397912979125977,65.42121124267578,68.94802856445312,63.07072067260742,36.2268180847168,126.69000244140625,21.010000228881836,267.20001220703125,20.138322830200195,23.982650756835938,19.189151763916016,,
2010-10-03,86.75660705566406,42.8018913269043,54.80438995361328,34.40468215942383,32.33018112182617,66.36941528320312,69.49747467041016,63.319400787353516,36.65862274169922,128.91000366210938,21.649999618530273,285.0400085449219,20.425771713256836,22.908159255981445,18.92182159423828,,
2010-10-10,88.21753692626953,43.44815444946289,55.95119857788086,35.27301788330078,32.89950942993164,66.1219711303711,70.30606079101562,63.8841552734375,36.827064514160156,131.66000366210938,22.729999542236328,289.20001220703125,21.25429916381836,24.67892074584961,18.71297264099121,,
2010-10-17,89.09564971923828,44.96774673461914,56.76688003540039,35.68238067626953,33.24821090698242,63.6159782409668,69.46929168701172,62.89582824707031,36.913352966308594,133.67999267578125,23.75,283.760009765625,21.085214614868164,24.515600204467773,18.66284942626953,,
2010-10-24,89.58765411376953,45.09873580932617,56.79109573364258,35.533538818359375,32.757179260253906,64.3201675415039,69.63105010986328,63.35893249511719,37.08589553833008,129.72999572753906,22.760000228881836,283.9200134277344,21.076759338378906,25.039949417114258,18.771451950073242,,
2010-10-31,89.69363403320312,45.570350646972656,56.774967193603516,35.359859466552734,32.82121658325195,63.71109390258789,69.45524597167969,63.4605827331543,37.28314208984375,132.6199951171875,24.170000076293945,281.3599853515625,21.28812026977539,25.52992057800293,18.687910079956055,,
2010-11-07,92.8956069946289,46.871620178222656,59.577335357666016,36.71818923950195,34.5078239440918,62.36115264892578,70.06494140625,63.920982360839844,37.96600341796875,136.3800048828125,26.200000762939453,301.20001220703125,22.328006744384766,26.071462631225586,18.52918243408203,,
2010-11-14,90.9880599975586,45.858543395996094,58.17210388183594,35.626564025878906,33.027610778808594,60.97999572753906,69.09928131103516,62.62260437011719,37.15119171142578,133.69000244140625,25.520000457763672,291.760009765625,21.355754852294922,24.816457748413086,18.88840675354004,,
2010-11-21,91.05618286132812,45.8236083984375,58.51129913330078,35.83124923706055,33.098758697509766,61.47642135620117,68.5001220703125,62.52617645263672,37.3124885559082,132.1999969482422,26.739999771118164,281.760009765625,20.848493576049805,24.919607162475586,18.93853187561035,,
2010-11-28,89.92833709716797,46.08561706542969,59.133174896240234,34.34266662597656,31.881847381591797,61.78193664550781,68.56352996826172,62.46955871582031,36.63002014160156,133.11000061035156,26.1299991607666,287.760009765625,21.355754852294922,24.962589263916016,19.389646530151367,,
2010-12-05,93.0243148803711,47.046268463134766,61.1118049621582,35.60796356201172,33.54710388183594,60.60386657714844,67.7637710571289,61.983585357666016,37.23176574707031,138.07000732421875,28.600000381469727,306.4800109863281,22.285737991333008,26.097251892089844,19.113964080810547,,
2010-12-12,94.22787475585938,47.587745666503906,62.79166030883789,35.74440002441406,33.15568923950195,59.49250793457031,66.06082916259766,61.300540924072266,37.21927261352539,135.41000366210938,27.979999542236328,301.2799987792969,22.184284210205078,25.91673469543457,19.31446075439453,,
2010-12-19,94.58645629882812,47.70834732055664,63.00969696044922,35.707191467285156,33.02048110961914,59.549983978271484,66.2586441040039,61.62497329711914,37.260887145996094,134.1999969482422,28.510000228881836,302.4800109863281,22.378734588623047,26.793519973754883,19.372941970825195,,
2010-12-26,95.57572174072266,47.90085220336914,63.862884521484375,36.137168884277344,33.42974853515625,59.35203170776367,65.97603607177734,61.6932258605957,37.54817581176758,134.66000366210938,28.610000610351562,311.8399963378906,22.928268432617188,27.549962997436523,19.38129425048828,,
2011-01-02,95.68987274169922,47.655845642089844,63.473506927490234,36.4502067565918,34.18687057495117,60.31793975830078,66.46985626220703,61.96595764160156,37.83589553833008,138.72000122070312,30.18000030517578,312.0,23.291805267333984,27.807842254638672,18.971948623657227,,
2011-01-09,96.74759674072266,48.88966751098633,63.700618743896484,35.91804504394531,33.90700912475586,59.18358612060547,66.4840087890625,62.234519958496094,38.03285598754883,133.5800018310547,28.100000381469727,301.3599853515625,22.928268432617188,27.188932418823242,19.514957427978516,,
2011-01-16,98.39126586914062,49.87849044799805,65.33940124511719,37.22029113769531,34.39496994018555,58.85676193237305,66.51941680908203,62.2459716796875,38.28425216674805,132.69000244140625,27.739999771118164,311.3599853515625,23.68916130065918,28.108699798583984,19.022071838378906,,
2011-01-23,97.68356323242188,48.723388671875,62.62162780761719,37.08881378173828,33.35444641113281,58.65168380737305,66.22897338867188,61.988834381103516,38.24237060546875,131.02999877929688,26.829999923706055,300.0799865722656,23.63843536376953,28.787778854370117,18.788158416748047,,
2011-01-30,97.1889419555664,48.767154693603516,62.800148010253906,36.894710540771484,32.529197692871094,58.90800857543945,66.7177963256836,62.16023254394531,38.25492858886719,130.27999877929688,27.299999237060547,300.6400146484375,23.748342514038086,29.15740394592285,18.788158416748047,,
2011-02-06,99.79898071289062,50.211021423339844,64.79581451416016,38.059226989746094,33.368797302246094,57.11526107788086,65.20919799804688,61.44782638549805,38.746665954589844,131.66000366210938,28.399999618530273,298.7200012207031,24.238697052001953,29.501239776611328,18.738037109375,,
2011-02-13,101.29047393798828,51.13855743408203,66.58061981201172,38.08427047729492,32.74448013305664,57.53330612182617,65.18785095214844,61.72319793701172,38.78037643432617,132.32000732421875,29.209999084472656,288.3999938964844,24.221786499023438,29.939634323120117,18.838281631469727,,
2011-02-20,102.37100219726562,51.39234161376953,67.61907196044922,38.76669692993164,33.23245620727539,57.55258560180664,65.49327850341797,62.03300857543945,38.95328903198242,135.41000366210938,31.790000915527344,290.8800048828125,24.255605697631836,30.008398056030273,18.629432678222656,,
2011-02-27,100.69691467285156,50.44728088378906,66.66988372802734,38.19070816040039,32.66554641723633,59.346923828125,66.34561920166016,62.49196243286133,38.818355560302734,137.3800048828125,32.560001373291016,317.44000244140625,25.08413314819336,29.83648109436035,18.537538528442383,,
2011-03-06,100.80347442626953,50.727294921875,66.88082885742188,38.3347053527832,33.655845642089844,58.5898551940918,66.06517791748047,62.296607971191406,39.04585647583008,139.35000610351562,34.689998626708984,338.6400146484375,25.726667404174805,30.343643188476562,18.328689575195312,,
2011-03-13,99.56312561035156,49.43220520019531,65.04730224609375,37.15141296386719,33.031517028808594,59.06734848022461,66.53504180908203,62.57880401611328,38.69786834716797,138.22000122070312,35.029998779296875,325.5199890136719,24.93195343017578,29.217575073242188,18.403879165649414,,
2011-03-20,97.64173126220703,47.71432113647461,64.46322631835938,36.26239013671875,32.457435607910156,60.299625396728516,67.2469253540039,63.01655960083008,38.69786834716797,138.3699951171875,34.27000045776367,327.760009765625,25.126407623291016,28.93390655517578,18.144899368286133,,
2011-03-27,100.34720611572266,49.808658599853516,66.8415756225586,37.17646408081055,33.971595764160156,59.46732711791992,66.32860565185547,62.59034729003906,38.95674514770508,139.25999450683594,36.38999938964844,337.44000244140625,25.633668899536133,29.3551082611084,18.278562545776367,,
2011-04-03,101.76103210449219,50.351959228515625,68.72763061523438,37.971580505371094,35.485740661621094,59.73049545288086,66.35604095458984,62.614009857177734,38.98191833496094,139.1999969482422,36.86000061035156,345.3599853515625,25.97184181213379,29.509838104248047,18.186670303344727,,
2011-04-10,101.53943634033203,49.905052185058594,68.27237701416016,38.36600112915039,35.90913772583008,58.23381805419922,65.69926452636719,62.46363067626953,39.302215576171875,143.66000366210938,39.86000061035156,361.20001220703125,26.986366271972656,29.570009231567383,17.961111068725586,,
2011-04-17,100.91271209716797,49.64215850830078,67.89028930664062,38.15940475463867,35.256107330322266,60.04150390625,66.67723846435547,62.972476959228516,39.2210807800293,145.0500030517578,41.84000015258789,349.67999267578125,26.3522891998291,29.13161277770996,17.927696228027344,,
2011-04-24,102.24253845214844,51.123104095458984,68.65448760986328,38.8606071472168,36.00959396362305,59.996124267578125,66.71293640136719,63.278968811035156,39.464508056640625,146.74000549316406,45.540000915527344,356.55999755859375,26.80882453918457,29.58719825744629,17.743907928466797,,
2011-05-01,104.2678451538086,51.77155685424805,70.23165893554688,39.73085403442383,35.88042449951172,60.831966400146484,67.43384552001953,63.88035583496094,39.65237808227539,152.3699951171875,46.880001068115234,361.20001220703125,26.969459533691406,29.277748107910156,17.501644134521484,,
2011-05-08,102.56354522705078,51.23701095581055,67.69519805908203,38.56634521484375,34.624610900878906,61.85995101928711,68.13591766357422,64.31404113769531,39.66657257080078,145.3000030517578,34.47999954223633,310.9599914550781,24.179515838623047,27.868011474609375,17.902633666992188,,
2011-05-15,102.44129180908203,51.184452056884766,67.89028930664062,37.946537017822266,33.67018127441406,61.86648941040039,68.26472473144531,64.26176452636719,39.61933898925781,145.6300048828125,34.38999938964844,315.5199890136719,24.5515079498291,27.6273250579834,18.119840621948242,,
2011-05-22,102.11264038085938,50.623634338378906,67.36185455322266,37.865142822265625,33.77783203125,62.022682189941406,68.47227478027344,64.43590545654297,39.76542282104492,147.49000549316406,34.18000030517578,315.760009765625,24.813594818115234,27.94537353515625,18.08642578125,,
2011-05-29,102.03618621826172,50.32568359375,68.00408935546875,38.06549835205078,34.265811920166016,62.770965576171875,69.01614379882812,64.69710540771484,39.59783935546875,149.6999969482422,37.029998779296875,317.67999267578125,25.430761337280273,28.220443725585938,17.91098976135254,,
2011-06-05,99.67466735839844,49.379276275634766,65.7522201538086,38.146881103515625,34.3519172668457,62.90884780883789,69.54961395263672,64.56605529785156,39.29280471801758,150.22000122070312,35.34000015258789,317.2799987792969,25.574487686157227,28.315000534057617,17.61859893798828,,
2011-06-12,97.51943969726562,47.88080596923828,63.41090393066406,37.01994323730469,33.34727478027344,63.43780517578125,69.72900390625,64.46699523925781,38.752342224121094,149.24000549316406,35.25,312.55999755859375,25.599851608276367,28.220443725585938,17.877574920654297,,
2011-06-19,97.58049774169922,47.241661071777344,63.59785461425781,36.72569274902344,32.85929870605469,63.28110885620117,69.91558837890625,64.60101318359375,38.41508865356445,149.94000244140625,34.95000076293945,293.0400085449219,24.71214485168457,27.713287353515625,17.919343948364258,,
2011-06-26,97.39615631103516,47.75983810424805,64.98802947998047,36.44365692138672,32.977699279785156,63.3333625793457,70.34603118896484,64.88655853271484,38.683170318603516,146.25999450683594,33.36000061035156,286.4800109863281,23.892066955566406,27.446813583374023,18.069713592529297,,
2011-07-03,102.85696411132812,50.860107421875,68.36180877685547,38.80516815185547,34.9056396484375,61.35422897338867,68.60291290283203,64.17915344238281,39.68843078613281,144.92999267578125,33.0,297.20001220703125,24.517690658569336,27.644519805908203,17.710493087768555,,
2011-07-10,103.22563934326172,51.84374237060547,69.4153060913086,38.186058044433594,34.73894119262695,62.49445724487305,69.62419891357422,64.97471618652344,39.80591583251953,150.25,35.75,302.3999938964844,25.3377628326416,28.05712127685547,17.89427947998047,,
2011-07-17,101.14420318603516,50.80738830566406,67.5235824584961,37.132965087890625,33.81846618652344,63.01866149902344,70.25704193115234,65.15021514892578,39.575294494628906,155.1999969482422,38.2400016784668,305.0400085449219,25.794301986694336,28.211849212646484,17.902633666992188,,
2011-07-24,103.3638687133789,52.34434509277344,68.53468322753906,38.40945053100586,34.53599166870117,62.94000244140625,70.01249694824219,65.22625732421875,39.96259307861328,156.1199951171875,39.06999969482422,311.44000244140625,25.997207641601562,28.203256607055664,17.652015686035156,,
2011-07-31,99.33163452148438,50.93914031982422,65.02030181884766,37.47123336791992,34.144615173339844,64.16544342041016,70.95463562011719,65.73519134521484,39.61880111694336,158.2899932861328,38.849998474121094,299.3599853515625,25.599851608276367,27.721881866455078,17.5684757232666,,
2011-08-07,92.2271728515625,47.27678298950195,58.162742614746094,34.29916763305664,30.861337661743164,67.27195739746094,72.03462982177734,66.111572265625,38.025699615478516,161.75,37.31999969482422,271.6000061035156,24.365510940551758,27.678903579711914,17.727201461791992,,
2011-08-14,90.72179412841797,47.048423767089844,56.907020568847656,33.7630500793457,29.911867141723633,69.40869140625,73.99546813964844,66.04114532470703,37.377803802490234,169.97000122070312,38.119998931884766,265.8399963378906,24.27251434326172,27.77345848083496,17.727201461791992,,
2011-08-21,86.5129165649414,43.939395904541016,53.22953796386719,32.020633697509766,28.759458541870117,73.11029052734375,75.04801940917969,66.59309387207031,37.36906814575195,179.9499969482422,41.68000030517578,256.9599914550781,24.60223388671875,28.443939208984375,17.5684757232666,,
2011-08-28,90.60660552978516,46.66200256347656,56.3525505065918,32.99077224731445,29.36827850341797,71.3285140991211,74.50015258789062,65.20144653320312,37.596710205078125,177.47000122070312,40.40999984741211,265.20001220703125,25.03340721130371,29.191783905029297,17.509994506835938,,
2011-09-04,90.5144271850586,46.79374694824219,55.82253646850586,33.01630401611328,30.122055053710938,74.19477081298828,75.53318786621094,66.41450500488281,38.332183837890625,183.24000549316406,42.18000030517578,269.1199951171875,25.18558692932129,29.15740394592285,17.727201461791992,,
2011-09-11,89.03209686279297,46.70591735839844,55.03976058959961,31.114337921142578,28.998641967773438,74.98609924316406,75.96672058105469,66.94489288330078,37.838680267333984,180.6999969482422,40.52000045776367,270.79998779296875,24.76287078857422,28.452537536621094,18.303627014160156,,
2011-09-18,93.81607055664062,49.7929573059082,58.31767654418945,32.48656463623047,29.37552261352539,74.01668548583984,75.13584899902344,66.26716613769531,38.283687591552734,176.02999877929688,39.38999938964844,273.1199951171875,24.500782012939453,27.52417755126953,18.161611557006836,,
2011-09-25,87.65531921386719,47.64603042602539,53.32133483886719,30.118675231933594,26.00527572631836,79.68134307861328,76.2484130859375,66.5323486328125,37.543514251708984,159.8000030517578,29.979999542236328,248.72000122070312,22.446365356445312,25.899545669555664,18.545894622802734,,
2011-10-02,87.3542251586914,46.185420989990234,52.63374328613281,30.495237350463867,25.439945220947266,79.66161346435547,75.9161376953125,66.19051361083984,36.49486541748047,158.05999755859375,28.90999984741211,243.9199981689453,21.77001953125,25.504131317138672,18.637786865234375,,
2011-10-09,89.33059692382812,47.57563400268555,53.616024017333984,31.261140823364258,26.411163330078125,78.17150115966797,74.99015045166016,65.68061828613281,36.97736358642578,159.17999267578125,30.229999542236328,256.32000732421875,22.27728271484375,25.693241119384766,18.6043701171875,,
2011-10-16,94.6266860961914,51.19200134277344,58.23271560668945,33.26521301269531,28.69422149658203,75.33519744873047,74.12133026123047,66.10061645507812,38.32997131347656,163.39999389648438,31.34000015258789,270.9599914550781,23.562347412109375,26.80211639404297,18.08642578125,,
2011-10-23,95.7074966430664,50.417694091796875,58.22453689575195,33.23969268798828,28.16513442993164,74.79308319091797,74.3530502319336,66.82229614257812,38.990745544433594,159.52000427246094,30.479999542236328,270.79998779296875,22.978994369506836,26.441085815429688,17.994531631469727,,
2011-10-30,99.2819595336914,51.860713958740234,62.23550033569336,35.262908935546875,30.730880737304688,73.6889877319336,73.94761657714844,67.69783020019531,39.966434478759766,169.6199951171875,34.27000045776367,288.239990234375,23.799070358276367,26.673179626464844,17.67707633972168,,
2011-11-06,96.87322998046875,50.85762405395508,61.06493377685547,33.060970306396484,29.853885650634766,77.2070541381836,75.52635955810547,68.61264038085938,39.60551452636719,170.85000610351562,33.20000076293945,291.67999267578125,23.663799285888672,26.32074546813965,18.136545181274414,,
2011-11-13,97.78421020507812,50.901615142822266,60.884864807128906,33.060970306396484,29.56396484375,76.65692138671875,75.2216567993164,67.28287506103516,39.27540588378906,173.9600067138672,33.7400016784668,305.67999267578125,23.799070358276367,25.822181701660156,18.119840621948242,,
2011-11-20,94.17121124267578,48.74589920043945,58.920326232910156,31.529205322265625,27.93320083618164,79.10274505615234,75.7367172241211,66.57647705078125,38.316253662109375,167.6199951171875,31.399999618530273,302.55999755859375,23.071992874145508,25.186080932617188,18.38716697692871,,
2011-11-27,89.81696319580078,46.52857971191406,54.532814025878906,29.64637565612793,26.16472625732422,80.07048797607422,75.954345703125,65.53166198730469,36.91548156738281,163.39999389648438,30.200000762939453,297.2799987792969,22.522457122802734,24.5413875579834,18.72968101501465,,
2011-12-04,96.39459991455078,49.819358825683594,60.16453552246094,32.41635513305664,28.82469940185547,78.83270263671875,75.68658447265625,66.42228698730469,39.023136138916016,169.82000732421875,31.649999618530273,312.239990234375,23.486257553100586,24.72190284729004,18.479063034057617,,
2011-12-11,97.31332397460938,50.17133712768555,61.01580810546875,32.575904846191406,28.534767150878906,77.55030822753906,75.65020751953125,66.4937515258789,39.373321533203125,166.39999389648438,31.329999923706055,308.0,23.071992874145508,24.077205657958984,18.479063034057617,,
2011-12-18,94.46542358398438,48.41313934326172,59.1495246887207,30.852657318115234,27.193923950195312,81.27799224853516,76.88585662841797,67.32180786132812,39.27008819580078,155.22999572753906,28.850000381469727,290.1600036621094,22.12510108947754,23.733369827270508,18.788158416748047,,
2011-12-25,98.19463348388672,49.48979568481445,61.32170104980469,31.979360580444336,28.16435432434082,78.58689880371094,75.98457336425781,67.36949157714844,40.159000396728516,156.30999755859375,28.280000686645508,307.9200134277344,22.826814651489258,24.584367752075195,18.70461654663086,,
2012-01-01,97.5031967163086,49.31224822998047,60.663665771484375,31.992279052734375,27.76189613342285,80.82667541503906,76.87220001220703,68.00189208984375,40.3916015625,151.99000549316406,26.940000534057617,304.8800048828125,22.691545486450195,24.82505226135254,18.771451950073242,,
2012-01-08,99.22014617919922,51.06108856201172,61.51911163330078,31.746828079223633,27.966779708862305,79.14680480957031,76.4571762084961,67.9720230102539,40.15220642089844,157.1999969482422,27.90999984741211,313.760009765625,23.32562255859375,24.369468688964844,18.980300903320312,,
2012-01-15,100.09809112548828,51.387916564941406,62.8351936340332,32.03749465942383,28.74974250793457,80.58001708984375,76.94498443603516,68.4502182006836,40.20637893676758,159.25999450683594,28.81999969482422,305.2799987792969,23.071992874145508,24.601558685302734,19.005361557006836,,
2012-01-22,102.51431274414062,52.792274475097656,64.36519622802734,33.542484283447266,30.2790470123291,77.98023986816406,76.05667877197266,68.33065032958984,40.45933151245117,162.07000732421875,31.219999313354492,302.239990234375,23.173444747924805,24.739093780517578,18.687910079956055,,
2012-01-29,102.41329956054688,53.34872055053711,65.5743408203125,33.904197692871094,30.996166229248047,78.71356964111328,76.98143768310547,69.34681701660156,41.010353088378906,168.97000122070312,32.959999084472656,306.3999938964844,23.8328857421875,25.10012435913086,18.37045669555664,,
2012-02-05,104.52651977539062,54.80609130859375,68.23119354248047,34.814945220947266,32.10840606689453,77.89320373535156,76.76234436035156,69.77887725830078,41.204463958740234,167.63999938964844,32.689998626708984,300.7200012207031,23.942790985107422,25.091527938842773,18.403879165649414,,
2012-02-12,104.38664245605469,55.177059173583984,66.84928894042969,34.40801239013672,31.405920028686523,78.17383575439453,76.76962280273438,69.6109619140625,40.99097442626953,167.13999938964844,32.5099983215332,304.1600036621094,24.05270004272461,24.59296226501465,18.428936004638672,,
2012-02-19,105.9793930053711,56.02499008178711,68.09960174560547,35.215396881103516,32.144981384277344,77.89994049072266,76.50702667236328,69.58097839355469,41.136322021484375,167.35000610351562,32.279998779296875,318.0,24.255605697631836,24.919607162475586,18.487415313720703,,
2012-02-26,106.38333129882812,56.49311828613281,67.97620391845703,35.62232971191406,32.335227966308594,78.51470947265625,76.6966323852539,70.048828125,41.699501037597656,172.22999572753906,34.369998931884766,336.0799865722656,25.092588424682617,24.971181869506836,18.2200870513916,,
2012-03-04,106.67858123779297,57.29689025878906,66.01029205322266,35.37688064575195,32.66450881958008,78.45918273925781,76.7405014038086,70.45197296142578,41.74297332763672,166.33999633789062,33.7599983215332,326.1600036621094,24.923500061035156,25.229061126708984,18.4707088470459,,
2012-03-11,106.88060760498047,57.42937088012695,67.1207504272461,35.112064361572266,32.04253005981445,77.6688461303711,76.47752380371094,70.16312408447266,41.4368782043457,166.3800048828125,33.220001220703125,328.7200012207031,24.779775619506836,24.421043395996094,18.59601593017578,,
2012-03-18,109.4792709350586,58.854000091552734,68.27230834960938,35.854862213134766,32.26205062866211,74.62828826904297,74.99425506591797,68.95330810546875,41.34096908569336,161.3000030517578,31.59000015258789,328.239990234375,25.00804328918457,24.610153198242188,18.52918243408203,,
2012-03-25,108.97201538085938,59.2255859375,68.21758270263672,35.38335037231445,31.39128875732422,75.82044982910156,75.32302856445312,69.06773376464844,41.34553146362305,161.52999877929688,31.239999771118164,325.5199890136719,24.644506454467773,24.378067016601562,18.39552116394043,,
2012-04-01,109.87718963623047,59.76532745361328,68.3248519897461,35.45439529418945,31.427879333496094,75.14395141601562,75.46184539794922,69.5913314819336,41.44602966308594,162.1199951171875,31.3799991607666,313.8399963378906,24.348602294921875,24.154571533203125,18.303627014160156,,
2012-04-08,109.081298828125,59.915706634521484,67.30997467041016,34.24653625488281,31.274213790893555,75.81543731689453,75.8037109375,69.35400390625,41.22771453857422,158.30999755859375,30.719999313354492,314.0799865722656,24.264062881469727,24.025630950927734,18.545894622802734,,
2012-04-15,107.0134048461914,58.562042236328125,65.62682342529297,33.794395446777344,30.84980583190918,78.45430755615234,76.94548797607422,70.0545654296875,41.29666519165039,160.85000610351562,30.549999237060547,313.20001220703125,23.959699630737305,23.656003952026367,18.51247787475586,,
2012-04-22,107.64550018310547,58.110801696777344,66.17961883544922,34.52427673339844,30.974205017089844,78.6087646484375,77.091796875,70.16326904296875,41.512699127197266,159.5399932861328,30.75,315.1199951171875,23.706069946289062,23.432512283325195,18.320335388183594,,
2012-04-29,109.54951477050781,59.491024017333984,67.97006225585938,34.91828536987305,30.95956802368164,78.75650787353516,77.28943634033203,70.38668823242188,41.83440399169922,161.3800048828125,30.3700008392334,316.9599914550781,23.92588233947754,23.3895320892334,18.228443145751953,,
2012-05-06,106.90418243408203,57.243751525878906,65.25554656982422,33.762088775634766,30.264419555664062,79.51904296875,77.66175842285156,70.56196594238281,41.999874114990234,159.47000122070312,29.40999984741211,298.32000732421875,23.029720306396484,23.11446189880371,18.38716697692871,,
2012-05-13,105.81953430175781,56.78367614746094,65.0987777709961,33.04511642456055,29.2473201751709,80.43447875976562,78.02828979492188,70.8043441772461,41.97215270996094,153.55999755859375,28.079999923706055,290.0799865722656,22.5562744140625,22.676069259643555,18.579309463500977,,
2012-05-20,101.23905181884766,53.80204391479492,61.62519836425781,31.0750789642334,27.286277770996094,83.59798431396484,78.69534301757812,69.9681625366211,40.48387908935547,154.5500030517578,27.790000915527344,275.44000244140625,22.209646224975586,23.33795738220215,18.763093948364258,,
2012-05-27,103.08061218261719,54.91684341430664,63.192848205566406,31.068614959716797,27.1838321685791,83.05952453613281,78.58544158935547,70.21656799316406,40.73806381225586,152.67999267578125,27.6200008392334,273.760009765625,22.02364730834961,22.658876419067383,19.063838958740234,,
2012-06-03,100.00614929199219,53.44813919067383,60.90736389160156,30.067441940307617,26.84723663330078,87.92549896240234,80.25865936279297,71.31238555908203,40.214542388916016,157.5,27.6200008392334,251.44000244140625,20.89921760559082,22.17750358581543,19.147380828857422,,
2012-06-10,103.8609390258789,55.62464141845703,63.506370544433594,31.333446502685547,27.754581451416016,84.45185089111328,79.26009368896484,70.81990814208984,41.24698257446289,154.72999572753906,27.75,254.39999389648438,21.25429916381836,22.839393615722656,19.05548858642578,,
2012-06-17,105.21484375,55.85890579223633,63.71266174316406,31.97290802001953,28.53022575378418,85.25447845458984,79.619873046875,71.06311798095703,41.52604293823242,157.83999633789062,27.809999465942383,253.0399932861328,21.017578125,22.34082794189453,18.7965145111084,,
2012-06-24,104.68147277832031,56.17812728881836,63.93545150756836,32.01713180541992,27.98310661315918,84.32371520996094,78.98844909667969,71.05094909667969,41.935306549072266,152.63999938964844,26.149999618530273,240.8000030517578,20.620222091674805,22.7706241607666,18.92182159423828,,
2012-07-01,106.75218963623047,56.896461486816406,65.96940612792969,33.02180862426758,28.97536277770996,84.44513702392578,79.24539947509766,71.49479675292969,42.4561653137207,155.19000244140625,26.649999618530273,254.63999938964844,21.77001953125,24.257720947265625,18.771451950073242,,
2012-07-08,106.27371215820312,56.8609733581543,66.773681640625,32.67809295654297,28.708786010742188,85.88424682617188,79.90717315673828,72.30125427246094,42.60490798950195,153.7100067138672,26.299999237060547,252.72000122070312,21.905288696289062,24.928203582763672,19.172441482543945,,
2012-07-15,106.47766876220703,56.20475387573242,66.14347839355469,32.61861801147461,28.50144386291504,87.31045532226562,80.20869445800781,72.8441390991211,42.60490798950195,154.13999938964844,26.440000534057617,261.44000244140625,22.573183059692383,25.29783058166504,19.15573501586914,,
2012-07-22,107.0423812866211,56.96739196777344,65.44700622558594,32.486412048339844,28.57549476623535,87.91200256347656,80.45863342285156,73.6311264038086,42.72652053833008,153.6699981689453,26.479999542236328,273.6000061035156,23.359439849853516,26.062868118286133,19.1975040435791,,
2012-07-29,108.77584075927734,57.52606964111328,65.77035522460938,33.292781829833984,29.271554946899414,86.84404754638672,79.95867156982422,73.41763305664062,42.99312210083008,157.5399932861328,26.959999084472656,269.3599853515625,23.18189811706543,25.787797927856445,18.997007369995117,,
2012-08-05,109.30133819580078,58.17341613769531,65.18164825439453,33.70259094238281,29.5677547454834,86.30921173095703,79.83436584472656,73.77384185791016,43.12775421142578,155.5500030517578,26.959999084472656,272.55999755859375,23.266443252563477,25.822181701660156,18.905115127563477,,
2012-08-12,110.47003936767578,59.290775299072266,66.26787567138672,34.284236907958984,30.1601505279541,85.14411926269531,79.52506256103516,73.43721008300781,43.01015090942383,157.17999267578125,27.260000228881836,278.79998779296875,23.71452522277832,25.736221313476562,18.946884155273438,,
2012-08-19,111.52111053466797,60.58548355102539,67.7520980834961,34.568458557128906,29.967613220214844,82.36700439453125,78.58980560302734,72.4947280883789,43.052459716796875,156.72000122070312,27.229999542236328,287.6000061035156,23.88361167907715,25.581493377685547,18.946884155273438,,
2012-08-26,110.99556732177734,60.558902740478516,66.94780731201172,34.43626022338867,29.656606674194336,84.54129028320312,79.41462707519531,73.36990356445312,43.33937454223633,161.97000122070312,29.739999771118164,285.44000244140625,24.11188316345215,25.710433959960938,18.72968101501465,,
2012-09-02,110.7210693359375,60.44361877441406,67.26290130615234,34.105777740478516,29.0864315032959,86.51238250732422,80.26144409179688,73.94522857666016,43.424015045166016,164.22000122070312,30.790000915527344,287.1199951171875,24.34014892578125,26.148826599121094,18.629432678222656,,
2012-09-09,113.20755004882812,61.56983947753906,69.86652374267578,35.20297622680664,30.093503952026367,84.19223022460938,79.60589599609375,73.62898254394531,43.75883483886719,168.44000244140625,32.63999938964844,287.0400085449219,24.492326736450195,25.994098663330078,18.38716697692871,,
2012-09-16,115.48998260498047,62.234920501708984,71.64096069335938,36.452205657958984,31.374536514282227,80.30270385742188,78.5882339477539,73.48777770996094,44.39731979370117,171.8000030517578,33.599998474121094,294.7200012207031,25.134859085083008,26.441085815429688,18.078067779541016,,
2012-09-23,115.02619171142578,62.385738372802734,70.8946762084961,36.04901885986328,30.937658309936523,82.5088119506836,79.34780883789062,74.16310119628906,44.05207443237305,171.9600067138672,33.47999954223633,275.9200134277344,24.204877853393555,25.59868812561035,18.16996192932129,,
2012-09-30,113.52794647216797,60.980594635009766,69.45628356933594,35.031124114990234,30.60443687438965,84.32124328613281,79.98197937011719,74.75862121582031,43.65006637573242,171.88999938964844,33.47999954223633,272.9599914550781,24.24715232849121,25.280635833740234,18.311981201171875,,
2012-10-07,115.23908233642578,61.34519958496094,70.01397705078125,35.78462219238281,31.063547134399414,82.40975189208984,79.48062133789062,74.85343170166016,43.956729888916016,172.6199951171875,33.45000076293945,266.79998779296875,24.1287899017334,25.039949417114258,18.17831802368164,,
2012-10-14,112.67632293701172,59.299781799316406,68.34087371826172,35.14349365234375,30.560007095336914,84.32803344726562,79.84973907470703,75.59869384765625,43.980491638183594,170.05999755859375,32.45000076293945,272.0,24.137243270874023,24.850839614868164,18.236797332763672,,
2012-10-21,113.07059478759766,58.41046905517578,68.13275146484375,35.78462219238281,30.730318069458008,82.81112670898438,79.18525695800781,75.62948608398438,44.19442367553711,166.97000122070312,31.100000381469727,266.7200012207031,23.672252655029297,25.160293579101562,18.2200870513916,,
2012-10-28,111.46190643310547,58.11698913574219,67.541748046875,35.44092559814453,30.51558494567871,83.4233169555664,79.34031677246094,75.53092956542969,43.96620559692383,165.92999267578125,31.079999923706055,254.32000732421875,23.317169189453125,24.764881134033203,18.320335388183594,,
2012-11-04,111.62748718261719,57.95692443847656,67.58338928222656,35.48719787597656,30.804367065429688,83.16484069824219,79.57280731201172,75.28459930419922,43.9329719543457,162.60000610351562,29.950000762939453,250.8000030517578,22.94517707824707,24.799266815185547,18.43729019165039,,
2012-11-11,108.9464111328125,56.40950012207031,66.07672882080078,34.89894104003906,30.360076904296875,85.6953125,80.43047332763672,74.85343170166016,43.448020935058594,167.82000732421875,31.540000915527344,253.83999633789062,23.334077835083008,24.661731719970703,18.52918243408203,,
2012-11-18,107.53491973876953,55.40456771850586,64.4951171875,34.42965316772461,29.923189163208008,85.96054077148438,80.61529541015625,74.9273910522461,43.22932815551758,165.8800048828125,31.209999084472656,255.44000244140625,23.25798797607422,24.31789207458496,18.579309463500977,,
2012-11-25,111.46190643310547,57.7168083190918,66.9840316772461,36.04901885986328,30.82657814025879,84.49127960205078,79.95722198486328,75.01361846923828,43.91394805908203,169.61000061035156,32.97999954223633,258.55999755859375,23.722978591918945,24.696115493774414,18.320335388183594,,
2012-12-02,112.09276580810547,58.517173767089844,68.3242416381836,36.399322509765625,30.9450626373291,84.88583374023438,80.44526672363281,75.21686553955078,44.23722839355469,166.0500030517578,32.36000061035156,260.4800109863281,23.75679588317871,24.799266815185547,18.311981201171875,,
2012-12-09,112.29779052734375,57.74347686767578,68.40746307373047,36.676937103271484,31.68555450439453,84.80744171142578,80.43563842773438,75.33116149902344,44.54739761352539,165.16000366210938,32.029998779296875,252.24000549316406,23.342533111572266,24.773475646972656,18.37045669555664,,
2012-12-16,112.05333709716797,57.53004837036133,68.55728149414062,37.0669059753418,32.122440338134766,84.24174499511719,80.0358657836914,74.8307113647461,44.57129669189453,164.1300048828125,31.170000076293945,254.47999572753906,23.291805267333984,24.48121452331543,18.16996192932129,,
2012-12-23,113.39603424072266,58.306541442871094,70.68759155273438,37.76017379760742,32.235191345214844,83.32159423828125,79.68050384521484,74.89868927001953,44.748138427734375,160.3300018310547,29.0,258.8800048828125,23.266443252563477,24.223339080810547,18.17831802368164,,
2012-12-30,111.20421600341797,57.03667449951172,69.29383850097656,37.426063537597656,32.56605529785156,84.22908020019531,80.11134338378906,75.36479949951172,44.664886474609375,160.5399932861328,29.100000381469727,264.32000732421875,23.359439849853516,24.12018585205078,18.195024490356445,,
2013-01-06,116.23908996582031,59.58536148071289,73.24847412109375,38.40164566040039,33.52738571166992,80.87523651123047,78.95480346679688,74.69559478759766,45.16947555541992,160.44000244140625,29.239999771118164,271.0400085449219,23.2748966217041,23.759157180786133,18.37045669555664,,
2013-01-13,116.79497528076172,60.148746490478516,73.33241271972656,38.78252029418945,33.139869689941406,81.86568450927734,79.25881958007812,75.03638458251953,45.41934585571289,161.05999755859375,29.479999542236328,272.4800109863281,23.32562255859375,23.87090492248535,18.161611557006836,,
2013-01-20,117.79560852050781,59.97882080078125,74.36518096923828,38.85601806640625,33.37089538574219,81.9954605102539,79.38483428955078,74.76996612548828,45.515445709228516,163.08999633789062,30.809999465942383,278.1600036621094,23.655344009399414,23.956863403320312,18.253501892089844,,
2013-01-27,119.32038879394531,59.91624069213867,75.51544952392578,39.44404602050781,32.908843994140625,80.62246704101562,78.82881164550781,74.41676330566406,45.577919006347656,160.64999389648438,30.209999084472656,278.239990234375,23.680707931518555,23.70758056640625,18.195024490356445,,
2013-02-03,120.1065902709961,60.50645446777344,75.87647247314453,39.72467803955078,33.169673919677734,79.09696960449219,78.39103698730469,73.80342102050781,45.16017532348633,161.4499969482422,30.780000686645508,282.79998779296875,24.162609100341797,23.853710174560547,18.044654846191406,,
2013-02-10,120.55128479003906,60.80155563354492,76.23750305175781,39.10993194580078,32.67783737182617,80.17854309082031,78.89584350585938,74.28194427490234,44.928287506103516,161.57000732421875,30.43000030517578,277.6000061035156,24.137243270874023,23.209016799926758,18.295272827148438,,
2013-02-17,120.79750061035156,60.58694076538086,77.0267333984375,39.043113708496094,32.78215789794922,79.75408935546875,78.71768188476562,74.17005920410156,45.131195068359375,155.75999450683594,28.829999923706055,277.760009765625,23.968154907226562,22.7706241607666,18.345396041870117,,
2013-02-24,120.62283325195312,60.04142761230469,76.43061065673828,39.08320236206055,32.2530517578125,80.1169662475586,79.01461791992188,74.443603515625,45.290584564208984,152.97000122070312,27.829999923706055,268.79998779296875,23.334077835083008,22.658876419067383,18.570955276489258,,
2013-03-03,120.79750061035156,60.25605392456055,76.31306457519531,38.82261276245117,32.27540969848633,81.57193756103516,79.7475357055664,74.96247100830078,45.52104568481445,152.44000244140625,27.6200008392334,261.9200134277344,22.77608871459961,22.581512451171875,18.746389389038086,,
2013-03-10,123.44194030761719,61.499080657958984,78.69759368896484,39.677921295166016,32.88649368286133,78.7248306274414,78.5212631225586,74.05839538574219,45.71047592163086,152.7100067138672,28.010000228881836,264.3999938964844,22.99590301513672,22.555728912353516,18.846637725830078,,
2013-03-17,124.30207824707031,61.40838623046875,79.55400848388672,40.00532913208008,31.872995376586914,79.41775512695312,79.00432586669922,74.32027435302734,45.84158706665039,154.0,27.799999237060547,268.79998779296875,23.16499137878418,22.521343231201172,18.71297264099121,,
2013-03-24,124.11859130859375,61.48005676269531,79.05863189697266,39.66455078125,31.269367218017578,80.49484252929688,79.44281005859375,74.48860931396484,45.8076057434082,155.5500030517578,27.75,268.8800048828125,22.962087631225586,22.443979263305664,18.72968101501465,,
2013-03-31,124.97211456298828,61.82072448730469,79.50823974609375,39.410621643066406,31.872995376586914,80.78987884521484,79.77734375,74.75675964355469,45.827030181884766,154.4499969482422,27.420000076293945,278.0,23.088899612426758,22.263463973999023,18.88005256652832,,
2013-04-07,123.76765441894531,60.82575988769531,77.23490142822266,39.270301818847656,31.008554458618164,84.44416809082031,80.74102020263672,75.57475280761719,45.90420150756836,152.80999755859375,26.389999389648438,266.239990234375,22.547822952270508,22.12592887878418,18.754743576049805,,
2013-04-14,126.67117309570312,62.690147399902344,78.84307098388672,40.36615753173828,31.209749221801758,83.83222961425781,80.71131134033203,75.94378662109375,46.2606086730957,143.9499969482422,25.280000686645508,260.239990234375,22.336463928222656,22.306446075439453,18.66284942626953,,
2013-04-21,124.02289581298828,61.03190994262695,76.29190063476562,39.490814208984375,31.03089714050293,84.45098876953125,80.80802917480469,76.1188735961914,46.1141357421875,135.47000122070312,22.399999618530273,251.1199951171875,21.75310707092285,22.32363510131836,18.7965145111084,,
2013-04-28,126.22453308105469,62.358482360839844,78.22001647949219,40.81385803222656,31.478023529052734,84.83602142333984,81.03872680664062,76.50662994384766,46.56330871582031,140.91000366210938,23.100000381469727,264.9599914550781,22.08283233642578,22.100141525268555,18.721328735351562,,
2013-05-05,128.72120666503906,64.6441650390625,79.78609466552734,41.79611587524414,32.431907653808594,83.32148742675781,80.56561279296875,76.00018310546875,47.08126449584961,142.08999633789062,23.290000915527344,272.0799865722656,22.336463928222656,22.538536071777344,18.646141052246094,,
2013-05-12,130.3485107421875,65.4777603149414,81.52899932861328,41.889671325683594,32.46916198730469,81.81947326660156,79.97695922851562,75.44188690185547,46.86043930053711,139.60000610351562,22.979999542236328,273.1199951171875,22.27728271484375,22.168912887573242,18.88005256652832,,
2013-05-19,133.164306640625,66.59822845458984,83.39820098876953,42.130210876464844,32.35737991333008,80.65504455566406,79.67143249511719,75.32894897460938,46.8359375,131.07000732421875,21.399999618530273,273.67999267578125,22.13355827331543,21.80788230895996,19.147380828857422,,
2013-05-26,131.86412048339844,65.80045318603516,82.41307830810547,41.06109619140625,31.500383377075195,80.47589874267578,79.2988510131836,74.95263671875,46.467926025390625,133.75999450683594,21.610000610351562,266.9599914550781,22.0659236907959,21.756305694580078,18.971948623657227,,
2013-06-02,130.38040161132812,65.65703582763672,82.34571075439453,40.13896942138672,30.7030029296875,78.85670471191406,78.47920227050781,73.92388153076172,45.589717864990234,133.9199981689453,21.440000534057617,260.8800048828125,21.863018035888672,21.911029815673828,18.88840675354004,,
2013-06-09,131.457275390625,65.78253173828125,82.6825180053711,40.29265213012695,30.322933197021484,78.15570831298828,78.2568359375,73.35821533203125,45.53989791870117,133.27999877929688,20.860000610351562,273.2799987792969,22.251916885375977,22.194698333740234,18.51247787475586,,
2013-06-16,130.16505432128906,64.78758239746094,82.26995086669922,39.958553314208984,29.294536590576172,78.61154174804688,78.6000747680664,73.47145080566406,45.771690368652344,134.42999267578125,21.329999923706055,277.9200134277344,22.235010147094727,21.782093048095703,18.278562545776367,,
2013-06-23,127.55805206298828,63.329078674316406,80.80490112304688,38.71570587158203,27.87862777709961,74.86817169189453,76.13031768798828,70.60237121582031,44.459835052490234,125.05000305175781,19.389999389648438,265.8399963378906,21.499479293823242,21.74770736694336,18.66284942626953,,
2013-06-30,128.64060974121094,64.08436584472656,81.67212677001953,39.06407165527344,29.067834854125977,76.27709197998047,76.4809799194336,71.50840759277344,44.81987380981445,119.11000061035156,18.969999313354492,273.44000244140625,21.245845794677734,21.403873443603516,18.846637725830078,,
2013-07-07,130.7255096435547,65.26229858398438,84.28787231445312,39.432228088378906,28.1920223236084,73.55799102783203,75.10552978515625,70.80332946777344,44.54718780517578,118.08999633789062,18.209999084472656,292.4800109863281,21.609384536743164,21.171781539916992,19.130674362182617,,
2013-07-14,134.3260040283203,67.70806121826172,86.83334350585938,40.7752571105957,29.400035858154297,74.5686264038086,76.09922790527344,71.87638854980469,45.89078140258789,124.12999725341797,19.209999084472656,300.4800109863281,22.116647720336914,21.335105895996094,18.771451950073242,,
2013-07-21,135.65716552734375,67.06966400146484,88.2117691040039,41.36156463623047,29.656740188598633,75.59315490722656,76.77164459228516,72.7095947265625,46.555179595947266,125.11000061035156,18.8799991607666,307.6000061035156,22.175827026367188,21.541406631469727,18.67955780029297,,
2013-07-28,135.60902404785156,67.7710189819336,88.05109405517578,41.45018768310547,30.071998596191406,74.859375,76.33828735351562,72.39396667480469,45.99987030029297,128.77999877929688,19.31999969482422,297.67999267578125,21.854562759399414,21.214759826660156,18.462352752685547,,
2013-08-04,137.0845489501953,69.209716796875,88.93061065673828,42.04330825805664,29.981393814086914,73.92326354980469,76.18207550048828,72.07774353027344,45.941078186035156,126.36000061035156,19.1200008392334,303.5199890136719,21.88838005065918,20.948287963867188,18.51247787475586,,
2013-08-11,135.76939392089844,68.7780990600586,87.98344421386719,42.15920639038086,29.71713638305664,74.4368667602539,76.40655517578125,72.16001892089844,45.62220764160156,126.86000061035156,19.760000228881836,300.7200012207031,21.71929359436035,21.309316635131836,18.320335388183594,,
2013-08-18,132.9788055419922,67.86993408203125,85.9876708984375,42.056949615478516,29.671842575073242,71.73719787597656,74.92510223388672,70.6278076171875,45.104061126708984,132.5800018310547,22.34000015258789,307.20001220703125,22.37027931213379,21.61017417907715,18.362104415893555,,
2013-08-25,133.6123504638672,68.93992614746094,87.24772644042969,41.975135803222656,29.181081771850586,72.37567138671875,74.92510223388672,71.04568481445312,45.48769760131836,134.89999389648438,23.149999618530273,303.6000061035156,22.46327781677246,21.421062469482422,18.37045669555664,,
2013-09-01,131.23065185546875,67.86091613769531,84.88832092285156,40.33894348144531,28.705429077148438,73.55548095703125,75.12712097167969,71.57749938964844,45.51261901855469,134.6199951171875,22.600000381469727,307.8399963378906,22.539365768432617,21.558597564697266,18.537538528442383,,
2013-09-08,133.14723205566406,69.17372131347656,86.5881118774414,41.67516326904297,30.18524169921875,71.70387268066406,74.33358001708984,70.5523452758789,45.362361907958984,134.14999389648438,22.969999313354492,314.8800048828125,22.539365768432617,21.739112854003906,18.545894622802734,,
2013-09-15,135.7854461669922,70.18978881835938,88.63460540771484,42.83414077758789,31.076162338256836,72.05179595947266,74.6183090209961,70.74922180175781,45.607757568359375,127.81999969482422,21.420000076293945,310.79998779296875,22.268827438354492,21.911029815673828,18.37045669555664,,
2013-09-22,137.56741333007812,71.23929595947266,90.1399154663086,43.81584548950195,31.770763397216797,73.00502014160156,75.6749267578125,71.67029571533203,46.2589111328125,127.95999908447266,21.0,302.1600036621094,21.947559356689453,21.592981338500977,18.119840621948242,,
2013-09-29,136.10888671875,71.31144714355469,90.37137603759766,43.80902862548828,31.128990173339844,74.146240234375,76.38674926757812,72.26734161376953,45.99843978881836,128.97000122070312,20.959999084472656,295.67999267578125,21.87147331237793,21.868053436279297,18.078067779541016,,
2013-10-06,136.09278869628906,71.60908508300781,90.74446105957031,43.529510498046875,31.793407440185547,73.74742126464844,76.36626434326172,72.22071075439453,46.19786834716797,126.52999877929688,20.93000030517578,298.4800109863281,21.879924774169922,21.902435302734375,18.053007125854492,,
2013-10-13,137.19671630859375,71.45572662353516,91.3041000366211,43.9317512512207,32.3370246887207,73.572998046875,76.20867919921875,72.38002014160156,46.394187927246094,122.5999984741211,20.520000457763672,294.0,22.10819435119629,22.005590438842773,18.09477424621582,,
2013-10-20,140.52474975585938,74.08920288085938,93.8563461303711,45.04981994628906,32.69942092895508,74.67528533935547,76.77903747558594,73.33592987060547,47.01826095581055,126.8499984741211,21.110000610351562,291.6000061035156,22.201190948486328,22.082950592041016,17.919343948364258,,
2013-10-27,141.78176879882812,74.76564025878906,94.18702697753906,45.308876037597656,32.27662658691406,75.54736328125,77.37191009521484,73.48883056640625,47.12396240234375,130.4600067138672,21.709999084472656,282.55999755859375,21.863018035888672,21.96260643005371,17.82744789123535,,
2013-11-03,141.9912567138672,74.68448638916016,92.18595123291016,44.69529724121094,32.07276916503906,74.28107452392578,76.68154907226562,73.21418762207031,46.94239044189453,126.94999694824219,21.079999923706055,273.0400085449219,21.499479293823242,21.412466049194336,18.16996192932129,,
2013-11-10,142.8615264892578,74.44094848632812,92.61837005615234,44.4635124206543,31.076162338256836,72.33639526367188,76.05770874023438,72.43411254882812,46.982845306396484,124.27999877929688,20.690000534057617,272.0799865722656,21.33039093017578,21.38667869567871,18.295272827148438,,
2013-11-17,145.0855712890625,75.72162628173828,93.97505950927734,45.11799240112305,31.89911651611328,73.25975036621094,76.57632446289062,72.92645263671875,47.12442398071289,124.31999969482422,20.0,271.0400085449219,21.43184471130371,21.274932861328125,18.17831802368164,,
2013-11-24,145.697998046875,75.74867248535156,94.83995056152344,45.0975341796875,31.748106002807617,72.6861572265625,76.42604064941406,73.0799331665039,47.11936950683594,119.91999816894531,19.1299991607666,272.32000732421875,21.609384536743164,21.257741928100586,18.153257369995117,,
2013-12-01,145.85105895996094,77.31794738769531,96.24745178222656,45.15888595581055,31.97461700439453,73.06392669677734,76.43350219726562,73.31009674072266,47.245811462402344,120.69999694824219,19.239999771118164,267.67999267578125,21.56711196899414,21.352294921875,18.128192901611328,,
2013-12-08,145.80274963378906,77.56146240234375,95.37410736083984,44.56576919555664,31.665063858032227,72.20799255371094,75.77401733398438,72.90474700927734,47.18990707397461,118.55000305175781,18.760000228881836,280.3999938964844,21.76156234741211,21.18897247314453,18.027944564819336,,
2013-12-15,143.52224731445312,76.52429962158203,93.44084167480469,43.67949676513672,30.917598724365234,72.41140747070312,75.78156280517578,73.18048095703125,47.21025848388672,119.37999725341797,18.950000762939453,277.1199951171875,21.465660095214844,21.15458869934082,18.027944564819336,,
2013-12-22,147.09658813476562,78.26020050048828,96.60359191894531,44.74568176269531,30.8389835357666,73.14105987548828,75.61595916748047,73.68724060058594,47.31696701049805,115.94000244140625,18.6200008392334,283.8399963378906,21.693927764892578,21.197568893432617,18.09477424621582,,
2013-12-29,148.9519500732422,79.18303680419922,98.02252960205078,45.77716064453125,31.463687896728516,71.66268157958984,74.97129821777344,73.4354476928711,47.36644744873047,117.12000274658203,19.270000457763672,286.7200012207031,21.854562759399414,21.120206832885742,18.036296844482422,,
2014-01-05,148.17416381835938,78.38690948486328,97.6224594116211,45.371437072753906,30.564720153808594,71.91603088378906,75.08445739746094,73.71855163574219,47.50434875488281,119.29000091552734,19.420000076293945,270.0,21.245845794677734,21.008459091186523,18.161611557006836,,
2014-01-12,149.18690490722656,78.98401641845703,98.32894134521484,45.942195892333984,30.678998947143555,73.49275970458984,75.876220703125,74.07239532470703,47.790382385253906,120.26000213623047,19.3799991607666,265.5199890136719,21.017578125,20.83654022216797,18.10312843322754,,
2014-01-19,148.7817840576172,79.50872039794922,98.67794799804688,45.942195892333984,30.313323974609375,74.24591827392578,76.13257598876953,74.27184295654297,47.897621154785156,120.93000030517578,19.510000228881836,269.5199890136719,21.05984878540039,20.76777458190918,18.228443145751953,,
2014-01-26,144.93341064453125,78.47732543945312,96.56697082519531,44.594390869140625,29.132482528686523,75.65369415283203,76.66049194335938,74.22042083740234,47.50945281982422,122.29000091552734,19.15999984741211,276.6400146484375,21.203575134277344,20.845136642456055,18.06136131286621,,
2014-02-02,144.35821533203125,78.05207824707031,95.4689712524414,43.74169921875,29.09439468383789,76.21684265136719,77.12802124023438,74.85089874267578,47.62693405151367,120.08999633789062,18.450000762939453,278.3999938964844,21.034488677978516,21.18897247314453,18.236797332763672,,
2014-02-09,145.57347106933594,78.98401641845703,94.268798828125,44.780059814453125,29.505779266357422,75.36006927490234,77.09400177001953,74.89476013183594,47.95133972167969,122.16999816894531,19.270000457763672,285.1199951171875,21.56711196899414,21.67894172668457,18.08642578125,,
2014-02-16,149.08969116210938,81.25489044189453,97.08621215820312,45.72214126586914,30.214282989501953,75.21190643310547,76.9202880859375,74.99805450439453,48.2028694152832,127.1500015258789,20.649999618530273,287.2799987792969,21.795379638671875,21.95401382446289,17.9527587890625,,
2014-02-23,148.98439025878906,81.36347961425781,98.44813537597656,46.05222702026367,30.039064407348633,75.275390625,76.9731674194336,75.0496597290039,48.33628463745117,127.58000183105469,20.969999313354492,293.5199890136719,22.150466918945312,22.89956283569336,17.977821350097656,,
2014-03-02,150.9287872314453,82.0737075805664,100.03131103515625,46.423553466796875,30.0771541595459,76.61621856689453,77.4037094116211,75.70784759521484,48.72640609741211,127.62000274658203,20.350000381469727,293.9200134277344,22.091283798217773,23.527069091796875,17.860864639282227,,
2014-03-09,152.5248260498047,82.24632263183594,101.88690185546875,46.526702880859375,30.10762596130371,74.90644836425781,76.60628509521484,74.9609603881836,48.51130294799805,129.08999633789062,20.079999923706055,294.239990234375,22.22655487060547,24.39525604248047,17.852508544921875,,
2014-03-16,149.6082000732422,80.5564956665039,100.04832458496094,44.780059814453125,29.254375457763672,76.76687622070312,77.5293197631836,75.3169174194336,48.382286071777344,133.10000610351562,20.6200008392334,284.239990234375,22.00674057006836,24.584367752075195,17.77732276916504,,
2014-03-23,151.52162170410156,81.04120635986328,100.95909881591797,44.80756759643555,29.696239471435547,76.56171417236328,76.84835052490234,75.27166748046875,48.480342864990234,128.47000122070312,19.520000457763672,286.7200012207031,21.778470993041992,23.939672470092773,17.936050415039062,,
2014-03-30,150.9439239501953,79.26559448242188,97.5331802368164,45.9765739440918,31.037071228027344,77.36819458007812,76.96186828613281,75.69232177734375,48.61447525024414,124.55999755859375,19.059999465942383,292.9599914550781,22.09973907470703,24.438236236572266,17.94440269470215,,
2014-04-06,151.68443298339844,78.64640045166016,97.703857421875,46.320404052734375,31.463687896728516,76.92185974121094,76.9997329711914,75.83514404296875,48.86027145385742,125.56999969482422,19.15999984741211,291.44000244140625,22.040557861328125,24.300703048706055,17.994531631469727,,
2014-04-13,147.70513916015625,76.58848571777344,94.22203063964844,45.56398391723633,31.867462158203125,78.5318374633789,77.75012969970703,76.4388198852539,48.60116958618164,126.93000030517578,19.190000534057617,297.44000244140625,22.209646224975586,24.54998207092285,17.768972396850586,,
2014-04-20,151.67630004882812,78.4915771484375,96.36404418945312,46.43730163574219,32.00458526611328,78.0495376586914,77.15895080566406,76.24408721923828,48.77738952636719,124.75,18.8799991607666,301.2799987792969,22.522457122802734,24.82505226135254,17.852508544921875,,
2014-04-27,151.5949249267578,78.48249053955078,95.24610900878906,46.34790802001953,31.098005294799805,78.95735931396484,77.39391326904297,76.5556640625,48.83957290649414,125.43000030517578,18.940000534057617,292.79998779296875,22.46327781677246,25.02275848388672,17.82744789123535,,
2014-05-04,153.03529357910156,79.66622161865234,95.6044921875,47.03556442260742,31.699865341186523,80.13005065917969,77.89031982421875,77.17632293701172,48.95541763305664,125.05999755859375,18.690000534057617,290.32000732421875,22.21809959411621,24.87662696838379,17.768972396850586,,
2014-05-11,152.95388793945312,79.03791809082031,93.89777374267578,46.91178894042969,31.70747947692871,79.08495330810547,78.01944732666016,77.05909729003906,49.05433654785156,124.0999984741211,18.420000076293945,291.20001220703125,22.0659236907959,24.48121452331543,17.835803985595703,,
2014-05-18,153.027099609375,79.86656188964844,93.50519561767578,47.09745407104492,32.713096618652344,80.72013092041016,78.5890121459961,77.57991790771484,49.2625732421875,124.5,18.610000610351562,297.8399963378906,22.209646224975586,24.369468688964844,17.869216918945312,,
2014-05-25,154.89878845214844,81.84252166748047,95.55330657958984,47.255611419677734,32.86545944213867,80.12297821044922,78.67251586914062,77.42369842529297,49.31982421875,124.51000213623047,18.65999984741211,305.44000244140625,22.34491539001465,24.17176055908203,17.94440269470215,,
2014-06-01,156.79483032226562,83.14464569091797,96.3128433227539,47.73009490966797,32.415985107421875,81.1182632446289,78.96871948242188,77.85333251953125,49.48119354248047,120.43000030517578,18.079999923706055,301.44000244140625,22.00674057006836,23.819326400756836,17.936050415039062,,
2014-06-08,158.9919891357422,84.51963806152344,98.89006042480469,48.28709030151367,33.1854248046875,79.53874969482422,78.20417785644531,77.35589599609375,49.590484619140625,120.61000061035156,18.280000686645508,300.8800048828125,22.02364730834961,23.76775360107422,17.936050415039062,,
2014-06-15,157.97479248046875,84.0643310546875,98.64256286621094,47.943267822265625,33.2235221862793,79.93785858154297,78.2118148803711,77.34939575195312,49.65325164794922,122.95999908447266,18.920000076293945,312.9599914550781,22.311098098754883,23.83652114868164,17.994531631469727,,
2014-06-22,160.21170043945312,84.70109558105469,100.91258239746094,48.5140266418457,33.1854248046875,79.68841552734375,78.18900299072266,77.40158081054688,49.85197830200195,126.5,20.030000686645508,314.55999755859375,22.75918197631836,23.905288696289062,17.91098976135254,,
2014-06-29,160.11358642578125,85.5958251953125,100.9893569946289,48.12730407714844,33.286678314208984,80.71477508544922,78.73668670654297,77.93035888671875,49.82582092285156,126.66000366210938,20.170000076293945,311.8399963378906,22.60700035095215,23.931074142456055,17.82744789123535,,
2014-07-06,162.0595703125,87.37623596191406,102.64491271972656,48.768428802490234,33.908653259277344,79.09355163574219,78.05984497070312,77.20396423339844,49.755130767822266,127.16000366210938,20.290000915527344,306.0,22.31955337524414,23.535661697387695,17.869216918945312,,
2014-07-13,160.75955200195312,86.98365020751953,98.60150909423828,47.53548049926758,33.70132064819336,81.1659164428711,78.92105865478516,77.93712615966797,49.623775482177734,128.77999877929688,20.56999969482422,297.2799987792969,21.77001953125,22.45257568359375,17.860864639282227,,
2014-07-20,161.6589813232422,87.75972747802734,97.85621643066406,47.82433319091797,33.908653259277344,81.83771514892578,79.0887222290039,78.0615234375,49.30864334106445,126.12999725341797,20.020000457763672,301.760009765625,21.59247589111328,22.658876419067383,17.94440269470215,,
2014-07-27,161.66709899902344,88.32575988769531,97.31651306152344,47.873661041259766,34.384727478027344,82.65947723388672,79.18777465820312,78.20561218261719,49.3926887512207,125.79000091552734,19.8700008392334,302.1600036621094,21.71929359436035,22.96833038330078,18.06136131286621,,
2014-08-03,157.3989715576172,86.43580627441406,94.81507110595703,46.591400146484375,33.83186340332031,82.08232116699219,79.0865249633789,78.00961303710938,48.56858825683594,124.37999725341797,19.520000457763672,289.5199890136719,21.237394332885742,22.873777389526367,18.136545181274414,,
2014-08-10,158.0040283203125,86.64582061767578,96.17716217041016,45.99253463745117,33.563106536865234,82.7701644897461,79.5294418334961,78.154052734375,49.06988525390625,126.19000244140625,19.190000534057617,288.9599914550781,21.372663497924805,22.478363037109375,18.128192901611328,,
2014-08-17,160.03176879882812,88.92835998535156,97.1365966796875,46.591400146484375,34.177391052246094,84.33928680419922,80.1174545288086,78.66619110107422,49.629234313964844,125.4800033569336,18.860000610351562,283.5199890136719,21.085214614868164,22.581512451171875,18.128192901611328,,
2014-08-24,162.8690948486328,90.43489074707031,98.69571685791016,46.83095169067383,34.36167907714844,84.03838348388672,79.72036743164062,78.62677764892578,49.67147445678711,123.19000244140625,18.690000534057617,279.67999267578125,21.026031494140625,22.28925323486328,18.328689575195312,,
2014-08-31,164.11190795898438,91.10137176513672,99.85222625732422,47.000030517578125,34.59972381591797,85.2994384765625,80.10214233398438,79.16515350341797,49.72951126098633,123.86000061035156,18.709999084472656,286.0799865722656,21.161304473876953,22.74483299255371,18.39552116394043,,
2014-09-07,164.4390106201172,91.20179748535156,99.69806671142578,47.20435333251953,35.206329345703125,83.10979461669922,79.44507598876953,78.34742736816406,49.437957763671875,122.05999755859375,18.420000076293945,279.20001220703125,20.82312774658203,22.71904945373535,18.629432678222656,,
2014-09-14,162.8200225830078,90.82745361328125,98.8327865600586,46.51389694213867,33.624542236328125,81.42216491699219,78.58074188232422,77.44546508789062,49.125179290771484,118.37999725341797,17.889999389648438,275.0400085449219,20.14677619934082,21.919628143310547,18.738037109375,,
2014-09-21,164.870849609375,91.50116729736328,97.63349151611328,46.47867965698242,33.37114334106445,82.29830169677734,78.7490005493164,77.68245697021484,49.38493728637695,117.08999633789062,17.190000534057617,276.55999755859375,20.019962310791016,21.627365112304688,18.838281631469727,398.8210144042969,
2014-09-28,162.5706787109375,90.40290069580078,95.45353698730469,45.63322067260742,32.572574615478516,83.30370330810547,79.07789611816406,77.75492095947266,48.531463623046875,117.05999755859375,16.899999618530273,281.2799987792969,19.859331130981445,21.76490020751953,19.047134399414062,377.1809997558594,
2014-10-05,161.43707275390625,89.84463500976562,94.19075775146484,44.16073226928711,31.69721794128418,84.73518371582031,79.66690063476562,78.52384948730469,49.05813980102539,114.61000061035156,16.1200008392334,270.1600036621094,19.301342010498047,22.117334365844727,19.28104591369629,320.510009765625,
2014-10-12,156.5246124267578,86.43097686767578,89.97303009033203,42.54027557373047,31.105958938598633,86.42693328857422,80.72440338134766,78.98599243164062,48.24361038208008,117.58999633789062,16.639999389648438,257.44000244140625,19.098434448242188,22.727645874023438,19.097259521484375,378.54901123046875,
2014-10-19,154.8241424560547,85.11307525634766,92.32672882080078,42.72346115112305,31.267215728759766,87.16129302978516,81.30677032470703,79.21717071533203,48.8558349609375,118.98999786376953,16.579999923706055,250.0,18.827898025512695,22.469768524169922,18.930177688598633,389.5459899902344,
2014-10-26,161.36314392089844,90.25650024414062,95.41057586669922,43.84367370605469,31.497568130493164,86.18939971923828,80.9083023071289,79.06527709960938,49.39883041381836,118.3499984741211,16.5,247.0399932861328,18.73489761352539,22.100141525268555,19.030426025390625,354.7040100097656,
2014-11-02,165.6594696044922,92.80068969726562,100.12654113769531,45.055484771728516,32.36525344848633,85.85102844238281,80.47917175292969,78.7945785522461,49.26042175292969,112.66000366210938,15.5,245.0399932861328,18.870168685913086,22.057161331176758,19.289398193359375,325.8919982910156,
2014-11-09,167.03955078125,92.98372650146484,100.2553939819336,44.28049850463867,31.65114402770996,86.42119598388672,80.7332534790039,78.86408233642578,49.374839782714844,112.97000122070312,15.100000381469727,238.0800018310547,18.58271598815918,21.825071334838867,19.439773559570312,363.2640075683594,
2014-11-16,167.77890014648438,94.46636962890625,100.23823547363281,44.63982009887695,31.820072174072266,86.23353576660156,80.67952728271484,78.4668197631836,48.89897155761719,114.47000122070312,15.630000114440918,230.63999938964844,18.29526710510254,22.23767852783203,19.42306137084961,387.8819885253906,
2014-11-23,169.78330993652344,95.06126403808594,100.14375305175781,44.93572235107422,32.587928771972656,86.67378997802734,80.77165985107422,78.56611633300781,49.05938720703125,115.38999938964844,15.789999961853027,232.8000030517578,18.37981414794922,22.082950592041016,19.598499298095703,367.572998046875,
2014-11-30,170.21046447753906,97.01974487304688,100.23823547363281,45.083683013916016,31.866146087646484,88.39859008789062,81.51625061035156,79.51294708251953,48.72785186767578,112.11000061035156,14.829999923706055,204.63999938964844,17.263835906982422,21.95401382446289,19.606849670410156,378.0469970703125,
2014-12-07,170.86764526367188,96.44319915771484,101.09725189208984,45.06254959106445,31.390071868896484,87.58634185791016,80.81653594970703,78.58673858642578,48.51138687133789,114.43000030517578,15.609999656677246,199.67999267578125,17.05247688293457,21.80788230895996,19.807344436645508,375.0950012207031,
2014-12-14,165.0269317626953,93.9630126953125,98.5373764038086,42.9630012512207,29.43970489501953,91.35478973388672,82.28522491455078,79.04485321044922,46.8676872253418,117.41000366210938,16.299999237060547,175.44000244140625,16.32539939880371,21.6617488861084,19.573434829711914,351.6319885253906,
2014-12-21,170.58819580078125,95.82881927490234,102.13667297363281,43.89542007446289,30.252613067626953,91.04375457763672,81.6700668334961,79.26398468017578,48.46841049194336,114.7699966430664,15.390000343322754,175.67999267578125,16.249309539794922,21.868053436279297,19.857473373413086,320.8429870605469,
2014-12-28,172.1741180419922,96.49021911621094,103.93128967285156,44.279598236083984,30.704370498657227,90.17819213867188,81.15971374511719,79.2262954711914,48.53617858886719,114.83000183105469,15.350000381469727,166.24000549316406,15.885771751403809,21.67034339904785,19.957719802856445,317.239013671875,
2015-01-04,169.68783569335938,94.5611343383789,102.54312896728516,43.09861755371094,30.198089599609375,92.28751373291016,82.0375747680664,79.77891540527344,48.33656311035156,114.08000183105469,15.109999656677246,159.1199951171875,15.412325859069824,21.180376052856445,20.216693878173828,264.19500732421875,
2015-01-11,168.7131805419922,94.26716613769531,101.3705062866211,42.42986297607422,30.587541580200195,95.0057144165039,83.14656066894531,80.49124145507812,48.606292724609375,117.26000213623047,15.770000457763672,146.24000549316406,14.989606857299805,21.352294921875,20.367063522338867,265.6600036621094,
2015-01-18,166.5490264892578,92.61373138427734,100.62036895751953,43.248016357421875,30.758901596069336,96.5423583984375,83.99365997314453,80.82417297363281,48.32037353515625,122.5199966430664,16.950000762939453,146.63999938964844,14.83742904663086,20.76777458190918,20.542499542236328,210.33900451660156,
2015-01-25,169.30792236328125,95.77372741699219,101.8447494506836,43.65353775024414,31.74810218811035,97.68759155273438,84.12458038330078,81.40999603271484,48.55772399902344,124.2300033569336,17.510000228881836,136.0,14.617618560791016,20.18324851989746,21.060447692871094,253.71800231933594,
2015-02-01,164.748291015625,92.87091064453125,99.7582015991211,43.55393981933594,30.392810821533203,100.23179626464844,85.13343811035156,82.48194122314453,48.676414489746094,123.44999694824219,16.540000915527344,142.55999755859375,14.710612297058105,19.890987396240234,20.993616104125977,226.9720001220703,
2015-02-08,169.7870330810547,94.73568725585938,103.30186462402344,44.464561462402344,31.015939712524414,95.11786651611328,83.19881439208984,80.88975524902344,49.25870132446289,118.63999938964844,16.030000686645508,155.75999450683594,15.234784126281738,20.11448097229004,20.935138702392578,223.41200256347656,
2015-02-15,173.281005859375,98.20800018310547,104.78487396240234,45.403656005859375,31.67800521850586,93.10598754882812,82.67427825927734,80.6628189086914,49.3561897277832,117.9800033569336,16.540000915527344,156.9600067138672,15.47150707244873,20.26061248779297,20.809829711914062,234.8249969482422,
2015-02-22,174.4869842529297,99.58589935302734,105.51776123046875,46.264495849609375,31.67800521850586,91.9075927734375,82.22688293457031,80.68281555175781,49.51325988769531,115.27999877929688,15.539999961853027,149.1999969482422,15.184056282043457,19.899581909179688,20.851598739624023,235.9770050048828,
2015-03-01,174.0078887939453,99.57674407958984,105.69019317626953,46.31428909301758,31.73253059387207,94.07927703857422,83.0290756225586,81.31031799316406,49.76243591308594,116.16000366210938,15.869999885559082,144.8000030517578,15.361600875854492,19.8308162689209,21.05209732055664,260.2019958496094,
2015-03-08,171.39772033691406,98.66731262207031,104.4744644165039,45.396549224853516,30.579753875732422,89.87444305419922,81.4994125366211,79.75535583496094,49.2962532043457,111.86000061035156,15.1899995803833,145.9199981689453,14.854338645935059,19.418212890625,21.553335189819336,274.35400390625,
2015-03-15,170.01824951171875,96.76580047607422,105.71610260009766,44.884315490722656,29.832002639770508,92.21772766113281,82.32608795166016,80.30428314208984,49.0677490234375,110.87999725341797,14.899999618530273,134.39999389648438,14.330167770385742,18.971221923828125,22.1297607421875,286.39300537109375,
2015-03-22,174.5771942138672,99.92542266845703,108.63036346435547,46.712703704833984,31.21845054626465,95.70354461669922,83.67809295654297,81.32172393798828,49.19834518432617,113.56999969482422,16.0,131.44000244140625,14.549980163574219,19.383827209472656,21.570043563842773,267.9599914550781,
2015-03-29,170.70252990722656,97.15406036376953,106.46257019042969,46.34274673461914,30.73552894592285,95.37605285644531,83.53129577636719,81.18115234375,49.21466827392578,115.05999755859375,16.219999313354492,137.1199951171875,14.524618148803711,19.18611717224121,21.436378479003906,242.71299743652344,
2015-04-05,171.28329467773438,96.78579711914062,107.80307006835938,46.37833023071289,32.12198257446289,95.33509826660156,83.89851379394531,81.56895446777344,49.430694580078125,115.27999877929688,16.020000457763672,140.47999572753906,14.617618560791016,19.547149658203125,21.4781494140625,260.5979919433594,
2015-04-12,174.2701873779297,99.20726776123047,108.64197540283203,47.13956069946289,33.39937973022461,94.52558898925781,83.63540649414062,81.6427993774414,49.873287200927734,115.97000122070312,15.770000457763672,147.27999877929688,14.74443244934082,19.18611717224121,21.8624324798584,236.1529998779297,
2015-04-19,172.53614807128906,97.60521697998047,107.61283111572266,46.93324661254883,33.259178161621094,95.86009979248047,84.33187103271484,82.03208923339844,49.742149353027344,115.5999984741211,15.5600004196167,158.72000122070312,15.167150497436523,19.125947952270508,21.41131591796875,222.60000610351562,
2015-04-26,175.60604858398438,101.77605438232422,108.8495101928711,47.95058822631836,34.15491485595703,94.12449645996094,84.06103515625,81.6495132446289,49.900630950927734,113.05000305175781,15.0600004196167,157.36000061035156,15.217875480651855,19.211910247802734,21.31942367553711,219.42999267578125,
2015-05-03,174.83438110351562,100.4041976928711,105.48528289794922,47.8438835144043,33.601898193359375,90.61278533935547,82.75494384765625,80.05756378173828,49.83119201660156,113.08000183105469,15.470000267028809,163.1999969482422,15.446146011352539,18.92824363708496,20.910076141357422,240.35800170898438,
2015-05-10,175.5811309814453,100.07276153564453,106.06472778320312,48.13557052612305,33.39159393310547,89.52397155761719,82.70838928222656,80.09793853759766,49.99034881591797,113.97000122070312,15.760000228881836,163.36000061035156,15.403871536254883,19.22050666809082,20.809829711914062,240.29600524902344,
2015-05-17,176.2615203857422,100.89219665527344,106.93821716308594,48.67625045776367,33.60968017578125,88.8516845703125,82.71613311767578,79.9229736328125,49.95193862915039,117.52999877929688,16.75,164.16000366210938,15.5983247756958,19.50417137145996,20.47566795349121,236.802001953125,
2015-05-24,176.71786499023438,101.71162414550781,107.61283111572266,48.36322021484375,33.29033279418945,87.98210144042969,82.27440643310547,79.30376434326172,49.84217071533203,115.5999984741211,16.34000015258789,162.0,15.209421157836914,19.108760833740234,21.118927001953125,240.9530029296875,
2015-05-31,175.18287658691406,101.3249282836914,107.14578247070312,47.40989303588867,32.028507232666016,89.67015075683594,82.86339569091797,79.59994506835938,49.89704513549805,114.0999984741211,15.989999771118164,162.47999572753906,14.972699165344238,18.76491928100586,21.269296646118164,230.19000244140625,
2015-06-07,174.04620361328125,100.6343994140625,108.45172119140625,46.691349029541016,31.241819381713867,86.12127685546875,81.03075408935547,78.24943542480469,49.30824661254883,112.23999786376953,15.390000343322754,159.1999969482422,14.854338645935059,19.134546279907227,21.135635375976562,222.88099670410156,
2015-06-14,174.2452850341797,100.12799835205078,108.91007995605469,47.09686279296875,31.343074798583984,86.37764739990234,81.16267395019531,78.18868255615234,49.209014892578125,113.2300033569336,15.25,162.16000366210938,14.871248245239258,18.893861770629883,20.79311752319336,233.54299926757812,
2015-06-21,175.7598876953125,101.41031646728516,110.57921600341797,46.99726867675781,31.202871322631836,87.20513916015625,82.08641052246094,78.640869140625,49.418495178222656,115.12000274658203,15.420000076293945,160.16000366210938,14.752885818481445,18.790708541870117,20.617687225341797,243.94400024414062,
2015-06-28,174.93446350097656,100.8381576538086,110.26788330078125,47.559295654296875,31.333057403564453,84.38566589355469,80.7978286743164,77.57451629638672,49.060150146484375,112.55999755859375,15.109999656677246,159.83999633789062,14.964244842529297,19.521360397338867,20.885013580322266,249.01100158691406,
2015-07-05,172.84181213378906,99.62002563476562,107.5047607421875,46.286033630371094,31.215351104736328,85.13661193847656,81.37353515625,78.14832305908203,49.14644241333008,111.76000213623047,14.949999809265137,151.44000244140625,15.006516456604004,20.002735137939453,21.02703285217285,271.9129943847656,
2015-07-12,172.98353576660156,99.34317779541016,107.80873107910156,46.51754379272461,30.163856506347656,85.17327880859375,81.35025787353516,77.87080383300781,49.174156188964844,111.48999786376953,14.880000114440918,141.36000061035156,14.600708961486816,19.8308162689209,20.96855354309082,310.86700439453125,
2015-07-19,177.15223693847656,104.82483673095703,109.22443389892578,47.23374938964844,30.41495704650879,87.13288879394531,81.67674255371094,78.14832305908203,49.113250732421875,108.6500015258789,14.229999542236328,135.9199981689453,14.245624542236328,19.564342498779297,21.402965545654297,273.614013671875,
2015-07-26,173.4171142578125,102.52696228027344,105.59403991699219,46.220924377441406,29.080968856811523,89.0925064086914,82.2520980834961,78.42584228515625,48.31583023071289,105.3499984741211,14.020000457763672,128.24000549316406,13.64536190032959,18.65317153930664,21.260944366455078,292.6860046386719,
2015-08-02,175.5014190673828,103.31135559082031,106.79259490966797,46.86479187011719,29.128042221069336,89.92916870117188,82.74960327148438,78.75067901611328,48.714515686035156,104.93000030517578,14.079999923706055,124.72000122070312,13.298733711242676,18.446870803833008,21.244237899780273,282.614013671875,
2015-08-09,173.37539672851562,101.79789733886719,104.11756134033203,46.74180603027344,28.484596252441406,91.45691680908203,82.86946868896484,78.64889526367188,48.23391342163086,104.6500015258789,14.109999656677246,116.4800033569336,13.045103073120117,18.48125457763672,21.31942367553711,265.0830078125,
2015-08-16,174.60096740722656,101.98246765136719,104.53448486328125,46.30051040649414,27.8803768157959,91.17737579345703,82.7371826171875,78.34342193603516,48.05034255981445,106.8499984741211,14.550000190734863,111.91999816894531,12.96055793762207,18.360912322998047,21.085508346557617,258.5069885253906,
2015-08-23,164.93800354003906,94.4982681274414,99.90524291992188,43.34885025024414,25.69891357421875,92.97209167480469,83.8194808959961,78.74394226074219,47.53857421875,111.12999725341797,14.609999656677246,105.83999633789062,12.520931243896484,17.92251968383789,20.717933654785156,228.16900634765625,
2015-08-30,166.14688110351562,97.46981811523438,100.41768646240234,43.7105712890625,26.507156372070312,90.00054931640625,82.9552001953125,78.29592895507812,48.03922653198242,108.69999694824219,13.920000076293945,119.04000091552734,12.952103614807129,17.948307037353516,20.96855354309082,228.76100158691406,
2015-09-06,160.5692138671875,94.27680969238281,98.02928924560547,41.677696228027344,25.220247268676758,90.43181610107422,83.42098236083984,79.00788879394531,48.030025482177734,107.48999786376953,13.920000076293945,120.63999938964844,12.859106063842773,17.784984588623047,20.993616104125977,239.83999633789062,
2015-09-13,164.02926635742188,97.42365264892578,100.03556060791016,43.001583099365234,26.25604820251465,89.48089599609375,83.11685943603516,78.70832824707031,48.331748962402344,106.16000366210938,13.949999809265137,117.19999694824219,12.87601375579834,18.051456451416016,20.742996215820312,230.51199340820312,
2015-09-20,163.8008575439453,97.45719909667969,100.50454711914062,42.55305862426758,26.5463924407959,90.00425720214844,83.5925521850586,79.13724517822266,47.968563079833984,109.20999908447266,14.470000267028809,116.95999908447266,12.690018653869629,17.82796287536621,20.76805877685547,231.21200561523438,
2015-09-27,161.6218719482422,95.20918273925781,97.04762268066406,41.569175720214844,25.424272537231445,89.5914306640625,83.3430404663086,78.80367279052734,46.9740104675293,109.80999755859375,14.399999618530273,117.76000213623047,12.808380126953125,18.163204193115234,20.951845169067383,232.7570037841797,
2015-10-04,163.4237518310547,96.21756744384766,96.35952758789062,42.30709457397461,26.55423355102539,92.00828552246094,84.59465026855469,79.35872650146484,46.284393310546875,108.98999786376953,14.550000190734863,118.16000366210938,12.808380126953125,17.99128532409668,20.910076141357422,238.25900268554688,
2015-10-11,168.72869873046875,98.54875946044922,100.81036376953125,44.16633605957031,28.20210075378418,90.3240966796875,83.91507720947266,79.30415344238281,47.78341293334961,110.87000274658203,15.119999885559082,127.91999816894531,13.324097633361816,18.292144775390625,20.65110206604004,247.0500030517578,
2015-10-18,170.35458374023438,100.01963806152344,100.5316162109375,44.31826400756836,28.44536590576172,91.54289245605469,84.37588500976562,79.87079620361328,47.87884521484375,112.48999786376953,15.279999732971191,121.76000213623047,13.03664779663086,18.223379135131836,20.59262466430664,261.64300537109375,
2015-10-25,173.90797424316406,104.33052825927734,100.90618896484375,44.89702224731445,28.47674560546875,91.00370025634766,83.9463119506836,79.98684692382812,48.18767166137695,111.5,15.119999885559082,114.16000366210938,12.681564331054688,18.111629486083984,21.135635375976562,283.67999267578125,
2015-11-01,174.25997924804688,104.83934020996094,100.46199798583984,44.20975112915039,27.362472534179688,90.69344329833984,83.58706665039062,79.4816665649414,48.04166030883789,109.30000305175781,14.800000190734863,118.4800033569336,12.850651741027832,18.292144775390625,21.0938663482666,325.4309997558594,
2015-11-08,176.02835083007812,106.18994140625,103.84150695800781,44.08676528930664,27.699901580810547,88.09286499023438,82.4239273071289,78.56488037109375,47.682945251464844,104.0999984741211,14.079999923706055,113.83999633789062,12.613929748535156,17.845155715942383,21.578397750854492,373.3680114746094,
2015-11-15,169.74278259277344,101.61077880859375,99.35578155517578,42.89308166503906,26.318830490112305,88.59626007080078,82.76024627685547,78.83185577392578,46.81433868408203,103.55999755859375,13.59000015258789,104.4800033569336,12.081304550170898,17.544300079345703,21.519920349121094,320.1659851074219,
2015-11-22,175.41651916503906,105.90315246582031,101.74234771728516,44.072296142578125,27.558650970458984,89.1662368774414,82.8775405883789,79.1673812866211,46.72410202026367,103.08999633789062,13.5,103.44000244140625,11.988306045532227,17.77638816833496,21.670291900634766,324.5360107421875,
2015-11-29,175.62603759765625,105.74589538574219,104.18988800048828,43.91313552856445,26.63270378112793,89.55119323730469,83.19828796386719,79.32484436035156,46.870765686035156,101.25,13.460000038146973,104.23999786376953,12.07284927368164,17.6904296875,21.73712158203125,371.29400634765625,
2015-12-06,175.6763458251953,106.51373291015625,102.58724975585938,44.014427185058594,26.585628509521484,89.45172882080078,82.8652572631836,79.13178253173828,46.84708023071289,104.0199966430664,13.869999885559082,99.68000030517578,11.996759414672852,18.008480072021484,21.36954689025879,388.7829895019531,
2015-12-13,169.18968200683594,102.48961639404297,97.47444152832031,42.08282470703125,24.757274627685547,91.81082916259766,83.78975677490234,79.09747314453125,45.0675048828125,103.11000061035156,13.300000190734863,88.55999755859375,11.438770294189453,17.613065719604492,21.177404403686523,433.7550048828125,
2015-12-20,168.62850952148438,101.91182708740234,97.09990692138672,42.21303939819336,25.620447158813477,91.41766357421875,83.38240814208984,78.59624481201172,45.07319259643555,102.04000091552734,13.430000305175781,85.27999877929688,11.21895694732666,17.535701751708984,21.41131591796875,442.68499755859375,
2015-12-27,173.40025329589844,104.47285461425781,100.16317749023438,43.37196731567383,26.298629760742188,90.56858825683594,83.15072631835938,78.87298583984375,45.8580207824707,103.05000305175781,13.6899995803833,90.4000015258789,11.320409774780273,17.604467391967773,21.286006927490234,422.822998046875,
2016-01-03,171.87428283691406,103.79549407958984,98.51856994628906,42.85380935668945,25.653121948242188,89.63932800292969,82.85250854492188,78.50116729736328,45.90930938720703,101.45999908447266,13.1899995803833,88.0,11.295045852661133,17.716217041015625,21.428024291992188,430.010986328125,
2016-01-10,161.7997283935547,96.51142883300781,90.8467025756836,40.08787536621094,23.517351150512695,91.70598602294922,84.07656860351562,78.93496704101562,45.30538558959961,105.68000030517578,13.300000190734863,78.4000015258789,10.821601867675781,17.303613662719727,21.35283851623535,447.9909973144531,
2016-01-17,158.33473205566406,93.56997680664062,87.58373260498047,38.86909866333008,22.680574417114258,93.48267364501953,84.73572540283203,78.5906982421875,44.38813018798828,104.08000183105469,13.239999771118164,70.31999969482422,10.204431533813477,17.16607666015625,21.461442947387695,382.29901123046875,
2016-01-24,160.6194610595703,96.28874206542969,88.67719268798828,39.75944900512695,23.373903274536133,93.1779556274414,84.64154052734375,78.17756652832031,44.91229248046875,105.0,13.380000114440918,74.16000366210938,10.483426094055176,17.303613662719727,21.603458404541016,402.97100830078125,
2016-01-31,163.31719970703125,96.62277221679688,90.06808471679688,40.489253997802734,24.362091064453125,94.63496398925781,85.61454010009766,78.59759521484375,45.17435836791992,106.94999694824219,13.59000015258789,77.19999694824219,10.804692268371582,17.18326759338379,21.603458404541016,368.7669982910156,
2016-02-07,158.4528045654297,91.04607391357422,85.76415252685547,39.27049255371094,23.915817260742188,95.87213897705078,86.24237823486328,78.31928253173828,44.31608963012695,112.31999969482422,14.34000015258789,71.27999877929688,10.59333324432373,17.123098373413086,21.02703285217285,376.6199951171875,
2016-02-14,157.33993530273438,90.95326232910156,84.49575805664062,38.153900146484375,23.365934371948242,97.94269561767578,86.89462280273438,78.37447357177734,43.92677688598633,118.36000061035156,14.989999771118164,66.63999938964844,10.567970275878906,16.93398666381836,20.81818199157715,407.2300109863281,
2016-02-21,161.86715698242188,94.30300903320312,87.87239837646484,39.350772857666016,24.09910774230957,97.57775115966797,86.82389068603516,78.5610122680664,44.45351791381836,117.58000183105469,14.640000343322754,68.4000015258789,10.517244338989258,17.00275421142578,20.943492889404297,438.7980041503906,
2016-02-28,164.4722137451172,95.97323608398438,90.2693099975586,39.37266540527344,23.955657958984375,97.13086700439453,86.74533081054688,79.36894226074219,45.3638916015625,117.11000061035156,14.020000457763672,70.23999786376953,10.644060134887695,17.16607666015625,21.25259017944336,433.5039978027344,
2016-03-06,168.97415161132812,98.05176544189453,94.23210906982422,41.13147735595703,26.155179977416992,95.96446228027344,85.86929321289062,79.51077270507812,46.546409606933594,120.54000091552734,14.760000228881836,77.19999694824219,11.117505073547363,17.501317977905273,21.0938663482666,407.7070007324219,
2016-03-13,170.93844604492188,98.81262969970703,94.6520004272461,41.83208465576172,26.410202026367188,95.03912353515625,85.30267333984375,80.49425506591797,47.27739715576172,119.41000366210938,14.720000267028809,81.5199966430664,11.362680435180664,17.896730422973633,20.843244552612305,414.06500244140625,
2016-03-20,173.1929168701172,99.92472839355469,95.88545989990234,41.96344757080078,27.11946678161621,96.30767822265625,86.04240417480469,81.5262222290039,47.42703628540039,119.80000305175781,15.029999732971191,83.83999633789062,11.481043815612793,18.12881851196289,20.584270477294922,413.7550048828125,
2016-03-27,172.12515258789062,99.8223648071289,94.05882263183594,41.12417221069336,26.585527420043945,96.6658706665039,85.92434692382812,81.65093231201172,46.82268524169922,116.33000183105469,14.430000305175781,80.4800033569336,11.286591529846191,17.870946884155273,20.8265380859375,426.7650146484375,
2016-04-03,175.34532165527344,102.7073745727539,97.498291015625,41.270145416259766,27.215097427368164,97.71855163574219,86.80406188964844,82.56035614013672,47.05250549316406,116.93000030517578,14.34000015258789,74.63999938964844,11.04141616821289,17.613065719604492,20.49237823486328,420.90399169921875,
2016-04-10,173.2946014404297,101.44171905517578,95.73466491699219,41.20445251464844,26.601463317871094,98.71315002441406,87.37936401367188,82.79651641845703,47.139225006103516,118.43000030517578,14.619999885559082,80.23999786376953,11.210502624511719,17.44114875793457,20.400482177734375,421.5639953613281,
2016-04-17,176.07406616210938,102.96797943115234,98.66525268554688,42.54729461669922,27.54981231689453,98.61595916748047,87.13507080078125,83.03958129882812,47.70013427734375,117.91999816894531,15.460000038146973,82.0,11.464134216308594,17.656044006347656,20.500730514526367,427.39898681640625,
2016-04-24,177.08250427246094,101.42308807373047,100.12174987792969,43.452239990234375,27.525896072387695,95.9837646484375,86.22871398925781,83.10906219482422,48.226348876953125,117.88999938964844,16.139999389648438,86.08000183105469,11.886852264404297,17.664640426635742,20.59262466430664,458.55499267578125,
2016-05-01,174.84536743164062,98.38915252685547,98.69158935546875,42.64216613769531,27.406356811523438,96.74650573730469,86.69373321533203,83.57438659667969,48.486595153808594,123.6500015258789,16.979999542236328,90.4000015258789,12.326478958129883,18.12022590637207,20.133153915405273,451.875,
2016-05-08,174.32838439941406,98.25888061523438,97.31403350830078,41.87586975097656,26.163156509399414,97.74298858642578,87.14443969726562,83.45951843261719,47.941673278808594,123.18000030517578,16.6299991607666,87.68000030517578,11.937577247619629,17.948307037353516,20.31694221496582,458.5480041503906,
2016-05-15,173.5149383544922,98.18440246582031,96.19971466064453,41.576656341552734,25.716873168945312,99.11419677734375,87.52330017089844,83.58484649658203,48.08690643310547,121.70999908447266,16.280000686645508,90.95999908447266,12.241935729980469,18.28354835510254,20.458961486816406,457.5679931640625,
2016-05-22,174.133544921875,99.087158203125,97.20872497558594,41.82478713989258,25.669055938720703,97.51826477050781,86.5287857055664,82.81879425048828,48.296043395996094,119.70999908447266,15.6899995803833,94.0,12.394115447998047,18.15460968017578,20.626041412353516,439.322998046875,
2016-05-29,178.15870666503906,102.49334716796875,100.55169677734375,42.81001281738281,26.362390518188477,97.29344177246094,86.50511169433594,82.99988555908203,48.61552810668945,115.62000274658203,15.390000343322754,95.83999633789062,12.512475967407227,18.403888702392578,20.709583282470703,526.2329711914062,
2016-06-05,178.19259643554688,102.42821502685547,101.7537612915039,42.84650802612305,26.99993133544922,100.03124237060547,87.65351867675781,84.04279327392578,48.74532699584961,118.87999725341797,15.609999656677246,94.55999755859375,12.67310905456543,18.971221923828125,20.333648681640625,574.9769897460938,
2016-06-12,178.0146484375,101.3858413696289,101.84148406982422,41.70802307128906,26.720998764038086,101.1949462890625,88.09613800048828,84.46184539794922,48.932132720947266,121.73999786376953,16.489999771118164,94.95999908447266,12.985920906066895,19.590129852294922,20.467313766479492,672.7839965820312,
2016-06-19,175.91647338867188,99.36970520019531,100.077880859375,41.20445251464844,26.513803482055664,101.81815338134766,88.30960083007812,84.33615112304688,48.52351379394531,123.94999694824219,16.600000381469727,93.27999877929688,12.909832954406738,19.57293701171875,20.37541961669922,763.781005859375,
2016-06-26,173.12249755859375,97.31681823730469,98.60382843017578,39.966094970703125,26.224151611328125,101.94581604003906,88.6968765258789,84.62245178222656,48.59358215332031,126.0,16.889999389648438,91.19999694824219,12.690018653869629,18.593000411987305,20.70122718811035,629.3670043945312,
2016-07-03,178.8126678466797,100.85337829589844,101.24484252929688,41.57487487792969,27.862655639648438,105.73634338378906,89.51769256591797,86.16777801513672,49.53786849975586,128.41000366210938,18.739999771118164,94.23999786376953,13.138100624084473,18.893861770629883,20.68451690673828,658.6640014648438,
2016-07-10,181.13809204101562,102.92497253417969,103.03601837158203,41.15032958984375,27.71004867553711,108.01554107666016,90.0797119140625,87.1131362915039,50.194740295410156,130.52000427246094,19.219999313354492,86.63999938964844,12.580111503601074,18.421083450317383,20.8265380859375,649.3599853515625,
2016-07-17,183.8468475341797,104.32465362548828,105.60332489013672,42.423946380615234,28.66584587097168,104.09654998779297,88.59158325195312,86.1957778930664,50.218177795410156,126.83999633789062,19.079999923706055,87.91999816894531,12.622384071350098,18.343721389770508,20.851598739624023,679.458984375,
2016-07-24,185.04788208007812,106.05097198486328,106.22090148925781,42.4835319519043,28.8907470703125,104.40489196777344,88.74991607666016,86.370849609375,50.53485107421875,126.3499984741211,18.670000076293945,83.36000061035156,12.309572219848633,17.819366455078125,21.060447692871094,661.2849731445312,
2016-07-31,184.94569396972656,107.52534484863281,106.81202697753906,43.22833251953125,29.083505630493164,106.48096466064453,89.50188446044922,86.8260498046875,50.08915710449219,128.97999572753906,19.350000381469727,78.08000183105469,12.07284927368164,17.699024200439453,20.609329223632812,624.6810302734375,
2016-08-07,185.84860229492188,108.9716796875,107.89712524414062,43.0197868347168,29.412811279296875,103.9926528930664,88.683837890625,85.97858428955078,50.39137649536133,127.55000305175781,18.709999084472656,78.87999725341797,12.140483856201172,17.982690811157227,20.784767150878906,592.6900024414062,
2016-08-14,186.08712768554688,109.36358642578125,107.80009460449219,43.80183792114258,30.103559494018555,105.56009674072266,89.08018493652344,86.89128875732422,50.84493637084961,127.4000015258789,18.719999313354492,84.0,12.309572219848633,17.793581008911133,20.676164627075195,570.4730224609375,
2016-08-21,186.15524291992188,109.41958618164062,108.46177673339844,43.78693389892578,30.199939727783203,104.52772521972656,88.66796112060547,86.65961456298828,51.009925842285156,127.97000122070312,18.350000381469727,90.72000122070312,12.7830171585083,17.931114196777344,20.400482177734375,581.3079833984375,
2016-08-28,185.09048461914062,108.9716796875,108.56763458251953,43.47411346435547,29.525264739990234,104.26394653320312,88.34300994873047,86.63860321044922,50.99224853515625,126.05000305175781,17.719999313354492,87.5999984741211,12.57165813446045,17.647451400756836,20.617687225341797,573.9119873046875,
2016-09-04,186.01040649414062,109.2889633178711,109.84687042236328,44.26361846923828,30.047332763671875,104.65747833251953,88.50534057617188,86.82772827148438,51.41252517700195,126.56999969482422,18.440000534057617,81.91999816894531,12.165846824645996,17.449743270874023,20.709583282470703,608.6339721679688,
2016-09-11,181.67469787597656,106.63883972167969,106.97079467773438,43.593292236328125,29.485103607177734,102.30968475341797,88.10845947265625,85.75077056884766,50.744014739990234,126.75,18.110000610351562,84.72000122070312,12.385661125183105,17.484127044677734,20.584270477294922,606.718994140625,
2016-09-18,182.66944885253906,109.72180938720703,107.50895690917969,42.818687438964844,29.324459075927734,101.72834777832031,88.17992401123047,85.68739318847656,50.826812744140625,125.05999755859375,17.860000610351562,80.0,12.208118438720703,17.47553062438965,20.742996215820312,609.8740234375,
2016-09-25,184.9124755859375,110.69471740722656,110.11154174804688,44.136993408203125,30.224037170410156,103.29106903076172,88.60858917236328,86.49688720703125,51.329673767089844,127.6500015258789,18.68000030517578,81.5199966430664,12.318024635314941,17.59587287902832,20.617687225341797,600.8259887695312,
2016-10-02,185.17791748046875,111.05953979492188,109.88507843017578,44.04016876220703,30.079463958740234,103.81196594238281,88.80695343017578,86.70804595947266,51.62553024291992,125.63999938964844,18.200000762939453,87.44000244140625,12.690018653869629,17.174673080444336,20.617687225341797,610.8920288085938,
2016-10-09,184.0991668701172,110.82567596435547,108.66423797607422,43.63052749633789,30.272228240966797,101.2836685180664,87.94062042236328,86.18016052246094,51.78952407836914,119.73999786376953,16.600000381469727,90.63999938964844,12.83374309539795,17.234846115112305,20.851598739624023,616.7520141601562,
2016-10-16,182.45542907714844,109.58148193359375,106.5409927368164,42.952754974365234,29.621641159057617,99.521484375,87.59886932373047,85.8343505859375,51.6171989440918,119.36000061035156,16.559999465942383,91.5199966430664,12.90137767791748,17.34659194946289,21.185760498046875,641.6309814453125,
2016-10-23,183.19171142578125,110.52631378173828,107.1072006225586,43.340057373046875,30.199939727783203,100.82228088378906,88.02010345458984,86.46247100830078,51.920257568359375,120.83000183105469,16.649999618530273,91.83999633789062,12.96055793762207,17.432552337646484,21.302715301513672,657.0709838867188,
2016-10-30,181.9589385986328,109.5440673828125,104.41780853271484,43.04212188720703,29.66179847717285,98.65928649902344,87.4080810546875,85.30503845214844,51.27252197265625,121.58000183105469,16.8700008392334,88.08000183105469,12.816834449768066,17.73340606689453,21.227527618408203,701.864013671875,
2016-11-06,178.5430145263672,106.31665802001953,102.39188385009766,42.133480072021484,28.85861587524414,99.82506561279297,87.96040344238281,85.48739624023438,50.72763442993164,124.38999938964844,17.459999084472656,79.83999633789062,12.427931785583496,17.552894592285156,20.935138702392578,711.52197265625,
2016-11-13,185.28060913085938,108.32795715332031,112.67178344726562,42.4909782409668,27.750207901000977,92.47496032714844,85.2621078491211,83.55561065673828,49.82623291015625,117.0999984741211,16.469999313354492,78.16000366210938,12.182755470275879,17.34659194946289,21.377899169921875,702.031005859375,
2016-11-20,187.06141662597656,109.74987030029297,115.8831558227539,41.857906341552734,27.782337188720703,91.57325744628906,84.10003662109375,82.5012435913086,50.518707275390625,115.1500015258789,15.729999542236328,82.55999755859375,12.402568817138672,17.32939910888672,21.87914276123047,731.0260009765625,
2016-11-27,189.64682006835938,111.13438415527344,118.60797119140625,42.297332763671875,28.312448501586914,91.55056762695312,83.87714385986328,82.5012435913086,51.175323486328125,112.61000061035156,15.630000114440918,82.63999938964844,12.690018653869629,17.449743270874023,21.92091178894043,732.0349731445312,
2016-12-04,188.071533203125,108.23438262939453,115.80351257324219,42.23774719238281,28.208026885986328,90.8095932006836,83.836669921875,82.59086608886719,51.19412612915039,112.13999938964844,15.829999923706055,91.83999633789062,13.188826560974121,16.916797637939453,21.76218605041504,773.8720092773438,
2016-12-11,193.91883850097656,111.78919982910156,122.35894012451172,43.73480224609375,29.05137062072754,89.21509552001953,83.36638641357422,82.44891357421875,51.85969161987305,110.4000015258789,15.970000267028809,91.5199966430664,13.188826560974121,17.019943237304688,21.92091178894043,769.7310180664062,
2016-12-18,193.79588317871094,112.21359252929688,120.23574829101562,43.295372009277344,28.23211669921875,88.94175720214844,82.60911560058594,82.02323150634766,51.595855712890625,108.05000305175781,15.270000457763672,92.4000015258789,13.222644805908203,17.31220817565918,22.196592330932617,790.530029296875,
2016-12-25,194.37289428710938,112.77655792236328,120.84712982177734,43.40438461303711,27.848161697387695,89.8674087524414,82.99579620361328,82.76720428466797,52.097835540771484,107.93000030517578,14.90999984741211,92.4800033569336,13.138100624084473,16.976966857910156,22.246715545654297,896.1829833984375,
2017-01-01,192.49560546875,111.16278839111328,119.79002380371094,43.4420051574707,28.441192626953125,90.68954467773438,83.68233489990234,83.37197875976562,52.067771911621094,109.61000061035156,15.109999656677246,93.76000213623047,13.391731262207031,17.16607666015625,22.104700088500977,998.3250122070312,
2017-01-08,195.66465759277344,114.39968872070312,120.53622436523438,44.4353141784668,29.196697235107422,92.00653076171875,83.89787292480469,83.73480987548828,52.47681427001953,111.75,15.640000343322754,93.44000244140625,13.38327693939209,17.484127044677734,22.062931060791016,911.198974609375,
2017-01-15,195.52682495117188,115.55377960205078,121.04258728027344,44.84165954589844,29.797861099243164,92.34906768798828,84.13740539550781,83.7988510131836,52.530967712402344,114.20999908447266,15.9399995803833,91.27999877929688,13.434003829956055,17.819366455078125,21.854080200195312,821.7979736328125,
2017-01-22,195.2598876953125,115.63818359375,119.42585754394531,44.691162109375,29.586637496948242,91.3061752319336,83.68233489990234,83.4715576171875,52.458797454833984,115.05000305175781,16.190000534057617,91.12000274658203,13.417094230651855,17.90532875061035,21.7454776763916,924.6729736328125,
2017-01-29,197.1802520751953,118.03070068359375,120.98037719726562,45.127620697021484,30.439624786376953,91.07018280029297,83.60254669189453,83.48579406738281,52.70541763305664,113.48999786376953,16.219999313354492,91.19999694824219,13.315641403198242,17.681833267211914,21.71206283569336,919.4959716796875,
2017-02-05,197.49891662597656,117.91810607910156,121.58444213867188,45.25554275512695,30.667098999023438,90.786376953125,83.80123138427734,83.50430297851562,52.858402252197266,116.12999725341797,16.56999969482422,92.31999969482422,13.450911521911621,17.681833267211914,21.53662872314453,1027.3399658203125,
2017-02-12,199.36764526367188,119.51313781738281,122.53496551513672,45.25554275512695,31.048906326293945,92.12910461425781,84.13700103759766,83.84678649902344,52.88861846923828,117.5999984741211,17.020000457763672,92.0,13.5692720413208,17.681833267211914,21.7454776763916,999.1810302734375,
2017-02-19,202.45057678222656,121.79305267333984,123.57432556152344,45.52643966674805,31.187015533447266,91.79341888427734,84.10504150390625,83.99658203125,53.03364944458008,117.68000030517578,17.059999465942383,91.12000274658203,13.341005325317383,17.699024200439453,21.787248611450195,1047.8699951171875,
2017-02-26,203.8715362548828,122.21526336669922,123.16568756103516,45.443668365478516,31.2601318359375,93.08271789550781,84.81663513183594,84.73851013183594,53.32365417480469,119.69999694824219,17.399999618530273,91.68000030517578,13.273370742797852,17.44114875793457,21.82901954650879,1165.199951171875,
2017-03-05,205.31826782226562,122.92832946777344,123.16568756103516,45.85001754760742,31.0245418548584,91.2287826538086,83.7242660522461,84.05290222167969,53.39881896972656,117.51000213623047,16.979999542236328,90.31999969482422,13.205735206604004,17.466934204101562,21.8624324798584,1267.1199951171875,
2017-03-12,204.6896209716797,123.27546691894531,120.77608489990234,45.94031524658203,30.878311157226562,89.62356567382812,83.25184631347656,82.9870376586914,52.37321472167969,114.72000122070312,16.149999618530273,82.31999969482422,12.605474472045898,17.174673080444336,21.845722198486328,1221.3800048828125,
2017-03-19,205.00926208496094,123.8139419555664,122.99690246582031,46.82827377319336,32.080631256103516,90.68605041503906,83.85238647460938,83.56645202636719,52.8465461730957,116.98999786376953,16.469999313354492,82.63999938964844,12.67310905456543,17.320802688598633,21.628520965576172,1036.739990234375,
2017-03-26,202.2675018310547,122.81734466552734,119.81424713134766,46.76054763793945,32.340579986572266,92.3982162475586,84.45287322998047,84.21024322509766,52.694828033447266,118.86000061035156,16.809999465942383,80.72000122070312,12.605474472045898,17.191865921020508,21.503210067749023,966.7249755859375,
2017-04-02,203.89352416992188,124.46269989013672,122.47799682617188,46.87343215942383,31.999393463134766,92.268310546875,84.5409164428711,84.34617614746094,53.2713737487793,118.72000122070312,17.25,85.12000274658203,12.859106063842773,17.00275421142578,21.678646087646484,1102.1700439453125,
2017-04-09,203.426513671875,124.07718658447266,120.73188018798828,46.519744873046875,31.983142852783203,92.46363067626953,84.6844253540039,84.48101806640625,53.260990142822266,119.45999908447266,17.030000686645508,87.68000030517578,13.028193473815918,16.83083724975586,21.845722198486328,1187.8699951171875,
2017-04-16,201.0998992919922,122.6010971069336,119.12831115722656,46.3466682434082,31.796300888061523,94.57780456542969,85.75093078613281,85.45652770996094,53.157413482666016,122.5999984741211,17.530000686645508,89.04000091552734,13.197280883789062,16.93398666381836,21.703706741333008,1182.93994140625,
2017-04-23,202.89886474609375,124.63188934326172,122.23745727539062,46.63262176513672,31.91815757751465,94.63140869140625,85.72688293457031,85.41350555419922,53.388999938964844,122.30999755859375,17.020000457763672,82.55999755859375,12.664654731750488,16.581554412841797,21.561689376831055,1207.2099609375,
2017-04-30,205.91738891601562,127.85678100585938,123.88556671142578,48.00970458984375,32.54367446899414,93.71985626220703,85.4782943725586,85.34893798828125,53.705928802490234,120.7699966430664,16.299999237060547,81.91999816894531,12.512475967407227,16.96837043762207,21.361194610595703,1347.8900146484375,
2017-05-07,207.31858825683594,129.31407165527344,123.8232421875,49.35668182373047,32.6492919921875,93.1019515991211,85.1169204711914,85.15617370605469,53.604915618896484,117.01000213623047,15.5,77.27999877929688,12.225028038024902,17.18326759338379,21.260944366455078,1596.7099609375,
2017-05-14,206.69586181640625,130.3106689453125,122.50470733642578,49.09330368041992,33.48602294921875,93.17872619628906,85.27749633789062,85.60926818847656,53.849761962890625,116.83000183105469,15.569999694824219,79.5999984741211,12.360298156738281,17.34659194946289,21.394609451293945,1808.9100341796875,
2017-05-21,206.1163330078125,129.5961456298828,121.18622589111328,49.747989654541016,33.42916488647461,94.95952606201172,85.96814727783203,86.28536987304688,53.97214126586914,119.4000015258789,15.9399995803833,83.83999633789062,12.740743637084961,17.398168563842773,20.960203170776367,2041.199951171875,
2017-05-28,209.05697631835938,132.77395629882812,122.53145599365234,49.70283126831055,33.908470153808594,94.78298950195312,85.92801666259766,86.18468475341797,54.21086883544922,120.54000091552734,16.399999618530273,82.23999786376953,12.57165813446045,17.045734405517578,21.02703285217285,2155.800048828125,
2017-06-04,211.18472290039062,134.8800048828125,124.58942413330078,50.583282470703125,33.924713134765625,96.62995147705078,86.51795196533203,86.9093246459961,54.44858932495117,121.61000061035156,16.59000015258789,78.87999725341797,12.19120979309082,17.105907440185547,20.876659393310547,2511.81005859375,
2017-06-11,210.52740478515625,131.60812377929688,126.1573257446289,49.89848327636719,33.80286407470703,95.69152069091797,86.26864624023438,86.57041931152344,54.28872299194336,120.54000091552734,16.280000686645508,75.91999816894531,12.106666564941406,17.31220817565918,21.010324478149414,2958.110107421875,
2017-06-18,210.88479614257812,130.24143981933594,124.89226531982422,49.95868682861328,33.48602294921875,97.1915054321289,86.63053131103516,87.14005279541016,54.18425750732422,119.33999633789062,15.789999961853027,73.91999816894531,11.937577247619629,16.976966857910156,20.98526382446289,2548.2900390625,
2017-06-25,211.31069946289062,133.154541015625,125.5337142944336,49.81163787841797,33.86970520019531,98.29146575927734,86.70292663574219,87.3852767944336,54.21498107910156,119.43000030517578,15.789999961853027,70.87999725341797,11.683947563171387,16.37525177001953,21.010324478149414,2589.409912109375,
2017-07-02,210.15480041503906,129.76065063476562,125.5426254272461,49.857513427734375,33.779937744140625,96.24533081054688,85.74584197998047,86.902099609375,54.331756591796875,118.0199966430664,15.710000038146973,76.0,12.216572761535645,17.062923431396484,20.676164627075195,2506.469970703125,
2017-07-09,210.42417907714844,129.87376403808594,125.70022583007812,49.58222579956055,33.5677375793457,94.59427642822266,85.19728088378906,86.56229400634766,54.076805114746094,115.27999877929688,14.729999542236328,72.80000305175781,12.047486305236816,17.27782440185547,20.75135040283203,2518.43994140625,
2017-07-16,213.4226837158203,133.98414611816406,126.80967712402344,50.713966369628906,35.43669509887695,95.06446075439453,85.70479583740234,87.1768569946289,54.650917053222656,116.7699966430664,15.079999923706055,76.72000122070312,12.284208297729492,17.25203514099121,20.567562103271484,1929.8199462890625,
2017-07-23,214.56996154785156,135.86026000976562,127.54334259033203,50.88984680175781,35.60808563232422,96.88358306884766,86.3008041381836,87.88542938232422,54.774391174316406,119.26000213623047,15.600000381469727,74.72000122070312,12.216572761535645,17.303613662719727,20.31694221496582,2730.39990234375,
2017-07-30,214.59600830078125,135.60569763183594,127.01544952392578,51.07337951660156,35.70602035522461,95.49612426757812,86.0430679321289,87.56732940673828,54.885498046875,120.69000244140625,15.8100004196167,81.36000061035156,12.63929271697998,17.140289306640625,20.191635131835938,2757.179931640625,
2017-08-06,215.03053283691406,135.4265899658203,125.44973754882812,51.585697174072266,35.86925506591797,96.50707244873047,86.26486206054688,87.52961730957031,54.85944747924805,119.6500015258789,15.380000114440918,81.04000091552734,12.52938461303711,16.89960289001465,20.241756439208984,3213.93994140625,
2017-08-13,212.1710968017578,133.96533203125,122.10343170166016,50.4310302734375,35.02861785888672,97.66577911376953,86.76505279541016,87.348388671875,54.13420867919922,122.79000091552734,16.170000076293945,79.91999816894531,12.495567321777344,16.50419044494629,20.141508102416992,4073.260009765625,
2017-08-20,210.94566345214844,133.14508056640625,120.71656036376953,50.614559173583984,35.640724182128906,97.81253814697266,86.78118896484375,87.46439361572266,54.22099304199219,122.30000305175781,16.100000381469727,79.76000213623047,12.546294212341309,16.048606872558594,20.225046157836914,4087.659912109375,
2017-08-27,212.5535430908203,133.84274291992188,122.47023010253906,51.04277420043945,36.6690559387207,98.35325622558594,86.9748306274414,87.8703384399414,54.685890197753906,122.73999786376953,16.110000610351562,78.0,12.504021644592285,16.031414031982422,20.041257858276367,4382.8798828125,
2017-09-03,215.40426635742188,137.64205932617188,125.72706604003906,51.22629928588867,36.85676193237305,98.11457061767578,87.0647964477539,87.8114242553711,54.977455139160156,126.05999755859375,16.729999542236328,77.36000061035156,12.7830171585083,15.988434791564941,20.116445541381836,4582.9599609375,
2017-09-10,214.30918884277344,135.9545135498047,124.56391143798828,51.62394332885742,36.63641357421875,99.85624694824219,87.77580261230469,88.12399291992188,54.64754867553711,127.97000122070312,17.020000457763672,77.83999633789062,12.7830171585083,16.203332901000977,19.798995971679688,4122.93994140625,
2017-09-17,217.65240478515625,137.6986083984375,127.41807556152344,52.044525146484375,37.207706451416016,98.1997299194336,87.00823211669922,87.96405029296875,55.033485412597656,125.52999877929688,16.6200008392334,81.5999984741211,12.969011306762695,16.383848190307617,19.915952682495117,3582.8798828125,
2017-09-24,217.8707733154297,136.3560333251953,129.10910034179688,52.29685974121094,37.03632736206055,97.68885040283203,86.4426498413086,87.93501281738281,55.04595947265625,123.23999786376953,16.049999237060547,81.91999816894531,13.03664779663086,16.383848190307617,19.991138458251953,3682.840087890625,
2017-10-01,219.43423461914062,137.42364501953125,132.90167236328125,52.36568832397461,36.571128845214844,96.57415771484375,86.06291961669922,88.11668395996094,55.25136184692383,121.58000183105469,15.739999771118164,83.44000244140625,13.019739151000977,16.315080642700195,20.19998550415039,4403.740234375,
2017-10-08,222.17681884765625,139.51170349121094,134.57879638671875,52.327457427978516,37.240360260009766,95.86211395263672,85.8679428100586,88.14804077148438,55.254486083984375,121.08999633789062,15.850000381469727,79.76000213623047,12.87601375579834,16.409635543823242,20.35871124267578,4610.47998046875,
2017-10-15,222.6833953857422,140.1542510986328,133.9689178466797,53.199195861816406,38.08097457885742,97.61508178710938,86.4666519165039,88.60721588134766,55.210716247558594,123.81999969482422,16.40999984741211,82.95999908447266,13.171917915344238,16.452613830566406,20.19998550415039,5678.18994140625,
2017-10-22,224.56997680664062,140.50381469726562,134.51605224609375,53.0233154296875,37.7545166015625,96.16464233398438,85.80315399169922,88.2282485961914,55.435760498046875,121.61000061035156,16.079999923706055,83.44000244140625,13.188826560974121,16.32367515563965,20.34200668334961,6008.419921875,
2017-10-29,225.09413146972656,142.89419555664062,134.3456268310547,52.90095901489258,37.656585693359375,95.59065246582031,85.64945220947266,88.11886596679688,55.29821014404297,120.9000015258789,15.90999984741211,86.72000122070312,13.46782112121582,16.564361572265625,20.617687225341797,6153.85009765625,
2017-11-05,225.740478515625,144.81214904785156,133.28732299804688,53.37507629394531,37.8198127746582,97.65855407714844,86.20339965820312,88.5137710571289,55.22038269042969,120.62000274658203,15.920000076293945,89.44000244140625,13.712997436523438,16.693300247192383,20.626041412353516,7407.41015625,
2017-11-12,225.426025390625,145.19949340820312,131.45765686035156,52.977439880371094,37.77901077270508,96.4615707397461,85.76577758789062,87.60765838623047,54.67435836791992,121.12999725341797,15.949999809265137,91.36000061035156,13.8651762008667,16.641725540161133,20.500730514526367,5950.06982421875,307.9079895019531
2017-11-19,225.2251434326172,145.45462036132812,133.143798828125,52.69449996948242,38.2115592956543,98.24152374267578,86.04940795898438,88.02420806884766,54.90031433105469,122.86000061035156,16.309999465942383,90.80000305175781,13.797541618347168,16.401039123535156,20.333648681640625,8036.490234375,354.385986328125
2017-11-26,227.40870666503906,147.63717651367188,135.3860321044922,53.788002014160156,38.93792724609375,98.56021881103516,86.13041687011719,88.55762481689453,55.1513671875,122.31999969482422,16.079999923706055,94.31999969482422,13.898995399475098,16.452613830566406,20.15821647644043,9330.5498046875,471.3299865722656
2017-12-03,230.9898681640625,145.96478271484375,137.2426300048828,53.39801788330078,37.4117431640625,98.56676483154297,85.97695922851562,88.4501953125,55.077232360839844,121.58999633789062,15.529999732971191,93.36000061035156,13.780632972717285,16.383848190307617,20.191635131835938,11323.2001953125,465.8529968261719
2017-12-10,231.90692138671875,146.16323852539062,135.79861450195312,53.40565490722656,37.49335479736328,98.67583465576172,85.96070098876953,88.64070892333984,55.058319091796875,118.4800033569336,14.960000038146973,91.91999816894531,13.493183135986328,15.842303276062012,20.417192459106445,15455.400390625,441.72100830078125
2017-12-17,233.97019958496094,148.9504852294922,136.54302978515625,53.50507736206055,37.68107223510742,99.9687728881836,86.13117218017578,89.2341537475586,54.970054626464844,119.18000030517578,15.149999618530273,91.68000030517578,13.391731262207031,15.756342887878418,20.40883445739746,19140.80078125,719.9749755859375
2017-12-24,234.84812927246094,148.99681091308594,137.91567993164062,54.180721282958984,38.5255126953125,97.38587951660156,85.38783264160156,88.58563232421875,55.06568908691406,120.94000244140625,15.399999618530273,93.27999877929688,13.696089744567871,15.82511043548584,20.294279098510742,13925.7998046875,694.1480102539062
2017-12-31,234.27749633789062,147.47250366210938,137.25851440429688,54.33527374267578,39.039180755615234,99.0172119140625,85.81867980957031,89.25381469726562,55.23026657104492,123.6500015258789,15.989999771118164,96.08000183105469,14.042719841003418,16.12596893310547,20.09359359741211,14156.400390625,756.7329711914062
2018-01-07,240.03652954101562,153.30471801757812,139.3561553955078,55.911781311035156,40.704490661621094,98.11959838867188,85.47724151611328,88.76184844970703,55.679664611816406,125.33000183105469,16.219999313354492,98.4800033569336,14.127262115478516,16.186140060424805,20.035058975219727,16477.599609375,1153.1700439453125
2018-01-14,243.98709106445312,155.73800659179688,142.39019775390625,56.80048751831055,41.01931381225586,97.19075012207031,85.00578308105469,88.71781921386719,55.432804107666016,126.95999908447266,16.270000457763672,102.95999908447266,14.347074508666992,15.95405101776123,19.826011657714844,13772.0,1366.77001953125
2018-01-21,246.173095703125,157.4895477294922,142.78623962402344,57.287353515625,41.78982925415039,96.05122375488281,84.3717041015625,87.93952178955078,55.407501220703125,126.41999816894531,16.049999237060547,101.76000213623047,14.27098560333252,16.01422119140625,19.775840759277344,11600.099609375,1049.5799560546875
2018-01-28,251.58966064453125,161.83535766601562,143.68655395507812,58.152896881103516,43.14857482910156,96.46492004394531,84.35540771484375,88.51220703125,55.54677200317383,128.07000732421875,16.40999984741211,105.91999816894531,14.583799362182617,16.237716674804688,19.449729919433594,11786.2998046875,1246.010009765625
2018-02-04,241.81871032714844,155.8516082763672,138.49188232421875,56.06633758544922,40.63820266723633,93.52933502197266,83.23076629638672,87.32124328613281,54.80177307128906,126.38999938964844,15.65999984741211,104.31999969482422,14.363984107971191,16.306482315063477,19.458091735839844,8277.009765625,834.6820068359375
2018-02-11,229.5718994140625,147.79441833496094,132.13583374023438,53.006065368652344,38.45922088623047,92.2466049194336,83.23076629638672,86.29793548583984,53.99458312988281,124.7699966430664,15.390000343322754,94.87999725341797,13.636907577514648,16.17754364013672,19.750757217407227,8129.97021484375,814.6599731445312
2018-02-18,239.76438903808594,156.1829833984375,138.0507049560547,55.193077087402344,41.04417419433594,92.84892272949219,83.05978393554688,86.61451721191406,54.94795608520508,127.95999908447266,15.729999542236328,99.04000091552734,14.00890064239502,16.306482315063477,19.474815368652344,10551.7998046875,923.9210205078125
2018-02-25,241.16909790039062,159.22216796875,138.62693786621094,55.13125228881836,41.193302154541016,92.39520263671875,83.15753936767578,86.29058074951172,54.90983200073242,126.13999938964844,15.59000015258789,102.16000366210938,14.254077911376953,16.418231964111328,19.65041160583496,9664.73046875,844.8099975585938
2018-03-04,236.2263641357422,157.158203125,137.15945434570312,53.647491455078125,39.875980377197266,92.75397491455078,83.23822784423828,85.82576751708984,54.71956253051758,125.38999938964844,15.5600004196167,98.95999908447266,14.059625625610352,16.667512893676758,19.658775329589844,11512.599609375,866.677978515625
2018-03-11,244.82107543945312,163.94674682617188,143.07437133789062,54.69847869873047,41.21815872192383,92.40912628173828,83.11585235595703,85.7076416015625,54.92373275756836,125.54000091552734,15.630000114440918,99.76000213623047,14.09344482421875,16.63313102722168,19.692222595214844,9578.6298828125,723.3389892578125
2018-03-18,241.68540954589844,161.92054748535156,142.0660858154297,54.458927154541016,40.77075958251953,93.8982162475586,83.48287200927734,86.2022705078125,54.75144577026367,124.5999984741211,15.390000343322754,100.4000015258789,14.068081855773926,16.495594024658203,19.750757217407227,8223.6796875,538.6439819335938
2018-03-25,227.4504852294922,150.31964111328125,135.40069580078125,52.50374984741211,38.848636627197266,94.18034362792969,83.75199127197266,85.43444061279297,54.189884185791016,127.61000061035156,15.579999923706055,106.23999786376953,14.338619232177734,16.220523834228516,19.583518981933594,8495.7802734375,524.2869873046875
2018-04-01,231.94573974609375,151.85597229003906,137.00689697265625,53.84841537475586,40.00025177001953,95.53621673583984,84.15155029296875,86.66736602783203,54.64936065673828,125.79000091552734,15.40999984741211,104.72000122070312,14.355528831481934,16.168949127197266,19.742395401000977,6844.22998046875,379.60699462890625
2018-04-08,228.92242431640625,148.53675842285156,135.68043518066406,53.63203811645508,39.006046295166016,95.11211395263672,84.07395935058594,86.68000030517578,54.63587188720703,126.38999938964844,15.430000305175781,100.08000183105469,14.144170761108398,16.091583251953125,19.759117126464844,7023.52001953125,400.50799560546875
2018-04-15,233.70858764648438,153.0319366455078,138.9199676513672,54.70620346069336,39.412017822265625,94.9549789428711,83.79623413085938,86.59856414794922,55.289424896240234,127.44999694824219,15.680000305175781,108.4000015258789,14.626070022583008,16.254905700683594,19.68386459350586,8329.1103515625,531.7020263671875
2018-04-22,234.9954376220703,153.91380310058594,140.36370849609375,54.90715408325195,39.15517044067383,93.03863525390625,82.97116088867188,85.49532318115234,55.03315353393555,126.62999725341797,16.1299991607666,110.0,14.769794464111328,16.203332901000977,19.834375381469727,8802.4599609375,621.8599853515625
2018-04-29,234.9513702392578,153.71466064453125,139.5876922607422,54.84531784057617,39.15517044067383,93.37635040283203,82.98746490478516,85.38422393798828,54.949859619140625,125.5,15.569999694824219,109.83999633789062,14.778247833251953,16.521381378173828,20.09359359741211,9419.080078125,688.8809814453125
2018-05-06,234.475341796875,156.35101318359375,140.52613830566406,54.81441116333008,38.4675178527832,93.66094970703125,83.18455505371094,85.14613342285156,54.96482467651367,124.54000091552734,15.539999961853027,112.72000122070312,14.955791473388672,16.607341766357422,20.34444808959961,9654.7998046875,792.3109741210938
2018-05-13,240.49549865722656,160.70388793945312,144.2349090576172,55.46355438232422,39.27116394042969,93.84983825683594,82.99630737304688,85.58421325683594,55.16429138183594,125.0,15.699999809265137,114.0,15.107972145080566,16.289289474487305,20.336088180541992,8723.9404296875,733.4959716796875
2018-05-20,239.1557159423828,158.80718994140625,146.06671142578125,55.123531341552734,38.16925048828125,92.25979614257812,82.45616912841797,84.85649108886719,54.95195770263672,122.41000366210938,15.479999542236328,115.44000244140625,15.344694137573242,16.220523834228516,20.603666305541992,8513.25,715.3690185546875
2018-05-27,239.8784942626953,160.9503936767578,145.94940185546875,54.26573181152344,38.4675178527832,94.15685272216797,83.39736938476562,85.67333221435547,55.05488586425781,123.20999908447266,15.529999732971191,109.44000244140625,15.234784126281738,16.641725540161133,20.737457275390625,7368.22021484375,572.6680297851562
2018-06-03,241.15652465820312,163.81434631347656,147.84437561035156,54.0957145690918,38.38467025756836,94.91210174560547,83.58663177490234,85.5904312133789,55.064483642578125,122.48999786376953,15.4399995803833,106.0,15.1417875289917,16.452613830566406,20.737457275390625,7720.25,618.3289794921875
2018-06-10,245.20233154296875,165.4265594482422,150.26271057128906,54.41255569458008,38.38467025756836,94.3045425415039,83.40623474121094,85.28502655029297,55.368263244628906,123.01000213623047,15.779999732971191,106.16000366210938,15.091062545776367,16.134567260742188,20.603666305541992,6786.02001953125,526.47900390625
2018-06-17,245.36477661132812,167.83529663085938,151.42677307128906,54.0957145690918,37.473304748535156,94.97522735595703,83.5046157836914,85.396728515625,55.66560363769531,121.33999633789062,15.600000381469727,104.4000015258789,14.600708961486816,15.868088722229004,20.879608154296875,6499.27001953125,500.447998046875
2018-06-24,243.24880981445312,166.61692810058594,151.43582153320312,53.436614990234375,36.62569046020508,95.09356689453125,83.73426055908203,84.91256713867188,55.529884338378906,120.33999633789062,15.5,112.16000366210938,14.735976219177246,15.653189659118652,20.821075439453125,6173.22998046875,457.6719970703125
2018-07-01,240.185302734375,163.12905883789062,147.7812042236328,52.782447814941406,36.1336784362793,96.0323715209961,84.06221771240234,85.33715057373047,54.99336624145508,118.6500015258789,15.149999618530273,120.4800033569336,14.94733715057373,15.498468399047852,20.85452651977539,6385.81982421875,453.9179992675781
2018-07-08,243.85084533691406,166.89254760742188,152.37364196777344,53.26322555541992,36.20039367675781,97.06430053710938,84.30045318603516,86.05058288574219,55.40305709838867,118.86000061035156,15.079999923706055,119.68000030517578,14.769794464111328,15.395315170288086,20.754180908203125,6773.8798828125,489.1189880371094
2018-07-15,247.54281616210938,170.69393920898438,151.62191772460938,53.42873764038086,36.567317962646484,97.04060363769531,84.30045318603516,86.43913269042969,55.58489227294922,117.61000061035156,14.880000114440918,115.76000213623047,14.39780330657959,14.922538757324219,20.904695510864258,6359.64013671875,449.8500061035156
2018-07-22,247.6225128173828,170.10476684570312,152.58192443847656,53.64942169189453,36.6590461730957,95.4907455444336,83.98013305664062,86.10293579101562,55.59136962890625,116.55999755859375,14.59000015258789,113.19999694824219,14.321712493896484,14.991307258605957,20.86288833618164,7418.490234375,459.6570129394531
2018-07-29,249.16310119628906,168.80271911621094,149.66574096679688,54.22477340698242,37.26780319213867,94.46273803710938,83.6103286743164,86.33451080322266,55.77967071533203,115.83000183105469,14.569999694824219,114.55999755859375,14.583799362182617,15.017091751098633,20.92142105102539,8218.4599609375,466.6650085449219
2018-08-05,251.09324645996094,171.14064025878906,150.6891326904297,53.688819885253906,36.867523193359375,94.48377227783203,83.7338638305664,86.5535888671875,56.04447555541992,114.91999816894531,14.5,114.16000366210938,14.507708549499512,15.051477432250977,21.046846389770508,7068.47998046875,410.5159912109375
2018-08-12,250.70367431640625,171.55877685546875,151.72158813476562,52.60116958618164,36.01692581176758,95.62495422363281,84.2688980102539,86.44123077392578,56.005348205566406,114.69000244140625,14.40999984741211,112.63999938964844,14.406257629394531,14.793599128723145,21.306066513061523,6322.68994140625,319.57000732421875
2018-08-19,252.38583374023438,170.93157958984375,152.4642333984375,52.31744384765625,35.199684143066406,95.87852478027344,84.37590789794922,86.89826202392578,56.103179931640625,112.12999725341797,13.920000076293945,109.5199966430664,14.211806297302246,14.991307258605957,21.27261734008789,6506.06982421875,300.8340148925781
2018-08-26,254.55502319335938,173.42147827148438,155.39845275878906,53.058292388916016,36.16703414916992,96.91675567626953,84.69693756103516,87.10059356689453,56.32483673095703,114.16000366210938,13.920000076293945,115.44000244140625,14.549980163574219,14.647469520568848,21.07193374633789,6707.259765625,275.1969909667969
2018-09-02,257.03411865234375,177.38449096679688,156.6934814453125,53.074066162109375,36.000244140625,95.8944320678711,84.46643829345703,86.50114440917969,56.31178665161133,113.51000213623047,13.649999618530273,117.68000030517578,14.693704605102539,14.664660453796387,21.063570022583008,7272.72021484375,294.3710021972656
2018-09-09,254.6348419189453,172.11953735351562,154.447509765625,51.568695068359375,34.64930725097656,94.6251449584961,84.05902099609375,86.1689682006836,56.12255096435547,113.2300033569336,13.319999694824219,114.23999786376953,14.499255180358887,14.699045181274414,21.138830184936523,6300.85986328125,196.9239959716797
2018-09-16,257.538818359375,174.85650634765625,155.20828247070312,52.616943359375,34.99120330810547,94.1644515991211,83.73728942871094,86.5071792602539,56.53513717651367,113.0199966430664,13.229999542236328,116.0,14.541526794433594,14.656063079833984,21.055208206176758,6517.18017578125,220.58900451660156
2018-09-23,259.6918640136719,174.5904083251953,154.32077026367188,54.090763092041016,36.050289154052734,93.01270294189453,83.30840301513672,86.21405029296875,56.47616195678711,113.48999786376953,13.4399995803833,119.68000030517578,14.786701202392578,14.681852340698242,20.896333694458008,6710.6298828125,244.3300018310547
2018-09-30,258.5622863769531,176.8848876953125,153.0503692626953,53.58635711669922,35.791770935058594,93.14773559570312,83.4485855102539,86.37940216064453,56.60713195800781,112.76000213623047,13.729999542236328,124.16000366210938,15.192511558532715,14.535722732543945,21.12210464477539,6625.56005859375,232.84800720214844
2018-10-07,255.98300170898438,171.5152587890625,147.24798583984375,52.341087341308594,34.057220458984375,89.98812866210938,82.41881561279297,85.14450073242188,56.11312484741211,113.80000305175781,13.75,125.5199966430664,15.47150707244873,14.91394329071045,21.239171981811523,6602.9501953125,226.11900329589844
2018-10-14,245.42605590820312,165.9646759033203,139.4751434326172,50.32341766357422,33.598567962646484,91.12649536132812,82.88988494873047,85.43104553222656,56.01442337036133,115.2300033569336,13.739999771118164,120.95999908447266,15.124879837036133,15.085859298706055,21.18063735961914,6290.93017578125,195.71499633789062
2018-10-21,245.69290161132812,164.72702026367188,139.25721740722656,50.23671340942383,33.08153533935547,90.5215072631836,82.7410888671875,84.9636001586914,55.84998321533203,116.01000213623047,13.739999771118164,117.76000213623047,15.006516456604004,15.077265739440918,21.297704696655273,6482.35009765625,205.14199829101562
2018-10-28,235.9807586669922,158.67184448242188,133.91795349121094,48.41609573364258,32.24761199951172,91.54046630859375,83.59239959716797,85.13700866699219,55.40922546386719,116.7699966430664,13.8100004196167,114.63999938964844,14.761338233947754,15.231989860534668,21.44821548461914,6486.39013671875,205.36599731445312
2018-11-04,241.81520080566406,161.26150512695312,139.83839416503906,49.92933654785156,34.04054641723633,89.37654876708984,82.8031005859375,84.52532958984375,55.709617614746094,116.6500015258789,13.859999656677246,106.4800033569336,14.203351974487305,15.27497386932373,21.498390197753906,6376.1298828125,207.48599243164062
2018-11-11,247.035888671875,163.29888916015625,139.91102600097656,49.976627349853516,33.18994903564453,90.45391845703125,82.96878051757812,84.85052490234375,55.76914596557617,114.4800033569336,13.319999694824219,101.5999984741211,13.8651762008667,14.879558563232422,21.565282821655273,6411.27001953125,211.33999633789062
2018-11-18,243.45172119140625,159.4715576171875,137.9678192138672,49.62196350097656,34.107261657714844,91.53121185302734,83.77220916748047,84.51016998291016,55.04854965209961,115.62000274658203,13.529999732971191,96.55999755859375,13.628454208374023,14.974115371704102,21.498390197753906,5623.5400390625,177.06700134277344
2018-11-25,234.130859375,151.5789031982422,134.290283203125,48.69194412231445,33.139915466308594,91.88229370117188,83.91297912597656,84.44210052490234,54.67836380004883,115.7699966430664,13.420000076293945,86.63999938964844,12.935194969177246,14.750619888305664,21.632179260253906,4009.969970703125,116.44999694824219
2018-12-02,245.15924072265625,161.251953125,138.5852508544922,49.47221374511719,34.25735855102539,92.03397369384766,84.30227661132812,84.30596160888672,55.26673126220703,115.54000091552734,13.319999694824219,85.83999633789062,12.926739692687988,14.862369537353516,21.673986434936523,4139.8779296875,116.38890075683594
2018-12-09,234.41549682617188,153.64491271972656,130.77609252929688,47.880149841308594,33.25666046142578,94.7110824584961,85.3414535522461,84.90010070800781,55.005062103271484,118.08999633789062,13.729999542236328,88.87999725341797,13.273370742797852,14.965517044067383,21.573644638061523,3614.234375,95.14205932617188
2018-12-16,231.65838623046875,153.3592987060547,127.67967987060547,47.651588439941406,33.2149658203125,94.76705169677734,85.12564849853516,85.53749084472656,55.224205017089844,117.05999755859375,13.699999809265137,86.55999755859375,13.062009811401367,14.89675235748291,21.77433204650879,3252.839111328125,85.26210021972656
2018-12-23,215.32530212402344,140.4968719482422,116.95536041259766,45.85368728637695,32.60508346557617,96.78779602050781,85.85124969482422,85.50062561035156,53.53180694580078,118.72000122070312,13.739999771118164,76.55999755859375,12.461750030517578,14.613085746765137,21.690711975097656,3998.980224609375,130.7652587890625
2018-12-30,221.6321258544922,146.05471801757812,121.04611206054688,46.75387191772461,33.21451950073242,97.0523681640625,86.34194946289062,85.63765716552734,54.072269439697266,121.05999755859375,14.420000076293945,76.23999786376953,12.375250816345215,14.743404388427734,21.55210304260254,3865.95263671875,139.8594512939453
2019-01-06,225.7830047607422,149.16729736328125,124.99113464355469,47.72575759887695,33.59542465209961,97.9021987915039,86.83267211914062,86.12480163574219,54.9730339050293,121.44000244140625,14.729999542236328,81.44000244140625,12.71782112121582,14.717340469360352,21.518293380737305,4076.632568359375,157.74620056152344
2019-01-13,231.67822265625,153.42568969726562,130.90403747558594,48.61797332763672,34.4757194519043,96.95610809326172,86.64136505126953,86.58151245117188,55.973876953125,121.80000305175781,14.640000343322754,87.19999694824219,13.120335578918457,14.977977752685547,21.433778762817383,3552.953125,116.8978042602539
2019-01-20,238.36973571777344,157.7795867919922,134.22946166992188,49.45443344116211,35.16981506347656,95.85775756835938,86.02591705322266,86.90115356445312,56.380897521972656,121.0199966430664,14.369999885559082,90.4800033569336,13.32587718963623,15.012730598449707,21.602813720703125,3601.013671875,119.4748306274414
2019-01-27,237.76138305664062,157.68405151367188,134.23854064941406,49.526123046875,35.720001220703125,96.63546752929688,86.3586196899414,87.57099914550781,56.32083511352539,122.86000061035156,14.739999771118164,90.0,13.317313194274902,14.838972091674805,21.501392364501953,3583.9658203125,113.40528869628906
2019-02-03,241.59014892578125,159.88014221191406,135.91494750976562,49.91646957397461,36.19400405883789,97.19935607910156,86.76517486572266,88.55449676513672,56.76041793823242,124.5,14.920000076293945,93.04000091552734,13.411519050598145,14.708653450012207,21.45913314819336,3464.013427734375,107.49266815185547
2019-02-10,241.95703125,160.93991088867188,136.52540588378906,49.40663146972656,35.68614196777344,98.31629180908203,87.19026947021484,88.8293685913086,56.8341178894043,124.20999908447266,14.829999923706055,88.63999938964844,13.265928268432617,14.621772766113281,21.7380428314209,3690.188232421875,124.80648803710938
2019-02-17,248.12960815429688,164.1671142578125,142.3289337158203,50.68122863769531,35.62689208984375,98.01899719238281,87.04853820800781,88.73013305664062,57.2430305480957,124.80000305175781,14.819999694824219,93.68000030517578,13.62562370300293,14.656525611877441,21.797204971313477,3673.836181640625,133.598876953125
2019-02-24,249.7130126953125,165.07420349121094,144.08734130859375,51.079551696777344,36.43101119995117,97.68952941894531,87.18190002441406,88.85225677490234,57.370384216308594,125.5,14.949999809265137,95.5999984741211,13.779779434204102,14.560957908630371,21.7380428314209,3810.427490234375,135.8526611328125
2019-03-03,250.8580780029297,166.50634765625,144.16932678222656,51.47785949707031,35.96547317504883,95.55256652832031,86.48876190185547,88.43038940429688,57.64056396484375,121.87999725341797,14.199999809265137,93.27999877929688,13.514289855957031,14.291631698608398,21.754945755004883,3847.17578125,132.24942016601562
2019-03-10,245.5263214111328,163.4319305419922,138.15628051757812,50.56173324584961,35.24598693847656,97.8958969116211,87.46576690673828,89.15023040771484,57.29718780517578,122.83999633789062,14.40999984741211,93.83999633789062,13.505725860595703,14.161311149597168,21.96624183654785,3951.599853515625,136.75868225097656
2019-03-17,252.7627410888672,170.28732299804688,140.99880981445312,51.955833435058594,36.464874267578125,98.04084777832031,87.7580795288086,89.494873046875,57.7550163269043,122.97000122070312,14.329999923706055,97.5999984741211,13.634188652038574,14.491453170776367,21.80565643310547,4025.22900390625,140.00054931640625
2019-03-24,250.91177368164062,170.79811096191406,136.67919921875,51.23090744018555,35.9146842956543,100.54521179199219,88.80191802978516,90.78910064697266,57.79542541503906,123.97000122070312,14.449999809265137,97.83999633789062,13.651315689086914,14.560957908630371,21.80565643310547,4022.168212890625,136.98692321777344
2019-03-31,253.81398010253906,171.8502960205078,139.84910583496094,51.669044494628906,36.329437255859375,101.8175277709961,89.0774917602539,91.17969512939453,58.2196159362793,122.01000213623047,14.180000305175781,100.0,13.617058753967285,14.309005737304688,22.000049591064453,4105.404296875,141.51409912109375
2019-04-07,259.2859191894531,176.63294982910156,143.76805114746094,52.7763557434082,37.58218002319336,100.09693145751953,88.47332000732422,91.06290435791016,58.448856353759766,121.9800033569336,14.170000076293945,105.19999694824219,13.848292350769043,14.691276550292969,22.02540397644043,5198.89697265625,174.53164672851562
2019-04-14,260.7146301269531,177.75210571289062,144.04208374023438,52.927711486816406,37.548316955566406,98.99934387207031,88.0884017944336,91.42398834228516,58.807273864746094,121.83000183105469,14.050000190734863,106.4000015258789,13.96819019317627,14.66521167755127,21.940885543823242,5167.72216796875,167.83851623535156
2019-04-21,260.58880615234375,179.24429321289062,142.17852783203125,53.110939025878906,37.717613220214844,99.18496704101562,88.13024139404297,91.08596801757812,58.617923736572266,120.37000274658203,14.0600004196167,106.55999755859375,13.882548332214355,14.534892082214355,22.08456802368164,5314.53125,170.04652404785156
2019-04-28,263.63482666015625,182.36257934570312,144.58106994628906,52.9356689453125,37.142024993896484,99.91938018798828,88.62395477294922,91.90017700195312,58.81401443481445,121.37000274658203,14.100000381469727,104.72000122070312,13.728394508361816,14.074434280395508,22.236698150634766,5285.13916015625,157.29507446289062
2019-05-05,264.1919250488281,182.80255126953125,146.64559936523438,53.365848541259766,37.4298210144043,100.00782012939453,88.44115447998047,91.62537384033203,58.791019439697266,120.6500015258789,13.960000038146973,102.95999908447266,13.591365814208984,13.926739692687988,22.109922409057617,5795.70849609375,163.45069885253906
2019-05-12,258.8636474609375,176.95819091796875,143.07376098632812,52.04345703125,35.533775329589844,100.8893051147461,88.9778060913086,91.57141876220703,58.56013107299805,121.43000030517578,13.84000015258789,102.72000122070312,13.437211036682129,13.544471740722656,22.101469039916992,6972.37158203125,187.3253173828125
2019-05-19,256.8329772949219,175.0833740234375,139.62074279785156,51.59733963012695,34.10328674316406,101.89214324951172,89.4892807006836,91.87183380126953,58.36317443847656,120.6500015258789,13.520000457763672,104.63999938964844,13.617058753967285,13.831171989440918,22.270505905151367,8197.689453125,261.2922058105469
2019-05-26,254.08343505859375,170.41549682617188,137.748046875,51.605323791503906,33.815494537353516,103.33976745605469,90.02584838867188,92.24169158935547,58.16625213623047,121.30000305175781,13.649999618530273,97.83999633789062,13.38582706451416,14.135249137878418,22.185989379882812,8673.2158203125,267.06964111328125
2019-06-02,247.33555603027344,166.38851928710938,133.24440002441406,50.5059700012207,34.45880126953125,106.61512756347656,91.31712341308594,93.08915710449219,57.656898498535156,123.33000183105469,13.649999618530273,88.80000305175781,12.957616806030273,14.439326286315918,22.24515151977539,8742.9580078125,270.22552490234375
2019-06-09,258.459228515625,173.17030334472656,137.81198120117188,52.226680755615234,34.856624603271484,106.76099395751953,91.76490020751953,93.94002532958984,58.73889923095703,126.58999633789062,14.0600004196167,89.83999633789062,12.991873741149902,14.30031967163086,22.008501052856445,7688.0771484375,233.08670043945312
2019-06-16,259.9059143066406,174.7007293701172,138.60671997070312,51.90803909301758,34.78890609741211,106.53408813476562,91.84051513671875,94.10224914550781,58.86852264404297,126.55999755859375,13.90999984741211,87.5199966430664,13.077515602111816,14.57833480834961,22.236698150634766,8994.48828125,269.22320556640625
2019-06-23,265.44970703125,180.37298583984375,141.13050842285156,53.19873809814453,36.47850036621094,106.50979614257812,92.02531433105469,95.54734802246094,59.5780143737793,131.97999572753906,14.359999656677246,95.76000213623047,13.445775985717773,14.39588737487793,21.93243408203125,10855.37109375,307.8277893066406
2019-06-30,264.546875,179.01748657226562,142.5513916015625,53.49170684814453,36.59790802001953,107.62809753417969,92.4285659790039,96.11151123046875,59.47566223144531,133.1999969482422,14.329999923706055,96.31999969482422,13.471467971801758,14.39588737487793,21.949337005615234,10817.1552734375,290.69598388671875
2019-07-07,269.4765930175781,183.14923095703125,143.63316345214844,53.84977722167969,36.61497116088867,107.53067016601562,92.22825622558594,95.96812438964844,59.60999298095703,132.13999938964844,14.0600004196167,95.5999984741211,13.394392013549805,14.413262367248535,22.21134376525879,11450.8466796875,305.7005615234375
2019-07-14,271.4539489746094,185.52664184570312,143.11065673828125,53.54867935180664,36.54673385620117,105.73619842529297,91.77384185791016,95.37911224365234,59.568878173828125,133.52999877929688,14.260000228881836,100.16000366210938,13.7540864944458,14.673901557922363,22.135278701782227,10256.05859375,227.57806396484375
2019-07-21,268.3119201660156,183.11085510253906,141.0113067626953,53.31267547607422,36.55526351928711,106.9298095703125,92.25349426269531,95.92163848876953,59.33586883544922,134.47000122070312,15.170000076293945,93.36000061035156,13.32587718963623,14.421950340270996,22.219797134399414,10599.10546875,225.63076782226562
2019-07-28,272.6818542480469,187.2138671875,144.10983276367188,53.304527282714844,36.41878890991211,106.75121307373047,92.1020278930664,96.36335754394531,59.733341217041016,133.63999938964844,15.3100004196167,93.19999694824219,13.274493217468262,14.204751968383789,22.439542770385742,9552.8603515625,211.18655395507812
2019-08-04,264.2037353515625,179.6022491455078,139.87460327148438,51.83967590332031,34.58506393432617,111.06419372558594,93.70659637451172,97.24004364013672,59.44984436035156,135.88999938964844,15.1899995803833,91.83999633789062,12.966181755065918,13.66610050201416,22.473352432250977,10970.1845703125,222.6697235107422
2019-08-11,263.3009033203125,178.77783203125,138.0778045654297,51.22117614746094,34.005088806152344,113.94432830810547,94.53282928466797,97.87736511230469,59.353485107421875,141.25999450683594,15.890000343322754,90.23999786376953,12.803462028503418,13.683477401733398,22.363475799560547,11523.5791015625,216.09286499023438
2019-08-18,260.7998352050781,177.80955505371094,136.2534942626953,50.659645080566406,33.7236442565918,118.89099884033203,95.78052520751953,99.3616943359375,59.25026321411133,142.77999877929688,16.020000457763672,91.19999694824219,12.700691223144531,13.101387023925781,22.532512664794922,10345.810546875,194.4935302734375
2019-08-25,257.1882629394531,174.54061889648438,133.31993103027344,50.423641204833984,33.30571746826172,118.75270080566406,95.9238510131836,99.78919982910156,59.5599479675293,144.1699981689453,16.350000381469727,89.5199966430664,12.683563232421875,12.979755401611328,22.414188385009766,10138.517578125,186.84239196777344
2019-09-01,264.0502624511719,179.71726989746094,136.44598388671875,51.44089889526367,34.27802658081055,119.82664489746094,96.1177749633789,100.10006713867188,59.97975158691406,143.75,17.149999618530273,91.68000030517578,12.700691223144531,13.014506340026855,22.71000099182129,9757.970703125,171.62942504882812
2019-09-08,269.1064147949219,183.66685485839844,137.417724609375,52.515132904052734,35.182090759277344,118.82417297363281,95.76304626464844,99.81871032714844,60.222293853759766,141.9199981689453,16.8700008392334,94.16000366210938,12.949053764343262,12.892876625061035,22.633934020996094,10441.2763671875,181.35552978515625
2019-09-15,271.8511657714844,184.5775909423828,144.210693359375,53.66261672973633,36.02647018432617,111.28504180908203,93.31411743164062,97.16136932373047,60.23610305786133,140.14999389648438,16.309999465942383,91.5199966430664,12.940488815307617,13.414151191711426,22.583221435546875,10347.712890625,189.78912353515625
2019-09-22,270.55780029296875,182.90956115722656,142.48724365234375,53.353355407714844,35.48914337158203,115.64552307128906,94.580810546875,99.10179901123047,60.457271575927734,142.9499969482422,16.799999237060547,97.5999984741211,13.257363319396973,13.396775245666504,22.676189422607422,10070.392578125,211.54537963867188
2019-09-29,267.9454345703125,179.65704345703125,139.05987548828125,52.87321090698242,34.661827087402344,116.33018493652344,94.9017333984375,99.01605224609375,60.173885345458984,141.05999755859375,16.360000610351562,93.27999877929688,13.009001731872559,13.657414436340332,22.828327178955078,8104.185546875,170.50347900390625
2019-10-06,266.9930725097656,181.36688232421875,137.20159912109375,52.22216033935547,34.94329071044922,119.19547271728516,96.25567626953125,100.22317504882812,59.972412109375,141.89999389648438,16.40999984741211,88.31999969482422,12.846282005310059,13.70085334777832,22.78606605529785,7988.15576171875,173.05914306640625
2019-10-13,268.7436828613281,183.57620239257812,138.1951141357422,53.345218658447266,35.59148406982422,114.66405487060547,94.6402587890625,98.90267944335938,60.20833206176758,140.02999877929688,16.3700008392334,91.36000061035156,13.094643592834473,13.81379508972168,22.667739868164062,8321.005859375,182.0751495361328
2019-10-20,270.27667236328125,184.13330078125,140.39381408691406,53.93115234375,35.80470657348633,113.96192932128906,94.68255615234375,99.34026336669922,60.43037033081055,140.4600067138672,16.40999984741211,89.76000213623047,13.060386657714844,13.839860916137695,22.439542770385742,8222.078125,175.5343780517578
2019-10-27,273.5692443847656,187.92762756347656,142.59251403808594,54.54152297973633,36.41878890991211,113.0964126586914,94.36962890625,99.38713836669922,60.638545989990234,141.86000061035156,16.889999389648438,94.63999938964844,13.368698120117188,13.796419143676758,22.591676712036133,9551.71484375,184.24221801757812
2019-11-03,277.6872863769531,191.0302734375,145.44435119628906,55.355316162109375,36.862308502197266,114.96227264404297,94.97660827636719,99.88353729248047,60.49456787109375,142.55999755859375,16.920000076293945,93.5199966430664,13.368698120117188,13.961490631103516,22.46489715576172,9235.3544921875,182.42501831054688
2019-11-10,280.22705078125,193.29725646972656,146.3459014892578,55.648311614990234,37.254642486572266,110.34119415283203,93.37572479248047,98.48897552490234,60.51551055908203,137.38999938964844,15.699999809265137,95.91999816894531,13.368698120117188,14.00493049621582,22.735355377197266,9055.5263671875,189.47727966308594
2019-11-17,282.8121337890625,194.9110870361328,146.19873046875,55.5994758605957,36.78554916381836,112.67220306396484,94.17193603515625,99.38209533691406,60.57820510864258,138.2100067138672,15.850000381469727,96.63999938964844,13.343005180358887,14.013615608215332,22.659290313720703,8577.9755859375,185.11923217773438
2019-11-24,282.0593566894531,193.8736114501953,145.55474853515625,55.32277297973633,36.56379699707031,114.42247772216797,94.60391998291016,99.86788177490234,60.404014587402344,137.74000549316406,15.899999618530273,96.87999725341797,13.368698120117188,13.926739692687988,22.743806838989258,7047.9169921875,142.83470153808594
2019-12-01,285.0979919433594,197.0146942138672,148.82054138183594,55.485538482666016,36.28233337402344,114.8477783203125,94.50227355957031,100.2596206665039,60.57820510864258,137.86000061035156,15.920000076293945,92.95999908447266,13.111771583557129,14.03099250793457,22.743806838989258,7424.29248046875,151.18572998046875
2019-12-08,285.6059265136719,196.9186553955078,149.78652954101562,55.900577545166016,36.734371185302734,113.34927368164062,94.1290512084961,100.29573822021484,60.80974578857422,137.6199951171875,15.479999542236328,98.55999755859375,13.420083999633789,14.12656021118164,22.633934020996094,7564.34521484375,151.2647247314453
2019-12-15,287.8281555175781,199.0222930908203,150.2556915283203,56.68997573852539,37.88578414916992,113.91461181640625,94.29021453857422,100.86137390136719,61.285430908203125,139.0500030517578,15.84000015258789,99.91999816894531,13.591365814208984,14.369823455810547,22.532512664794922,7152.3017578125,143.114990234375
2019-12-22,292.3517150878906,203.36416625976562,153.2445068359375,56.9335823059082,38.86056900024414,112.1356201171875,93.67620849609375,100.55200958251953,61.58158493041992,139.52000427246094,16.040000915527344,101.04000091552734,13.796907424926758,14.439326286315918,22.650836944580078,7511.5888671875,132.3725128173828
2019-12-29,294.2931213378906,205.63412475585938,153.1429443359375,57.31215286254883,39.26127624511719,112.6854019165039,94.02446746826172,101.02462005615234,61.72197341918945,142.3300018310547,16.579999923706055,103.27999877929688,13.99181842803955,14.577868461608887,22.492210388183594,7422.65283203125,134.7579803466797
2020-01-05,293.8830261230469,206.18280029296875,152.4689178466797,57.00764465332031,39.13932800292969,114.16255187988281,94.68702697753906,101.34754180908203,61.93259048461914,145.86000061035156,16.84000015258789,105.44000244140625,14.061429023742676,14.392556190490723,22.492210388183594,7411.3173828125,136.2767791748047
2020-01-12,296.89093017578125,210.27407836914062,152.24732971191406,57.15578079223633,39.714263916015625,113.6044692993164,94.50015258789062,101.37120056152344,62.05193328857422,146.91000366210938,16.889999389648438,99.27999877929688,13.809088706970215,14.560219764709473,22.60428237915039,8192.494140625,145.87393188476562
2020-01-19,302.578857421875,215.0392608642578,156.1068115234375,57.9211540222168,40.27177810668945,113.25981903076172,94.54261779785156,101.59960174560547,62.03087615966797,146.5800018310547,16.81999969482422,98.63999938964844,13.722076416015625,14.560219764709473,22.690494537353516,8706.2451171875,166.9698486328125
2020-01-26,299.6802062988281,214.3846893310547,152.70895385742188,57.18870544433594,38.85184860229492,116.59148406982422,95.51095581054688,102.4502944946289,61.560550689697266,147.97999572753906,16.90999984741211,91.44000244140625,13.147784233093262,14.321962356567383,22.750839233398438,8596.830078125,168.0771026611328
2020-02-02,293.26318359375,210.89019775390625,148.22161865234375,55.53451919555664,36.68277359008789,119.72620391845703,96.8700942993164,103.2536392211914,61.448177337646484,149.3300018310547,16.81999969482422,86.72000122070312,12.68661117553711,13.810148239135742,22.656009674072266,9344.365234375,188.61753845214844
2020-02-09,302.8067626953125,220.64195251464844,152.23809814453125,56.75252151489258,37.77167510986328,118.71678924560547,96.33677673339844,103.20391845703125,62.016387939453125,147.7899932861328,16.540000915527344,84.63999938964844,12.643104553222656,13.977811813354492,22.98360824584961,10116.673828125,228.5785675048828
2020-02-16,307.72900390625,225.87887573242188,155.02650451660156,56.95003128051758,38.50341033935547,118.81542205810547,96.37076568603516,103.43293762207031,62.31950759887695,149.0,16.559999465942383,87.5999984741211,12.747520446777344,14.066055297851562,23.0698184967041,9934.43359375,259.89471435546875
2020-02-23,303.97344970703125,221.6720428466797,154.28787231445312,56.17643356323242,37.710697174072266,121.6841049194336,97.1788558959961,104.04100036621094,62.270198822021484,154.6999969482422,17.280000686645508,89.27999877929688,12.860639572143555,14.092528343200684,23.130163192749023,9924.515625,273.754150390625
2020-03-01,270.0467224121094,198.11569213867188,135.11038208007812,51.22211837768555,35.297698974609375,127.65987396240234,99.73905181884766,104.38057708740234,60.655784606933594,148.3800048828125,15.529999732971191,75.5999984741211,11.842577934265137,13.457173347473145,22.871536254882812,8562.4541015625,218.97059631347656
2020-03-08,271.1405334472656,200.25279235839844,133.32835388183594,50.81885528564453,34.95796203613281,137.28199768066406,102.5323486328125,106.31173706054688,60.22383499145508,157.5500030517578,16.18000030517578,69.83999633789062,11.625043869018555,13.263036727905273,22.43186378479004,8108.1162109375,200.68905639648438
2020-03-15,245.4904022216797,185.1582794189453,110.30982208251953,43.543739318847656,31.48220443725586,126.72063446044922,99.93496704101562,97.427978515625,56.68335723876953,143.27999877929688,13.6899995803833,55.68000030517578,10.537371635437012,12.574735641479492,23.656047821044922,5392.31494140625,125.21430206298828
2020-03-22,209.78199768066406,164.32623291015625,93.62532043457031,38.72108459472656,27.31825828552246,131.23983764648438,101.45935821533203,84.51412963867188,49.38994216918945,140.11000061035156,11.619999885559082,39.52000045776367,9.519309997558594,12.345301628112793,24.147445678710938,5830.2548828125,123.32115173339844
2020-03-29,232.35556030273438,178.76129150390625,104.33150482177734,43.50257873535156,29.051776885986328,138.0475311279297,103.02629852294922,96.93706512451172,54.54490280151367,152.25,13.4399995803833,35.7599983215332,9.936975479125977,12.468842506408691,23.043956756591797,5922.04296875,125.58373260498047
2020-04-05,227.56028747558594,176.8993682861328,96.97193908691406,41.88955307006836,28.860139846801758,138.90650939941406,103.96708679199219,96.12530517578125,52.34218215942383,152.64999389648438,13.460000038146973,47.20000076293945,9.936975479125977,11.86878490447998,23.5267333984375,6791.12939453125,143.54664611816406
2020-04-12,255.07579040527344,193.77220153808594,114.67566680908203,45.73286056518555,30.794015884399414,136.3426971435547,103.13148498535156,104.64239501953125,58.61189651489258,158.69000244140625,14.34000015258789,39.84000015258789,10.058794975280762,12.159989356994629,23.233617782592773,6971.091796875,161.14242553710938
2020-04-19,262.81439208984375,207.69302368164062,113.13700866699219,45.872772216796875,31.58673858642578,138.3377227783203,103.8050308227539,103.63431549072266,57.70805740356445,158.57000732421875,14.149999618530273,33.68000030517578,9.954378128051758,12.045273780822754,23.28534507751465,7189.4248046875,181.61495971679688
2020-04-26,259.4493408203125,206.294189453125,113.46143341064453,45.436588287353516,30.99437713623047,140.83554077148438,104.13755798339844,103.1104507446289,55.73679733276367,162.63999938964844,14.210000038146973,20.559999465942383,9.310476303100586,11.754068374633789,23.423280715942383,7679.8671875,197.31753540039062
2020-05-03,259.2843017578125,205.23301696777344,115.99185180664062,45.543575286865234,30.767879486083984,138.6326904296875,103.88021850585938,102.12516021728516,56.25104522705078,159.77999877929688,13.920000076293945,18.860000610351562,9.36268424987793,12.115867614746094,23.121543884277344,8897.46875,210.9331512451172
2020-05-10,268.1322326660156,216.92530822753906,122.68407440185547,46.778038024902344,32.09197998046875,135.35569763183594,103.72660064697266,100.788330078125,57.01602554321289,160.4199981689453,14.4399995803833,21.469999313354492,9.78905200958252,12.239409446716309,23.302589416503906,8756.4306640625,188.5995635986328
2020-05-17,262.4841613769531,215.3914337158203,115.9362564086914,45.39543533325195,31.386377334594727,137.60911560058594,104.08505249023438,102.29225158691406,56.27248764038086,163.92999267578125,15.510000228881836,22.389999389648438,9.74554443359375,11.939379692077637,23.431900024414062,9670.7392578125,207.15869140625
2020-05-24,270.8828125,221.55592346191406,125.02914428710938,46.86857223510742,31.734827041625977,136.65164184570312,104.02528381347656,104.00309753417969,58.07415771484375,163.2100067138672,16.040000915527344,25.56999969482422,10.050093650817871,11.921731948852539,23.268102645874023,8790.3681640625,202.37034606933594
2020-05-31,279.0247497558594,225.1253662109375,128.74594116210938,49.082374572753906,32.867271423339844,135.03375244140625,104.0765609741211,105.05352783203125,58.9249267578125,162.91000366210938,16.65999984741211,25.8799991607666,10.250224113464355,12.054097175598145,22.931884765625,9461.05859375,230.9757080078125
2020-06-07,292.7962646484375,231.23204040527344,139.20135498046875,52.52241897583008,35.646141052246094,129.0251007080078,102.32677459716797,105.50177764892578,60.61945343017578,158.00999450683594,16.200000762939453,28.8700008392334,10.720099449157715,12.221760749816895,22.59566307067871,9758.8525390625,245.16725158691406
2020-06-14,278.9238586425781,227.5564422607422,128.16201782226562,50.44852066040039,34.73146057128906,134.14117431640625,103.71086883544922,105.56560516357422,59.169647216796875,162.6199951171875,16.280000686645508,26.43000030517578,10.450357437133789,12.00997543334961,22.638769149780273,9386.7880859375,234.1147003173828
2020-06-21,284.23101806640625,235.62147521972656,131.12510681152344,50.9476432800293,34.9767951965332,134.21551513671875,103.83905029296875,106.88170623779297,59.48542404174805,164.02999877929688,16.489999771118164,28.229999542236328,10.728801727294922,11.904083251953125,22.742219924926758,9303.6298828125,228.9898223876953
2020-06-28,276.3202209472656,232.14630126953125,127.10736846923828,50.488582611083984,34.99432373046875,136.57928466796875,104.20639038085938,106.49092102050781,58.38016128540039,166.5399932861328,16.6299991607666,27.360000610351562,10.485162734985352,11.612878799438477,22.71635627746582,9143.58203125,225.34716796875
2020-07-05,287.5370178222656,243.7140350341797,132.43643188476562,51.556949615478516,36.23849105834961,135.3658905029297,104.08675384521484,107.97621154785156,59.195926666259766,166.97999572753906,16.709999084472656,28.75,10.8419189453125,12.02762508392334,22.656009674072266,9073.9423828125,227.6645965576172
2020-07-12,292.47314453125,255.09808349609375,131.4226837158203,52.02436065673828,37.88569259643555,137.63316345214844,104.23211669921875,108.6318130493164,59.45540237426758,169.19000244140625,17.43000030517578,29.030000686645508,11.015946388244629,11.96585464477539,22.50945472717285,9276.5,242.13169860839844
2020-07-19,296.2765197753906,250.7010498046875,136.33326721191406,53.00925064086914,37.4738883972168,138.0055389404297,104.3518295288086,109.79114532470703,60.197776794433594,170.1199951171875,18.010000228881836,29.100000381469727,11.015946388244629,12.09821891784668,22.354272842407227,9185.8173828125,238.48751831054688
2020-07-26,295.5029602050781,246.97073364257812,135.85891723632812,52.80058670043945,37.798072814941406,140.45484924316406,104.6169662475586,110.43073272705078,60.97620391845703,178.6999969482422,21.209999084472656,29.440000534057617,11.22477912902832,12.133516311645508,21.983572006225586,9905.1669921875,309.64361572265625
2020-08-02,300.6968994140625,256.85693359375,137.0493621826172,51.790653228759766,37.92949676513672,141.4974365234375,105.01030731201172,110.61466217041016,61.545597076416016,185.42999267578125,22.649999618530273,29.06999969482422,11.2595853805542,12.51296615600586,21.79391098022461,11053.6142578125,370.6717224121094
2020-08-09,308.1102294921875,262.3459167480469,145.24298095703125,53.10942077636719,38.437679290771484,140.7270965576172,104.86480712890625,111.17949676513672,61.63315963745117,190.80999755859375,26.190000534057617,29.850000381469727,11.459715843200684,12.345301628112793,21.750804901123047,11675.7392578125,391.1204528808594
2020-08-16,310.20062255859375,263.0128479003906,146.09857177734375,54.08597183227539,38.76186752319336,135.1767578125,103.92337036132812,108.495361328125,60.8443717956543,182.5399932861328,24.579999923706055,30.329999923706055,11.520626068115234,12.557086944580078,21.707700729370117,11892.8037109375,433.78662109375
2020-08-23,312.6319274902344,272.3964538574219,143.79212951660156,53.76879119873047,38.796905517578125,137.67855834960938,104.51387786865234,109.32868957519531,61.3220100402832,182.02999877929688,24.899999618530273,30.18000030517578,11.572835922241211,12.610032081604004,21.707700729370117,11664.84765625,391.3844909667969
2020-08-30,322.8540344238281,282.6982421875,146.12646484375,54.653533935546875,39.90965270996094,133.4703369140625,103.8805923461914,108.1668930053711,61.618682861328125,184.38999938964844,25.610000610351562,30.719999313354492,11.790369987487793,12.92771053314209,21.49217414855957,11711.505859375,428.3957214355469
2020-09-06,315.4775695800781,274.04901123046875,142.10877990722656,53.852256774902344,38.8494758605957,134.96458435058594,104.0329360961914,108.3625259399414,61.38725662231445,181.63999938964844,25.059999465942383,28.510000228881836,11.433612823486328,13.015954971313477,21.630111694335938,10280.3515625,353.3622741699219
2020-09-13,307.6405029296875,261.3602294921875,138.71414184570312,54.08597183227539,38.49025344848633,136.40762329101562,104.49544525146484,108.69976806640625,61.35818862915039,182.4499969482422,24.899999618530273,27.040000915527344,11.22477912902832,13.113022804260254,21.707700729370117,10323.755859375,365.57000732421875
2020-09-20,305.7190856933594,257.9005126953125,142.56448364257812,54.361392974853516,39.00718688964844,135.65292358398438,104.22993469238281,108.9888916015625,61.24195861816406,183.1999969482422,24.93000030517578,29.059999465942383,11.685952186584473,13.218914031982422,21.647350311279297,10938.271484375,371.0528259277344
2020-09-27,303.9439697265625,262.4329833984375,136.6848602294922,52.650352478027344,37.622833251953125,136.9384307861328,104.55540466308594,107.7763671875,60.268341064453125,174.94000244140625,21.299999237060547,28.350000381469727,11.26828670501709,12.910061836242676,22.026676177978516,10775.26953125,357.4385070800781
2020-10-04,308.6686706542969,265.0905456542969,142.6970977783203,53.32642364501953,38.542823791503906,135.11276245117188,104.28900146484375,108.48692321777344,61.16802215576172,178.5399932861328,22.1299991607666,26.350000381469727,11.085556983947754,12.9188871383667,21.871498107910156,10669.5830078125,352.5790100097656
2020-10-11,320.6976623535156,276.10736083984375,151.89285278320312,54.820457458496094,40.15498733520508,132.9044952392578,103.7062759399414,108.58345031738281,61.9852409362793,181.0800018310547,23.40999984741211,28.690000534057617,11.607640266418457,13.201266288757324,21.673213958740234,11384.181640625,375.1420593261719
2020-10-18,321.1044921875,278.8133239746094,151.5660858154297,54.0358772277832,39.91841506958008,133.98370361328125,103.91192626953125,108.91340637207031,61.75175476074219,178.3000030517578,22.420000076293945,28.719999313354492,11.546731948852539,13.07772445678711,21.802532196044922,11483.359375,378.21368408203125
2020-10-25,319.7083435058594,275.16998291015625,152.23825073242188,54.236202239990234,40.584293365478516,131.17767333984375,103.16633605957031,108.3340072631836,61.9268798828125,178.63999938964844,22.940000534057617,27.8799991607666,11.538029670715332,13.18361759185791,21.587005615234375,13031.173828125,406.2177734375
2020-11-01,301.9190673828125,260.32623291015625,142.921142578125,51.239776611328125,39.17366027832031,130.81240844726562,102.89210510253906,107.61778259277344,61.20449447631836,176.1999969482422,21.989999771118164,25.25,11.007244110107422,12.839468002319336,21.871498107910156,13737.109375,396.3581848144531
2020-11-08,323.7581481933594,284.708251953125,152.75173950195312,55.26283645629883,41.994937896728516,132.48202514648438,103.3345947265625,109.82981872558594,62.45684051513672,183.19000244140625,23.790000915527344,26.469999313354492,11.407509803771973,13.130672454833984,21.457687377929688,15479.5673828125,453.5547790527344
2020-11-15,331.09942626953125,281.1519470214844,161.97544860839844,57.900360107421875,42.34540939331055,131.44320678710938,102.88867950439453,109.48307800292969,62.61073684692383,177.16000366210938,22.899999618530273,28.1299991607666,11.616342544555664,13.254213333129883,21.57838249206543,15955.587890625,447.55908203125
2020-11-22,328.5382995605469,280.6203918457031,165.7097625732422,58.718326568603516,42.98501205444336,134.22727966308594,103.3345947265625,110.94278717041016,62.96250534057617,175.69000244140625,22.489999771118164,29.270000457763672,11.833876609802246,13.58071517944336,21.49217414855957,18370.001953125,558.068115234375
2020-11-29,336.2494812011719,288.96038818359375,172.1234130859375,59.85346984863281,43.84366226196289,133.1551971435547,103.3088607788086,111.28950500488281,63.3215446472168,167.7899932861328,21.049999237060547,31.219999313354492,12.199335098266602,13.81897258758545,21.345617294311523,18177.484375,575.758056640625
2020-12-06,341.96343994140625,295.25164794921875,175.69906616210938,60.546234130859375,44.5533561706543,129.11474609375,102.39071655273438,110.70372009277344,63.89641189575195,172.32000732421875,22.479999542236328,31.559999465942383,12.216737747192383,13.50129508972168,21.095605850219727,19345.12109375,601.9089965820312
2020-12-13,338.68121337890625,291.7049865722656,177.65953063964844,60.245758056640625,44.43946075439453,132.08473205566406,103.10298156738281,110.92997741699219,63.771339416503906,172.49000549316406,22.260000228881836,31.940000534057617,12.390765190124512,13.660133361816406,21.155954360961914,19142.3828125,589.6632080078125
2020-12-20,342.799072265625,299.6390075683594,182.93382263183594,61.24357986450195,45.13790512084961,130.1904754638672,102.69352722167969,111.05941772460938,64.03605651855469,176.44000244140625,23.959999084472656,33.47999954223633,12.782326698303223,13.774850845336914,20.914567947387695,23477.294921875,638.2908325195312
2020-12-27,342.63189697265625,299.6979675292969,186.3707275390625,60.982330322265625,44.37660598754883,130.98992919921875,102.86526489257812,111.55342102050781,64.30938720703125,176.35000610351562,23.959999084472656,32.91999816894531,12.704014778137207,13.968986511230469,20.992156982421875,26272.294921875,682.642333984375
2021-01-03,347.16326904296875,303.744873046875,183.6081085205078,61.48798370361328,45.739864349365234,131.3563690185547,102.99407196044922,111.8448257446289,64.4941177368164,178.36000061035156,24.56999969482422,33.0099983215332,12.791027069091797,14.242542266845703,20.89732551574707,32782.0234375,975.5076904296875
2021-01-10,354.0158386230469,308.8664245605469,194.52760314941406,63.822444915771484,48.43095779418945,126.01820373535156,101.5257797241211,109.92581939697266,64.54582214355469,173.33999633789062,23.510000228881836,35.43000030517578,13.260903358459473,14.242542266845703,20.923189163208008,38356.44140625,1262.2467041015625
2021-01-17,348.8531494140625,301.9248352050781,197.36512756347656,62.701568603515625,48.112281799316406,126.4345932006836,101.70609283447266,110.23355102539062,64.353759765625,171.1300048828125,22.950000762939453,35.34000015258789,13.3131103515625,14.613165855407715,21.10422706604004,35791.27734375,1230.1722412109375
2021-01-24,355.5201110839844,315.0528869628906,201.34521484375,63.3336296081543,49.42242431640625,126.48456573486328,101.81774139404297,109.87725067138672,64.4941177368164,173.89999389648438,23.65999984741211,35.22999954223633,13.13038158416748,14.304312705993652,20.98353385925293,32289.37890625,1391.609375
2021-01-31,343.62548828125,304.5387878417969,192.50474548339844,61.00761032104492,47.191646575927734,126.5844497680664,101.86921691894531,109.7962646484375,64.25029754638672,172.61000061035156,24.989999771118164,35.18000030517578,13.217395782470703,14.463150978088379,21.052501678466797,33114.359375,1314.9862060546875
2021-02-07,360.00494384765625,320.8035583496094,207.5728759765625,62.96282196044922,49.78536605834961,123.42121124267578,101.2403335571289,109.35574340820312,64.89390563964844,169.80999755859375,24.950000762939453,38.189998626708984,13.809088706970215,14.710235595703125,21.147335052490234,38903.44140625,1614.227783203125
2021-02-14,364.58270263671875,325.7314147949219,212.8265838623047,64.31123352050781,51.166324615478516,122.65412139892578,101.20594787597656,109.26644897460938,65.08667755126953,170.69000244140625,25.309999465942383,39.939998626708984,14.200651168823242,14.727884292602539,21.026639938354492,48717.2890625,1805.0841064453125
2021-02-21,362.1592102050781,320.474365234375,210.88803100585938,64.26067352294922,50.927310943603516,119.45254516601562,100.13195037841797,108.04144287109375,64.87908172607422,167.00999450683594,25.260000228881836,39.68000030517578,14.374679565429688,15.045560836791992,20.992156982421875,57539.9453125,1935.60107421875
2021-02-28,353.18017578125,304.1321716308594,204.4449462890625,62.372886657714844,47.563438415527344,119.32743072509766,99.46173858642578,107.31127166748047,64.09313201904297,161.80999755859375,24.65999984741211,41.310001373291016,14.557408332824707,15.266168594360352,21.138713836669922,45137.76953125,1416.0489501953125
2021-03-07,356.2165222167969,298.8460998535156,203.88308715820312,62.89541244506836,47.65195846557617,115.9566879272461,98.3698959350586,105.48941802978516,64.45549774169922,159.13999938964844,23.360000610351562,44.439998626708984,15.114295959472656,15.177927017211914,21.354238510131836,51206.69140625,1723.15380859375
2021-03-14,365.901123046875,305.41009521484375,218.7545166015625,64.28595733642578,47.793601989746094,113.57764434814453,97.90564727783203,104.63581848144531,64.33644104003906,161.49000549316406,24.030000686645508,44.349998474121094,15.157804489135742,15.266168594360352,21.28527069091797,59302.31640625,1854.5643310546875
2021-03-21,362.83294677734375,303.16400146484375,212.5269317626953,64.41238403320312,47.873268127441406,112.48406982421875,97.17488861083984,104.57077026367188,64.03878021240234,163.24000549316406,24.309999465942383,41.77000045776367,14.64442253112793,14.930845260620117,21.36285972595215,57523.421875,1788.217041015625
2021-03-28,368.8882141113281,306.31927490234375,206.98744201660156,64.5556411743164,47.15622329711914,114.07844543457031,97.64773559570312,105.3756103515625,64.67874145507812,162.24000549316406,23.229999542236328,41.529998779296875,14.592214584350586,14.930845260620117,21.5352783203125,55950.74609375,1691.35595703125
2021-04-04,373.2015075683594,314.626708984375,209.9241180419922,64.77474975585938,47.678524017333984,114.94502258300781,97.51903533935547,106.38825225830078,65.00958251953125,161.97999572753906,23.149999618530273,41.84000015258789,14.69662857055664,14.922019958496094,21.56114387512207,58758.5546875,2093.122802734375
2021-04-11,383.3370666503906,326.7825927734375,208.84519958496094,65.72708129882812,47.40409851074219,114.94502258300781,97.73409271240234,106.53479766845703,65.10664367675781,163.27000427246094,23.40999984741211,40.63999938964844,14.60091495513916,15.23969841003418,21.388721466064453,60204.96484375,2157.656982421875
2021-04-18,388.7122802734375,331.5325012207031,210.77793884277344,66.82267761230469,48.112281799316406,116.40780639648438,98.31908416748047,106.76292419433594,65.18132781982422,166.35000610351562,24.09000015258789,43.18000030517578,15.175206184387207,15.433833122253418,21.25078582763672,56216.18359375,2237.136962890625
2021-04-25,388.2279357910156,329.0218505859375,211.8194122314453,66.63726806640625,48.360137939453125,117.07653045654297,98.50833892822266,107.25164794921875,65.23356628417969,166.39999389648438,24.139999389648438,42.459999084472656,15.349231719970703,16.069189071655273,21.078367233276367,49004.25390625,2316.0595703125
2021-05-02,388.74957275390625,327.6356201171875,211.00315856933594,65.82821655273438,47.78474044799805,115.88957214355469,98.06096649169922,106.82806396484375,65.28583526611328,165.66000366210938,24.010000228881836,43.27000045776367,15.584169387817383,16.23685073852539,21.190439224243164,56631.078125,2952.05615234375
2021-05-09,393.2397766113281,323.9617614746094,211.47232055664062,67.76658630371094,48.41325378417969,116.55342864990234,98.55510711669922,107.5258560180664,65.42371368408203,171.58999633789062,25.469999313354492,44.43000030517578,16.297683715820312,17.057518005371094,20.923189163208008,58232.31640625,3928.8447265625
2021-05-16,388.0787658691406,316.3909912109375,207.37208557128906,67.05022430419922,46.87295913696289,114.75357055664062,98.26244354248047,106.95460510253906,65.33381652832031,172.69000244140625,25.459999084472656,44.709999084472656,16.01923942565918,16.201553344726562,20.9404296875,46456.05859375,3587.506103515625
2021-05-23,386.5510559082031,316.99200439453125,206.386962890625,67.44632720947266,47.04115295410156,115.24750518798828,98.31409454345703,107.0932846069336,65.25888061523438,176.0399932861328,25.530000686645508,43.70000076293945,15.793004035949707,16.22802734375,20.880083084106445,34770.58203125,2109.579833984375
2021-05-30,391.3021545410156,323.699951171875,211.57550048828125,68.12052154541016,48.57259750366211,115.89208221435547,98.4776382446289,107.49322509765625,65.31127166748047,178.3800048828125,25.899999618530273,45.41999816894531,16.184566497802734,16.40451431274414,20.880083084106445,35678.12890625,2390.305419921875
2021-06-06,393.6869201660156,325.3188171386719,213.358154296875,68.83687591552734,49.564064025878906,117.2828598022461,98.8643798828125,108.01408386230469,65.59771728515625,177.16000366210938,25.780000686645508,47.2599983215332,16.602231979370117,16.77513885498047,20.89732551574707,35862.37890625,2715.0927734375
2021-06-13,395.2800598144531,330.7860412597656,217.71922302246094,69.19727325439453,49.15871047973633,119.30325317382812,99.5879898071289,109.30614471435547,65.86078643798828,175.74000549316406,25.8700008392334,48.06999969482422,16.724050521850586,16.801612854003906,20.992156982421875,39097.859375,2508.3916015625
2021-06-20,387.7970275878906,332.13348388671875,208.72666931152344,67.07864379882812,48.21625518798828,122.17037963867188,99.52770233154297,109.85401916503906,65.71797180175781,164.92999267578125,23.8799991607666,48.36000061035156,16.201969146728516,15.901525497436523,21.397342681884766,35698.296875,2246.364501953125
2021-06-27,398.7227783203125,339.1471862792969,218.26419067382812,68.32591247558594,49.345420837402344,119.05176544189453,98.96776580810547,109.15077209472656,66.09381866455078,166.58999633789062,24.18000030517578,50.25,16.5239200592041,15.73386287689209,21.28527069091797,34649.64453125,1978.8946533203125
2021-07-04,405.3680725097656,348.0562744140625,215.3606719970703,67.7791519165039,48.705265045166016,121.75045776367188,99.77513885498047,110.08580017089844,66.41178894042969,167.2899932861328,24.549999237060547,50.93000030517578,16.967689514160156,16.192731857299805,21.38010025024414,35287.78125,2321.72412109375
2021-07-11,407.05035400390625,350.35638427734375,212.72023010253906,67.96709442138672,47.61166763305664,123.00123596191406,100.34408569335938,110.45452117919922,66.36658477783203,169.2100067138672,24.190000534057617,50.40999984741211,16.63703727722168,15.627968788146973,21.354238510131836,34240.1875,2139.664794921875
2021-07-18,403.14361572265625,347.0470275878906,201.97988891601562,66.90776824951172,47.6472282409668,124.4114761352539,100.818115234375,110.57740020751953,66.11766815185547,169.41000366210938,23.770000457763672,49.13999938964844,16.550024032592773,16.21038055419922,21.49217414855957,31796.810546875,1895.5521240234375
2021-07-25,411.1814270019531,357.33416748046875,206.30235290527344,67.67664337158203,46.686988830566406,124.65491485595703,101.04222106933594,111.2328109741211,66.32882690429688,168.55999755859375,23.350000381469727,49.470001220703125,16.663143157958984,16.61629867553711,21.5352783203125,35350.1875,2191.373779296875
2021-08-01,409.8449401855469,353.811279296875,207.71182250976562,67.90727996826172,45.87791061401367,125.5111312866211,101.46456909179688,111.42943572998047,66.24586486816406,169.82000732421875,23.6299991607666,50.65999984741211,16.967689514160156,16.457460403442383,21.354238510131836,39974.89453125,2561.85205078125
2021-08-08,413.5647277832031,357.1885681152344,209.91062927246094,68.6078109741211,46.180206298828125,124.20170593261719,100.94361114501953,110.5208969116211,66.1119384765625,164.63999938964844,22.520000457763672,47.56999969482422,16.541322708129883,16.660419464111328,21.49217414855957,43798.1171875,3013.732666015625
2021-08-15,416.7705993652344,357.9359130859375,207.78700256347656,69.55607604980469,45.993492126464844,124.84883880615234,101.12474060058594,110.86560821533203,66.17249298095703,166.38999938964844,21.969999313354492,47.43000030517578,16.593530654907227,17.057518005371094,21.431827545166016,47047.00390625,3310.504150390625
2021-08-22,414.3779296875,356.87811279296875,202.51548767089844,67.87311553955078,44.01078796386719,126.52969360351562,101.3749008178711,110.98869323730469,66.04385375976562,166.6999969482422,21.350000381469727,43.43000030517578,15.575469970703125,16.625125885009766,21.655973434448242,49321.65234375,3242.115478515625
2021-08-29,420.8175048828125,364.94281005859375,212.74839782714844,68.94097900390625,45.8690185546875,125.61363220214844,101.05577087402344,111.11185455322266,66.55077362060547,170.19000244140625,22.329999923706055,48.150001525878906,16.70665168762207,17.04869270324707,21.457687377929688,48829.83203125,3227.002685546875
2021-09-05,423.4624328613281,370.30963134765625,214.20484924316406,70.11136627197266,47.22935104370117,124.69619750976562,100.98672485351562,110.98370361328125,66.79712677001953,171.05999755859375,22.8799991607666,48.65999984741211,16.819765090942383,16.828086853027344,21.319753646850586,51753.41015625,3952.133544921875
2021-09-12,416.3219299316406,365.47650146484375,208.24740600585938,69.3339614868164,46.66921615600586,124.88130950927734,100.8313217163086,111.21387481689453,66.66051483154297,167.17999267578125,21.989999771118164,48.79999923706055,16.845870971679688,16.40451431274414,21.44045066833496,46063.26953125,3410.134521484375
2021-09-19,413.8677062988281,362.7979736328125,209.05551147460938,68.77012634277344,45.67340850830078,125.52928924560547,100.54651641845703,111.28788757324219,66.78954315185547,163.77000427246094,20.739999771118164,50.31999969482422,16.985092163085938,16.413339614868164,21.56976318359375,47260.21875,3329.447998046875
2021-09-26,416.2210693359375,362.71441650390625,210.22605895996094,68.5992660522461,45.14883804321289,123.62747955322266,99.87322998046875,110.92613983154297,66.7212142944336,163.3000030517578,20.709999084472656,51.81999969482422,17.33315086364746,16.589824676513672,21.595624923706055,43208.5390625,3062.265380859375
2021-10-03,407.154296875,349.9383544921875,209.5003662109375,66.80526733398438,44.74873733520508,122.47001647949219,99.85626220703125,110.16716766357422,66.56160736083984,164.58999633789062,20.829999923706055,53.2599983215332,17.794321060180664,17.119287490844727,21.776668548583984,48199.953125,3418.358642578125
2021-10-10,410.5484313964844,350.8905944824219,208.8406219482422,66.61732482910156,45.18440246582031,119.54624938964844,98.83706665039062,108.57733154296875,66.06664276123047,164.22999572753906,20.950000762939453,55.470001220703125,18.290300369262695,17.128114700317383,21.785289764404297,54771.578125,3425.852783203125
2021-10-17,418.0588684082031,358.44927978515625,212.2147979736328,68.32591247558594,46.180206298828125,122.20037841796875,98.97526550292969,109.73883056640625,66.41693115234375,165.3300018310547,21.579999923706055,57.150001525878906,18.864591598510742,16.94280242919922,21.724943161010742,61553.6171875,3847.1044921875
2021-10-24,424.8566589355469,363.4626159667969,214.33543395996094,68.77012634277344,46.26911163330078,121.4420394897461,98.43111419677734,108.9892349243164,66.1275405883789,167.77000427246094,22.540000915527344,58.029998779296875,18.803682327270508,16.74866485595703,21.655973434448242,60930.8359375,4087.903076171875
2021-10-31,430.6042175292969,375.1310729980469,214.9386444091797,68.76158142089844,45.273311614990234,124.44165802001953,99.00983428955078,109.9530029296875,66.19610595703125,166.64999389648438,22.09000015258789,57.150001525878906,18.57744598388672,17.022220611572266,21.768047332763672,61318.95703125,4288.07421875
2021-11-07,439.3053894042969,387.26593017578125,227.90753173828125,69.90633392333984,45.273311614990234,125.95861053466797,100.01331329345703,111.2834701538086,66.84313201904297,169.83999633789062,22.350000381469727,56.54999923706055,18.429521560668945,17.00457191467285,21.79391098022461,63326.98828125,4620.5546875
2021-11-14,438.1240539550781,383.47686767578125,225.73033142089844,69.52189636230469,46.233543395996094,124.29656219482422,99.0711669921875,109.75657653808594,66.34659576416016,174.4499969482422,23.420000076293945,55.97999954223633,18.560043334960938,17.428142547607422,21.983572006225586,65466.83984375,4626.35888671875
2021-11-21,439.64300537109375,392.50262451171875,219.3401336669922,68.63343811035156,45.273311614990234,125.16557312011719,99.27861022949219,109.83907318115234,66.12505340576172,172.61000061035156,22.75,53.779998779296875,18.142377853393555,17.710521697998047,22.1990966796875,58730.4765625,4269.73291015625
2021-11-28,430.3417663574219,380.0763854980469,210.03759765625,65.89116668701172,43.29949951171875,126.99630737304688,99.71944427490234,109.50894927978516,65.29238891601562,166.85000610351562,21.3700008392334,49.630001068115234,17.428865432739258,17.622278213500977,22.216341018676758,57248.45703125,4294.45361328125
2021-12-05,425.1379089355469,372.2357482910156,202.36558532714844,65.80574798583984,43.495094299316406,130.37733459472656,100.6516342163086,111.0124282836914,65.91432189941406,166.6300048828125,20.850000381469727,48.0,16.967689514160156,17.4193172454834,22.216341018676758,49368.84765625,4198.32275390625
2021-12-12,441.3775634765625,386.69268798828125,207.26661682128906,67.54849243164062,44.526458740234375,125.73995208740234,99.76934051513672,109.79691314697266,66.39714050292969,166.5800018310547,20.5,52.029998779296875,17.689903259277344,17.401668548583984,22.1990966796875,50098.3359375,4134.453125
2021-12-19,432.700439453125,373.96514892578125,203.38682556152344,66.62024688720703,43.43252944946289,127.54752349853516,100.44107055664062,110.1910171508789,66.42436218261719,167.8000030517578,20.68000030517578,50.779998779296875,17.428865432739258,17.278127670288086,22.337034225463867,46707.015625,3922.592529296875
2021-12-26,442.7965393066406,386.12628173828125,209.90989685058594,68.23686218261719,43.937564849853516,125.59416961669922,99.8436508178711,109.9342041015625,67.03195190429688,168.97000122070312,21.15999984741211,53.130001068115234,17.97705078125,17.58698081970215,22.181854248046875,50809.515625,4067.328125
2022-01-02,446.89898681640625,387.0308837890625,210.29747009277344,68.52579498291016,44.07840347290039,125.3150863647461,99.56661224365234,109.78506469726562,66.91657257080078,170.9600067138672,21.510000228881836,54.36000061035156,18.08146858215332,17.428142547607422,22.095643997192383,47345.21875,3829.56494140625
2022-01-09,438.5529479980469,369.5301208496094,204.26605224609375,68.60417175292969,44.1144905090332,120.30047607421875,97.60991668701172,107.4654312133789,66.03985595703125,167.75,20.6200008392334,56.66999816894531,18.48172950744629,17.50756072998047,22.12150764465332,41911.6015625,3157.75146484375
2022-01-16,437.2638854980469,369.6761474609375,202.6021728515625,68.80449676513672,45.215328216552734,120.16517639160156,97.47138214111328,107.00152587890625,66.20904541015625,169.6699981689453,21.200000762939453,59.970001220703125,18.95160675048828,17.595806121826172,21.983572006225586,43113.87890625,3350.921875
2022-01-23,412.1037292480469,342.12615966796875,186.22837829589844,66.48778533935547,44.2137565612793,121.45897674560547,97.7397689819336,106.7861099243164,65.70915222167969,171.08999633789062,22.3799991607666,60.779998779296875,19.151735305786133,17.781116485595703,22.07840347290039,36276.8046875,2535.0390625
2022-01-30,415.8392333984375,342.23321533203125,184.5834503173828,65.0855712890625,42.670780181884766,121.03619384765625,97.4627456665039,105.79200744628906,65.12464904785156,167.10000610351562,20.709999084472656,61.970001220703125,19.43888282775879,17.807592391967773,22.457725524902344,37917.6015625,2603.466552734375
2022-02-06,422.1903991699219,348.2744140625,187.54246520996094,66.25262451171875,43.90696334838867,117.7158432006836,96.36901092529297,104.1252212524414,64.65760803222656,168.86000061035156,20.790000915527344,64.91000366210938,19.865249633789062,18.169389724731445,22.026676177978516,42412.43359375,3057.47607421875
2022-02-13,414.437255859375,337.6221618652344,190.3785400390625,65.9129638671875,43.96110153198242,117.07228088378906,96.31703186035156,103.6189193725586,63.8008918762207,173.80999755859375,21.829999923706055,65.73999786376953,20.12628936767578,18.619434356689453,22.173233032226562,42197.515625,2883.46337890625
2022-02-20,408.5753173828125,332.2230529785156,188.5728759765625,65.5820083618164,43.96110153198242,117.05532836914062,96.38636016845703,102.65609741210938,63.97842788696289,177.1199951171875,22.1200008392334,64.73999786376953,20.169797897338867,18.56648826599121,22.173233032226562,38431.37890625,2628.6484375
2022-02-27,411.8872985839844,336.3672180175781,191.43734741210938,65.00718688964844,42.72492599487305,115.9036636352539,96.07439422607422,102.49009704589844,64.53417205810547,176.5500030517578,22.399999618530273,65.80000305175781,20.422138214111328,18.257633209228516,22.27668571472168,37709.78515625,2621.8017578125
2022-03-06,406.63702392578125,328.1275634765625,187.80715942382812,60.121192932128906,40.26158142089844,118.91468811035156,98.01725769042969,102.8338623046875,63.94289016723633,183.67999267578125,23.639999389648438,79.45999908447266,23.502426147460938,19.272438049316406,22.724977493286133,38419.984375,2555.037353515625
2022-03-13,395.25189208984375,315.578369140625,185.98260498046875,59.79023742675781,38.411827087402344,114.39518737792969,95.90076446533203,99.95612335205078,62.695648193359375,185.08999633789062,23.8700008392334,76.4000015258789,22.597484588623047,19.272438049316406,22.854293823242188,37849.6640625,2518.944580078125
2022-03-20,419.5567321777344,341.931640625,195.94674682617188,64.24947357177734,40.92930221557617,113.14873504638672,94.60835266113281,101.31179809570312,63.93513870239258,179.3000030517578,23.020000457763672,74.63999938964844,22.336441040039062,19.08712387084961,22.63014793395996,41247.82421875,2860.459228515625
2022-03-27,427.26788330078125,350.01007080078125,195.24261474609375,64.24076080322266,40.649574279785156,109.09558868408203,92.01477813720703,99.19923400878906,62.99774932861328,182.3800048828125,23.479999542236328,80.73999786376953,23.63294792175293,19.63423728942871,22.768083572387695,46820.4921875,3291.57763671875
2022-04-03,427.4850769042969,352.4450988769531,196.6161346435547,64.70236206054688,41.41655349731445,112.4218978881836,92.61347198486328,100.9257583618164,63.74452590942383,179.5,22.739999771118164,74.16999816894531,22.82371711730957,19.184194564819336,22.70773696899414,46453.56640625,3522.83349609375
2022-04-10,422.4354553222656,340.0751953125,187.427978515625,63.48302459716797,40.54130554199219,106.25637817382812,90.44248962402344,97.68353271484375,62.4144287109375,181.47000122070312,22.81999969482422,74.11000061035156,23.25008773803711,19.72248077392578,22.992229461669922,42207.671875,3211.866943359375
2022-04-17,413.2046813964844,329.6337890625,188.46046447753906,62.725311279296875,39.9096794128418,102.54525756835938,89.82593536376953,96.1666030883789,62.4144287109375,184.0399932861328,23.639999389648438,79.56999969482422,24.45088005065918,19.91661834716797,23.130163192749023,39716.953125,2993.4033203125
2022-04-24,402.114501953125,316.9425048828125,182.51185607910156,61.3753547668457,38.240386962890625,101.89979553222656,89.21808624267578,94.53297424316406,61.65215301513672,180.2899932861328,22.309999465942383,76.30999755859375,23.62424659729004,19.704832077026367,23.319826126098633,39469.29296875,2922.732666015625
2022-05-01,388.8629455566406,305.1082763671875,175.18980407714844,59.781524658203125,38.240386962890625,101.44123077392578,89.27885437011719,93.84953308105469,61.084320068359375,176.91000366210938,21.040000915527344,77.16000366210938,23.954898834228516,19.47539710998535,23.76811981201172,38469.09375,2827.756103515625
2022-05-08,388.24005126953125,301.2122802734375,172.94488525390625,58.58833312988281,36.9320182800293,96.69699096679688,87.89209747314453,92.56641387939453,60.58843994140625,175.4199981689453,20.65999984741211,82.12999725341797,24.624902725219727,19.272438049316406,23.88881492614746,34059.265625,2517.4599609375
2022-05-15,379.1602478027344,294.09228515625,168.6728973388672,58.34446334838867,36.534996032714844,98.66207885742188,89.21363830566406,93.26814270019531,59.979331970214844,168.7899932861328,19.420000076293945,81.27999877929688,24.38996696472168,19.572465896606445,24.112960815429688,31305.11328125,2145.706787109375
2022-05-22,367.7491760253906,281.1768493652344,166.78790283203125,59.0238037109375,37.12150192260742,100.81429290771484,90.28305053710938,93.91133117675781,59.7060546875,172.02999877929688,20.06999969482422,81.6500015258789,24.329055786132812,19.625411987304688,23.742258071899414,30323.72265625,2043.170166015625
2022-05-29,391.9399108886719,301.0661315917969,177.7378692626953,61.34051513671875,37.9426155090332,101.29916381835938,90.77867126464844,96.30884552001953,62.61872100830078,172.85000610351562,20.360000610351562,85.45999908447266,25.2340030670166,19.784250259399414,23.41465950012207,29445.95703125,1812.031005859375
2022-06-05,387.48504638671875,298.24151611328125,177.18846130371094,60.70473098754883,38.23135757446289,98.88020324707031,89.28164672851562,94.7815170288086,61.646419525146484,172.5800018310547,20.229999542236328,89.47000122070312,25.99972152709961,19.29891014099121,23.53535270690918,29906.662109375,1805.2049560546875
2022-06-12,367.9096374511719,281.33270263671875,169.61123657226562,57.587745666503906,37.42786407470703,96.95421600341797,87.68860626220703,92.54574584960938,59.28689193725586,174.5399932861328,20.190000534057617,90.12999725341797,26.304271697998047,19.42245101928711,23.992265701293945,26762.6484375,1445.216552734375
2022-06-19,346.8056945800781,267.55047607421875,156.8754425048828,54.730167388916016,36.09928512573242,95.51400756835938,87.22720336914062,91.63301849365234,58.04829788208008,171.27000427246094,19.979999542236328,83.33999633789062,24.929452896118164,19.237138748168945,24.095718383789062,20553.271484375,1127.656494140625
2022-06-26,369.7643737792969,287.5043640136719,166.28720092773438,56.768760681152344,36.99106979370117,95.92308807373047,88.05422973632812,92.18563842773438,58.824363708496094,170.08999633789062,19.510000228881836,81.2699966430664,24.102821350097656,18.292930603027344,23.949161529541016,21027.294921875,1199.8316650390625
2022-07-03,361.384765625,275.3253173828125,162.792236328125,55.762813568115234,36.2630729675293,98.89665222167969,90.0099868774414,93.30001831054688,58.2537956237793,168.32000732421875,18.309999465942383,81.66999816894531,23.293594360351562,17.631103515625,24.181928634643555,19297.076171875,1073.7669677734375
2022-07-10,368.4277648925781,288.22650146484375,166.7620849609375,55.50464630126953,36.48147964477539,96.061767578125,88.4842758178711,92.65349578857422,58.97032928466797,162.3000030517578,17.790000915527344,78.54000091552734,22.684494018554688,17.98407745361328,24.630220413208008,20860.44921875,1168.401611328125
2022-07-17,365.0721435546875,284.8304443359375,164.3877410888672,54.65895462036133,35.15289306640625,99.169921875,89.582763671875,93.89614868164062,59.4506950378418,159.00999450683594,17.190000534057617,73.73999786376953,21.814355850219727,17.33989715576172,24.880231857299805,20779.34375,1338.6357421875
2022-07-24,374.5133972167969,294.7063293457031,170.48497009277344,56.43938064575195,35.87178039550781,101.22776794433594,90.8644027709961,95.40748596191406,60.545196533203125,160.6699981689453,17.139999389648438,74.52999877929688,21.657733917236328,17.03104591369629,24.55263328552246,22609.1640625,1599.4766845703125
2022-07-31,390.5333251953125,307.85150146484375,177.83587646484375,58.50467300415039,36.36317825317383,100.27143859863281,91.69268035888672,96.2303466796875,61.568851470947266,164.10000610351562,18.700000762939453,78.05000305175781,22.719303131103516,17.816415786743164,24.388832092285156,23336.896484375,1681.517333984375
2022-08-07,391.9361877441406,313.9897766113281,181.20738220214844,57.87261962890625,36.45417785644531,99.63243103027344,90.46472930908203,95.12437438964844,61.690582275390625,165.2899932861328,18.329999923706055,71.54000091552734,21.64033317565918,17.622278213500977,24.569873809814453,23175.890625,1699.350830078125
2022-08-14,404.8562927246094,322.4214172363281,190.28675842285156,59.430484771728516,37.355064392089844,98.84542846679688,90.5345687866211,96.15119934082031,62.402034759521484,167.8699951171875,19.170000076293945,74.9800033569336,22.7018985748291,18.23116111755371,24.354347229003906,24319.333984375,1936.802001953125
2022-08-21,400.1546936035156,315.07293701171875,184.86380004882812,57.587745666503906,36.3085823059082,96.69827270507812,89.50397491455078,93.9292221069336,60.82893753051758,162.72000122070312,17.549999237060547,74.05999755859375,22.58877944946289,17.736997604370117,24.940576553344727,21534.12109375,1619.3189697265625
2022-08-28,384.201171875,300.02490234375,179.47886657714844,55.825130462646484,36.40867233276367,97.19444274902344,89.05855560302734,93.51683044433594,59.927764892578125,161.75999450683594,17.360000610351562,75.8499984741211,23.17177391052246,18.31940460205078,25.11299705505371,19616.814453125,1430.54736328125
2022-09-04,371.81182861328125,288.0509033203125,171.0358428955078,53.831058502197266,35.27118682861328,94.48526763916016,87.94812774658203,91.48200225830078,59.03190994262695,159.25999450683594,16.56999969482422,71.43000030517578,22.049293518066406,17.98407745361328,25.328523635864258,19986.712890625,1577.6416015625
2022-09-11,385.42401123046875,299.683349609375,177.9783172607422,55.584774017333984,35.48958969116211,92.84793090820312,87.221923828125,91.47357177734375,60.223506927490234,159.82000732421875,17.31999969482422,71.0999984741211,22.092802047729492,18.2399845123291,25.164722442626953,21769.255859375,1761.800048828125
2022-09-18,366.98114013671875,282.34197998046875,169.99114990234375,53.76874923706055,34.38850402832031,91.78495025634766,86.3382568359375,90.39321899414062,58.94453048706055,155.83999633789062,17.989999771118164,69.9000015258789,21.649032592773438,18.107620239257812,25.34576416015625,19419.505859375,1335.3291015625
2022-09-25,350.2196960449219,269.34820556640625,158.89834594726562,50.52837371826172,32.74141311645508,90.61048889160156,84.71088409423828,88.46045684814453,57.300132751464844,153.00999450683594,17.360000610351562,65.31999969482422,20.892013549804688,17.87818717956543,26.138896942138672,18802.09765625,1294.216796875
2022-10-02,339.9686279296875,261.2826843261719,157.43873596191406,49.8607177734375,31.740428924560547,87.82447814941406,83.98468780517578,86.46861267089844,56.71226119995117,154.6699981689453,17.5,65.27999877929688,20.80500030517578,17.666400909423828,25.992340087890625,19044.107421875,1276.093505859375
2022-10-09,345.3083190917969,263.0815734863281,160.96131896972656,50.590694427490234,32.441123962402344,86.77957153320312,83.47361755371094,86.73027038574219,57.57528305053711,157.8800048828125,18.5,75.0999984741211,22.614887237548828,17.807592391967773,26.12165641784668,19446.42578125,1322.604248046875
2022-10-16,340.3969421386719,254.9084930419922,159.2429656982422,49.8607177734375,31.130739212036133,84.7000961303711,82.6495590209961,85.0027847290039,57.08828353881836,152.97999572753906,16.809999465942383,70.16999816894531,21.901371002197266,17.701698303222656,26.25959014892578,19268.09375,1306.296630859375
2022-10-23,356.2541809082031,269.2601623535156,164.86578369140625,51.62334060668945,32.0953254699707,80.0599136352539,81.65019226074219,84.24066925048828,57.87063217163086,154.14999389648438,17.760000228881836,70.56999969482422,21.649032592773438,17.692874908447266,25.957855224609375,19567.0078125,1363.447021484375
2022-10-30,370.2743225097656,274.93048095703125,174.851318359375,53.296932220458984,31.203536987304688,83.17918395996094,83.14044189453125,86.28990173339844,59.515193939208984,153.16000366210938,17.739999771118164,72.81999969482422,22.014488220214844,17.313426971435547,25.673364639282227,20635.603515625,1590.7833251953125
2022-11-06,358.2149353027344,258.76043701171875,170.5745086669922,54.080318450927734,32.941619873046875,81.1614990234375,82.07210540771484,85.88959503173828,58.42072677612305,156.47000122070312,19.260000228881836,76.81999969482422,23.128267288208008,17.728172302246094,25.716468811035156,20926.486328125,1572.2347412109375
2022-11-13,379.3070373535156,281.5196838378906,178.421630859375,58.27320861816406,34.725196838378906,84.32280731201172,84.28601837158203,88.81996154785156,59.662841796875,164.55999755859375,19.950000762939453,74.37999725341797,22.754108428955078,17.719348907470703,24.699188232421875,16353.365234375,1221.8192138671875
2022-11-20,376.94659423828125,278.4499816894531,175.3858642578125,57.997249603271484,34.60689163208008,85.83031463623047,84.45295715332031,89.87318420410156,59.48655319213867,162.7899932861328,19.25,69.02999877929688,21.892671585083008,17.551681518554688,24.83712387084961,16291.83203125,1142.4666748046875
2022-11-27,382.9429931640625,280.50311279296875,177.1614990234375,59.30585861206055,34.370296478271484,88.63845825195312,85.31388854980469,91.53800201416016,60.11165237426758,163.22000122070312,19.719999313354492,66.95999908447266,21.54461669921875,17.53403663635254,24.63884162902832,16444.626953125,1195.126953125
2022-12-04,387.30230712890625,286.0070495605469,179.51947021484375,60.28508377075195,35.98098373413086,92.46736907958984,86.8658218383789,93.23712158203125,60.808773040771484,167.25999450683594,21.290000915527344,69.83999633789062,21.831762313842773,17.525209426879883,24.337106704711914,17130.486328125,1280.256591796875
2022-12-11,374.3290710449219,275.7322082519531,170.51722717285156,59.56401062011719,35.50778579711914,91.81114196777344,86.13516235351562,92.75993347167969,60.39030075073242,167.05999755859375,21.559999465942383,62.849998474121094,20.81369972229004,17.260478973388672,24.44917869567871,17104.193359375,1263.8685302734375
2022-12-18,366.4765625,268.1163635253906,167.22802734375,58.471107482910156,34.9495964050293,92.70838165283203,86.97310638427734,93.21227264404297,60.35198974609375,166.7899932861328,21.3700008392334,64.9000015258789,21.02253532409668,17.436965942382812,24.40607452392578,16757.9765625,1184.7152099609375
2022-12-25,366.1324462890625,262.0062255859375,167.24722290039062,58.89118194580078,34.921875,88.42394256591797,85.3326416015625,91.50289154052734,60.182098388671875,167.25999450683594,21.850000381469727,69.31999969482422,21.4646053314209,17.912263870239258,24.33388900756836,16841.986328125,1218.9620361328125
2023-01-01,365.6733703613281,260.9478759765625,167.21849060058594,58.66773986816406,35.01426315307617,86.17349243164062,84.47711181640625,90.10973358154297,59.5672492980957,169.63999938964844,22.020000457763672,70.11000061035156,21.578405380249023,17.8679256439209,24.1860408782959,16625.080078125,1200.96484375
2023-01-08,371.0758972167969,263.41741943359375,170.30657958984375,60.893245697021484,37.01903533935547,91.0378646850586,86.77027893066406,92.81912994384766,61.10436248779297,173.7100067138672,21.920000076293945,64.83000183105469,20.69426155090332,17.344745635986328,24.264314651489258,17091.14453125,1287.3594970703125
2023-01-15,381.03924560546875,275.34368896484375,179.38870239257812,63.03832244873047,38.1553840637207,92.39678955078125,87.30827331542969,94.4173812866211,62.002376556396484,178.75999450683594,22.329999923706055,70.05000305175781,21.70096206665039,17.318143844604492,23.890348434448242,20880.798828125,1552.4794921875
2023-01-22,378.5340881347656,277.01947021484375,177.46102905273438,63.467342376708984,38.55264663696289,91.92069244384766,87.46703338623047,94.48576354980469,61.62213134765625,179.2899932861328,22.020000457763672,71.55000305175781,21.963579177856445,17.211734771728516,23.864259719848633,22720.416015625,1628.382080078125
2023-01-29,387.9046325683594,290.3274841308594,181.81507873535156,63.99466323852539,39.079246520996094,92.36217498779297,87.33472442626953,94.44303131103516,61.614036560058594,179.22000122070312,21.68000030517578,69.5,21.683454513549805,17.61963653564453,23.890348434448242,23774.56640625,1646.1556396484375
2023-02-05,394.2824401855469,300.048828125,188.9215850830078,63.83378982543945,37.767364501953125,92.591064453125,87.15052795410156,94.76954650878906,62.09950637817383,173.4600067138672,20.56999969482422,64.4000015258789,20.668001174926758,17.788116455078125,24.168651580810547,22955.666015625,1631.6458740234375
2023-02-12,390.1613464355469,293.6986389160156,182.5151824951172,63.1634521484375,37.12989807128906,89.71875,85.70097351074219,92.38616180419922,60.79069900512695,173.36000061035156,20.239999771118164,69.87000274658203,21.298280715942383,17.894527435302734,24.33388900756836,21788.203125,1515.03369140625
2023-02-19,389.41552734375,295.1293640136719,185.2196807861328,63.47627639770508,36.65872573852539,88.84230041503906,85.21484375,91.76889038085938,60.611854553222656,171.25999450683594,20.010000228881836,67.0199966430664,20.878093719482422,18.160551071166992,24.429555892944336,24327.642578125,1681.4361572265625
2023-02-26,379.0121765136719,286.0058288574219,179.82986450195312,61.70658493041992,35.38380432128906,87.6187515258789,84.25143432617188,90.74864959716797,60.29481506347656,168.35000610351562,19.09000015258789,67.0999984741211,20.720523834228516,17.96546745300293,24.77743148803711,23561.212890625,1640.817138671875
2023-03-05,386.4799499511719,293.6789855957031,183.65643310546875,63.35114669799805,36.529396057128906,88.63497924804688,84.29134368896484,91.34381103515625,61.11089324951172,172.49000549316406,19.549999237060547,69.86000061035156,21.412080764770508,18.0186710357666,24.620887756347656,22435.513671875,1564.46875
2023-03-12,369.00091552734375,282.77191162109375,168.96392822265625,61.3580207824707,34.95882797241211,91.85362243652344,86.2044448852539,91.90303802490234,60.06401824951172,173.8699951171875,18.860000610351562,67.13999938964844,20.720523834228516,17.761516571044922,24.655675888061523,22163.94921875,1590.29296875
2023-03-19,374.32537841796875,299.2452392578125,164.21669006347656,60.04416275024414,34.746341705322266,92.9497299194336,87.91384887695312,92.90962219238281,60.00678634643555,183.77000427246094,20.6299991607666,58.65999984741211,19.853885650634766,17.584165573120117,24.525222778320312,28038.67578125,1785.5765380859375
2023-03-26,379.85406494140625,305.13623046875,165.36163330078125,61.50996017456055,35.72563171386719,92.9497299194336,88.47183227539062,94.18299865722656,60.194889068603516,183.64999389648438,21.219999313354492,60.959999084472656,20.0989933013916,17.699443817138672,24.37737464904785,27994.330078125,1775.6767578125
2023-04-02,392.94610595703125,314.9904479980469,171.7242889404297,63.92316436767578,36.455482482910156,92.53216552734375,87.78984069824219,94.30342102050781,61.78971481323242,183.22000122070312,22.1200008392334,66.44000244140625,20.781801223754883,18.116214752197266,24.246919631958008,28199.30859375,1795.7081298828125
2023-04-09,392.75408935546875,312.16375732421875,167.38307189941406,64.29854583740234,36.390811920166016,94.65054321289062,89.17070007324219,95.21822357177734,61.487361907958984,186.49000549316406,22.889999389648438,70.26000213623047,21.114450454711914,18.311298370361328,24.125164031982422,28333.05078125,1859.3878173828125
2023-04-16,395.8927917480469,312.6741027832031,169.90501403808594,65.44258880615234,36.6956901550293,91.64173889160156,87.78628540039062,94.40699005126953,61.848907470703125,186.36000061035156,23.309999465942383,72.08999633789062,21.420835494995117,18.541852951049805,24.072982788085938,30315.35546875,2120.005859375
2023-04-23,395.6432189941406,310.75030517578125,170.91571044921875,65.80904388427734,36.03974914550781,91.04869842529297,87.47566223144531,94.07040405273438,61.610626220703125,184.25,22.979999542236328,68.20999908447266,20.851831436157227,18.56845474243164,24.133861541748047,27591.384765625,1862.06201171875
2023-04-30,399.223388671875,316.5902404785156,168.64402770996094,65.80009460449219,36.15061569213867,92.8452377319336,88.50511932373047,94.8730239868164,61.91459655761719,184.8000030517578,23.0,67.5,20.62422752380371,18.57732391357422,24.133861541748047,29268.806640625,1876.92431640625
2023-05-07,396.05596923828125,316.91412353515625,167.92208862304688,66.03248596191406,36.390811920166016,91.70687866210938,88.68216705322266,93.99146270751953,61.68852996826172,187.4600067138672,23.56999969482422,63.029998779296875,20.25656509399414,18.648263931274414,24.05558967590332,28454.978515625,1873.076416015625
2023-05-14,395.0577697753906,319.0144958496094,166.2568817138672,65.37110137939453,35.614768981933594,91.16481018066406,88.48644256591797,93.80097198486328,61.40795135498047,186.80999755859375,22.020000457763672,62.06999969482422,19.84513282775879,18.47091293334961,24.43825340270996,26930.638671875,1800.5009765625
2023-05-21,401.805419921875,330.2820739746094,169.52000427246094,65.83585357666016,36.012027740478516,88.39323425292969,86.8496322631836,92.32017517089844,61.226444244384766,183.63999938964844,21.860000610351562,63.900001525878906,19.88014793395996,18.42657470703125,24.586101531982422,26753.826171875,1804.5313720703125
2023-05-28,403.1490783691406,341.9520263671875,169.55850219726562,64.47730255126953,36.03050994873047,88.38451385498047,86.22689819335938,92.19893646240234,61.077884674072266,180.9199981689453,21.3799991607666,64.80000305175781,19.985193252563477,18.240358352661133,24.86440086364746,28085.646484375,1910.9141845703125
2023-06-04,410.7318420410156,348.0863037109375,175.20884704589844,64.9331283569336,36.529396057128906,89.40837860107422,86.7791519165039,93.22868347167969,61.83451843261719,181.0500030517578,21.690000534057617,64.1500015258789,19.87139320373535,18.515249252319336,24.84700584411621,27119.06640625,1890.5135498046875
2023-06-11,412.63226318359375,347.93914794921875,178.5994415283203,65.09493255615234,37.113525390625,89.3470230102539,86.44029998779297,92.75084686279297,61.950592041015625,182.0399932861328,22.270000457763672,62.93000030517578,19.836376190185547,18.790142059326172,24.768735885620117,25940.16796875,1753.415283203125
2023-06-18,423.3751525878906,361.12054443359375,179.47781372070312,66.79692840576172,38.0632438659668,89.94312286376953,86.37788391113281,93.558837890625,62.12471008300781,181.6300048828125,22.18000030517578,64.3499984741211,20.54544448852539,19.49953842163086,24.481735229492188,26336.212890625,1720.5775146484375
2023-06-25,417.3538818359375,356.3184509277344,174.29444885253906,64.58524322509766,36.471065521240234,90.58308410644531,86.58296203613281,93.56752014160156,61.511165618896484,178.1999969482422,20.579999923706055,62.41999816894531,20.055225372314453,19.09163475036621,24.655675888061523,30480.26171875,1900.506103515625
2023-07-02,427.0553283691406,363.0803527832031,180.76158142089844,65.98689270019531,36.834197998046875,90.24117279052734,86.13716125488281,93.94976043701172,62.24077224731445,178.27000427246094,20.889999389648438,63.54999923706055,19.87139320373535,18.683732986450195,24.681764602661133,30620.76953125,1937.4383544921875
2023-07-09,422.4983825683594,359.95489501953125,178.29058837890625,64.53062438964844,36.675907135009766,87.09255981445312,84.54789733886719,91.98696899414062,61.55973434448242,178.63999938964844,21.18000030517578,65.8499984741211,20.11650276184082,18.763538360595703,24.551311492919922,30171.234375,1863.009765625
2023-07-16,432.83575439453125,372.5647277832031,184.87353515625,67.22471618652344,38.18428421020508,89.03520202636719,86.28195190429688,93.65167236328125,62.601715087890625,181.42999267578125,22.860000610351562,67.47000122070312,20.69426155090332,19.144840240478516,24.020803451538086,30249.1328125,1923.681884765625
2023-07-23,435.6296081542969,369.1838073730469,187.7017364501953,67.33393096923828,37.54182434082031,89.42194366455078,86.20149230957031,94.10491180419922,62.82677459716797,182.17999267578125,22.56999969482422,68.98999786376953,21.08818817138672,19.51727294921875,24.316495895385742,30084.5390625,1889.191650390625
2023-07-30,440.1960754394531,376.8990783691406,189.60324096679688,67.75260925292969,39.0408935546875,87.7342529296875,85.46855163574219,93.73883819580078,62.78508758544922,181.86000061035156,22.31999969482422,72.08999633789062,21.51712989807129,19.49953842163086,24.49913215637207,29275.30859375,1861.643798828125
2023-08-06,430.45611572265625,365.6554260253906,187.42181396484375,65.67743682861328,37.74666976928711,85.0849380493164,85.17434692382812,92.61762237548828,62.523094177246094,180.19000244140625,21.65999984741211,73.79000091552734,21.403329849243164,19.189176559448242,24.603492736816406,29041.85546875,1827.4620361328125
2023-08-13,429.3385925292969,359.95489501953125,184.35231018066406,65.65013122558594,36.834197998046875,84.06249237060547,84.34992218017578,91.87422943115234,62.67385482788086,177.60000610351562,20.799999237060547,74.25,21.385822296142578,18.985225677490234,24.84700584411621,29282.9140625,1839.2801513671875
2023-08-20,420.52349853515625,351.9841003417969,178.23265075683594,63.565853118896484,35.754127502441406,82.65219116210938,83.875,91.04339599609375,62.05404281616211,175.3300018310547,20.8700008392334,72.79000091552734,21.140710830688477,18.932022094726562,25.020944595336914,26189.583984375,1684.85205078125
2023-08-27,423.866455078125,357.77294921875,177.60525512695312,63.92082595825195,36.228981018066406,83.93026733398438,83.95565795898438,91.79552459716797,62.48957443237305,177.6199951171875,22.219999313354492,72.44999694824219,21.36831283569336,19.17144203186035,25.22966957092285,26089.693359375,1657.5130615234375
2023-09-03,434.6758117675781,371.1100769042969,184.21717834472656,65.06761932373047,36.89937210083008,83.85490417480469,84.43104553222656,92.18409729003906,63.16937255859375,180.11000061035156,22.170000076293945,76.91999816894531,21.779747009277344,19.31332015991211,25.281850814819336,25969.56640625,1636.11767578125
2023-09-10,429.21331787109375,366.18603515625,177.5280303955078,64.06643676757812,36.042762756347656,83.43055725097656,84.0088119506836,91.91201782226562,62.79072952270508,178.0800018310547,21.010000228881836,78.30000305175781,21.93731689453125,19.37539291381836,25.50796890258789,25832.2265625,1616.828857421875
2023-09-17,428.64874267578125,364.44647216796875,177.2288055419922,64.9675064086914,36.43383026123047,82.18399047851562,83.6314697265625,91.60482788085938,62.80754852294922,178.33999633789062,21.110000610351562,81.29000091552734,22.348752975463867,19.809898376464844,25.58624267578125,26534.1875,1622.896728515625
2023-09-24,416.12872314453125,352.2770690917969,170.52999877929688,63.62045669555664,35.819297790527344,80.83135223388672,83.04753875732422,91.1396484375,62.26899337768555,178.6199951171875,21.579999923706055,80.62999725341797,22.12114906311035,19.384260177612305,25.681907653808594,26256.826171875,1580.8533935546875
2023-10-01,413.2862548828125,352.6313781738281,171.3982391357422,62.7285041809082,35.33512878417969,78.40897369384766,82.28389739990234,89.54224395751953,62.033390045166016,171.4499969482422,20.34000015258789,80.86000061035156,21.849777221679688,18.985225677490234,25.855846405029297,27983.75,1733.8104248046875
2023-10-08,415.2779541015625,358.960205078125,167.77127075195312,62.36444091796875,35.2234001159668,75.19849395751953,81.13002014160156,88.09630584716797,61.48779296875,169.6999969482422,19.729999542236328,74.16000366210938,20.93937110900879,19.135971069335938,25.86454200744629,27935.08984375,1633.548583984375
2023-10-15,417.17279052734375,359.5310363769531,165.12379455566406,62.28251266479492,35.25132751464844,77.6994857788086,82.18391418457031,89.32990264892578,61.538536071777344,178.8300018310547,20.780000686645508,78.98999786376953,21.75348663330078,19.251249313354492,26.029783248901367,27159.65234375,1558.06982421875
2023-10-22,407.20513916015625,349.0191345214844,161.4095458984375,60.58961486816406,34.25505065917969,73.82382202148438,80.58959197998047,86.9419937133789,60.84492874145508,183.58999633789062,21.399999618530273,80.69999694824219,21.998594284057617,19.43746566772461,25.951509475708008,29993.896484375,1663.429931640625
2023-10-29,397.0441589355469,339.8753662109375,157.30740356445312,59.92518997192383,34.012962341308594,74.82596588134766,81.13904571533203,87.77029418945312,61.20864486694336,186.14999389648438,21.18000030517578,78.36000061035156,21.884794235229492,19.55274200439453,26.0645694732666,34538.48046875,1795.5460205078125
2023-11-05,420.25689697265625,361.9227600097656,169.21624755859375,63.40203094482422,35.80998611450195,77.98405456542969,82.76522064208984,90.1277084350586,63.28105545043945,184.7899932861328,21.219999313354492,74.8499984741211,21.60466957092285,19.863101959228516,25.751482009887695,35049.35546875,1894.15771484375
2023-11-12,425.9803771972656,372.4347839355469,163.9988555908203,62.8923225402832,35.70756912231445,78.30443572998047,82.35877990722656,90.3576431274414,62.983402252197266,179.50999450683594,20.34000015258789,71.79000091552734,21.044418334960938,19.543874740600586,25.951509475708008,37054.51953125,2045.18701171875
2023-11-19,435.82232666015625,379.96435546875,172.90138244628906,65.39527893066406,36.64797592163086,80.12877655029297,83.57816314697266,92.32098388671875,63.58721923828125,183.6699981689453,21.75,70.75,20.965635299682617,19.579343795776367,25.48187828063965,37386.546875,2013.2044677734375
2023-11-26,440.1825866699219,383.3797302246094,173.90994262695312,66.04148864746094,36.81557846069336,79.91519927978516,83.34333038330078,92.61283874511719,63.782814025878906,185.52000427246094,22.270000457763672,70.81999969482422,21.02691078186035,19.277849197387695,25.403606414794922,37479.12109375,2063.2861328125
2023-12-03,443.8564453125,383.80291748046875,179.32130432128906,66.60579681396484,36.99247741699219,83.01609802246094,85.16910552978516,95.13311767578125,64.91972351074219,192.00999450683594,23.329999923706055,69.23999786376953,20.83432388305664,19.526140213012695,25.39491081237793,39978.390625,2193.691650390625
2023-12-10,444.919921875,385.9978942871094,181.1541748046875,66.56939697265625,36.32209014892578,84.39985656738281,85.08758544921875,95.30179595947266,64.80864715576172,185.63999938964844,21.100000381469727,66.52999877929688,20.134010314941406,19.348791122436523,25.621028900146484,43779.69921875,2352.462646484375
2023-12-17,455.58636474609375,398.9605712890625,191.084716796875,67.66157531738281,37.225250244140625,88.8005599975586,87.19246673583984,98.31688690185547,66.04727172851562,187.0,21.829999923706055,67.1500015258789,20.35285758972168,19.47293472290039,25.299243927001953,41364.6640625,2196.481201171875
2023-12-24,459.7799072265625,402.7555847167969,196.1068572998047,68.86975860595703,37.36003112792969,88.20047760009766,87.37413024902344,98.08525085449219,66.5108871459961,190.27000427246094,22.1200008392334,68.69000244140625,20.416229248046875,19.370933532714844,25.1197509765625,43016.1171875,2265.692138671875
2023-12-31,461.39129638671875,404.09234619140625,195.35740661621094,69.44113159179688,38.147457122802734,88.55875396728516,87.55581665039062,98.58415222167969,66.44221496582031,191.1699981689453,21.780000686645508,66.6500015258789,20.241731643676758,19.231840133666992,25.064239501953125,42265.1875,2281.47119140625
2024-01-07,454.2177429199219,391.4916076660156,188.09637451171875,68.35366821289062,37.41695022583008,86.23912048339844,86.59294891357422,96.80241394042969,65.83265686035156,189.35000610351562,21.209999084472656,69.02999877929688,20.324386596679688,19.08347511291504,25.360309600830078,43943.09765625,2222.865966796875
2024-01-14,462.72119140625,404.1318359375,188.07688903808594,69.18309020996094,37.18925857543945,86.44509887695312,87.41046905517578,98.38816833496094,66.70833587646484,189.7100067138672,21.190000534057617,68.0199966430664,20.260099411010742,19.111295700073242,25.397319793701172,41796.26953125,2472.2412109375
2024-01-21,468.30279541015625,415.5977783203125,187.2982177734375,68.13248443603516,36.42081069946289,84.26872253417969,86.23870086669922,97.09638977050781,66.25333404541016,187.92999267578125,20.670000076293945,68.81999969482422,20.149890899658203,19.482208251953125,25.628623962402344,41545.78515625,2453.9130859375
2024-01-28,473.1369934082031,418.19293212890625,190.75352478027344,69.16465759277344,36.89516067504883,83.9910888671875,86.25687408447266,97.18546295166016,66.64826965332031,187.00999450683594,20.860000610351562,73.0999984741211,20.76522445678711,19.890213012695312,25.7026424407959,42035.59375,2257.208740234375
2024-02-04,479.8737487792969,423.32403564453125,189.2253875732422,69.25682067871094,36.66747283935547,86.31890106201172,87.01476287841797,98.00366973876953,66.60060119628906,188.61000061035156,20.75,67.51000213623047,20.03049659729004,20.122032165527344,25.850675582885742,42583.58203125,2289.546142578125
2024-02-11,486.5231628417969,431.2574462890625,194.02394104003906,69.39505767822266,37.54977035522461,84.32423400878906,86.04045104980469,96.69840240478516,66.74726867675781,187.60000610351562,20.68000030517578,71.66999816894531,20.44378089904785,20.53003692626953,25.89693832397461,48293.91796875,2507.570556640625
2024-02-18,484.8826904296875,424.86334228515625,196.28207397460938,70.10466766357422,38.02412033081055,83.34486389160156,85.35750579833984,96.09046173095703,66.35900115966797,186.33999633789062,21.389999389648438,73.41000366210938,20.232547760009766,20.112760543823242,25.989459991455078,52122.546875,2878.998046875
2024-02-25,492.97845458984375,430.9910583496094,194.55929565429688,71.33037567138672,38.51744842529297,84.3421859741211,85.63066101074219,96.60900115966797,66.7386245727539,188.6199951171875,20.989999771118164,71.91999816894531,19.966209411621094,20.548582077026367,25.943199157714844,51733.23828125,3112.697265625
2024-03-03,497.83197021484375,439.7039794921875,200.39926147460938,71.88331604003906,38.403602600097656,85.14801025390625,86.186279296875,96.83733367919922,66.9712905883789,192.88999938964844,21.170000076293945,74.95999908447266,20.29683494567871,20.585674285888672,25.943199157714844,63167.37109375,3490.99365234375
2024-03-10,496.735107421875,433.2013854980469,201.314208984375,73.0353012084961,38.72616195678711,86.28367614746094,86.94403076171875,97.82435607910156,67.16217803955078,201.6300048828125,22.229999542236328,73.36000061035156,20.36112403869629,20.7989501953125,25.7026424407959,69019.7890625,3881.193115234375
2024-03-17,496.43817138671875,428.1689758300781,197.01206970214844,72.70352935791016,38.67873001098633,83.76897430419922,85.50149536132812,96.7386245727539,66.87583923339844,199.7100067138672,23.030000686645508,76.33000183105469,20.902984619140625,21.874597549438477,25.887685775756836,68390.625,3642.4130859375
2024-03-24,507.5191955566406,441.0462951660156,200.10797119140625,73.39472198486328,38.76411437988281,84.70636749267578,86.27754974365234,97.51031494140625,67.42247772216797,200.35000610351562,22.559999465942383,76.68000030517578,20.857065200805664,22.328964233398438,26.202260971069336,67234.171875,3454.636474609375
2024-03-31,509.33038330078125,438.70458984375,205.21144104003906,73.59746551513672,38.97282791137695,85.2832260131836,86.42364501953125,97.73460388183594,67.44853973388672,205.72000122070312,22.75,78.7300033569336,21.095849990844727,22.959518432617188,26.24852180480957,71333.6484375,3647.8564453125
2024-04-07,504.8122253417969,435.2068176269531,199.5029754638672,72.77725219726562,39.13410568237305,82.6444320678711,85.28456115722656,96.4024887084961,66.99935913085938,215.13999938964844,25.030000686645508,82.4000015258789,21.812210083007812,23.256248474121094,26.220766067504883,69362.5546875,3453.49462890625
2024-04-14,497.43133544921875,433.03314208984375,193.88235473632812,71.18292236328125,38.4510383605957,81.64970397949219,84.52456665039062,95.52879333496094,66.60690307617188,216.88999938964844,25.6299991607666,81.52999877929688,21.784656524658203,23.58079719543457,26.68337631225586,65738.7265625,3156.94189453125
2024-04-21,482.1535339355469,409.69537353515625,188.4666290283203,70.15074157714844,37.673099517822266,80.61881256103516,84.00263977050781,94.58305358886719,66.26676940917969,221.02999877929688,26.200000762939453,78.8499984741211,21.527503967285156,24.582263946533203,26.738889694213867,64926.64453125,3147.28857421875
2024-04-28,494.90936279296875,425.8500061035156,193.56031799316406,71.84645080566406,39.05820846557617,79.7958755493164,83.77371215820312,94.6911392211914,66.82491302490234,216.6199951171875,24.889999389648438,80.38999938964844,21.72955322265625,24.146440505981445,26.72963523864746,63113.23046875,3262.774658203125
2024-05-05,497.85980224609375,430.2764892578125,197.01466369628906,72.73117065429688,40.291526794433594,81.52739715576172,84.91358184814453,96.21536254882812,67.58047485351562,212.9600067138672,24.219999313354492,75.12999725341797,21.224428176879883,22.226964950561523,26.50758171081543,64031.1328125,3137.2490234375
2024-05-12,507.158935546875,436.7778625488281,199.36636352539062,74.03981018066406,40.31998825073242,81.781494140625,84.95033264160156,96.13397216796875,67.42264556884766,218.7100067138672,25.770000457763672,75.30000305175781,21.380558013916016,22.876062393188477,26.590852737426758,61448.39453125,2928.701904296875
2024-05-19,515.542724609375,446.3619384765625,203.0451202392578,75.23786926269531,41.543819427490234,82.9339828491211,85.51054382324219,96.92971801757812,67.75580596923828,223.66000366210938,28.790000915527344,76.97000122070312,21.77547264099121,21.781869888305664,26.424314498901367,66278.3671875,3071.843017578125
2024-05-26,515.532958984375,452.47796630859375,200.46900939941406,74.69413757324219,40.81331253051758,82.92488861083984,85.29933166503906,96.73983764648438,67.5892333984375,215.9199981689453,27.739999771118164,75.3499984741211,21.600975036621094,22.876062393188477,26.516834259033203,68518.09375,3825.8974609375
2024-06-02,513.5174560546875,445.324462890625,200.79104614257812,74.8139419555664,39.64640426635742,82.08094024658203,85.2258529663086,96.658447265625,67.62429809570312,215.3000030517578,27.760000228881836,74.81999969482422,21.371374130249023,23.3026123046875,26.52608871459961,67751.6015625,3780.89599609375
2024-06-09,519.9830322265625,457.4281311035156,196.33160400390625,74.89688873291016,39.88357925415039,83.31754302978516,85.61824035644531,97.089599609375,67.72824096679688,211.60000610351562,26.670000076293945,73.0199966430664,20.902984619140625,23.525161743164062,26.618610382080078,69647.9921875,3705.90380859375
2024-06-16,528.522705078125,473.46417236328125,194.4627227783203,72.97845458984375,40.34046936035156,86.20404052734375,87.13807678222656,98.45121002197266,67.87798309326172,215.72999572753906,27.010000228881836,76.08000183105469,21.18769073486328,23.747709274291992,26.82215690612793,66639.046875,3620.5634765625
2024-06-23,531.917724609375,474.4423828125,196.0478973388672,73.09097290039062,40.760780334472656,85.55752563476562,86.90779876708984,98.142578125,68.16868591308594,214.77999877929688,26.979999542236328,78.6500015258789,21.307085037231445,22.8018798828125,26.923933029174805,63180.796875,3418.61181640625
2024-06-30,531.6343994140625,474.1375732421875,198.5334014892578,73.4472885131836,40.68436050415039,83.5724868774414,86.26302337646484,97.23486328125,67.9484634399414,215.00999450683594,26.56999969482422,79.58999633789062,21.334636688232422,22.069324493408203,26.951688766479492,62678.29296875,3432.88916015625
2024-07-07,541.8134765625,491.0105895996094,196.5567169189453,75.09757232666016,41.677825927734375,84.55081939697266,86.99755859375,98.50646209716797,68.5638656616211,220.92999267578125,28.479999542236328,81.30999755859375,21.839763641357422,22.430967330932617,26.720382690429688,55849.109375,2929.38720703125
2024-07-14,547.0396728515625,489.6844787597656,208.5632781982422,76.49470520019531,42.51845169067383,85.81141662597656,87.72744750976562,99.44470977783203,69.0509033203125,223.11000061035156,28.1200008392334,80.25,21.38974380493164,22.607149124145508,26.544593811035156,60787.79296875,3244.0791015625
2024-07-21,536.2941284179688,470.30767822265625,212.18382263183594,74.5724868774414,40.82765197753906,84.87966918945312,87.38561248779297,98.72509765625,69.0509033203125,221.72999572753906,26.690000534057617,78.0,20.7376708984375,21.92095947265625,26.664871215820312,68154.5234375,3536.60546875
2024-07-28,531.849365234375,458.1650695800781,219.40536499023438,74.45997619628906,40.46465301513672,84.943603515625,87.78289031982422,98.93460845947266,69.32539367675781,220.6300048828125,25.479999542236328,76.11000061035156,20.425413131713867,22.16205406188965,26.664871215820312,68255.8671875,3271.464599609375
2024-08-04,520.5762329101562,444.0926513671875,204.43389892578125,72.2001953125,39.73865509033203,90.07514953613281,90.52212524414062,101.10910034179688,69.16313171386719,225.33999633789062,26.040000915527344,73.38999938964844,20.1131534576416,21.596412658691406,26.433565139770508,58116.9765625,2686.39892578125
2024-08-11,520.6641235351562,445.73541259765625,202.0267333984375,72.55650329589844,40.178077697753906,88.22376251220703,89.57685852050781,100.29548645019531,69.4034652709961,224.55999755859375,25.0,76.22000122070312,20.397859573364258,22.449512481689453,26.433565139770508,58719.484375,2553.252197265625
2024-08-18,541.4910888671875,470.09991455078125,208.03489685058594,75.32261657714844,41.467674255371094,89.30523681640625,89.9568099975586,101.64846801757812,70.17786407470703,231.99000549316406,26.43000030517578,76.31999969482422,20.397859573364258,22.115692138671875,26.28553009033203,58483.96484375,2613.357177734375
2024-08-25,549.1301879882812,475.018310546875,215.64781188964844,77.65739440917969,41.87843322753906,90.17594909667969,90.6240463256836,102.54436492919922,70.67636108398438,232.02000427246094,27.200000762939453,75.55000305175781,20.44378089904785,22.88533592224121,25.869178771972656,64333.54296875,2749.15771484375
2024-09-01,550.6444091796875,471.3270263671875,215.35427856445312,77.80743408203125,41.42945861816406,88.4345703125,89.9568099975586,101.66673278808594,70.62294006347656,231.2899932861328,26.350000381469727,74.33999633789062,20.306018829345703,23.070791244506836,26.1560001373291,57325.48828125,2427.90234375
2024-09-08,527.8636474609375,444.0332946777344,203.43580627441406,74.82566833496094,39.91059875488281,91.54523468017578,91.42353820800781,103.06598663330078,70.78392791748047,230.6300048828125,25.479999542236328,68.93000030517578,19.534557342529297,22.458784103393555,26.072729110717773,54841.56640625,2297.29296875
2024-09-15,549.012939453125,470.40667724609375,212.17404174804688,76.44781494140625,40.91362380981445,92.32679748535156,91.90685272216797,103.87340545654297,71.2221908569336,238.67999267578125,28.020000457763672,69.83999633789062,19.89273452758789,23.35824966430664,26.072729110717773,59182.8359375,2320.897216796875
2024-09-22,556.8113403320312,477.4329833984375,216.81228637695312,77.13231658935547,41.73514175415039,90.91997528076172,91.47930145263672,104.09361267089844,71.78570556640625,242.2100067138672,28.40999984741211,72.91999816894531,20.40704345703125,23.608613967895508,26.035720825195312,63648.7109375,2582.862548828125
2024-09-29,559.9664306640625,482.37518310546875,216.33457946777344,78.68883514404297,44.52449035644531,90.63492584228516,91.45142364501953,103.91930389404297,71.87511444091797,245.02000427246094,28.860000610351562,70.2699966430664,20.498884201049805,24.619354248046875,25.97095489501953,65635.3046875,2659.346923828125
2024-10-06,561.4461669921875,482.9400634765625,215.1759796142578,77.40423583984375,44.868385314941406,88.14197540283203,89.92894744873047,102.69638061523438,71.54283905029297,245.0,29.360000610351562,76.3499984741211,21.343820571899414,23.543704986572266,26.52608871459961,62818.953125,2439.957763671875
2024-10-13,567.9132080078125,488.9256896972656,217.24771118164062,77.16981506347656,44.285675048828125,86.43541717529297,89.36029815673828,102.04254150390625,71.51587677001953,245.47000122070312,28.799999237060547,77.48999786376953,21.380558013916016,24.072256088256836,26.674123764038086,62851.375,2467.677001953125
2024-10-20,572.822509765625,490.0257873535156,221.55809020996094,76.83226013183594,43.86536407470703,86.59223175048828,89.43489074707031,101.98731231689453,71.72260284423828,251.27000427246094,30.639999389648438,71.37999725341797,20.50806999206543,23.552978515625,26.859169006347656,69001.703125,2746.364013671875
2024-10-27,567.3841552734375,490.8681335449219,214.9207000732422,74.90066528320312,43.101158142089844,84.99634552001953,88.45606231689453,100.66122436523438,71.25521850585938,253.32000732421875,30.6299991607666,74.2300033569336,20.94890594482422,23.033700942993164,27.090473175048828,67929.296875,2505.940673828125
2024-11-03,559.545166015625,483.0490417480469,215.00904846191406,74.43183898925781,42.499351501464844,84.07996368408203,87.5893783569336,99.81668853759766,71.13391876220703,252.47000122070312,29.540000915527344,72.0199966430664,20.526437759399414,23.478796005249023,27.12748146057129,68741.1171875,2456.42529296875
2024-11-10,586.1487426757812,509.51904296875,233.802001953125,74.22555541992188,42.652191162109375,85.60718536376953,88.08497619628906,101.51712036132812,72.0823745727539,247.9600067138672,28.479999542236328,73.12999725341797,20.664199829101562,23.617887496948242,27.31252670288086,80474.1875,3191.331298828125
2024-11-17,573.9590454101562,492.1069030761719,224.3367919921875,72.32208251953125,41.02825164794922,83.37654876708984,87.2620849609375,100.0477294921875,71.56749725341797,236.58999633789062,27.56999969482422,69.75,20.03968048095703,24.10934829711914,27.830650329589844,89845.8515625,3075.66162109375
2024-11-24,583.5226440429688,501.24407958984375,234.44020080566406,72.72528839111328,41.34349060058594,83.6634750366211,87.52392578125,100.17711639404297,71.80236053466797,249.83999633789062,28.469999313354492,74.25,20.719303131103516,24.582263946533203,28.061954498291016,98013.8203125,3363.659912109375
2024-12-01,590.4208374023438,505.1585388183594,237.4839630126953,74.04739379882812,41.324378967285156,86.97704315185547,89.0107192993164,102.16401672363281,72.2991714477539,245.58999633789062,27.920000076293945,71.61000061035156,20.33357048034668,24.814083099365234,27.617849349975586,97279.7890625,3711.1650390625
2024-12-08,595.5750122070312,521.748046875,234.59730529785156,75.08821105957031,41.88798522949219,87.66900634765625,89.35963439941406,102.65829467773438,72.49966430664062,242.9499969482422,28.25,70.23999786376953,20.122337341308594,25.268451690673828,27.69186782836914,101236.015625,4005.70458984375
2024-12-15,592.0475463867188,525.7616577148438,228.84356689453125,73.97238159179688,42.059932708740234,83.73091125488281,87.8776626586914,100.82213592529297,72.05506134033203,244.2899932861328,27.75,74.20999908447266,20.526437759399414,25.630090713500977,27.997188568115234,104298.6953125,3951.941162109375
2024-12-22,581.199951171875,513.9983520507812,218.54269409179688,71.37814331054688,41.06036376953125,82.34078979492188,87.15107727050781,99.56061553955078,71.67117309570312,242.10000610351562,26.920000076293945,73.0999984741211,20.223363876342773,25.593000411987305,28.219242095947266,95104.9375,3277.53515625
2024-12-29,584.9950561523438,518.6983642578125,219.0055389404297,72.33808898925781,41.08950424194336,81.21255493164062,86.65230560302734,99.25350952148438,71.6438217163086,241.39999389648438,26.760000228881836,73.8499984741211,20.393630981445312,24.950183868408203,28.293699264526367,93530.2265625,3349.513427734375
2025-01-05,581.9865112304688,514.747802734375,221.0144805908203,71.92939758300781,40.94380187988281,81.38972473144531,86.90637969970703,99.20697021484375,72.01777648925781,243.49000549316406,26.979999542236328,77.91999816894531,20.780607223510742,25.56790542602539,28.603132247924805,98314.9609375,3634.103759765625
2025-01-12,570.7192993164062,503.44195556640625,213.5301513671875,71.34012603759766,39.91413116455078,79.68342590332031,85.94651794433594,98.0901870727539,71.62557220458984,248.2100067138672,27.610000610351562,80.63999938964844,21.438467025756836,25.529298782348633,28.77718734741211,94488.4375,3265.951171875
2025-01-19,587.5217895507812,517.8844604492188,222.02882385253906,72.97488403320312,40.88551330566406,81.29649353027344,87.00050354003906,99.3744888305664,72.47380828857422,249.27000427246094,27.610000610351562,82.5199966430664,21.738372802734375,25.674076080322266,28.738508224487305,101089.609375,3208.96435546875
2025-01-26,597.73681640625,525.7161254882812,225.2096710205078,75.30347442626953,41.72090530395508,81.32447052001953,87.01932525634766,99.69091033935547,72.73831939697266,255.64999389648438,27.90999984741211,79.5999984741211,21.544885635375977,26.407621383666992,28.235681533813477,102682.5,3236.13427734375
2025-02-02,591.6903686523438,518.4302978515625,223.03329467773438,75.31297302246094,41.49748229980469,81.82797241210938,87.5368881225586,100.00732421875,72.7109603881836,258.55999755859375,28.510000228881836,78.0199966430664,21.25465202331543,26.639266967773438,28.535444259643555,97688.9765625,2868.69287109375
2025-02-09,590.6581420898438,519.0557250976562,222.56060791015625,75.66462707519531,41.963748931884766,83.5328598022461,87.92962646484375,100.43604278564453,72.70177459716797,263.8999938964844,29.030000686645508,75.86000061035156,21.36107063293457,26.61031150817871,28.458086013793945,96500.09375,2628.72119140625
2025-02-16,599.437744140625,534.173095703125,222.53106689453125,77.86965942382812,43.139122009277344,83.42058563232422,88.09954833984375,100.86569213867188,73.07744598388672,266.2900085449219,29.309999465942383,75.81999969482422,21.7093505859375,27.18942642211914,28.158323287963867,96175.03125,2663.31591796875
2025-02-23,589.8419799804688,522.1923828125,214.4853973388672,77.49899291992188,43.61510467529297,83.85100555419922,88.46774291992188,101.10855865478516,72.9766616821289,270.739990234375,29.59000015258789,75.3499984741211,21.92218589782715,26.591007232666016,28.119644165039062,96273.921875,2821.310302734375
2025-03-02,584.178955078125,504.4147033691406,211.38333129882812,77.5370101928711,41.97346115112305,86.48979187011719,89.98767852783203,102.37882995605469,73.41644287109375,263.2699890136719,28.309999465942383,75.22000122070312,21.283676147460938,25.56790542602539,28.41940689086914,94248.3515625,2519.694580078125
2025-03-09,566.226318359375,488.1557922363281,202.81573486328125,80.24576568603516,43.148834228515625,84.58428192138672,89.36752319335938,101.55844116210938,73.13475799560547,268.3900146484375,29.59000015258789,72.08999633789062,21.235305786132812,25.577556610107422,27.452430725097656,80601.0390625,2015.5091552734375
2025-03-16,553.3369750976562,476.11541748046875,199.8022918701172,79.56144714355469,43.304256439208984,84.64059448242188,89.45274353027344,101.2115478515625,72.61005401611328,275.239990234375,30.709999084472656,72.27999877929688,21.25465202331543,25.53894805908203,27.452430725097656,82579.6875,1887.43505859375
2025-03-23,556.1552124023438,477.28668212890625,201.1389617919922,79.51392364501953,43.304256439208984,85.1380844116211,89.9640121459961,101.9709701538086,72.92304992675781,278.489990234375,30.020000457763672,73.79000091552734,21.399770736694336,25.809202194213867,27.55879783630371,86054.375,2005.2991943359375
2025-03-30,547.95068359375,466.16876220703125,197.84239196777344,78.3733901977539,42.51743698120117,84.6124267578125,90.03028106689453,101.70845031738281,72.53643035888672,284.05999755859375,31.0,74.7699966430664,21.467491149902344,25.548601150512695,27.56846809387207,82334.5234375,1806.2186279296875
2025-04-06,498.2696838378906,420.1722106933594,178.8329620361328,71.30210876464844,39.41872787475586,87.46949768066406,91.71439361572266,102.38252258300781,71.00240325927734,279.7200012207031,27.079999923706055,67.91999816894531,20.267866134643555,25.230087280273438,27.326725006103516,78214.484375,1576.72802734375
2025-04-13,526.5320434570312,451.7146911621094,181.96173095703125,75.05635070800781,40.55524444580078,81.85487365722656,88.81747436523438,99.04132080078125,70.98388671875,297.92999267578125,29.190000534057617,66.45999908447266,20.248516082763672,25.3941707611084,26.543476104736328,83684.9765625,1596.685791015625
2025-04-20,519.1065063476562,441.4755859375,184.05413818359375,77.08079528808594,40.720375061035156,82.4577865600586,89.92874145507812,100.471923828125,71.9366226196289,306.1199951171875,29.549999237060547,69.4800033569336,20.674190521240234,25.722335815429688,26.398427963256836,85174.3046875,1587.5142822265625
2025-04-27,543.0003662109375,469.767333984375,191.59475708007812,79.95112609863281,42.20659255981445,83.73897552490234,90.4321517944336,101.63899230957031,72.86162567138672,304.7300109863281,30.049999237060547,69.02999877929688,20.65484046936035,26.5234432220459,26.485454559326172,93754.84375,1792.864990234375
2025-05-04,558.896728515625,485.94122314453125,197.87200927734375,81.83299255371094,43.71223831176758,82.95030975341797,90.24176025390625,101.02667999267578,73.02139282226562,297.9800109863281,29.1200008392334,64.01000213623047,20.08405113220215,25.925025939941406,26.620832443237305,94315.9765625,1808.59423828125
2025-05-11,556.5103149414062,485.0863037109375,198.19772338867188,81.70944213867188,43.62481689453125,82.30734252929688,89.90824890136719,100.74320220947266,73.03070831298828,306.8399963378906,29.799999237060547,66.61000061035156,20.432329177856445,26.079456329345703,26.746540069580078,104106.359375,2510.23779296875
2025-05-18,585.9559936523438,518.4281005859375,207.12013244628906,82.91650390625,44.936180114746094,81.59820556640625,89.5461196899414,101.20623779296875,73.83958435058594,294.239990234375,29.299999237060547,68.0999984741211,20.500049591064453,26.388317108154297,26.959272384643555,106446.0078125,2498.233642578125
2025-05-25,571.0753784179688,506.2306213378906,199.92495727539062,83.6768569946289,44.907039642333984,79.94355010986328,89.35555267333984,100.43134307861328,73.40260314941406,309.75,30.450000762939453,67.98999786376953,20.712886810302734,26.19527816772461,26.46611785888672,109035.390625,2551.763916015625
2025-06-01,581.2128295898438,516.0422973632812,202.40231323242188,84.40869903564453,44.21735763549805,81.57928466796875,90.11786651611328,101.83936309814453,73.97904968261719,303.6000061035156,30.0,67.1500015258789,20.20014190673828,25.77059555053711,26.543476104736328,105652.1015625,2536.266357421875
2025-06-08,590.8274536132812,526.7883911132812,209.14344787597656,85.2926025390625,45.577293395996094,81.0003662109375,89.40084075927734,101.40876770019531,74.07806396484375,305.17999267578125,32.689998626708984,71.37999725341797,20.945072174072266,26.5234432220459,26.53380584716797,105793.6484375,2510.787109375
2025-06-15,588.7172241210938,523.845947265625,206.172607421875,84.8078842163086,45.76185989379883,81.93045806884766,90.14657592773438,102.23393249511719,74.13410949707031,316.2900085449219,32.970001220703125,80.22000122070312,21.912511825561523,26.021543502807617,26.272722244262695,105552.0234375,2546.837158203125
2025-06-22,587.7673950195312,523.7166748046875,207.05941772460938,83.47259521484375,45.44015884399414,82.08226776123047,90.44293975830078,102.56586456298828,74.5451431274414,310.1300048828125,32.720001220703125,83.12000274658203,22.50265121459961,25.490690231323242,26.49512481689453,100987.140625,2228.213134765625
2025-06-29,608.1712646484375,545.4630126953125,213.26495361328125,86.38296508789062,47.166351318359375,82.93641662597656,91.19822692871094,103.39103698730469,75.04957580566406,301.2200012207031,32.619998931884766,73.27999877929688,21.090187072753906,25.413475036621094,26.127676010131836,108385.5703125,2500.9599609375
2025-07-06,618.487060546875,553.553955078125,220.7868194580078,86.5570068359375,47.823482513427734,82.84574127197266,90.8834457397461,103.81920623779297,75.43206787109375,307.1400146484375,33.5099983215332,75.19000244140625,21.5545597076416,24.98879051208496,26.0889949798584,109232.0703125,2571.236572265625
2025-07-13,616.785888671875,551.5436401367188,219.42100524902344,86.00586700439453,47.33308792114258,81.72169494628906,90.46145629882812,102.88631439208984,75.11297607421875,309.1400146484375,35.029998779296875,77.29000091552734,21.777070999145508,24.872968673706055,26.321069717407227,119116.1171875,2973.35888671875
2025-07-20,620.7024536132812,558.56982421875,220.04452514648438,85.4354019165039,48.1373405456543,81.1977767944336,90.5381851196289,103.0862045288086,75.31944274902344,308.3900146484375,34.61000061035156,75.93000030517578,21.796419143676758,25.123918533325195,26.51446533203125,117300.7890625,3759.471435546875
2025-07-27,630.1181030273438,563.6553344726562,222.07347106933594,87.74629211425781,48.55907440185547,82.33134460449219,90.8642807006836,103.75257873535156,75.54469299316406,307.3999938964844,34.65999984741211,74.8499984741211,21.44814109802246,25.172176361083984,26.29206085205078,119448.4921875,3875.24658203125
2025-08-03,614.9065551757812,551.2252197265625,212.71070861816406,84.40081787109375,47.27424240112305,83.97521209716797,92.06558227539062,104.78822326660156,75.44524383544922,309.1099853515625,33.59000015258789,77.45999908447266,21.370746612548828,24.77644920349121,26.65951156616211,114217.671875,3497.379150390625
2025-08-10,630.1972045898438,571.7960815429688,218.05519104003906,87.37887573242188,48.490421295166016,83.4684066772461,91.77692413330078,104.57795715332031,75.671630859375,313.04998779296875,34.880001068115234,73.30000305175781,21.12888526916504,25.297651290893555,26.52413558959961,119306.7578125,4254.2177734375
2025-08-17,636.3886108398438,574.57275390625,224.79519653320312,89.13863372802734,48.98081970214844,82.61737060546875,91.6325912475586,104.89337921142578,75.89801788330078,307.42999267578125,34.5,72.80000305175781,21.06116485595703,26.11806297302246,26.43710708618164,117453.0625,4473.271484375
2025-08-24,638.2381591796875,569.2284545898438,232.41603088378906,90.14421844482422,49.657569885253906,83.2389144897461,92.1521987915039,105.33305358886719,76.26590728759766,310.5799865722656,35.34000015258789,74.63999938964844,21.36107063293457,26.629615783691406,26.42743682861328,113458.4296875,4779.6474609375
2025-08-31,637.9810180664062,567.6660766601562,232.75254821777344,88.45213317871094,48.90235900878906,82.8086166381836,92.51783752441406,104.95072174072266,76.27534484863281,318.07000732421875,36.189998626708984,74.83999633789062,21.48683738708496,26.8033504486084,26.46611785888672,108236.7109375,4390.01904296875
2025-09-07,640.14697265625,573.298828125,235.32582092285156,88.75187683105469,49.48102569580078,85.00475311279297,93.42916107177734,106.63314056396484,76.64783477783203,331.04998779296875,37.209999084472656,72.62999725341797,21.312700271606445,26.214582443237305,26.49512481689453,111167.6171875,4305.34765625
2025-09-14,650.2054443359375,583.8480224609375,235.88995361328125,89.91215515136719,51.25625991821289,86.33895874023438,93.62223815917969,107.4388656616211,76.73311614990234,335.4200134277344,38.34000015258789,73.30999755859375,21.62228012084961,26.542747497558594,26.485454559326172,115407.65625,4609.59765625
2025-09-21,658.2465209960938,596.4772338867188,241.16436767578125,89.92182159423828,51.99185562133789,85.44629669189453,93.28434753417969,107.17987060546875,77.01747131347656,339.17999267578125,39.040000915527344,73.5199966430664,21.53521156311035,26.03119659423828,26.52413558959961,115306.09375,4451.3291015625
2025-09-28,656.3819580078125,593.8009643554688,239.53663635253906,89.56407165527344,51.69761657714844,85.33111572265625,92.88854217529297,106.6715087890625,76.84685516357422,346.739990234375,41.86000061035156,77.0199966430664,22.067302703857422,26.040847778320312,26.688520431518555,112122.640625,4141.4765625
2025-10-05,663.7112426757812,600.9848022460938,243.9930877685547,91.93297576904297,53.18842315673828,86.0904769897461,93.34681701660156,107.3887710571289,76.98063659667969,357.6400146484375,43.52000045776367,71.70999908447266,21.680326461791992,25.741640090942383,26.5821533203125,123513.4765625,4515.4228515625
2025-10-12,647.6542358398438,587.3545532226562,236.01315307617188,89.18697357177734,50.942405700683594,87.28484344482422,93.84066772460938,107.19622802734375,76.13311004638672,369.1199951171875,45.43000030517578,69.38999938964844,21.351396560668945,25.40382194519043,26.968942642211914,115169.765625,4164.427734375
2025-10-19,658.9308471679688,601.7320556640625,241.5911865234375,91.38185119628906,53.139381408691406,87.84349822998047,94.30545043945312,108.01451873779297,76.86637115478516,388.989990234375,46.9900016784668,67.9800033569336,21.399770736694336,25.616165161132812,26.833566665649414,108666.7109375,3984.649658203125
2025-10-26,671.6851806640625,614.8540649414062,247.56617736816406,91.89430236816406,54.04171371459961,88.10356140136719,94.40229797363281,108.51512908935547,77.20916748046875,377.5199890136719,43.9900016784668,73.18000030517578,22.106000900268555,25.664424896240234,26.988283157348633,114472.4453125,4157.9892578125
2025-11-02,676.4556274414062,626.7805786132812,244.3900909423828,91.36251068115234,54.23787307739258,86.96698760986328,93.78256225585938,107.0807113647461,76.94254302978516,368.1199951171875,44.0099983215332,72.55999755859375,22.13502311706543,25.452083587646484,27.27837562561035,110639.625,3911.063232421875
2025-11-09,665.4567260742188,607.5209350585938,239.80462646484375,91.17880249023438,53.50227737426758,86.58514404296875,93.92244720458984,106.96669006347656,76.88512420654297,368.30999755859375,43.91999816894531,71.26000213623047,22.15437126159668,25.288000106811523,27.230026245117188,104719.640625,3582.621337890625
2025-11-16,666.408935546875,606.64404296875,235.70547485351562,92.10702514648438,53.90440368652344,85.90847778320312,93.67959594726562,106.52224731445312,76.77983093261719,375.9599914550781,45.959999084472656,71.37999725341797,22.222091674804688,25.18182945251465,27.181678771972656,94177.078125,3092.847412109375
2025-11-23,653.6148681640625,587.9224853515625,233.83953857421875,89.58341217041016,52.08012771606445,86.51747131347656,94.40813446044922,107.16959381103516,76.92339324951172,374.2699890136719,45.29999923706055,69.30000305175781,21.796419143676758,24.979137420654297,27.452430725097656,86805.0078125,2801.676025390625
2025-11-30,677.7747192382812,616.996337890625,246.8912811279297,92.03934478759766,53.276695251464844,87.20382690429688,94.70925903320312,108.07781219482422,77.5168228149414,387.8800048828125,51.209999084472656,71.06999969482422,22.309162139892578,25.500341415405273,27.27837562561035,90394.3125,2992.112548828125
2025-12-07,680.0557861328125,623.2036743164062,248.89617919921875,92.63880920410156,53.688629150390625,85.53616333007812,93.98636627197266,107.50856018066406,77.6466293334961,386.44000244140625,52.95000076293945,71.91999816894531,22.570371627807617,25.596860885620117,27.152667999267578,90405.640625,3061.3017578125
2025-12-14,676.1580810546875,611.3867797851562,251.95315551757812,93.30598449707031,53.19823455810547,84.73096466064453,93.71356201171875,106.83940887451172,77.47354125976562,395.44000244140625,56.099998474121094,68.80999755859375,22.173721313476562,25.596860885620117,27.026962280273438,88175.1796875,3060.5947265625
2025-12-21,676.9923095703125,614.8042602539062,249.750732421875,93.9729232788086,53.442222595214844,85.2652359008789,94.0665283203125,107.22235107421875,77.6377944946289,399.0199890136719,60.93000030517578,68.02999877929688,22.106000900268555,25.288000106811523,27.14299964904785,88621.75,3001.61376953125
2025-12-28,686.660888671875,622.4203491210938,250.37814331054688,95.06563568115234,54.51663589477539,85.45027160644531,94.26202392578125,107.7188949584961,77.86965942382812,416.739990234375,71.12000274658203,68.4800033569336,22.700000762939453,25.65999984741211,26.969999313354492,87835.8359375,2948.568115234375
2026-01-04,679.55859375,611.6756591796875,247.7490692138672,95.52831268310547,55.94919204711914,84.75880432128906,93.91014862060547,107.25157165527344,77.93728637695312,398.2799987792969,65.75,68.95999908447266,22.389999389648438,25.559999465942383,27.110000610351562,91413.4921875,3140.71044921875
2026-01-11,690.4010009765625,625.173828125,259.1516418457031,97.27073669433594,56.84453582763672,85.63532257080078,94.12518310546875,107.7188949584961,78.256103515625,414.4700012207031,72.37999725341797,70.77999877929688,22.899999618530273,25.780000686645508,27.329999923706055,90827.4609375,3118.88525390625
2026-01-18,688.0037231445312,619.7965087890625,264.6587219238281,97.97952270507812,57.57075881958008,85.50871276855469,93.76354217529297,107.65074920654297,78.34306335449219,421.2900085449219,81.0199966430664,71.6500015258789,23.15999984741211,25.600000381469727,27.43000030517578,93634.4296875,3281.15771484375
2026-01-25,685.5865478515625,621.2530517578125,263.712646484375,98.41267395019531,58.764556884765625,85.63532257080078,93.78307342529297,107.91360473632812,78.39137268066406,458.0,92.91000366210938,73.94999694824219,24.18000030517578,25.739999771118164,26.90999984741211,86572.21875,2815.90234375
2026-02-01,688.3121337890625,620.405029296875,258.57403564453125,99.17066955566406,58.79439926147461,84.85619354248047,93.77330780029297,107.65074920654297,78.37205505371094,444.95001220703125,75.44000244140625,79.5199966430664,24.43000030517578,25.65999984741211,26.850000381469727,76974.4453125,2267.96484375
2026-02-08,686.96923828125,608.2138671875,263.9217834472656,101.01154327392578,59.75938415527344,85.58159637451172,94.20674133300781,108.03965759277344,78.45845031738281,455.4599914550781,70.19000244140625,76.98999786376953,24.010000228881836,25.770000457763672,27.010000228881836,70264.7265625,2088.762939453125
2026-02-15,678.1461181640625,600.5020141601562,261.8703308105469,102.61614990234375,60.803955078125,87.71282196044922,95.32462310791016,109.04617309570312,78.4972915649414,462.6199951171875,69.72000122070312,76.22000122070312,23.8799991607666,25.790000915527344,26.81999969482422,68788.1875,1966.04296875
2026-02-22,685.7855834960938,607.3757934570312,263.51348876953125,103.265869140625,62.01764678955078,87.4097671508789,95.20696258544922,109.04617309570312,78.64291381835938,468.6199951171875,76.62000274658203,80.8499984741211,24.600000381469727,26.030000686645508,27.09000015258789,67659.390625,1957.805908203125
2026-03-01,682.3637084960938,605.8594360351562,260.3267517089844,103.73838806152344,62.25640869140625,88.78822326660156,96.0895004272461,109.1341323852539,78.37108612060547,483.75,84.98999786376953,81.94999694824219,25.100000381469727,26.020000457763672,27.079999923706055,65738.1015625,1939.066650390625
2026-03-08,668.8256225585938,598.337158203125,249.850341796875,96.74899291992188,57.02360534667969,86.76858520507812,94.85330963134766,108.01924133300781,77.75055694580078,473.510009765625,75.94000244140625,108.7699966430664,27.510000228881836,26.709999084472656,27.469999313354492,65969.78125,1936.604736328125
2026-03-15,658.7890014648438,592.3213500976562,245.56814575195312,94.79984283447266,56.50629425048828,84.88529968261719,94.00753784179688,106.0678939819336,77.2724838256836,460.8399963378906,72.69000244140625,119.88999938964844,28.709999084472656,26.75,27.889999389648438,72789.9140625,2177.476318359375
2026-03-22,646.9034423828125,580.6888427734375,241.64535522460938,92.1320571899414,55.352291107177734,84.18888092041016,93.30929565429688,105.75411987304688,76.9992904663086,413.3800048828125,61.52000045776367,121.43000030517578,28.940000534057617,26.850000381469727,27.68000030517578,67845.2109375,2053.04833984375
2026-03-29,632.4606323242188,561.9624633789062,242.5232696533203,92.33879089355469,54.91456985473633,84.00250244140625,93.03392791748047,105.52859497070312,76.80416107177734,414.70001220703125,63.439998626708984,124.19999694824219,29.100000381469727,27.170000076293945,27.84000015258789,65954.921875,1982.5596923828125
2026-04-05,654.144775390625,584.3378295898438,250.69381713867188,96.47335815429688,56.29737854003906,85.47066497802734,93.99520874023438,107.4390869140625,78.00019073486328,429.4100036621094,65.79000091552734,137.9199981689453,29.329999923706055,27.15999984741211,27.860000610351562,68981.8984375,2108.99560546875
2026-04-12,677.7140502929688,610.3992309570312,260.6800537109375,100.58824157714844,60.24685287475586,85.17523193359375,94.00507354736328,107.51785278320312,78.39234161376953,437.1300048828125,69.08000183105469,124.81999969482422,28.5,26.889999389648438,27.440000534057617,70753.40625,2192.201171875
2026-04-19,708.3152465820312,648.1376953125,275.125732421875,102.69490814208984,63.3109245300293,85.74641418457031,94.65631103515625,108.34491729736328,79.0688247680664,445.92999267578125,73.62999725341797,116.04000091552734,28.290000915527344,26.920000076293945,27.360000610351562,73856.3515625,2264.9169921875
2026-04-26,712.10546875,663.1512451171875,275.99365234375,100.18462371826172,63.41040802001953,85.39187622070312,94.29122924804688,107.91169738769531,78.90216064453125,433.25,68.79000091552734,132.39999389648438,29.860000610351562,27.389999389648438,27.479999542236328,78657.5390625,2369.72900390625
2026-05-03,718.7982177734375,673.4099731445312,278.617431640625,100.50949096679688,63.79838943481445,84.61993408203125,93.79020690917969,107.34622955322266,78.90167999267578,423.17999267578125,68.29000091552734,142.8000030517578,30.809999465942383,28.110000610351562,27.40999984741211,78538.2265625,2321.6357421875
2026-05-10,735.724609375,710.44921875,283.495849609375,102.34051513671875,67.58869171142578,85.08448791503906,94.00799560546875,107.93930053710938,78.98052215576172,433.7699890136719,73.01000213623047,133.58999633789062,30.299999237060547,27.969999313354492,27.34000015258789,82138.9296875,2369.0439453125
2026-05-17,737.2706298828125,708.1517944335938,276.94140625,100.13540649414062,64.73352813720703,82.6924819946289,92.57254791259766,106.6147689819336,78.31036376953125,417.2900085449219,69.04000091552734,148.22999572753906,31.190000534057617,27.829999923706055,27.770000457763672,77429.3515625,2127.645263671875
2026-05-24,743.7239990234375,716.7523193359375,284.4435729980469,102.3602066040039,65.53933715820312,83.70068359375,92.93882751464844,107.11888885498047,78.75385284423828,413.82000732421875,68.36000061035156,140.9199981689453,30.540000915527344,27.559999465942383,27.770000457763672,76981.125,2097.993896484375
2026-05-31,754.5361328125,737.49951171875,289.740966796875,103.16743469238281,68.24527740478516,84.76819610595703,93.70111083984375,108.09745788574219,79.14806365966797,417.1199951171875,68.33000183105469,129.08999633789062,29.479999542236328,27.25,27.65999984741211,73579.6875,2004.341552734375
2026-06-07,735.65478515625,704.2860107421875,280.9817810058594,100.66699981689453,64.25601196289062,84.406982421875,92.99288940429688,107.32650756835938,78.68150329589844,396.239990234375,61.56999969482422,133.02000427246094,29.229999542236328,26.399999618530273,28.020000457763672,63239.51953125,1686.396240234375
2026-06-14,739.843994140625,720.5481567382812,292.2550048828125,103.38399505615234,67.52899932861328,85.11153411865234,93.54914093017578,108.15995788574219,79.18669891357422,386.5400085449219,61.290000915527344,125.43000030517578,28.549999237060547,26.239999771118164,27.950000762939453,65710.3984375,1724.61328125
2026-06-21,746.739990234375,739.8070068359375,295.5899963378906,104.41000366210938,70.79000091552734,86.08401489257812,93.7279281616211,108.21949005126953,79.25603485107422,387.1199951171875,59.5099983215332,114.87000274658203,27.6299991607666,26.6299991607666,28.299999237060547,63237.5390625,1704.58056640625
2026-06-28,728.989990234375,706.52001953125,299.8299865722656,102.54000091552734,67.19000244140625,86.6893310546875,94.3934326171875,108.64613342285156,79.0777359008789,373.6300048828125,53.279998779296875,105.4800033569336,26.56999969482422,26.799999237060547,28.459999084472656,59532.33984375,1570.3612060546875
2026-07-05,744.780029296875,712.5999755859375,297.5799865722656,104.37000274658203,65.69999694824219,85.16692352294922,93.79800415039062,108.17169189453125,79.32488250732422,378.1300048828125,55.02000045776367,103.9800033569336,26.56999969482422,26.739999771118164,28.34000015258789,63547.8828125,1783.0059814453125
2026-07-12,754.9500122070312,725.510009765625,295.989990234375,104.33000183105469,66.9000015258789,84.13109588623047,93.3096694946289,106.99678039550781,79.32488250732422,377.010009765625,53.95000076293945,108.69999694824219,27.520000457763672,27.770000457763672,28.389999389648438,63758.21875,1805.7880859375
2026-07-19,743.2899780273438,695.3300170898438,294.0400085449219,103.33000183105469,63.290000915527344,84.1808853149414,93.51895141601562,107.09635162353516,79.26517486572266,368.4100036621094,50.779998779296875,123.95999908447266,28.979999542236328,27.84000015258789,28.329999923706055,64690.8046875,1871.508544921875
2026-07-26,738.9299926757812,684.22998046875,291.1700134277344,103.41000366210938,63.33000183105469,82.91598510742188,92.71172332763672,105.77208709716797,78.84720611572266,371.8999938964844,52.59000015258789,136.69000244140625,30.100000381469727,28.239999771118164,28.579999923706055,65340.30078125,1953.4112548828125
2026-08-02,747.030029296875,687.989990234375,291.20001220703125,105.58000183105469,64.08999633789062,81.91999816894531,92.63199615478516,105.79199981689453,79.09600067138672,371.5400085449219,52.36000061035156,129.1699981689453,29.450000762939453,27.510000228881836,28.170000076293945,63482.0,1882.52197265625
2026-08-09,773.260009765625,723.030029296875,301.55999755859375,108.55000305175781,65.63999938964844,82.76000213623047,93.16999816894531,106.55000305175781,79.61000061035156,398.4700012207031,57.5,117.9800033569336,28.90999984741211,27.6200008392334,28.06999969482422,64844.88671875,1908.6827392578125
2026-08-16,776.3400268554688,731.0700073242188,305.0899963378906,108.63999938964844,66.61000061035156,82.04000091552734,93.04000091552734,106.12000274658203,79.70999908447266,401.4800109863281,58.47999954223633,126.5999984741211,30.0,27.770000457763672,28.110000610351562,63024.3203125,1880.9083251953125
