date,open,high,low,close
2023-09-06 21:00:00,0.89109999,0.89205003,0.89099997,0.89179999
2023-09-07 01:00:00,0.89170003,0.89200002,0.89090002,0.89179999
2023-09-07 05:00:00,0.89179999,0.89249998,0.89125001,0.89195001
2023-09-07 09:00:00,0.89209998,0.89380002,0.89134997,0.89340001
2023-09-07 13:00:00,0.8933,0.89410001,0.89230001,0.89300001
2023-09-07 17:00:00,0.89300001,0.89319998,0.89209998,0.89279997
2023-09-07 21:00:00,0.89289999,0.89314997,0.89099997,0.89130002
2023-09-08 01:00:00,0.89130002,0.89200002,0.89060003,0.89120001
2023-09-08 05:00:00,0.89115,0.8915,0.88950002,0.89074999
2023-09-08 09:00:00,0.89090002,0.89219999,0.89069998,0.89200002
2023-09-08 13:00:00,0.89205003,0.89349997,0.88990003,0.89289999
2023-09-08 17:00:00,0.89300001,0.89380002,0.89240003,0.89305001
2023-09-10 21:00:00,0.89225,0.89279997,0.89120001,0.89200002
2023-09-11 01:00:00,0.8919,0.89230001,0.89020002,0.89034998
2023-09-11 05:00:00,0.89029998,0.89200002,0.88964999,0.89139998
2023-09-11 09:00:00,0.8915,0.89230001,0.89095002,0.89139998
2023-09-11 13:00:00,0.89144999,0.89240003,0.89020002,0.89039999
2023-09-11 17:00:00,0.89039999,0.8915,0.89029998,0.89095002
2023-09-11 21:00:00,0.8908,0.89200002,0.89050001,0.89155
2023-09-12 01:00:00,0.89160001,0.89209998,0.89050001,0.89134997
2023-09-12 05:00:00,0.89134997,0.8919,0.8901,0.89170003
2023-09-12 09:00:00,0.89179999,0.89300001,0.89120001,0.89300001
2023-09-12 13:00:00,0.89300001,0.89349997,0.8908,0.89160001
2023-09-12 17:00:00,0.89170003,0.89230001,0.8908,0.89139998
2023-09-12 21:00:00,0.89109999,0.89170003,0.89060003,0.89130002
2023-09-13 01:00:00,0.89134997,0.8926,0.89090002,0.89120001
2023-09-13 05:00:00,0.89109999,0.8933,0.89095002,0.89300001
2023-09-13 09:00:00,0.89300001,0.89534998,0.89120001,0.89240003
2023-09-13 13:00:00,0.89249998,0.89399999,0.8915,0.89235002
2023-09-13 17:00:00,0.89240003,0.89380002,0.89209998,0.89359999
2023-09-13 21:00:00,0.89324999,0.89399999,0.89209998,0.89230001
2023-09-14 01:00:00,0.89219999,0.89310002,0.89209998,0.89230001
2023-09-14 05:00:00,0.89219999,0.89399999,0.89139998,0.89359999
2023-09-14 09:00:00,0.89340001,0.89709997,0.89270002,0.89499998
2023-09-14 13:00:00,0.89499998,0.8962,0.89310002,0.89600003
2023-09-14 17:00:00,0.89600003,0.89719999,0.89539999,0.89560002
2023-09-14 21:00:00,0.89539999,0.89649999,0.89504999,0.8955
2023-09-15 01:00:00,0.8955,0.89630002,0.89504999,0.89520001
2023-09-15 05:00:00,0.89529997,0.89649999,0.89455003,0.89560002
2023-09-15 09:00:00,0.8955,0.8973,0.8951,0.89709997
2023-09-15 13:00:00,0.89700001,0.89780003,0.89520001,0.89649999
2023-09-15 17:00:00,0.89639997,0.89780003,0.8962,0.8976
2023-09-17 21:00:00,0.89609998,0.8976,0.89609998,0.89670002
2023-09-18 01:00:00,0.89670002,0.89789999,0.89630002,0.89700001
2023-09-18 05:00:00,0.89700001,0.89719999,0.8955,0.89630002
2023-09-18 09:00:00,0.89630002,0.89789999,0.89534998,0.89789999
2023-09-18 13:00:00,0.89780003,0.89829999,0.89609998,0.8969
2023-09-18 17:00:00,0.89684999,0.89810002,0.89635003,0.89700001
2023-09-18 21:00:00,0.89709997,0.89770001,0.89655,0.89709997
2023-09-19 01:00:00,0.89700001,0.898,0.89700001,0.89749998
2023-09-19 05:00:00,0.89740002,0.89840001,0.89475,0.89630002
2023-09-19 09:00:00,0.89649999,0.89719999,0.8951,0.89639997
2023-09-19 13:00:00,0.89649999,0.89854997,0.89630002,0.89810002
2023-09-19 17:00:00,0.89819998,0.89840001,0.89740002,0.89780003
2023-09-19 21:00:00,0.89770001,0.89819998,0.89709997,0.8976
2023-09-20 01:00:00,0.89765,0.89850003,0.89740002,0.89810002
2023-09-20 05:00:00,0.89810002,0.89840001,0.89649999,0.89719999
2023-09-20 09:00:00,0.89719999,0.89789999,0.89609998,0.89679998
2023-09-20 13:00:00,0.89679998,0.8969,0.89319998,0.89359999
2023-09-20 17:00:00,0.89354998,0.89969999,0.89349997,0.89859998
2023-09-20 21:00:00,0.89899999,0.90060002,0.89829999,0.90044999
2023-09-21 01:00:00,0.90044999,0.90100002,0.89960003,0.89990002
2023-09-21 05:00:00,0.89990002,0.90750003,0.89850003,0.90710002
2023-09-21 09:00:00,0.90719998,0.90785003,0.90420002,0.90420002
2023-09-21 13:00:00,0.90420002,0.90640002,0.90210003,0.90420002
2023-09-21 17:00:00,0.90420002,0.9048,0.903,0.90460002
2023-09-21 21:00:00,0.90455002,0.90549999,0.90375,0.90499997
2023-09-22 01:00:00,0.90490001,0.90539998,0.90429997,0.90460002
2023-09-22 05:00:00,0.90460002,0.90700001,0.90429997,0.90619999
2023-09-22 09:00:00,0.90619999,0.90705001,0.90460002,0.90539998
2023-09-22 13:00:00,0.90539998,0.90670002,0.90445,0.90649998
2023-09-22 17:00:00,0.90640002,0.9077,0.90619999,0.90710002
2023-09-24 21:00:00,0.90640002,0.90759999,0.90619999,0.90719998
2023-09-25 01:00:00,0.90710002,0.90829998,0.90700001,0.90820003
2023-09-25 05:00:00,0.90799999,0.91060001,0.9073,0.91009998
2023-09-25 09:00:00,0.90979999,0.9113,0.90859997,0.91039997
2023-09-25 13:00:00,0.91039997,0.91360003,0.91030002,0.912
2023-09-25 17:00:00,0.91205001,0.9127,0.91119999,0.912
2023-09-25 21:00:00,0.912,0.91320002,0.91165,0.91280001
2023-09-26 01:00:00,0.91280001,0.91369998,0.91205001,0.91219997
2023-09-26 05:00:00,0.91219997,0.91509998,0.91210002,0.91250002
2023-09-26 09:00:00,0.91240001,0.91329998,0.91189998,0.91219997
2023-09-26 13:00:00,0.91219997,0.91479999,0.91219997,0.91479999
2023-09-26 17:00:00,0.91460001,0.91610003,0.91399997,0.91584998
2023-09-26 21:00:00,0.91575003,0.91680002,0.91469997,0.91640002
2023-09-27 01:00:00,0.91640002,0.91759998,0.91570002,0.91710001
2023-09-27 05:00:00,0.91720003,0.91780001,0.91540003,0.91670001
2023-09-27 09:00:00,0.91659999,0.91949999,0.91595,0.91769999
2023-09-27 13:00:00,0.91790003,0.92089999,0.91694999,0.92049998
2023-09-27 17:00:00,0.92040002,0.92255002,0.91970003,0.92119998
2023-09-27 21:00:00,0.92129999,0.92129999,0.91960001,0.9206
2023-09-28 01:00:00,0.92054999,0.92180002,0.92040002,0.92079997
2023-09-28 05:00:00,0.92079997,0.92164999,0.91839999,0.91850001
2023-09-28 09:00:00,0.91850001,0.9199,0.91640002,0.91965002
2023-09-28 13:00:00,0.91965002,0.91965002,0.91469997,0.91640002
2023-09-28 17:00:00,0.91635001,0.91729999,0.91479999,0.91500002
2023-09-28 21:00:00,0.91500002,0.91600001,0.91469997,0.9152
2023-09-29 01:00:00,0.91509998,0.91549999,0.91329998,0.91350001
2023-09-29 05:00:00,0.91360003,0.91390002,0.9091,0.90979999
2023-09-29 09:00:00,0.91000003,0.91320002,0.90944999,0.91140002
2023-09-29 13:00:00,0.91149998,0.9163,0.91049999,0.9145
2023-09-29 17:00:00,0.9145,0.9163,0.91444999,0.91530001
2023-10-01 20:00:00,0.91469997,0.91619998,0.91460001,0.9156
2023-10-02 00:00:00,0.91549999,0.91649997,0.91514999,0.91565001
2023-10-02 04:00:00,0.9156,0.91659999,0.91119999,0.91180003
2023-10-02 08:00:00,0.91189998,0.91469997,0.91100001,0.9145
2023-10-02 12:00:00,0.91460001,0.91949999,0.91434997,0.91764998
2023-10-02 16:00:00,0.91769999,0.9188,0.91659999,0.91750002
2023-10-02 20:00:00,0.91759998,0.91874999,0.91689998,0.9181
2023-10-03 00:00:00,0.91799998,0.91939998,0.91799998,0.91890001
2023-10-03 04:00:00,0.91869998,0.92189997,0.91850001,0.92135
2023-10-03 08:00:00,0.92129999,0.92390001,0.91939998,0.9224
2023-10-03 12:00:00,0.92234999,0.92439997,0.92009997,0.92259997
2023-10-03 16:00:00,0.92259997,0.92269999,0.92030001,0.92084998
2023-10-03 20:00:00,0.92089999,0.92229998,0.92040002,0.92129999
2023-10-04 00:00:00,0.92110002,0.92259997,0.92089999,0.9224
2023-10-04 04:00:00,0.9224,0.92330003,0.91930002,0.91944999
2023-10-04 08:00:00,0.91970003,0.9206,0.91710001,0.91780001
2023-10-04 12:00:00,0.91790003,0.91955,0.91439998,0.91619998
2023-10-04 16:00:00,0.91610003,0.91759998,0.91540003,0.91589999
2023-10-04 20:00:00,0.91600001,0.91769999,0.91579998,0.91680002
2023-10-05 00:00:00,0.91684997,0.91729999,0.91345,0.91395003
2023-10-05 04:00:00,0.91390002,0.91769999,0.91360003,0.91759998
2023-10-05 08:00:00,0.91750002,0.91829997,0.91430002,0.91444999
2023-10-05 12:00:00,0.91430002,0.917,0.91320002,0.91420001
2023-10-05 16:00:00,0.91420001,0.91460001,0.91229999,0.91229999
2023-10-05 20:00:00,0.91229999,0.91469997,0.91140002,0.91280001
2023-10-06 00:00:00,0.9127,0.91369998,0.91250002,0.91329998
2023-10-06 04:00:00,0.91325003,0.91469997,0.91210002,0.91229999
2023-10-06 08:00:00,0.91229999,0.91350001,0.9109,0.9113
2023-10-06 12:00:00,0.91119999,0.91759998,0.9073,0.90834999
2023-10-06 16:00:00,0.90829998,0.91044998,0.90820003,0.9095
2023-10-08 20:00:00,0.90834999,0.91060001,0.90815002,0.9091
2023-10-09 00:00:00,0.90899998,0.91049999,0.90799999,0.91009998
2023-10-09 04:00:00,0.91014999,0.91240001,0.9091,0.91180003
2023-10-09 08:00:00,0.91189998,0.91210002,0.90820003,0.90979999
2023-10-09 12:00:00,0.90990001,0.91039997,0.90630001,0.90799999
2023-10-09 16:00:00,0.90810001,0.90859997,0.90490001,0.90605003
2023-10-09 20:00:00,0.90605003,0.90700001,0.90469998,0.90509999
2023-10-10 00:00:00,0.90509999,0.90600002,0.90439999,0.90499997
2023-10-10 04:00:00,0.90499997,0.90740001,0.90499997,0.90560001
2023-10-10 08:00:00,0.90570003,0.90759999,0.9034,0.90700001
2023-10-10 12:00:00,0.90700001,0.90829998,0.90369999,0.90399998
2023-10-10 16:00:00,0.90394998,0.90560001,0.90375,0.90474999
2023-10-10 20:00:00,0.90474999,0.90560001,0.90420002,0.90464997
2023-10-11 00:00:00,0.90460002,0.90499997,0.90369999,0.90439999
2023-10-11 04:00:00,0.90429997,0.90560001,0.90289998,0.90420002
2023-10-11 08:00:00,0.90420002,0.9048,0.90219998,0.90350002
2023-10-11 12:00:00,0.9034,0.9048,0.90020001,0.90270001
2023-10-11 16:00:00,0.90259999,0.9048,0.90200001,0.9023
2023-10-11 20:00:00,0.9023,0.90259999,0.90100002,0.90109998
2023-10-12 00:00:00,0.90109998,0.9016,0.90020001,0.90044999
2023-10-12 04:00:00,0.90044999,0.90170002,0.8987,0.90140003
2023-10-12 08:00:00,0.90149999,0.9016,0.89934999,0.90015
2023-10-12 12:00:00,0.90020001,0.90710002,0.90004998,0.90649998
2023-10-12 16:00:00,0.90640002,0.90890002,0.90549999,0.90820003
2023-10-12 20:00:00,0.90820003,0.90899998,0.90750003,0.90789998
2023-10-13 00:00:00,0.90789998,0.90799999,0.90679997,0.90700001
2023-10-13 04:00:00,0.90700001,0.90820003,0.90560001,0.90644997
2023-10-13 08:00:00,0.90649998,0.90859997,0.90570003,0.90719998
2023-10-13 12:00:00,0.9073,0.9073,0.90179998,0.90179998
2023-10-13 16:00:00,0.90179998,0.9023,0.90020001,0.90179998
2023-10-15 20:00:00,0.90175003,0.90310001,0.90090001,0.90245003
2023-10-16 00:00:00,0.90240002,0.90280002,0.90140003,0.90179998
2023-10-16 04:00:00,0.90179998,0.90420002,0.90109998,0.90350002
2023-10-16 08:00:00,0.90329999,0.90420002,0.90184999,0.90210003
2023-10-16 12:00:00,0.90200001,0.9034,0.90065002,0.90079999
2023-10-16 16:00:00,0.90069997,0.90109998,0.89955002,0.89969999
2023-10-16 20:00:00,0.89969999,0.9016,0.89950001,0.90060002
2023-10-17 00:00:00,0.9005,0.9012,0.90004998,0.90074998
2023-10-17 04:00:00,0.90079999,0.90219998,0.90069997,0.90200001
2023-10-17 08:00:00,0.90200001,0.90315002,0.89945,0.89990002
2023-10-17 12:00:00,0.89990002,0.90319997,0.89899999,0.89955002
2023-10-17 16:00:00,0.89955002,0.90140003,0.8994,0.90015
2023-10-17 20:00:00,0.90020001,0.90130001,0.89990002,0.90015
2023-10-18 00:00:00,0.90020001,0.90100002,0.89889997,0.89915001
2023-10-18 04:00:00,0.89920002,0.89974999,0.8973,0.89920002
2023-10-18 08:00:00,0.89929998,0.90009999,0.898,0.89894998
2023-10-18 12:00:00,0.89894998,0.89969999,0.89545,0.89859998
2023-10-18 16:00:00,0.89850003,0.89929998,0.89719999,0.89910001
2023-10-18 20:00:00,0.89910001,0.8994,0.89850003,0.89889997
2023-10-19 00:00:00,0.89880002,0.89960003,0.89829999,0.89920002
2023-10-19 04:00:00,0.89920002,0.8998,0.89740002,0.89974999
2023-10-19 08:00:00,0.89990002,0.90020001,0.89660001,0.8973
2023-10-19 12:00:00,0.8973,0.89749998,0.8951,0.89560002
2023-10-19 16:00:00,0.89569998,0.89770001,0.89130002,0.89249998
2023-10-19 20:00:00,0.89230001,0.89279997,0.89085001,0.89179999
2023-10-20 00:00:00,0.89179999,0.89300001,0.89144999,0.89240003
2023-10-20 04:00:00,0.89244998,0.89354998,0.89085001,0.89090002
2023-10-20 08:00:00,0.89099997,0.89289999,0.89020002,0.89115
2023-10-20 12:00:00,0.89130002,0.89349997,0.89064997,0.8919
2023-10-20 16:00:00,0.8919,0.89300001,0.89099997,0.89219999
2023-10-22 20:00:00,0.89214998,0.89349997,0.89139998,0.89340001
2023-10-23 00:00:00,0.8933,0.89490002,0.89300001,0.89469999
2023-10-23 04:00:00,0.89480001,0.89569998,0.89270002,0.89310002
2023-10-23 08:00:00,0.89310002,0.8933,0.89130002,0.8926
2023-10-23 12:00:00,0.89254999,0.89490002,0.89125001,0.89200002
2023-10-23 16:00:00,0.89200002,0.8926,0.89055002,0.89139998
2023-10-23 20:00:00,0.8915,0.89279997,0.8908,0.89099997
2023-10-24 00:00:00,0.89090002,0.89139998,0.88999999,0.89090002
2023-10-24 04:00:00,0.8908,0.89200002,0.88880002,0.89120001
2023-10-24 08:00:00,0.89130002,0.89399999,0.89120001,0.89319998
2023-10-24 12:00:00,0.89310002,0.89520001,0.89279997,0.89359999
2023-10-24 16:00:00,0.89349997,0.89410001,0.89270002,0.89319998
2023-10-24 20:00:00,0.89310002,0.89420003,0.89284998,0.89319998
2023-10-25 00:00:00,0.89310002,0.8937,0.8926,0.89295
2023-10-25 04:00:00,0.89300001,0.8955,0.89209998,0.89469999
2023-10-25 08:00:00,0.89469999,0.89660001,0.89389998,0.89595002
2023-10-25 12:00:00,0.89590001,0.89660001,0.89420003,0.89520001
2023-10-25 16:00:00,0.89520001,0.89700001,0.89499998,0.89655
2023-10-25 20:00:00,0.89660001,0.8976,0.89630002,0.89670002
2023-10-26 00:00:00,0.89679998,0.89850003,0.89639997,0.89805001
2023-10-26 04:00:00,0.898,0.89920002,0.89789999,0.89810002
2023-10-26 08:00:00,0.89810002,0.90009999,0.89789999,0.89835
2023-10-26 12:00:00,0.89829999,0.89990002,0.89630002,0.89955002
2023-10-26 16:00:00,0.89955002,0.9005,0.89875001,0.89945
2023-10-26 20:00:00,0.89950001,0.89990002,0.89810002,0.89889997
2023-10-27 00:00:00,0.89899999,0.89960003,0.89810002,0.89835
2023-10-27 04:00:00,0.89835,0.90009999,0.89829999,0.89999998
2023-10-27 08:00:00,0.89999998,0.90259999,0.89920002,0.90179998
2023-10-27 12:00:00,0.90179998,0.90350002,0.90009999,0.90219998
2023-10-27 16:00:00,0.90214998,0.90350002,0.90104997,0.90170002
2023-10-29 20:00:00,0.90130001,0.90280002,0.90100002,0.90254998
2023-10-30 00:00:00,0.90245003,0.90359998,0.90245003,0.90329999
2023-10-30 04:00:00,0.9034,0.90369999,0.90210003,0.90350002
2023-10-30 08:00:00,0.90380001,0.90490001,0.9023,0.90425003
2023-10-30 12:00:00,0.90434998,0.90460002,0.90079999,0.90170002
2023-10-30 16:00:00,0.90170002,0.90319997,0.90140003,0.90154999
2023-10-30 20:00:00,0.90154999,0.90259999,0.90149999,0.90214998
2023-10-31 00:00:00,0.90205002,0.90329999,0.90170002,0.90280002
2023-10-31 04:00:00,0.90280002,0.90310001,0.90140003,0.90210003
2023-10-31 08:00:00,0.90210003,0.90289998,0.90095001,0.90254998
2023-10-31 12:00:00,0.90259999,0.91009998,0.90240002,0.91009998
2023-10-31 16:00:00,0.91000003,0.91049999,0.90810001,0.90965003
2023-10-31 20:00:00,0.90960002,0.91070002,0.9077,0.91004997
2023-11-01 00:00:00,0.91009998,0.9109,0.90939999,0.90979999
2023-11-01 04:00:00,0.90979999,0.91030002,0.9084,0.90925002
2023-11-01 08:00:00,0.90920001,0.9102,0.90850002,0.90920001
2023-11-01 12:00:00,0.90939999,0.91049999,0.90710002,0.91025001
2023-11-01 16:00:00,0.91035002,0.9113,0.9077,0.90789998
2023-11-01 20:00:00,0.90785003,0.90829998,0.90560001,0.90560001
2023-11-02 00:00:00,0.90549999,0.90600002,0.90249997,0.90265
2023-11-02 04:00:00,0.90259999,0.90499997,0.90259999,0.90434998
2023-11-02 08:00:00,0.90439999,0.90570003,0.90280002,0.90464997
2023-11-02 12:00:00,0.90460002,0.9066,0.90179998,0.90619999
2023-11-02 16:00:00,0.90619999,0.90689999,0.90460002,0.90595001
2023-11-02 20:00:00,0.9059,0.9066,0.90560001,0.90619999
2023-11-03 00:00:00,0.90619999,0.90649998,0.90530002,0.90565002
2023-11-03 04:00:00,0.90570003,0.90609998,0.90490001,0.90609998
2023-11-03 08:00:00,0.90609998,0.90740001,0.90399998,0.9048
2023-11-03 12:00:00,0.9048,0.90490001,0.898,0.89829999
2023-11-03 16:00:00,0.89840001,0.89910001,0.89649999,0.89910001
2023-11-05 20:00:00,0.89885002,0.89960003,0.89840001,0.89929998
2023-11-06 00:00:00,0.89920002,0.8998,0.89740002,0.89744997
2023-11-06 04:00:00,0.89740002,0.89810002,0.89630002,0.898
2023-11-06 08:00:00,0.89810002,0.89819998,0.89539999,0.89719999
2023-11-06 12:00:00,0.8973,0.89889997,0.89709997,0.89744997
2023-11-06 16:00:00,0.89725,0.89899999,0.89674997,0.89854997
2023-11-06 20:00:00,0.89850003,0.8998,0.89749998,0.89929998
2023-11-07 00:00:00,0.89929998,0.8998,0.8987,0.89960003
2023-11-07 04:00:00,0.89960003,0.90140003,0.89945,0.90030003
2023-11-07 08:00:00,0.90030003,0.9016,0.89905,0.90090001
2023-11-07 12:00:00,0.90090001,0.90179998,0.89924997,0.90039998
2023-11-07 16:00:00,0.90039998,0.90200001,0.89969999,0.90034997
2023-11-07 20:00:00,0.90030003,0.90079999,0.89910001,0.89999998
2023-11-08 00:00:00,0.90009999,0.90130001,0.89990002,0.90065002
2023-11-08 04:00:00,0.90060002,0.90240002,0.9005,0.90179998
2023-11-08 08:00:00,0.9016,0.90240002,0.90020001,0.90039998
2023-11-08 12:00:00,0.9005,0.9012,0.89819998,0.89859998
2023-11-08 16:00:00,0.89850003,0.90009999,0.89770001,0.8998
2023-11-08 20:00:00,0.8998,0.90009999,0.89889997,0.89910001
2023-11-09 00:00:00,0.89915001,0.89990002,0.89875001,0.8994
2023-11-09 04:00:00,0.89934999,0.90009999,0.89910001,0.89990002
2023-11-09 08:00:00,0.89990002,0.9012,0.89920002,0.90030003
2023-11-09 12:00:00,0.90030003,0.9016,0.89929998,0.89929998
2023-11-09 16:00:00,0.89929998,0.90420002,0.89910001,0.90350002
2023-11-09 20:00:00,0.9034,0.9041,0.90249997,0.90329999
2023-11-10 00:00:00,0.90329999,0.90380001,0.903,0.90355003
2023-11-10 04:00:00,0.90359998,0.90469998,0.90319997,0.9041
2023-11-10 08:00:00,0.9041,0.90415001,0.90020001,0.90184999
2023-11-10 12:00:00,0.90184999,0.90380001,0.90130001,0.903
2023-11-10 16:00:00,0.903,0.90390003,0.90184999,0.90270001
2023-11-12 20:00:00,0.90214998,0.90270001,0.90189999,0.90195
2023-11-13 00:00:00,0.90200001,0.90270001,0.9016,0.90240002
2023-11-13 04:00:00,0.90245003,0.903,0.9012,0.90170002
2023-11-13 08:00:00,0.9016,0.90359998,0.90104997,0.90329999
2023-11-13 12:00:00,0.90329999,0.90530002,0.90195,0.90249997
2023-11-13 16:00:00,0.90240002,0.90289998,0.90069997,0.90170002
2023-11-13 20:00:00,0.90165001,0.90219998,0.9012,0.90140003
2023-11-14 00:00:00,0.90130001,0.90259999,0.90125,0.90235001
2023-11-14 04:00:00,0.90240002,0.90280002,0.90114999,0.9016
2023-11-14 08:00:00,0.90149999,0.90270001,0.90069997,0.90245003
2023-11-14 12:00:00,0.90249997,0.90270001,0.8915,0.89200002
2023-11-14 16:00:00,0.89209998,0.89230001,0.88870001,0.88870001
2023-11-14 20:00:00,0.88865,0.8901,0.88795,0.88929999
2023-11-15 00:00:00,0.88910002,0.89050001,0.8883,0.88845003
2023-11-15 04:00:00,0.88840002,0.88919997,0.88770002,0.88779998
2023-11-15 08:00:00,0.88770002,0.88940001,0.88679999,0.88779998
2023-11-15 12:00:00,0.88775003,0.88929999,0.88550001,0.88630003
2023-11-15 16:00:00,0.88609999,0.889,0.88595003,0.88819999
2023-11-15 20:00:00,0.88819999,0.88859999,0.88709998,0.88709998
2023-11-16 00:00:00,0.88714999,0.889,0.88695002,0.88875002
2023-11-16 04:00:00,0.88870001,0.889,0.88810003,0.88845003
2023-11-16 08:00:00,0.88859999,0.8897,0.88795,0.88854998
2023-11-16 12:00:00,0.88849998,0.88999999,0.8854,0.88730001
2023-11-16 16:00:00,0.88739997,0.88889998,0.88669997,0.88859999
2023-11-16 20:00:00,0.88849998,0.88929999,0.88770002,0.88849998
2023-11-17 00:00:00,0.88854998,0.88919997,0.88810003,0.88819999
2023-11-17 04:00:00,0.88819999,0.88929999,0.88810003,0.889
2023-11-17 08:00:00,0.88894999,0.88950002,0.88660002,0.88749999
2023-11-17 12:00:00,0.8876,0.88849998,0.88609999,0.88630003
2023-11-17 16:00:00,0.88630003,0.88739997,0.88520002,0.88555002
2023-11-19 20:00:00,0.88669997,0.88690001,0.8854,0.88604999
2023-11-20 00:00:00,0.88595003,0.88669997,0.88389999,0.88419998
2023-11-20 04:00:00,0.88419998,0.88499999,0.88309997,0.88440001
2023-11-20 08:00:00,0.88440001,0.88489997,0.88260001,0.88384998
2023-11-20 12:00:00,0.88389999,0.88559997,0.88319999,0.88419998
2023-11-20 16:00:00,0.88429999,0.88520002,0.88370001,0.88440001
2023-11-20 20:00:00,0.88435,0.8854,0.88415003,0.88440001
2023-11-21 00:00:00,0.88450003,0.88459998,0.8829,0.88319999
2023-11-21 04:00:00,0.88300002,0.884,0.88270003,0.88380003
2023-11-21 08:00:00,0.88370001,0.88459998,0.88274997,0.88435
2023-11-21 12:00:00,0.88440001,0.88440001,0.88200003,0.88255
2023-11-21 16:00:00,0.88249999,0.88489997,0.88200003,0.88375002
2023-11-21 20:00:00,0.88380003,0.88459998,0.88319999,0.88340002
2023-11-22 00:00:00,0.88340002,0.88389999,0.88284999,0.88335001
2023-11-22 04:00:00,0.88330001,0.88459998,0.88309997,0.88365
2023-11-22 08:00:00,0.88370001,0.88630003,0.88309997,0.88389999
2023-11-22 12:00:00,0.884,0.88749999,0.88209999,0.88569999
2023-11-22 16:00:00,0.8858,0.88639998,0.88395,0.884
2023-11-22 20:00:00,0.884,0.88585001,0.88354999,0.88415003
2023-11-23 00:00:00,0.88410002,0.88410002,0.88249999,0.88260001
2023-11-23 04:00:00,0.88249999,0.88330001,0.88230002,0.88249999
2023-11-23 08:00:00,0.88249999,0.884,0.88174999,0.88370001
2023-11-23 12:00:00,0.88375002,0.88499999,0.88284999,0.88349998
2023-11-23 16:00:00,0.88340002,0.88429999,0.88330001,0.88410002
2023-11-23 20:00:00,0.88405001,0.88480002,0.88249999,0.88459998
2023-11-24 00:00:00,0.88450003,0.88499999,0.88349998,0.88415003
2023-11-24 04:00:00,0.88415003,0.88459998,0.88295001,0.88419998
2023-11-24 08:00:00,0.88419998,0.88440001,0.88309997,0.88340002
2023-11-24 12:00:00,0.8836,0.88380003,0.8811,0.8818
2023-11-24 16:00:00,0.88185,0.88279998,0.88115001,0.88200003
2023-11-26 20:00:00,0.88225001,0.88270003,0.8818,0.88230002
2023-11-27 00:00:00,0.88209999,0.88300002,0.88139999,0.8822
2023-11-27 04:00:00,0.88209999,0.8829,0.88010001,0.88104999
2023-11-27 08:00:00,0.88099998,0.88190001,0.87954998,0.87980002
2023-11-27 12:00:00,0.87970001,0.88169998,0.87940001,0.88090003
2023-11-27 16:00:00,0.88099998,0.8818,0.88020003,0.88020003
2023-11-27 20:00:00,0.88029999,0.88209999,0.87989998,0.88010001
2023-11-28 00:00:00,0.88,0.88050002,0.87954998,0.88050002
2023-11-28 04:00:00,0.88034999,0.8811,0.88010001,0.88080001
2023-11-28 08:00:00,0.88080001,0.8818,0.87980002,0.88160002
2023-11-28 12:00:00,0.88169998,0.88200003,0.87709999,0.87830001
2023-11-28 16:00:00,0.87830001,0.87870002,0.87605,0.87769997
2023-11-28 20:00:00,0.87779999,0.87900001,0.87699997,0.87720001
2023-11-29 00:00:00,0.87699997,0.87760001,0.8757,0.87699997
2023-11-29 04:00:00,0.87699997,0.87840003,0.87620002,0.87785
2023-11-29 08:00:00,0.87800002,0.87809998,0.87585002,0.87629998
2023-11-29 12:00:00,0.87650001,0.87720001,0.8732,0.87494999
2023-11-29 16:00:00,0.875,0.87599999,0.87199998,0.87290001
2023-11-29 20:00:00,0.87295002,0.87540001,0.87290001,0.87339997
2023-11-30 00:00:00,0.87339997,0.87379998,0.87169999,0.87255001
2023-11-30 04:00:00,0.87255001,0.87410003,0.87185001,0.87309998
2023-11-30 08:00:00,0.87300003,0.87620002,0.8721,0.87529999
2023-11-30 12:00:00,0.87519997,0.87730002,0.86849999,0.86949998
2023-11-30 16:00:00,0.87019998,0.87660003,0.86919999,0.87519997
2023-11-30 20:00:00,0.87524998,0.87669998,0.87370002,0.87475002
2023-12-01 00:00:00,0.87480003,0.87519997,0.87355,0.87519997
2023-12-01 04:00:00,0.875,0.87519997,0.8739,0.87470001
2023-12-01 08:00:00,0.87480003,0.87510002,0.87309998,0.87449998
2023-12-01 12:00:00,0.87449998,0.87690002,0.87220001,0.87230003
2023-12-01 16:00:00,0.87220001,0.8732,0.86790001,0.86930001
2023-12-03 20:00:00,0.86984998,0.86984998,0.86669999,0.86760002
2023-12-04 00:00:00,0.86760002,0.87099999,0.86760002,0.87010002
2023-12-04 04:00:00,0.87010002,0.87559998,0.86995,0.87519997
2023-12-04 08:00:00,0.875,0.875,0.87155002,0.87255001
2023-12-04 12:00:00,0.87260002,0.87529999,0.87120003,0.87395
2023-12-04 16:00:00,0.87400001,0.87440002,0.87230003,0.87325001
2023-12-04 20:00:00,0.87314999,0.87349999,0.8721,0.87255001
2023-12-05 00:00:00,0.87269998,0.87300003,0.8714,0.87269998
2023-12-05 04:00:00,0.87265003,0.87449998,0.87180001,0.8743
2023-12-05 08:00:00,0.87419999,0.87489998,0.87260002,0.87410003
2023-12-05 12:00:00,0.87400001,0.87599999,0.87290001,0.87414998
2023-12-05 16:00:00,0.87414998,0.87669998,0.8739,0.87545002
2023-12-05 20:00:00,0.87540001,0.87580001,0.8739,0.87505001
2023-12-06 00:00:00,0.87505001,0.87559998,0.87454998,0.87475002
2023-12-06 04:00:00,0.87480003,0.8757,0.87379998,0.87410003
2023-12-06 08:00:00,0.87410003,0.87599999,0.8739,0.87475002
2023-12-06 12:00:00,0.87470001,0.87550002,0.87300003,0.87360001
2023-12-06 16:00:00,0.87349999,0.87540001,0.87309998,0.875
2023-12-06 20:00:00,0.87489998,0.87580001,0.87440002,0.87465
2023-12-07 00:00:00,0.87470001,0.87559998,0.8743,0.87535
2023-12-07 04:00:00,0.87540001,0.87620002,0.87370002,0.87395
2023-12-07 08:00:00,0.8739,0.87540001,0.87290001,0.87510002
2023-12-07 12:00:00,0.87505001,0.87819999,0.87440002,0.87650001
2023-12-07 16:00:00,0.87650001,0.87690002,0.87290001,0.8743
2023-12-07 20:00:00,0.87440002,0.87599999,0.8743,0.87550002
2023-12-08 00:00:00,0.87550002,0.8757,0.87440002,0.87505001
2023-12-08 04:00:00,0.87510002,0.87650001,0.87489998,0.8761
2023-12-08 08:00:00,0.87599999,0.87629998,0.87410003,0.87470001
2023-12-08 12:00:00,0.87480003,0.88125002,0.87440002,0.87970001
2023-12-08 16:00:00,0.87970001,0.8822,0.87910002,0.88034999
2023-12-10 20:00:00,0.88045001,0.88085002,0.87949997,0.87959999
2023-12-11 00:00:00,0.87959999,0.87989998,0.87879997,0.87980002
2023-12-11 04:00:00,0.87980002,0.88055003,0.87919998,0.8804
2023-12-11 08:00:00,0.8804,0.88080001,0.87844998,0.88005
2023-12-11 12:00:00,0.88,0.88164997,0.87910002,0.87919998
2023-12-11 16:00:00,0.8793,0.88015002,0.87785,0.87844998
2023-12-11 20:00:00,0.87840003,0.87910002,0.87805003,0.87835002
2023-12-12 00:00:00,0.87830001,0.8786,0.87669998,0.87709999
2023-12-12 04:00:00,0.87709999,0.87739998,0.87545002,0.87605
2023-12-12 08:00:00,0.87599999,0.87819999,0.87489998,0.87529999
2023-12-12 12:00:00,0.87519997,0.87819999,0.8725,0.87629998
2023-12-12 16:00:00,0.87620002,0.87650001,0.87535,0.87580001
2023-12-12 20:00:00,0.87580001,0.87589997,0.87459999,0.87519997
2023-12-13 00:00:00,0.87519997,0.87589997,0.875,0.87585002
2023-12-13 04:00:00,0.87585002,0.87669998,0.87529999,0.87550002
2023-12-13 08:00:00,0.87540001,0.87709999,0.87540001,0.87580001
2023-12-13 12:00:00,0.8757,0.87779999,0.87494999,0.87605
2023-12-13 16:00:00,0.8761,0.87800002,0.86949998,0.86965001
2023-12-13 20:00:00,0.86970001,0.87234998,0.86905003,0.87110001
2023-12-14 00:00:00,0.87099999,0.87110001,0.86659998,0.86739999
2023-12-14 04:00:00,0.86739999,0.87199998,0.8671,0.87150002
2023-12-14 08:00:00,0.87155002,0.87309998,0.86755002,0.86830002
2023-12-14 12:00:00,0.8682,0.87120003,0.86540002,0.866
2023-12-14 16:00:00,0.86610001,0.86720002,0.86299998,0.866
2023-12-14 20:00:00,0.86610001,0.86769998,0.86500001,0.86715001
2023-12-15 00:00:00,0.86729997,0.8682,0.86549997,0.86575001
2023-12-15 04:00:00,0.86570001,0.86795002,0.86519998,0.86704999
2023-12-15 08:00:00,0.8671,0.86849999,0.86594999,0.86610001
2023-12-15 12:00:00,0.86610001,0.86989999,0.86570001,0.86690003
2023-12-15 16:00:00,0.86680001,0.87080002,0.86650002,0.87
2023-12-17 20:00:00,0.87024999,0.87089998,0.86870003,0.8707
2023-12-18 00:00:00,0.8707,0.87120003,0.86930001,0.8696
2023-12-18 04:00:00,0.86965001,0.87,0.8682,0.86839998
2023-12-18 08:00:00,0.86839998,0.86935002,0.86690003,0.8671
2023-12-18 12:00:00,0.8671,0.86914998,0.86659998,0.86795002
2023-12-18 16:00:00,0.86799997,0.86860001,0.86720002,0.86839998
2023-12-18 20:00:00,0.86839998,0.86870003,0.86694998,0.8671
2023-12-19 00:00:00,0.8671,0.8678,0.86655003,0.86669999
2023-12-19 04:00:00,0.86669999,0.8671,0.86510003,0.866
2023-12-19 08:00:00,0.866,0.86750001,0.86565,0.86610001
2023-12-19 12:00:00,0.86610001,0.86610001,0.85930002,0.85979998
2023-12-19 16:00:00,0.85979998,0.86220002,0.85970002,0.86080003
2023-12-19 20:00:00,0.86084998,0.86150002,0.85939997,0.86075002
2023-12-20 00:00:00,0.86075002,0.86150002,0.86040002,0.86124998
2023-12-20 04:00:00,0.86124998,0.86180001,0.86019999,0.86110002
2023-12-20 08:00:00,0.861,0.86390001,0.86075002,0.86369997
2023-12-20 12:00:00,0.86379999,0.86510003,0.86049998,0.86110002
2023-12-20 16:00:00,0.86110002,0.86299998,0.86045003,0.86269999
2023-12-20 20:00:00,0.86274999,0.86409998,0.86150002,0.86274999
2023-12-21 00:00:00,0.86269999,0.86299998,0.86119998,0.86220002
2023-12-21 04:00:00,0.86215001,0.86290002,0.86140001,0.86229998
2023-12-21 08:00:00,0.86229998,0.86330003,0.85900003,0.85909998
2023-12-21 12:00:00,0.85900003,0.85970002,0.85619998,0.85689998
2023-12-21 16:00:00,0.85680002,0.85900003,0.85635,0.85699999
2023-12-21 20:00:00,0.85699999,0.8574,0.85600001,0.85640001
2023-12-22 00:00:00,0.8563,0.85699999,0.85570002,0.85680002
2023-12-22 04:00:00,0.85675001,0.85750002,0.85610002,0.85659999
2023-12-22 08:00:00,0.85645002,0.85680002,0.85299999,0.85329998
2023-12-22 12:00:00,0.85329998,0.85654998,0.85140002,0.8556
2023-12-22 16:00:00,0.8556,0.8574,0.85474998,0.85584998
2023-12-25 12:00:00,0.85640001,0.85640001,0.85640001,0.85640001
2023-12-25 16:00:00,0.85640001,0.85640001,0.85640001,0.85640001
2023-12-25 20:00:00,0.85605001,0.85710001,0.85425001,0.85605001
2023-12-26 00:00:00,0.85600001,0.85680002,0.85495001,0.85519999
2023-12-26 04:00:00,0.85509998,0.85600001,0.85439998,0.85600001
2023-12-26 08:00:00,0.85595,0.85804999,0.85579997,0.85775
2023-12-26 12:00:00,0.85769999,0.85799998,0.8538,0.85549998
2023-12-26 16:00:00,0.85540003,0.85589999,0.85334998,0.85350001
2023-12-26 20:00:00,0.85350001,0.85430002,0.8531,0.8538
2023-12-27 00:00:00,0.85374999,0.85470003,0.85369998,0.85374999
2023-12-27 04:00:00,0.85369998,0.8549,0.85285002,0.85430002
2023-12-27 08:00:00,0.85430002,0.85470003,0.85170001,0.85299999
2023-12-27 12:00:00,0.85290003,0.8538,0.84600002,0.84609997
2023-12-27 16:00:00,0.84614998,0.84640002,0.84085,0.84329998
2023-12-27 20:00:00,0.84334999,0.84390002,0.84219998,0.84259999
2023-12-28 00:00:00,0.84249997,0.84254998,0.83960003,0.8398
2023-12-28 04:00:00,0.8398,0.8409,0.8387,0.83939999
2023-12-28 08:00:00,0.83939999,0.8398,0.83389997,0.83649999
2023-12-28 12:00:00,0.83649999,0.83969998,0.83329999,0.83609998
2023-12-28 16:00:00,0.83609998,0.84469998,0.83609998,0.84345001
2023-12-28 20:00:00,0.84350002,0.84530002,0.84299999,0.84350002
2023-12-29 00:00:00,0.84359998,0.84380001,0.84219998,0.84320003
2023-12-29 04:00:00,0.84324998,0.84359998,0.84079999,0.84140003
2023-12-29 08:00:00,0.84140003,0.84179997,0.8362,0.83639997
2023-12-29 12:00:00,0.83639997,0.84189999,0.83565003,0.84154999
2023-12-29 16:00:00,0.84140003,0.84329998,0.83894998,0.84130001
2024-01-01 16:00:00,0.84144998,0.84144998,0.84144998,0.84144998
2024-01-01 20:00:00,0.84125,0.84240001,0.83950001,0.84200001
2024-01-02 00:00:00,0.84200001,0.8448,0.84170002,0.84434998
2024-01-02 04:00:00,0.84434998,0.84619999,0.84320003,0.84619999
2024-01-02 08:00:00,0.84609997,0.85039997,0.84390002,0.8502
2024-01-02 12:00:00,0.85009998,0.85009998,0.84640002,0.8488
2024-01-02 16:00:00,0.84869999,0.85079998,0.84740001,0.84960002
2024-01-02 20:00:00,0.8495,0.8506,0.84859997,0.8502
2024-01-03 00:00:00,0.85009998,0.85039997,0.84890002,0.84915
2024-01-03 04:00:00,0.84920001,0.85189998,0.84890002,0.84995002
2024-01-03 08:00:00,0.84990001,0.8556,0.84930003,0.85479999
2024-01-03 12:00:00,0.85470003,0.8549,0.85070002,0.85259998
2024-01-03 16:00:00,0.85250002,0.85320002,0.85009998,0.85075003
2024-01-03 20:00:00,0.85070002,0.85110003,0.8488,0.84925002
2024-01-04 00:00:00,0.84920001,0.85079998,0.84829998,0.84875
2024-01-04 04:00:00,0.84869999,0.8502,0.84780002,0.84829998
2024-01-04 08:00:00,0.84850001,0.85119998,0.84780002,0.85049999
2024-01-04 12:00:00,0.85070002,0.85290003,0.84869999,0.84979999
2024-01-04 16:00:00,0.84969997,0.85210001,0.84930003,0.85100001
2024-01-04 20:00:00,0.85100001,0.85159999,0.84969997,0.85030001
2024-01-05 00:00:00,0.85030001,0.85079998,0.84875,0.85055
2024-01-05 04:00:00,0.8506,0.8524,0.85039997,0.85170001
2024-01-05 08:00:00,0.85170001,0.85385001,0.85119998,0.85315001
2024-01-05 12:00:00,0.85329998,0.85769999,0.84560001,0.84719998
2024-01-05 16:00:00,0.84729999,0.8506,0.84665,0.84955001
2024-01-07 20:00:00,0.85000002,0.85140002,0.84899998,0.85084999
2024-01-08 00:00:00,0.85079998,0.852,0.84979999,0.85184997
2024-01-08 04:00:00,0.85189998,0.85215002,0.84869999,0.85014999
2024-01-08 08:00:00,0.85009998,0.85210001,0.84979999,0.85145003
2024-01-08 12:00:00,0.85140002,0.85180002,0.84614998,0.84649998
2024-01-08 16:00:00,0.84630001,0.84820002,0.84595001,0.847
2024-01-08 20:00:00,0.847,0.84869999,0.847,0.84810001
2024-01-09 00:00:00,0.84810001,0.84829998,0.84644997,0.84694999
2024-01-09 04:00:00,0.847,0.84869999,0.84680003,0.84754997
2024-01-09 08:00:00,0.8477,0.85149997,0.8477,0.85140002
2024-01-09 12:00:00,0.85149997,0.85250002,0.84965003,0.85219997
2024-01-09 16:00:00,0.85229999,0.85320002,0.85100001,0.8524
2024-01-09 20:00:00,0.8524,0.85294998,0.85170001,0.85245001
2024-01-10 00:00:00,0.85250002,0.8527,0.85189998,0.85245001
2024-01-10 04:00:00,0.85245001,0.85360003,0.85149997,0.85229999
2024-01-10 08:00:00,0.85219997,0.85320002,0.8513,0.85290003
2024-01-10 12:00:00,0.8527,0.85329998,0.85079998,0.8513
2024-01-10 16:00:00,0.8513,0.85219997,0.85100001,0.85154998
2024-01-10 20:00:00,0.85149997,0.85219997,0.85049999,0.85089999
2024-01-11 00:00:00,0.8506,0.85079998,0.84909999,0.8495
2024-01-11 04:00:00,0.84955001,0.85079998,0.84909999,0.85030001
2024-01-11 08:00:00,0.85030001,0.85189998,0.85000002,0.85039997
2024-01-11 12:00:00,0.85030001,0.85650003,0.84890002,0.85470003
2024-01-11 16:00:00,0.85470003,0.85659999,0.852,0.85224998
2024-01-11 20:00:00,0.85219997,0.85409999,0.85089999,0.85105002
2024-01-12 00:00:00,0.85110003,0.85250002,0.85105002,0.85189998
2024-01-12 04:00:00,0.852,0.85360003,0.85165,0.85299999
2024-01-12 08:00:00,0.8531,0.85415,0.85149997,0.85339999
2024-01-12 12:00:00,0.85369998,0.85509998,0.84890002,0.85095
2024-01-12 16:00:00,0.85100001,0.85369998,0.85070002,0.85259998
2024-01-14 20:00:00,0.85184997,0.85360003,0.85170001,0.85339999
2024-01-15 00:00:00,0.85350001,0.85409999,0.85219997,0.85229999
2024-01-15 04:00:00,0.8524,0.85430002,0.85229999,0.85409999
2024-01-15 08:00:00,0.85415,0.85479999,0.85219997,0.85390002
2024-01-15 12:00:00,0.85390002,0.85579997,0.85355002,0.85514998
2024-01-15 16:00:00,0.85505003,0.8563,0.8545,0.85610002
2024-01-15 20:00:00,0.85610002,0.85640001,0.85540003,0.85605001
2024-01-16 00:00:00,0.85600001,0.8581,0.85589999,0.8581
2024-01-16 04:00:00,0.85790002,0.86049998,0.85759997,0.85925001
2024-01-16 08:00:00,0.8592,0.8617,0.85829997,0.86019999
2024-01-16 12:00:00,0.86009997,0.86150002,0.85909998,0.8592
2024-01-16 16:00:00,0.8592,0.86210001,0.8592,0.86105001
2024-01-16 20:00:00,0.861,0.86189997,0.86049998,0.86150002
2024-01-17 00:00:00,0.86159998,0.86260003,0.86080003,0.8624
2024-01-17 04:00:00,0.86229998,0.86339998,0.86175001,0.86250001
2024-01-17 08:00:00,0.8624,0.86449999,0.86080003,0.86409998
2024-01-17 12:00:00,0.86400002,0.86860001,0.86374998,0.86809999
2024-01-17 16:00:00,0.8682,0.8682,0.86510003,0.86559999
2024-01-17 20:00:00,0.86554998,0.86580002,0.8642,0.86435002
2024-01-18 00:00:00,0.86430001,0.86500001,0.86330003,0.86449999
2024-01-18 04:00:00,0.86440003,0.86510003,0.86374998,0.8646
2024-01-18 08:00:00,0.86470002,0.86650002,0.86390001,0.86479998
2024-01-18 12:00:00,0.86479998,0.86909997,0.86449999,0.86895001
2024-01-18 16:00:00,0.8689,0.8696,0.86760002,0.86940002
2024-01-18 20:00:00,0.86940002,0.86949998,0.86750001,0.86804998
2024-01-19 00:00:00,0.86799997,0.86879998,0.86774999,0.86799997
2024-01-19 04:00:00,0.86799997,0.86940002,0.86764997,0.86839998
2024-01-19 08:00:00,0.8682,0.86949998,0.86774999,0.86884999
2024-01-19 12:00:00,0.86900002,0.87050003,0.86809999,0.86900002
2024-01-19 16:00:00,0.86900002,0.87019998,0.86855,0.86900002
2024-01-21 20:00:00,0.86884999,0.86930001,0.86729997,0.86844999
2024-01-22 00:00:00,0.86860001,0.86895001,0.86764997,0.86825001
2024-01-22 04:00:00,0.86825001,0.86900002,0.86769998,0.86879998
2024-01-22 08:00:00,0.8689,0.86919999,0.86659998,0.86830002
2024-01-22 12:00:00,0.8682,0.8696,0.8671,0.86919999
2024-01-22 16:00:00,0.86919999,0.87010002,0.86815,0.86884999
2024-01-22 20:00:00,0.8689,0.86979997,0.86865002,0.86919999
2024-01-23 00:00:00,0.86919999,0.86949998,0.86680001,0.86690003
2024-01-23 04:00:00,0.86690003,0.86729997,0.86500001,0.86680001
2024-01-23 08:00:00,0.86669999,0.86970001,0.86650002,0.86944997
2024-01-23 12:00:00,0.86940002,0.87290001,0.86830002,0.87159997
2024-01-23 16:00:00,0.87150002,0.87215,0.87050003,0.87089998
2024-01-23 20:00:00,0.87089998,0.87120003,0.86930001,0.86965001
2024-01-24 00:00:00,0.86970001,0.87010002,0.86930001,0.86975002
2024-01-24 04:00:00,0.86970001,0.86989999,0.86760002,0.86795002
2024-01-24 08:00:00,0.86790001,0.86799997,0.86409998,0.86519998
2024-01-24 12:00:00,0.86524999,0.8653,0.86070001,0.86330003
2024-01-24 16:00:00,0.86309999,0.86449999,0.86205,0.86320001
2024-01-24 20:00:00,0.86330003,0.86369997,0.86250001,0.86330003
2024-01-25 00:00:00,0.86309999,0.86500001,0.86309999,0.86454999
2024-01-25 04:00:00,0.86454999,0.86489999,0.86260003,0.86290002
2024-01-25 08:00:00,0.86299998,0.86510003,0.8628,0.86454999
2024-01-25 12:00:00,0.8646,0.86809999,0.8642,0.86785001
2024-01-25 16:00:00,0.86790001,0.86849999,0.86669999,0.86760002
2024-01-25 20:00:00,0.86750001,0.86799997,0.86664999,0.86720002
2024-01-26 00:00:00,0.86729997,0.86769998,0.8664,0.86664999
2024-01-26 04:00:00,0.86669999,0.86860001,0.86650002,0.86790001
2024-01-26 08:00:00,0.86795002,0.86799997,0.86189997,0.86299998
2024-01-26 12:00:00,0.86290002,0.86500001,0.8617,0.86309999
2024-01-26 16:00:00,0.86309999,0.86489999,0.86304998,0.86409998
2024-01-28 20:00:00,0.86545002,0.86570001,0.86260003,0.86440003
2024-01-29 00:00:00,0.86435002,0.8646,0.86309999,0.86360002
2024-01-29 04:00:00,0.86344999,0.86409998,0.8617,0.86250001
2024-01-29 08:00:00,0.86260003,0.86339998,0.86070001,0.86299998
2024-01-29 12:00:00,0.86290002,0.86500001,0.86229998,0.86379999
2024-01-29 16:00:00,0.86390001,0.8646,0.86250001,0.86269999
2024-01-29 20:00:00,0.86269999,0.86309999,0.86065,0.86140001
2024-01-30 00:00:00,0.86150002,0.86199999,0.861,0.86180001
2024-01-30 04:00:00,0.86180001,0.8624,0.86110002,0.86145002
2024-01-30 08:00:00,0.86140001,0.86395001,0.86080003,0.8628
2024-01-30 12:00:00,0.86285001,0.86430001,0.86089998,0.8635
2024-01-30 16:00:00,0.8635,0.86390001,0.86159998,0.86159998
2024-01-30 20:00:00,0.86159998,0.86245,0.86089998,0.86185002
2024-01-31 00:00:00,0.86189997,0.86379999,0.86154997,0.86320001
2024-01-31 04:00:00,0.86320001,0.86409998,0.86264998,0.86365002
2024-01-31 08:00:00,0.86379999,0.86430001,0.86189997,0.86299998
2024-01-31 12:00:00,0.86299998,0.86379999,0.85509998,0.85799998
2024-01-31 16:00:00,0.85799998,0.8624,0.85755002,0.86000001
2024-01-31 20:00:00,0.86000001,0.86440003,0.8599,0.86250001
2024-02-01 00:00:00,0.8624,0.8635,0.86189997,0.8628
2024-02-01 04:00:00,0.8628,0.86510003,0.86269999,0.86409998
2024-02-01 08:00:00,0.86400002,0.86479998,0.8624,0.86260003
2024-02-01 12:00:00,0.86260003,0.86379999,0.86110002,0.86150002
2024-02-01 16:00:00,0.86150002,0.86150002,0.85710001,0.85759997
2024-02-01 20:00:00,0.85759997,0.85825002,0.85705,0.85764998
2024-02-02 00:00:00,0.85769999,0.85799998,0.85650003,0.85694999
2024-02-02 04:00:00,0.85689998,0.85780001,0.85664999,0.85750002
2024-02-02 08:00:00,0.85759997,0.85769999,0.85530001,0.85579997
2024-02-02 12:00:00,0.85579997,0.8664,0.85549998,0.86565
2024-02-02 16:00:00,0.86559999,0.86809999,0.86500001,0.86659998
2024-02-04 20:00:00,0.86624998,0.86790001,0.86510003,0.86704999
2024-02-05 00:00:00,0.8671,0.86879998,0.86680001,0.86764997
2024-02-05 04:00:00,0.86769998,0.86870003,0.86720002,0.86785001
2024-02-05 08:00:00,0.86785001,0.87059999,0.86699998,0.86949998
2024-02-05 12:00:00,0.86949998,0.87169999,0.86900002,0.87159997
2024-02-05 16:00:00,0.87155002,0.87190002,0.86954999,0.87050003
2024-02-05 20:00:00,0.87040001,0.87120003,0.86995,0.87080002
2024-02-06 00:00:00,0.87075001,0.87099999,0.87005001,0.87040001
2024-02-06 04:00:00,0.87040001,0.87059999,0.86895001,0.86984998
2024-02-06 08:00:00,0.86979997,0.87300003,0.86970001,0.87220001
2024-02-06 12:00:00,0.87220001,0.87410003,0.87029999,0.87050003
2024-02-06 16:00:00,0.87040001,0.87129998,0.86970001,0.87029999
2024-02-06 20:00:00,0.87029999,0.8707,0.86940002,0.86970001
2024-02-07 00:00:00,0.8696,0.86989999,0.86909997,0.86975002
2024-02-07 04:00:00,0.86970001,0.87015003,0.86884999,0.8696
2024-02-07 08:00:00,0.8696,0.87304997,0.86949998,0.87239999
2024-02-07 12:00:00,0.87239999,0.87265003,0.87040001,0.87180001
2024-02-07 16:00:00,0.87180001,0.87535,0.87159997,0.87449998
2024-02-07 20:00:00,0.87459999,0.875,0.87370002,0.87414998
2024-02-08 00:00:00,0.87419999,0.8743,0.87239999,0.87295002
2024-02-08 04:00:00,0.87295002,0.87379998,0.87260002,0.87325001
2024-02-08 08:00:00,0.87325001,0.87470001,0.87239999,0.8743
2024-02-08 12:00:00,0.87440002,0.8761,0.8739,0.87470001
2024-02-08 16:00:00,0.87465,0.87489998,0.87344998,0.87445003
2024-02-08 20:00:00,0.87440002,0.87449998,0.87309998,0.87344998
2024-02-09 00:00:00,0.87349999,0.8743,0.87325001,0.87414998
2024-02-09 04:00:00,0.87410003,0.875,0.87395,0.87454998
2024-02-09 08:00:00,0.87470001,0.87620002,0.8743,0.87559998
2024-02-09 12:00:00,0.8757,0.87620002,0.87309998,0.875
2024-02-09 16:00:00,0.875,0.87545002,0.87445003,0.87540001
2024-02-09 20:00:00,0.87535,0.8757,0.87440002,0.87480003
2024-02-11 20:00:00,0.87494999,0.87510002,0.87405002,0.8743
2024-02-12 00:00:00,0.87424999,0.87470001,0.87410003,0.87459999
2024-02-12 04:00:00,0.87465,0.87489998,0.87269998,0.87290001
2024-02-12 08:00:00,0.87300003,0.87599999,0.87300003,0.87524998
2024-02-12 12:00:00,0.87519997,0.87730002,0.87494999,0.8761
2024-02-12 16:00:00,0.87620002,0.87639999,0.875,0.87589997
2024-02-12 20:00:00,0.87594998,0.87629998,0.87510002,0.87599999
2024-02-13 00:00:00,0.87589997,0.8768,0.8757,0.87660003
2024-02-13 04:00:00,0.87660003,0.88069999,0.87550002,0.87984997
2024-02-13 08:00:00,0.87975001,0.8818,0.87870002,0.88029999
2024-02-13 12:00:00,0.88029999,0.88749999,0.87809998,0.8865
2024-02-13 16:00:00,0.8865,0.88810003,0.88604999,0.88805002
2024-02-13 20:00:00,0.88800001,0.88810003,0.88639998,0.88744998
2024-02-14 00:00:00,0.88744998,0.8876,0.88620001,0.8865
2024-02-14 04:00:00,0.88660002,0.88700002,0.88569999,0.88674998
2024-02-14 08:00:00,0.88669997,0.88859999,0.88669997,0.88700002
2024-02-14 12:00:00,0.88704997,0.8876,0.8858,0.88634998
2024-02-14 16:00:00,0.88630003,0.88639998,0.88475001,0.8858
2024-02-14 20:00:00,0.88575,0.88630003,0.88510001,0.88524997
2024-02-15 00:00:00,0.88520002,0.88590002,0.88505,0.88550001
2024-02-15 04:00:00,0.88559997,0.88559997,0.88325,0.88389999
2024-02-15 08:00:00,0.88389999,0.88440001,0.88249999,0.88305002
2024-02-15 12:00:00,0.88305002,0.88319999,0.87830001,0.88020003
2024-02-15 16:00:00,0.88029999,0.88145,0.87900001,0.87994999
2024-02-15 20:00:00,0.88,0.88050002,0.87935001,0.87994999
2024-02-16 00:00:00,0.87989998,0.88145,0.87980002,0.88129997
2024-02-16 04:00:00,0.88125002,0.88160002,0.88050002,0.88160002
2024-02-16 08:00:00,0.88155001,0.88185,0.88020003,0.88059998
2024-02-16 12:00:00,0.88059998,0.884,0.88020003,0.88099998
2024-02-16 16:00:00,0.88090003,0.88235003,0.87980002,0.88099998
2024-02-16 20:00:00,0.88099998,0.88139999,0.88050002,0.88050002
2024-02-18 20:00:00,0.8804,0.8818,0.88020003,0.88075
2024-02-19 00:00:00,0.88075,0.88160002,0.87965,0.88150001
2024-02-19 04:00:00,0.88160002,0.88169998,0.88059998,0.88129997
2024-02-19 08:00:00,0.88139999,0.88174999,0.88010001,0.8804
2024-02-19 12:00:00,0.88034999,0.88209999,0.88,0.88200003
2024-02-19 16:00:00,0.88209999,0.8829,0.88164997,0.88260001
2024-02-19 20:00:00,0.88255,0.88300002,0.88080001,0.8829
2024-02-20 00:00:00,0.88284999,0.88340002,0.88260001,0.8829
2024-02-20 04:00:00,0.88295001,0.88349998,0.88249999,0.88344997
2024-02-20 08:00:00,0.88340002,0.88380003,0.88050002,0.88160002
2024-02-20 12:00:00,0.88150001,0.88270003,0.87854999,0.88
2024-02-20 16:00:00,0.88,0.88190001,0.87989998,0.8818
2024-02-20 20:00:00,0.88169998,0.88249999,0.88115001,0.88200003
2024-02-21 00:00:00,0.88190001,0.88209999,0.88045001,0.88069999
2024-02-21 04:00:00,0.88059998,0.88169998,0.88050002,0.8811
2024-02-21 08:00:00,0.8811,0.88190001,0.87970001,0.88029999
2024-02-21 12:00:00,0.88024998,0.88090003,0.8793,0.88090003
2024-02-21 16:00:00,0.88085002,0.88129997,0.87889999,0.87970001
2024-02-21 20:00:00,0.87970001,0.88010001,0.87895,0.87924999
2024-02-22 00:00:00,0.87919998,0.87949997,0.87819999,0.87895
2024-02-22 04:00:00,0.87900001,0.87910002,0.875,0.8761
2024-02-22 08:00:00,0.87599999,0.87879997,0.8743,0.8779
2024-02-22 12:00:00,0.8779,0.88200003,0.87765002,0.88200003
2024-02-22 16:00:00,0.88195002,0.88214999,0.88080001,0.8811
2024-02-22 20:00:00,0.8811,0.88129997,0.88,0.88010001
2024-02-23 00:00:00,0.88015002,0.88090003,0.87984997,0.88055003
2024-02-23 04:00:00,0.88050002,0.88104999,0.88015002,0.88055003
2024-02-23 08:00:00,0.88050002,0.88200003,0.87989998,0.88029999
2024-02-23 12:00:00,0.88010001,0.88169998,0.87809998,0.88090003
2024-02-23 16:00:00,0.88094997,0.8818,0.88024998,0.8811
2024-02-23 20:00:00,0.8811,0.88145,0.88099998,0.88104999
2024-02-25 20:00:00,0.8804,0.88139999,0.88,0.88129997
2024-02-26 00:00:00,0.88134998,0.8822,0.88120002,0.88139999
2024-02-26 04:00:00,0.88139999,0.88150001,0.88029999,0.88069999
2024-02-26 08:00:00,0.88069999,0.88134998,0.87879997,0.87975001
2024-02-26 12:00:00,0.87970001,0.88139999,0.87910002,0.88050002
2024-02-26 16:00:00,0.88059998,0.88129997,0.87994999,0.88080001
2024-02-26 20:00:00,0.88090003,0.88099998,0.87970001,0.88010001
2024-02-27 00:00:00,0.88010001,0.88080001,0.87954998,0.87959999
2024-02-27 04:00:00,0.87959999,0.88020003,0.87844998,0.87910002
2024-02-27 08:00:00,0.87900001,0.88090003,0.8786,0.87980002
2024-02-27 12:00:00,0.87980002,0.8811,0.87849998,0.87924999
2024-02-27 16:00:00,0.87919998,0.88029999,0.87865001,0.87980002
2024-02-27 20:00:00,0.87989998,0.87989998,0.87849998,0.87919998
2024-02-28 00:00:00,0.87910002,0.88,0.87895,0.87959999
2024-02-28 04:00:00,0.87959999,0.88139999,0.87940001,0.88085002
2024-02-28 08:00:00,0.88090003,0.88160002,0.87949997,0.88010001
2024-02-28 12:00:00,0.88,0.8811,0.87919998,0.88
2024-02-28 16:00:00,0.88010001,0.88020003,0.87830001,0.87914997
2024-02-28 20:00:00,0.87919998,0.87980002,0.87849998,0.87875003
2024-02-29 00:00:00,0.87875003,0.87889999,0.87805003,0.87840003
2024-02-29 04:00:00,0.87835002,0.87940001,0.87800002,0.87910002
2024-02-29 08:00:00,0.87910002,0.88080001,0.8779,0.88
2024-02-29 12:00:00,0.88010001,0.88099998,0.8779,0.88069999
2024-02-29 16:00:00,0.88069999,0.88459998,0.88020003,0.88459998
2024-02-29 20:00:00,0.88440001,0.88499999,0.88410002,0.88445002
2024-03-01 00:00:00,0.88450003,0.8847,0.88395,0.88415003
2024-03-01 04:00:00,0.88415003,0.88630003,0.88410002,0.88620001
2024-03-01 08:00:00,0.88620001,0.88709998,0.88475001,0.88485003
2024-03-01 12:00:00,0.88499999,0.88929999,0.88440001,0.88510001
2024-03-01 16:00:00,0.88510001,0.8854,0.88300002,0.88319999
2024-03-01 20:00:00,0.88319999,0.88389999,0.8829,0.88340002
2024-03-03 20:00:00,0.88450003,0.88450003,0.88309997,0.8836
2024-03-04 00:00:00,0.88340002,0.88389999,0.88244998,0.88274997
2024-03-04 04:00:00,0.88274997,0.8836,0.88059998,0.88094997
2024-03-04 08:00:00,0.88099998,0.88410002,0.88090003,0.88380003
2024-03-04 12:00:00,0.88365,0.88639998,0.8836,0.88475001
2024-03-04 16:00:00,0.88480002,0.88510001,0.88389999,0.88499999
2024-03-04 20:00:00,0.88505,0.88550001,0.88435,0.88524997
2024-03-05 00:00:00,0.88520002,0.88595003,0.88489997,0.88510001
2024-03-05 04:00:00,0.88515002,0.88660002,0.88510001,0.88590002
2024-03-05 08:00:00,0.88590002,0.88639998,0.88505,0.88609999
2024-03-05 12:00:00,0.88620001,0.88669997,0.88260001,0.88274997
2024-03-05 16:00:00,0.88270003,0.88410002,0.88260001,0.8836
2024-03-05 20:00:00,0.8836,0.88410002,0.88284999,0.88365
2024-03-06 00:00:00,0.88365,0.88529998,0.8836,0.88464999
2024-03-06 04:00:00,0.88459998,0.8847,0.88380003,0.88429999
2024-03-06 08:00:00,0.88419998,0.88559997,0.88405001,0.88494998
2024-03-06 12:00:00,0.88489997,0.88520002,0.88139999,0.8818
2024-03-06 16:00:00,0.88190001,0.88260001,0.8804,0.88225001
2024-03-06 20:00:00,0.88230002,0.88279998,0.88169998,0.88209999
2024-03-07 00:00:00,0.88209999,0.88239998,0.88120002,0.88169998
2024-03-07 04:00:00,0.88169998,0.88200003,0.88085002,0.88169998
2024-03-07 08:00:00,0.88169998,0.88200003,0.87919998,0.87965
2024-03-07 12:00:00,0.87965,0.8804,0.87835002,0.87900001
2024-03-07 16:00:00,0.87900001,0.87919998,0.87725002,0.87739998
2024-03-07 20:00:00,0.87734997,0.87809998,0.87725002,0.87730002
2024-03-08 00:00:00,0.87734997,0.87779999,0.87669998,0.8775
2024-03-08 04:00:00,0.8775,0.87769997,0.8768,0.87734997
2024-03-08 08:00:00,0.87720001,0.8775,0.87580001,0.87645
2024-03-08 12:00:00,0.87650001,0.87800002,0.87295002,0.87519997
2024-03-08 16:00:00,0.87519997,0.8779,0.87519997,0.87734997
2024-03-08 20:00:00,0.87739998,0.87785,0.87669998,0.87774998
2024-03-10 20:00:00,0.87720001,0.87819999,0.87720001,0.87760001
2024-03-11 00:00:00,0.87760001,0.8779,0.87674999,0.87769997
2024-03-11 04:00:00,0.87769997,0.87800002,0.87589997,0.87589997
2024-03-11 08:00:00,0.87575001,0.87730002,0.87550002,0.87629998
2024-03-11 12:00:00,0.87629998,0.87949997,0.87620002,0.87830001
2024-03-11 16:00:00,0.87830001,0.87889999,0.8775,0.8775
2024-03-11 20:00:00,0.87739998,0.87849998,0.87709999,0.87734997
2024-03-12 00:00:00,0.87739998,0.87769997,0.87695003,0.87739998
2024-03-12 04:00:00,0.87739998,0.87760001,0.87645,0.87669998
2024-03-12 08:00:00,0.8768,0.87699997,0.87575001,0.87634999
2024-03-12 12:00:00,0.87620002,0.87949997,0.87475002,0.87830001
2024-03-12 16:00:00,0.87819999,0.87870002,0.87744999,0.87744999
2024-03-12 20:00:00,0.8775,0.8779,0.87699997,0.87739998
2024-03-13 00:00:00,0.87739998,0.87779999,0.87725002,0.87765002
2024-03-13 04:00:00,0.87769997,0.87830001,0.87739998,0.87800002
2024-03-13 08:00:00,0.8779,0.87895,0.87720001,0.87769997
2024-03-13 12:00:00,0.87760001,0.87809998,0.87660003,0.87795001
2024-03-13 16:00:00,0.87800002,0.87910002,0.87685001,0.87879997
2024-03-13 20:00:00,0.87875003,0.87940001,0.87830001,0.87844998
2024-03-14 00:00:00,0.87840003,0.87945002,0.87819999,0.87935001
2024-03-14 04:00:00,0.8793,0.88015002,0.87924999,0.88010001
2024-03-14 08:00:00,0.88,0.88029999,0.8786,0.87870002
2024-03-14 12:00:00,0.87849998,0.88389999,0.87819999,0.88344997
2024-03-14 16:00:00,0.88349998,0.88410002,0.88249999,0.88365
2024-03-14 20:00:00,0.88354999,0.88440001,0.88319999,0.88429999
2024-03-15 00:00:00,0.88429999,0.88510001,0.88410002,0.88480002
2024-03-15 04:00:00,0.88480002,0.88510001,0.88410002,0.88494998
2024-03-15 08:00:00,0.88494998,0.88529998,0.88190001,0.88200003
2024-03-15 12:00:00,0.88200003,0.88415003,0.88185,0.88365
2024-03-15 16:00:00,0.88370001,0.88450003,0.88325,0.88370001
2024-03-15 20:00:00,0.8836,0.88389999,0.88340002,0.88380003
2024-03-17 20:00:00,0.88349998,0.88370001,0.88319999,0.8836
2024-03-18 00:00:00,0.8836,0.884,0.88274997,0.88335001
2024-03-18 04:00:00,0.88330001,0.88419998,0.88319999,0.884
2024-03-18 08:00:00,0.88410002,0.88450003,0.88209999,0.88260001
2024-03-18 12:00:00,0.88260001,0.88639998,0.88239998,0.88620001
2024-03-18 16:00:00,0.88630003,0.88840002,0.88620001,0.88835001
2024-03-18 20:00:00,0.88840002,0.88849998,0.88639998,0.8876
2024-03-19 00:00:00,0.88749999,0.88889998,0.88744998,0.88810003
2024-03-19 04:00:00,0.88810003,0.88959998,0.88779998,0.88940001
2024-03-19 08:00:00,0.88945001,0.88990003,0.88709998,0.88765001
2024-03-19 12:00:00,0.88755,0.88880002,0.88669997,0.88819999
2024-03-19 16:00:00,0.88819999,0.88859999,0.88749999,0.88814998
2024-03-19 20:00:00,0.88819999,0.88870001,0.88735002,0.88854998
2024-03-20 00:00:00,0.88854998,0.88929999,0.88849998,0.88859999
2024-03-20 04:00:00,0.88854998,0.88990003,0.88849998,0.88980001
2024-03-20 08:00:00,0.88980001,0.8919,0.88954997,0.89069998
2024-03-20 12:00:00,0.89069998,0.89170003,0.89020002,0.89109999
2024-03-20 16:00:00,0.89130002,0.89170003,0.88595003,0.88665003
2024-03-20 20:00:00,0.88669997,0.8872,0.8854,0.88569999
2024-03-21 00:00:00,0.88569999,0.8858,0.88389999,0.88499999
2024-03-21 04:00:00,0.88499999,0.88599998,0.88450003,0.8854
2024-03-21 08:00:00,0.8854,0.89749998,0.8854,0.89319998
2024-03-21 12:00:00,0.89319998,0.89929998,0.89270002,0.89929998
2024-03-21 16:00:00,0.89920002,0.8994,0.89789999,0.89805001
2024-03-21 20:00:00,0.89810002,0.89829999,0.89740002,0.89770001
2024-03-22 00:00:00,0.89780003,0.89955002,0.89705002,0.89915001
2024-03-22 04:00:00,0.89910001,0.89960003,0.89819998,0.89920002
2024-03-22 08:00:00,0.89920002,0.90210003,0.89910001,0.90065002
2024-03-22 12:00:00,0.9005,0.90079999,0.89700001,0.89829999
2024-03-22 16:00:00,0.89829999,0.89899999,0.89775002,0.898
2024-03-22 20:00:00,0.898,0.89810002,0.89649999,0.89770001
2024-03-24 20:00:00,0.89719999,0.89780003,0.89705002,0.89780003
2024-03-25 00:00:00,0.89770001,0.89850003,0.89695001,0.89780003
2024-03-25 04:00:00,0.89770001,0.89819998,0.89705002,0.89819998
2024-03-25 08:00:00,0.89810002,0.89880002,0.89740002,0.89789999
2024-03-25 12:00:00,0.89794999,0.89845002,0.89695001,0.89829999
2024-03-25 16:00:00,0.89829999,0.89929998,0.89810002,0.89915001
2024-03-25 20:00:00,0.89910001,0.89990002,0.89880002,0.89950001
2024-03-26 00:00:00,0.89950001,0.90065002,0.89910001,0.9005
2024-03-26 04:00:00,0.9005,0.90100002,0.89960003,0.90090001
2024-03-26 08:00:00,0.90090001,0.90235001,0.90009999,0.90210003
2024-03-26 12:00:00,0.90210003,0.90445,0.90149999,0.90280002
2024-03-26 16:00:00,0.90280002,0.90420002,0.90270001,0.9041
2024-03-26 20:00:00,0.9041,0.90420002,0.90329999,0.90375
2024-03-27 00:00:00,0.90369999,0.90429997,0.90329999,0.90399998
2024-03-27 04:00:00,0.90399998,0.90560001,0.90355003,0.90539998
2024-03-27 08:00:00,0.90539998,0.90689999,0.90375,0.90670002
2024-03-27 12:00:00,0.90670002,0.90719998,0.90499997,0.90560001
2024-03-27 16:00:00,0.90560001,0.90609998,0.90464997,0.90464997
2024-03-27 20:00:00,0.90469998,0.90579998,0.90359998,0.90565002
2024-03-28 00:00:00,0.90549999,0.90649998,0.90429997,0.90495002
2024-03-28 04:00:00,0.90490001,0.90649998,0.90460002,0.90555
2024-03-28 08:00:00,0.90555,0.90644997,0.90504998,0.90570003
2024-03-28 12:00:00,0.90570003,0.9059,0.9005,0.90060002
2024-03-28 16:00:00,0.90060002,0.9023,0.89995003,0.90189999
2024-03-28 20:00:00,0.90179998,0.90249997,0.90069997,0.90130001
2024-03-29 00:00:00,0.9012,0.90289998,0.9012,0.90219998
2024-03-29 04:00:00,0.9023,0.903,0.90069997,0.90165001
2024-03-29 08:00:00,0.90189999,0.90245003,0.90095001,0.90149999
2024-03-29 12:00:00,0.9016,0.90240002,0.90095001,0.90200001
2024-03-29 16:00:00,0.90189999,0.903,0.90154999,0.90210003
2024-03-29 20:00:00,0.90189999,0.90249997,0.90100002,0.90195
2024-03-31 20:00:00,0.90179998,0.9023,0.90100002,0.90200001
2024-04-01 00:00:00,0.90200001,0.90240002,0.90130001,0.9016
2024-04-01 04:00:00,0.9016,0.90210003,0.90104997,0.90109998
2024-04-01 08:00:00,0.90114999,0.90214998,0.9005,0.9016
2024-04-01 12:00:00,0.90165001,0.90565002,0.90135002,0.90555
2024-04-01 16:00:00,0.90549999,0.90570003,0.90420002,0.90450001
2024-04-01 20:00:00,0.90450001,0.90530002,0.90399998,0.90509999
2024-04-02 00:00:00,0.9052,0.90640002,0.90499997,0.90635002
2024-04-02 04:00:00,0.90635002,0.90829998,0.90605003,0.90775001
2024-04-02 08:00:00,0.90789998,0.90915,0.90775001,0.90789998
2024-04-02 12:00:00,0.90794998,0.90864998,0.90530002,0.90724999
2024-04-02 16:00:00,0.90710002,0.90880001,0.90665001,0.9077
2024-04-02 20:00:00,0.90764999,0.90820003,0.90754998,0.90780002
2024-04-03 00:00:00,0.90780002,0.90869999,0.9077,0.90815002
2024-04-03 04:00:00,0.90820003,0.90960002,0.90789998,0.90845001
2024-04-03 08:00:00,0.90850002,0.90930003,0.90789998,0.90810001
2024-04-03 12:00:00,0.90810001,0.90930003,0.90329999,0.90380001
2024-04-03 16:00:00,0.90390003,0.90490001,0.90294999,0.90324998
2024-04-03 20:00:00,0.90329999,0.9034,0.90265,0.90294999
2024-04-04 00:00:00,0.90305001,0.90350002,0.90270001,0.90329999
2024-04-04 04:00:00,0.90335,0.90740001,0.90265,0.90670002
2024-04-04 08:00:00,0.90670002,0.9073,0.90560001,0.90724999
2024-04-04 12:00:00,0.90719998,0.90750003,0.90385002,0.90495002
2024-04-04 16:00:00,0.90499997,0.90509999,0.90100002,0.90125
2024-04-04 20:00:00,0.9012,0.90280002,0.90079999,0.90154999
2024-04-05 00:00:00,0.9016,0.90270001,0.9012,0.90235001
2024-04-05 04:00:00,0.90235001,0.90445,0.90149999,0.90420002
2024-04-05 08:00:00,0.90420002,0.90450001,0.90270001,0.90350002
2024-04-05 12:00:00,0.90350002,0.90719998,0.8998,0.90060002
2024-04-05 16:00:00,0.90055001,0.90270001,0.90030003,0.9023
2024-04-05 20:00:00,0.90224999,0.90259999,0.90179998,0.90200001
2024-04-07 21:00:00,0.90355003,0.9041,0.90289998,0.90399998
2024-04-08 01:00:00,0.9041,0.90420002,0.90240002,0.90399998
2024-04-08 05:00:00,0.90399998,0.90600002,0.903,0.90570003
2024-04-08 09:00:00,0.90570003,0.90649998,0.90469998,0.90485001
2024-04-08 13:00:00,0.90490001,0.90619999,0.90399998,0.90549999
2024-04-08 17:00:00,0.90565002,0.90600002,0.90429997,0.90560001
2024-04-08 21:00:00,0.90570003,0.90600002,0.90469998,0.90555
2024-04-09 01:00:00,0.90549999,0.90570003,0.90474999,0.90485001
2024-04-09 05:00:00,0.90490001,0.90530002,0.90394998,0.90450001
2024-04-09 09:00:00,0.90450001,0.90460002,0.90170002,0.90189999
2024-04-09 13:00:00,0.90200001,0.90399998,0.90130001,0.90350002
2024-04-09 17:00:00,0.90350002,0.90420002,0.90324998,0.90355003
2024-04-09 21:00:00,0.90369999,0.90429997,0.90294999,0.9034
2024-04-10 01:00:00,0.9034,0.9041,0.90319997,0.90385002
2024-04-10 05:00:00,0.90390003,0.90429997,0.90284997,0.90364999
2024-04-10 09:00:00,0.90359998,0.90990001,0.90249997,0.9091
2024-04-10 13:00:00,0.9091,0.91430002,0.90899998,0.91409999
2024-04-10 17:00:00,0.91420001,0.91479999,0.91149998,0.91280001
2024-04-10 21:00:00,0.91289997,0.91360003,0.91245002,0.91315001
2024-04-11 01:00:00,0.91320002,0.91329998,0.91229999,0.91259998
2024-04-11 05:00:00,0.91250002,0.91469997,0.91224998,0.91385001
2024-04-11 09:00:00,0.9138,0.91409999,0.90740001,0.90894997
2024-04-11 13:00:00,0.90890002,0.91240001,0.90890002,0.91060001
2024-04-11 17:00:00,0.91039997,0.91060001,0.90859997,0.91004997
2024-04-11 21:00:00,0.90979999,0.91060001,0.90930003,0.90974998
2024-04-12 01:00:00,0.90969998,0.9113,0.90930003,0.91119999
2024-04-12 05:00:00,0.91119999,0.91320002,0.91070002,0.9127
2024-04-12 09:00:00,0.9127,0.91369998,0.91070002,0.91140002
2024-04-12 13:00:00,0.91140002,0.91280001,0.91030002,0.91250002
2024-04-12 17:00:00,0.91240001,0.91479999,0.91219997,0.91420001
2024-04-14 21:00:00,0.91329998,0.91439998,0.91329998,0.91439998
2024-04-15 01:00:00,0.91420001,0.91479999,0.91320002,0.91420001
2024-04-15 05:00:00,0.91425002,0.91444999,0.91219997,0.91275001
2024-04-15 09:00:00,0.91289997,0.9152,0.91224998,0.91360003
2024-04-15 13:00:00,0.91339999,0.91530001,0.91280001,0.91334999
2024-04-15 17:00:00,0.91339999,0.91350001,0.91140002,0.91159999
2024-04-15 21:00:00,0.91165,0.91320002,0.91140002,0.91289997
2024-04-16 01:00:00,0.91280001,0.9138,0.91240001,0.91280001
2024-04-16 05:00:00,0.91280001,0.91420001,0.91180003,0.91334999
2024-04-16 09:00:00,0.91320002,0.91355002,0.91119999,0.912
2024-04-16 13:00:00,0.91210002,0.9138,0.91180003,0.91235
2024-04-16 17:00:00,0.91250002,0.91399997,0.91189998,0.91289997
2024-04-16 21:00:00,0.91299999,0.91339999,0.91215003,0.91229999
2024-04-17 01:00:00,0.91229999,0.91259998,0.91184998,0.91250002
2024-04-17 05:00:00,0.91240001,0.91329998,0.90930003,0.90990001
2024-04-17 09:00:00,0.91009998,0.91189998,0.90990001,0.91180003
2024-04-17 13:00:00,0.91170001,0.91320002,0.91049999,0.91100001
2024-04-17 17:00:00,0.91100001,0.91119999,0.90960002,0.9109
2024-04-17 21:00:00,0.91074997,0.9113,0.91030002,0.91044998
2024-04-18 01:00:00,0.91039997,0.91100001,0.90960002,0.91009998
2024-04-18 05:00:00,0.91009998,0.91025001,0.90815002,0.90855002
2024-04-18 09:00:00,0.90859997,0.91030002,0.90820003,0.9095
2024-04-18 13:00:00,0.9095,0.91229999,0.90930003,0.91175002
2024-04-18 17:00:00,0.91189998,0.91259998,0.9113,0.91219997
2024-04-18 21:00:00,0.91210002,0.91320002,0.91175002,0.91205001
2024-04-19 01:00:00,0.912,0.91205001,0.9012,0.90829998
2024-04-19 05:00:00,0.90829998,0.90955001,0.90700001,0.9084
2024-04-19 09:00:00,0.90850002,0.9095,0.90714997,0.90799999
2024-04-19 13:00:00,0.90789998,0.9102,0.90740001,0.90990001
2024-04-19 17:00:00,0.90990001,0.91070002,0.90930003,0.91049999
2024-04-21 21:00:00,0.91070002,0.91140002,0.91025001,0.91109997
2024-04-22 01:00:00,0.91109997,0.91229999,0.9102,0.91170001
2024-04-22 05:00:00,0.91165,0.91229999,0.90985,0.9109
2024-04-22 09:00:00,0.91100001,0.91210002,0.91049999,0.91109997
2024-04-22 13:00:00,0.91125,0.91240001,0.91055,0.91170001
2024-04-22 17:00:00,0.91165,0.91219997,0.91065001,0.912
2024-04-22 21:00:00,0.91210002,0.91259998,0.9113,0.91149998
2024-04-23 01:00:00,0.91145003,0.91240001,0.9113,0.91240001
2024-04-23 05:00:00,0.91229999,0.9131,0.9102,0.91180003
2024-04-23 09:00:00,0.91189998,0.91250002,0.91070002,0.91149998
2024-04-23 13:00:00,0.91149998,0.91250002,0.90869999,0.91170001
2024-04-23 17:00:00,0.91140002,0.91210002,0.91060001,0.91194999
2024-04-23 21:00:00,0.91184998,0.91210002,0.9113,0.91149998
2024-04-24 01:00:00,0.91154999,0.91189998,0.9113,0.91170001
2024-04-24 05:00:00,0.91170001,0.91469997,0.91154999,0.91420001
2024-04-24 09:00:00,0.91430002,0.91530001,0.91325003,0.91325003
2024-04-24 13:00:00,0.91329998,0.91434997,0.91205001,0.91390002
2024-04-24 17:00:00,0.91390002,0.91530001,0.9131,0.91509998
2024-04-24 21:00:00,0.91509998,0.91540003,0.91399997,0.91444999
2024-04-25 01:00:00,0.91439998,0.9149,0.91404998,0.9145
2024-04-25 05:00:00,0.91444999,0.9145,0.91250002,0.91259998
2024-04-25 09:00:00,0.91259998,0.9156,0.91210002,0.91530001
2024-04-25 13:00:00,0.9152,0.91570002,0.9127,0.91294998
2024-04-25 17:00:00,0.91299999,0.9131,0.91165,0.91224998
2024-04-25 21:00:00,0.91205001,0.91329998,0.91194999,0.91289997
2024-04-26 01:00:00,0.91289997,0.91350001,0.91259998,0.91320002
2024-04-26 05:00:00,0.91320002,0.91339999,0.90960002,0.91159999
2024-04-26 09:00:00,0.91159999,0.91339999,0.9109,0.9131
2024-04-26 13:00:00,0.91299999,0.91509998,0.91210002,0.91390002
2024-04-26 17:00:00,0.91390002,0.9149,0.91305,0.91430002
2024-04-28 21:00:00,0.91399997,0.91399997,0.91294998,0.91320002
2024-04-29 01:00:00,0.91315001,0.91530001,0.9102,0.91070002
2024-04-29 05:00:00,0.9109,0.9131,0.90969998,0.91170001
2024-04-29 09:00:00,0.91165,0.91240001,0.91105002,0.91219997
2024-04-29 13:00:00,0.91210002,0.91329998,0.90885001,0.90985
2024-04-29 17:00:00,0.90990001,0.91079998,0.90955001,0.91049999
2024-04-29 21:00:00,0.91060001,0.91140002,0.90995002,0.91109997
2024-04-30 01:00:00,0.91109997,0.912,0.91084999,0.9113
2024-04-30 05:00:00,0.91135001,0.9138,0.9113,0.91229999
2024-04-30 09:00:00,0.91229999,0.91540003,0.91049999,0.9149
2024-04-30 13:00:00,0.91479999,0.91860002,0.91294998,0.91769999
2024-04-30 17:00:00,0.91769999,0.91960001,0.91729999,0.91939998
2024-04-30 21:00:00,0.91925001,0.92009997,0.91839999,0.91995001
2024-05-01 01:00:00,0.92000002,0.9217,0.91970003,0.92140001
2024-05-01 05:00:00,0.92119998,0.9224,0.92065001,0.92105001
2024-05-01 09:00:00,0.92119998,0.92129999,0.91925001,0.91970003
2024-05-01 13:00:00,0.91970003,0.92030001,0.91869998,0.92009997
2024-05-01 17:00:00,0.92009997,0.92079997,0.91455001,0.91565001
2024-05-01 21:00:00,0.9156,0.91720003,0.91549999,0.91684997
2024-05-02 01:00:00,0.91689998,0.91734999,0.91619998,0.91640002
2024-05-02 05:00:00,0.91640002,0.91670001,0.91000003,0.9127
2024-05-02 09:00:00,0.9127,0.91299999,0.9109,0.91210002
2024-05-02 13:00:00,0.91229999,0.91390002,0.91100001,0.91159999
2024-05-02 17:00:00,0.91159999,0.912,0.90979999,0.91060001
2024-05-02 21:00:00,0.91060001,0.9109,0.90944999,0.90955001
2024-05-03 01:00:00,0.90960002,0.90979999,0.90885001,0.9095
2024-05-03 05:00:00,0.90960002,0.90960002,0.90710002,0.90780002
2024-05-03 09:00:00,0.90780002,0.90810001,0.90069997,0.90310001
2024-05-03 13:00:00,0.90310001,0.90625,0.90270001,0.90565002
2024-05-03 17:00:00,0.90570003,0.90600002,0.90469998,0.90515
2024-05-05 21:00:00,0.90549999,0.90619999,0.90485001,0.90570003
2024-05-06 01:00:00,0.90560001,0.90630001,0.90509999,0.90605003
2024-05-06 05:00:00,0.90609998,0.90640002,0.90415001,0.90464997
2024-05-06 09:00:00,0.90469998,0.90609998,0.90380001,0.90390003
2024-05-06 13:00:00,0.90380001,0.90640002,0.90355003,0.90619999
2024-05-06 17:00:00,0.90609998,0.90670002,0.90584999,0.90630001
2024-05-06 21:00:00,0.90605003,0.90700001,0.90570003,0.90614998
2024-05-07 01:00:00,0.90614998,0.9077,0.9059,0.90710002
2024-05-07 05:00:00,0.90710002,0.90810001,0.90605003,0.90780002
2024-05-07 09:00:00,0.90780002,0.90864998,0.90649998,0.90675002
2024-05-07 13:00:00,0.9066,0.90810001,0.90579998,0.9077
2024-05-07 17:00:00,0.9077,0.90939999,0.90750003,0.9084
2024-05-07 21:00:00,0.9084,0.90899998,0.90799999,0.90864998
2024-05-08 01:00:00,0.90869999,0.90934998,0.90845001,0.90920001
2024-05-08 05:00:00,0.90915,0.90960002,0.90829998,0.90834999
2024-05-08 09:00:00,0.90829998,0.90930003,0.90780002,0.90845001
2024-05-08 13:00:00,0.90845001,0.90899998,0.9073,0.90820003
2024-05-08 17:00:00,0.90810001,0.90829998,0.90759999,0.90805
2024-05-08 21:00:00,0.90789998,0.90859997,0.90754998,0.9084
2024-05-09 01:00:00,0.90845001,0.90869999,0.90799999,0.9084
2024-05-09 05:00:00,0.9084,0.90960002,0.90824997,0.90944999
2024-05-09 09:00:00,0.90944999,0.91000003,0.90640002,0.90740001
2024-05-09 13:00:00,0.9073,0.90829998,0.90595001,0.90675002
2024-05-09 17:00:00,0.90675002,0.90689999,0.90555,0.9059
2024-05-09 21:00:00,0.90600002,0.9066,0.90539998,0.90635002
2024-05-10 01:00:00,0.90630001,0.90710002,0.90595001,0.90665001
2024-05-10 05:00:00,0.9066,0.90710002,0.90560001,0.90635002
2024-05-10 09:00:00,0.90630001,0.90789998,0.90584999,0.90750003
2024-05-10 13:00:00,0.90750003,0.90859997,0.90584999,0.90614998
2024-05-10 17:00:00,0.90609998,0.90665001,0.90555,0.90619999
2024-05-12 21:00:00,0.90630001,0.90670002,0.90614998,0.90644997
2024-05-13 01:00:00,0.90649998,0.90710002,0.90635002,0.90684998
2024-05-13 05:00:00,0.90700001,0.90710002,0.90619999,0.90640002
2024-05-13 09:00:00,0.90649998,0.90759999,0.90530002,0.90549999
2024-05-13 13:00:00,0.90560001,0.90780002,0.90450001,0.90735
2024-05-13 17:00:00,0.90735,0.90880001,0.90735,0.9084
2024-05-13 21:00:00,0.90810001,0.90869999,0.90789998,0.90829998
2024-05-14 01:00:00,0.9084,0.90890002,0.90829998,0.90864998
2024-05-14 05:00:00,0.90869999,0.90890002,0.90740001,0.90740001
2024-05-14 09:00:00,0.90750003,0.91030002,0.90710002,0.90740001
2024-05-14 13:00:00,0.90740001,0.90789998,0.90549999,0.90654999
2024-05-14 17:00:00,0.90649998,0.90700001,0.90635002,0.90635002
2024-05-14 21:00:00,0.90649998,0.90710002,0.90605003,0.90654999
2024-05-15 01:00:00,0.9066,0.90665001,0.90579998,0.90614998
2024-05-15 05:00:00,0.90614998,0.90619999,0.90439999,0.90509999
2024-05-15 09:00:00,0.90499997,0.90579998,0.90149999,0.90350002
2024-05-15 13:00:00,0.90359998,0.90630001,0.90270001,0.903
2024-05-15 17:00:00,0.903,0.90359998,0.90200001,0.9023
2024-05-15 21:00:00,0.90219998,0.90310001,0.89885002,0.89889997
2024-05-16 01:00:00,0.89899999,0.90079999,0.89894998,0.90069997
2024-05-16 05:00:00,0.90060002,0.9023,0.8998,0.90214998
2024-05-16 09:00:00,0.90210003,0.90445,0.9016,0.90439999
2024-05-16 13:00:00,0.90450001,0.90579998,0.90399998,0.9048
2024-05-16 17:00:00,0.90469998,0.90630001,0.90429997,0.90619999
2024-05-16 21:00:00,0.90609998,0.9073,0.90544999,0.90689999
2024-05-17 01:00:00,0.90679997,0.90750003,0.90665001,0.9073
2024-05-17 05:00:00,0.90724999,0.90990001,0.90640002,0.90894997
2024-05-17 09:00:00,0.90899998,0.90979999,0.90845001,0.90869999
2024-05-17 13:00:00,0.90869999,0.9091,0.90670002,0.90799999
2024-05-17 17:00:00,0.90810001,0.90920001,0.90750003,0.9091
2024-05-19 21:00:00,0.90899998,0.9095,0.90875,0.90925002
2024-05-20 01:00:00,0.90920001,0.90979999,0.90894997,0.90930003
2024-05-20 05:00:00,0.90930003,0.91009998,0.90869999,0.90890002
2024-05-20 09:00:00,0.90894997,0.9109,0.90850002,0.91060001
2024-05-20 13:00:00,0.91060001,0.91060001,0.90789998,0.90930003
2024-05-20 17:00:00,0.90939999,0.9109,0.9091,0.91070002
2024-05-20 21:00:00,0.91044998,0.91119999,0.91004997,0.91070002
2024-05-21 01:00:00,0.91070002,0.91170001,0.91060001,0.91079998
2024-05-21 05:00:00,0.91074997,0.91100001,0.90955001,0.91000003
2024-05-21 09:00:00,0.91000003,0.9102,0.90869999,0.91000003
2024-05-21 13:00:00,0.91049999,0.9113,0.90899998,0.91065001
2024-05-21 17:00:00,0.91065001,0.91149998,0.91065001,0.9109
2024-05-21 21:00:00,0.91114998,0.91149998,0.91060001,0.91114998
2024-05-22 01:00:00,0.91109997,0.91170001,0.91065001,0.91154999
2024-05-22 05:00:00,0.91159999,0.91345,0.91095001,0.91280001
2024-05-22 09:00:00,0.91285002,0.91589999,0.9127,0.91439998
2024-05-22 13:00:00,0.91430002,0.91465002,0.91329998,0.91385001
2024-05-22 17:00:00,0.91390002,0.91584998,0.9138,0.91575003
2024-05-22 21:00:00,0.91565001,0.91575003,0.91479999,0.91514999
2024-05-23 01:00:00,0.9152,0.91540003,0.91430002,0.91469997
2024-05-23 05:00:00,0.91469997,0.91540003,0.91399997,0.91455001
2024-05-23 09:00:00,0.91460001,0.91469997,0.91259998,0.91350001
2024-05-23 13:00:00,0.91350001,0.9152,0.91259998,0.9149
2024-05-23 17:00:00,0.91479999,0.91530001,0.91420001,0.91430002
2024-05-23 21:00:00,0.91425002,0.9152,0.91409999,0.91474998
2024-05-24 01:00:00,0.91469997,0.91549999,0.91444999,0.91525
2024-05-24 05:00:00,0.91530001,0.9156,0.91430002,0.9149
2024-05-24 09:00:00,0.9149,0.91589999,0.91430002,0.91469997
2024-05-24 13:00:00,0.91465002,0.9152,0.91339999,0.91439998
2024-05-24 17:00:00,0.91425002,0.9149,0.9138,0.91479999
2024-05-26 21:00:00,0.91430002,0.91469997,0.91420001,0.91460001
2024-05-27 01:00:00,0.91455001,0.91469997,0.91399997,0.91444999
2024-05-27 05:00:00,0.9145,0.91540003,0.91415,0.91444999
2024-05-27 09:00:00,0.91455001,0.91530001,0.91329998,0.91479999
2024-05-27 13:00:00,0.91469997,0.9149,0.9131,0.91355002
2024-05-27 17:00:00,0.91360003,0.9138,0.91339999,0.91364998
2024-05-27 21:00:00,0.91390002,0.9145,0.91259998,0.91294998
2024-05-28 01:00:00,0.91299999,0.91299999,0.91170001,0.912
2024-05-28 05:00:00,0.91210002,0.91250002,0.91100001,0.91205001
2024-05-28 09:00:00,0.91205001,0.91219997,0.90850002,0.90995002
2024-05-28 13:00:00,0.91000003,0.91170001,0.90930003,0.91100001
2024-05-28 17:00:00,0.91105002,0.91250002,0.9109,0.91245002
2024-05-28 21:00:00,0.91219997,0.91289997,0.91180003,0.91245002
2024-05-29 01:00:00,0.91240001,0.91280001,0.91184998,0.91259998
2024-05-29 05:00:00,0.91250002,0.91329998,0.91175002,0.9127
2024-05-29 09:00:00,0.9127,0.91439998,0.9113,0.91165
2024-05-29 13:00:00,0.91159999,0.91409999,0.91159999,0.91360003
2024-05-29 17:00:00,0.91360003,0.91399997,0.91320002,0.91329998
2024-05-29 21:00:00,0.91320002,0.9138,0.91294998,0.91345
2024-05-30 01:00:00,0.91350001,0.91420001,0.9127,0.91294998
2024-05-30 05:00:00,0.9131,0.91320002,0.90700001,0.90710002
2024-05-30 09:00:00,0.90710002,0.90780002,0.9048,0.90509999
2024-05-30 13:00:00,0.90499997,0.90570003,0.90319997,0.90399998
2024-05-30 17:00:00,0.90390003,0.90399998,0.90310001,0.90335
2024-05-30 21:00:00,0.9034,0.90399998,0.90240002,0.90289998
2024-05-31 01:00:00,0.90289998,0.90429997,0.90259999,0.90399998
2024-05-31 05:00:00,0.9041,0.90609998,0.90390003,0.90609998
2024-05-31 09:00:00,0.90609998,0.90700001,0.90289998,0.90319997
2024-05-31 13:00:00,0.90319997,0.9041,0.90020001,0.90324998
2024-05-31 17:00:00,0.90329999,0.90345001,0.90219998,0.90219998
2024-06-02 21:00:00,0.90200001,0.90210003,0.90079999,0.90095001
2024-06-03 01:00:00,0.90104997,0.90170002,0.9005,0.90144998
2024-06-03 05:00:00,0.90144998,0.90319997,0.90095001,0.90265
2024-06-03 09:00:00,0.90270001,0.90359998,0.90039998,0.90114999
2024-06-03 13:00:00,0.90109998,0.90130001,0.89504999,0.89545
2024-06-03 17:00:00,0.89560002,0.89639997,0.89504999,0.89569998
2024-06-03 21:00:00,0.89545,0.89660001,0.89464998,0.89529997
2024-06-04 01:00:00,0.89525002,0.89609998,0.89520001,0.89569998
2024-06-04 05:00:00,0.89569998,0.89719999,0.8933,0.89515001
2024-06-04 09:00:00,0.89520001,0.89600003,0.89214998,0.89335001
2024-06-04 13:00:00,0.89335001,0.89380002,0.88910002,0.88929999
2024-06-04 17:00:00,0.88929999,0.89029998,0.88840002,0.89029998
2024-06-04 21:00:00,0.8901,0.89090002,0.88964999,0.89045
2024-06-05 01:00:00,0.89039999,0.89120001,0.89020002,0.89109999
2024-06-05 05:00:00,0.89099997,0.89319998,0.89090002,0.89219999
2024-06-05 09:00:00,0.89219999,0.89300001,0.8919,0.89200002
2024-06-05 13:00:00,0.89200002,0.89490002,0.89139998,0.89380002
2024-06-05 17:00:00,0.89385003,0.8944,0.89305001,0.89349997
2024-06-05 21:00:00,0.89380002,0.89420003,0.89139998,0.89144999
2024-06-06 01:00:00,0.89139998,0.89144999,0.89039999,0.89120001
2024-06-06 05:00:00,0.89109999,0.89319998,0.89085001,0.89200002
2024-06-06 09:00:00,0.89209998,0.89219999,0.89034998,0.89174998
2024-06-06 13:00:00,0.89179999,0.89300001,0.89109999,0.89160001
2024-06-06 17:00:00,0.89160001,0.89200002,0.88919997,0.88924998
2024-06-06 21:00:00,0.88964999,0.89050001,0.88910002,0.89025003
2024-06-07 01:00:00,0.89020002,0.89069998,0.88954997,0.88990003
2024-06-07 05:00:00,0.88990003,0.89029998,0.88810003,0.88945001
2024-06-07 09:00:00,0.88940001,0.89590001,0.88884997,0.89529997
2024-06-07 13:00:00,0.89539999,0.8973,0.89520001,0.89625001
2024-06-07 17:00:00,0.8962,0.89684999,0.89604998,0.89665002
2024-06-09 21:00:00,0.89630002,0.8969,0.89579999,0.89674997
2024-06-10 01:00:00,0.89674997,0.898,0.89649999,0.89740002
2024-06-10 05:00:00,0.89744997,0.89829999,0.89660001,0.89700001
2024-06-10 09:00:00,0.89709997,0.89709997,0.89539999,0.89679998
2024-06-10 13:00:00,0.89679998,0.89749998,0.89595002,0.8969
2024-06-10 17:00:00,0.89665002,0.89700001,0.8962,0.89660001
2024-06-10 21:00:00,0.89649999,0.89719999,0.89569998,0.89700001
2024-06-11 01:00:00,0.89700001,0.89709997,0.89639997,0.89670002
2024-06-11 05:00:00,0.89665002,0.89740002,0.89590001,0.8969
2024-06-11 09:00:00,0.89665002,0.89749998,0.89604998,0.89719999
2024-06-11 13:00:00,0.89719999,0.89934999,0.89714998,0.89850003
2024-06-11 17:00:00,0.89850003,0.89859998,0.89679998,0.89765
2024-06-11 21:00:00,0.8976,0.89840001,0.89719999,0.89829999
2024-06-12 01:00:00,0.89829999,0.89840001,0.89740002,0.89789999
2024-06-12 05:00:00,0.89789999,0.898,0.89639997,0.89665002
2024-06-12 09:00:00,0.89660001,0.89700001,0.88929999,0.89050001
2024-06-12 13:00:00,0.89050001,0.89300001,0.89025003,0.89139998
2024-06-12 17:00:00,0.89130002,0.89499998,0.89115,0.8944
2024-06-12 21:00:00,0.89434999,0.89469999,0.89359999,0.89399999
2024-06-13 01:00:00,0.89410001,0.8955,0.89389998,0.89539999
2024-06-13 05:00:00,0.89545,0.89609998,0.89485002,0.89545
2024-06-13 09:00:00,0.89545,0.89679998,0.8933,0.89469999
2024-06-13 13:00:00,0.89480001,0.89600003,0.89319998,0.89469999
2024-06-13 17:00:00,0.89469999,0.89469999,0.89335001,0.89380002
2024-06-13 21:00:00,0.8937,0.89469999,0.8933,0.89410001
2024-06-14 01:00:00,0.89399999,0.8944,0.89319998,0.89424998
2024-06-14 05:00:00,0.89420003,0.89490002,0.89120001,0.89219999
2024-06-14 09:00:00,0.89209998,0.89445001,0.89165002,0.89240003
2024-06-14 13:00:00,0.89230001,0.89279997,0.8897,0.89050001
2024-06-14 17:00:00,0.89069998,0.89069998,0.88940001,0.89015001
2024-06-16 21:00:00,0.89039999,0.89099997,0.89029998,0.89050001
2024-06-17 01:00:00,0.89055002,0.89099997,0.89029998,0.89050001
2024-06-17 05:00:00,0.89050001,0.89200002,0.89029998,0.89200002
2024-06-17 09:00:00,0.89179999,0.8933,0.89170003,0.89300001
2024-06-17 13:00:00,0.89300001,0.89300001,0.89085001,0.89090002
2024-06-17 17:00:00,0.89099997,0.89109999,0.88945001,0.88950002
2024-06-17 21:00:00,0.88954997,0.89029998,0.88810003,0.88814998
2024-06-18 01:00:00,0.88819999,0.88975,0.88810003,0.88964999
2024-06-18 05:00:00,0.8897,0.88999999,0.88854998,0.88894999
2024-06-18 09:00:00,0.88889998,0.88910002,0.88510001,0.88524997
2024-06-18 13:00:00,0.88510001,0.8854,0.88270003,0.88410002
2024-06-18 17:00:00,0.884,0.8847,0.88365,0.88415003
2024-06-18 21:00:00,0.88415003,0.88480002,0.88380003,0.88415003
2024-06-19 01:00:00,0.88424999,0.88445002,0.88384998,0.88435
2024-06-19 05:00:00,0.88435,0.88489997,0.88330001,0.88424999
2024-06-19 09:00:00,0.88429999,0.88545001,0.88365,0.88410002
2024-06-19 13:00:00,0.88410002,0.88450003,0.8836,0.88424999
2024-06-19 17:00:00,0.88424999,0.88489997,0.88415003,0.88440001
2024-06-19 21:00:00,0.88424999,0.88499999,0.88395,0.884
2024-06-20 01:00:00,0.884,0.88410002,0.88340002,0.88389999
2024-06-20 05:00:00,0.88389999,0.89109999,0.88314998,0.88940001
2024-06-20 09:00:00,0.88940001,0.89200002,0.889,0.8919
2024-06-20 13:00:00,0.8919,0.89270002,0.8901,0.89134997
2024-06-20 17:00:00,0.89120001,0.8915,0.89029998,0.8915
2024-06-20 21:00:00,0.89109999,0.89200002,0.89095002,0.89195001
2024-06-21 01:00:00,0.8919,0.89209998,0.89109999,0.89109999
2024-06-21 05:00:00,0.89109999,0.8926,0.89050001,0.89200002
2024-06-21 09:00:00,0.89209998,0.89300001,0.89165002,0.8926
2024-06-21 13:00:00,0.8926,0.89450002,0.89230001,0.89424998
2024-06-21 17:00:00,0.8944,0.89450002,0.89394999,0.8944
2024-06-23 21:00:00,0.89389998,0.89450002,0.89375001,0.89394999
2024-06-24 01:00:00,0.89389998,0.89420003,0.89319998,0.89359999
2024-06-24 05:00:00,0.89365,0.89420003,0.89305001,0.89389998
2024-06-24 09:00:00,0.89394999,0.89420003,0.89219999,0.89249998
2024-06-24 13:00:00,0.89249998,0.89420003,0.89219999,0.89399999
2024-06-24 17:00:00,0.89410001,0.89420003,0.89275002,0.89300001
2024-06-24 21:00:00,0.89310002,0.89359999,0.89179999,0.8919
2024-06-25 01:00:00,0.8919,0.8926,0.89170003,0.8919
2024-06-25 05:00:00,0.89195001,0.89389998,0.89130002,0.89349997
2024-06-25 09:00:00,0.8937,0.89420003,0.89270002,0.89415002
2024-06-25 13:00:00,0.89420003,0.89499998,0.89375001,0.89499998
2024-06-25 17:00:00,0.89494997,0.89529997,0.89420003,0.89464998
2024-06-25 21:00:00,0.89469999,0.89569998,0.8944,0.89534998
2024-06-26 01:00:00,0.89539999,0.8955,0.89464998,0.89504999
2024-06-26 05:00:00,0.8951,0.8973,0.8951,0.8973
2024-06-26 09:00:00,0.89709997,0.89840001,0.89579999,0.89630002
2024-06-26 13:00:00,0.8962,0.89780003,0.89529997,0.8976
2024-06-26 17:00:00,0.8976,0.89770001,0.89684999,0.89740002
2024-06-26 21:00:00,0.8973,0.89789999,0.89679998,0.89740002
2024-06-27 01:00:00,0.89735001,0.89749998,0.89665002,0.89674997
2024-06-27 05:00:00,0.89670002,0.89810002,0.89649999,0.89765
2024-06-27 09:00:00,0.89770001,0.89810002,0.89609998,0.89630002
2024-06-27 13:00:00,0.8962,0.89850003,0.89579999,0.898
2024-06-27 17:00:00,0.89810002,0.89899999,0.89780003,0.89864999
2024-06-27 21:00:00,0.8987,0.89960003,0.89815003,0.89955002
2024-06-28 01:00:00,0.89950001,0.90009999,0.89910001,0.89955002
2024-06-28 05:00:00,0.89950001,0.90020001,0.89850003,0.89950001
2024-06-28 09:00:00,0.89950001,0.90039998,0.89845002,0.89929998
2024-06-28 13:00:00,0.89929998,0.90100002,0.89794999,0.89845002
2024-06-28 17:00:00,0.89840001,0.89899999,0.89794999,0.8987
2024-06-30 21:00:00,0.89990002,0.9005,0.8994,0.89955002
2024-07-01 01:00:00,0.89950001,0.89990002,0.89889997,0.89964998
2024-07-01 05:00:00,0.89969999,0.90090001,0.89840001,0.90030003
2024-07-01 09:00:00,0.90030003,0.90249997,0.89969999,0.90235001
2024-07-01 13:00:00,0.9023,0.90450001,0.90009999,0.90359998
2024-07-01 17:00:00,0.90350002,0.9041,0.90270001,0.90275002
2024-07-01 21:00:00,0.90284997,0.90364999,0.90249997,0.9034
2024-07-02 01:00:00,0.90329999,0.90420002,0.90310001,0.9041
2024-07-02 05:00:00,0.90399998,0.90469998,0.90350002,0.90429997
2024-07-02 09:00:00,0.90425003,0.90439999,0.90355003,0.90429997
2024-07-02 13:00:00,0.90429997,0.90509999,0.90319997,0.90445
2024-07-02 17:00:00,0.90450001,0.9048,0.90359998,0.90390003
2024-07-02 21:00:00,0.90364999,0.90429997,0.9034,0.90399998
2024-07-03 01:00:00,0.90380001,0.90450001,0.90380001,0.90425003
2024-07-03 05:00:00,0.90425003,0.90509999,0.90335,0.90364999
2024-07-03 09:00:00,0.90369999,0.90390003,0.90254998,0.90254998
2024-07-03 13:00:00,0.90259999,0.90294999,0.89850003,0.90069997
2024-07-03 17:00:00,0.90069997,0.90189999,0.90069997,0.9016
2024-07-03 21:00:00,0.90114999,0.90210003,0.90060002,0.90065002
2024-07-04 01:00:00,0.90060002,0.9012,0.90030003,0.90104997
2024-07-04 05:00:00,0.90109998,0.90399998,0.89999998,0.90140003
2024-07-04 09:00:00,0.90130001,0.90130001,0.89915001,0.89999998
2024-07-04 13:00:00,0.89995003,0.90055001,0.8994,0.89990002
2024-07-04 17:00:00,0.89990002,0.90020001,0.89969999,0.90020001
2024-07-04 21:00:00,0.90030003,0.9005,0.89950001,0.89974999
2024-07-05 01:00:00,0.8998,0.89990002,0.89824998,0.89850003
2024-07-05 05:00:00,0.89850003,0.89910001,0.89789999,0.89829999
2024-07-05 09:00:00,0.89829999,0.9005,0.89740002,0.898
2024-07-05 13:00:00,0.89819998,0.89910001,0.89700001,0.89749998
2024-07-05 17:00:00,0.8976,0.8976,0.89534998,0.89569998
2024-07-07 21:00:00,0.89520001,0.89569998,0.89485002,0.89555001
2024-07-08 01:00:00,0.89555001,0.89579999,0.89490002,0.89515001
2024-07-08 05:00:00,0.89504999,0.89569998,0.89445001,0.89539999
2024-07-08 09:00:00,0.8955,0.89679998,0.89515001,0.8962
2024-07-08 13:00:00,0.8962,0.89740002,0.89560002,0.8973
2024-07-08 17:00:00,0.89714998,0.89789999,0.89674997,0.8976
2024-07-08 21:00:00,0.8976,0.89829999,0.89705002,0.89829999
2024-07-09 01:00:00,0.89824998,0.89910001,0.89794999,0.89824998
2024-07-09 05:00:00,0.89824998,0.89880002,0.89789999,0.89859998
2024-07-09 09:00:00,0.89854997,0.89859998,0.89740002,0.89810002
2024-07-09 13:00:00,0.898,0.89859998,0.89684999,0.89775002
2024-07-09 17:00:00,0.89780003,0.898,0.8973,0.89789999
2024-07-09 21:00:00,0.8976,0.89819998,0.89740002,0.898
2024-07-10 01:00:00,0.89810002,0.89819998,0.89714998,0.8973
2024-07-10 05:00:00,0.8973,0.89770001,0.89639997,0.89735001
2024-07-10 09:00:00,0.89735001,0.89840001,0.89725,0.89819998
2024-07-10 13:00:00,0.89805001,0.8998,0.898,0.89924997
2024-07-10 17:00:00,0.89920002,0.90020001,0.89894998,0.89964998
2024-07-10 21:00:00,0.89960003,0.89990002,0.89885002,0.89899999
2024-07-11 01:00:00,0.89905,0.89934999,0.89854997,0.89929998
2024-07-11 05:00:00,0.89924997,0.89990002,0.89829999,0.89850003
2024-07-11 09:00:00,0.89845002,0.89880002,0.89174998,0.89319998
2024-07-11 13:00:00,0.89319998,0.8944,0.8915,0.89424998
2024-07-11 17:00:00,0.89434999,0.89660001,0.89420003,0.89649999
2024-07-11 21:00:00,0.89639997,0.89709997,0.89525002,0.89600003
2024-07-12 01:00:00,0.89604998,0.89709997,0.89600003,0.8962
2024-07-12 05:00:00,0.8962,0.89630002,0.89539999,0.89579999
2024-07-12 09:00:00,0.89590001,0.89639997,0.89420003,0.89469999
2024-07-12 13:00:00,0.89459997,0.89520001,0.89319998,0.89469999
2024-07-12 17:00:00,0.89459997,0.8951,0.89405,0.89450002
2024-07-14 21:00:00,0.89639997,0.89719999,0.89609998,0.89625001
2024-07-15 01:00:00,0.89625001,0.89679998,0.8955,0.89560002
2024-07-15 05:00:00,0.89565003,0.89609998,0.89385003,0.89410001
2024-07-15 09:00:00,0.89405,0.8951,0.89335001,0.89420003
2024-07-15 13:00:00,0.89420003,0.8955,0.89349997,0.89475
2024-07-15 17:00:00,0.89469999,0.89609998,0.89469999,0.89590001
2024-07-15 21:00:00,0.89560002,0.89630002,0.89515001,0.89574999
2024-07-16 01:00:00,0.89574999,0.89609998,0.89520001,0.89529997
2024-07-16 05:00:00,0.89529997,0.89560002,0.89450002,0.89525002
2024-07-16 09:00:00,0.89529997,0.89789999,0.89499998,0.8973
2024-07-16 13:00:00,0.89719999,0.8973,0.89504999,0.8951
2024-07-16 17:00:00,0.89515001,0.89515001,0.89345002,0.89359999
2024-07-16 21:00:00,0.89359999,0.89459997,0.89324999,0.89420003
2024-07-17 01:00:00,0.89410001,0.89450002,0.89365,0.89375001
2024-07-17 05:00:00,0.89380002,0.89420003,0.88714999,0.88749999
2024-07-17 09:00:00,0.88749999,0.88910002,0.88520002,0.88620001
2024-07-17 13:00:00,0.88609999,0.88655001,0.8836,0.88440001
2024-07-17 17:00:00,0.88440001,0.88510001,0.88270003,0.88340002
2024-07-17 21:00:00,0.88389999,0.88389999,0.88200003,0.8836
2024-07-18 01:00:00,0.88370001,0.88480002,0.88370001,0.88464999
2024-07-18 05:00:00,0.88464999,0.88480002,0.88270003,0.88429999
2024-07-18 09:00:00,0.88429999,0.88454998,0.88314998,0.88349998
2024-07-18 13:00:00,0.88349998,0.8865,0.88330001,0.88599998
2024-07-18 17:00:00,0.88609999,0.88800001,0.88590002,0.8876
2024-07-18 21:00:00,0.88770002,0.88840002,0.88639998,0.88800001
2024-07-19 01:00:00,0.88800001,0.88940001,0.88789999,0.88940001
2024-07-19 05:00:00,0.88935,0.8897,0.88739997,0.88840002
2024-07-19 09:00:00,0.8883,0.88999999,0.88770002,0.88994998
2024-07-19 13:00:00,0.88980001,0.88990003,0.88810003,0.88854998
2024-07-19 17:00:00,0.88859999,0.88950002,0.88849998,0.88870001
2024-07-21 21:00:00,0.88770002,0.88840002,0.88749999,0.88810003
2024-07-22 01:00:00,0.88819999,0.889,0.88810003,0.88849998
2024-07-22 05:00:00,0.88865,0.88910002,0.88709998,0.88789999
2024-07-22 09:00:00,0.88779998,0.88940001,0.88730001,0.88889998
2024-07-22 13:00:00,0.88889998,0.89020002,0.88859999,0.88980001
2024-07-22 17:00:00,0.88959998,0.88990003,0.88919997,0.88950002
2024-07-22 21:00:00,0.88929999,0.88999999,0.88884997,0.88935
2024-07-23 01:00:00,0.88935,0.8897,0.88884997,0.889
2024-07-23 05:00:00,0.88905001,0.89060003,0.88889998,0.89004999
2024-07-23 09:00:00,0.8901,0.89209998,0.89004999,0.89139998
2024-07-23 13:00:00,0.89139998,0.89240003,0.8908,0.89155
2024-07-23 17:00:00,0.89160001,0.89170003,0.89109999,0.89120001
2024-07-23 21:00:00,0.89120001,0.89214998,0.89095002,0.89200002
2024-07-24 01:00:00,0.8919,0.89219999,0.89095002,0.89109999
2024-07-24 05:00:00,0.89120001,0.89134997,0.889,0.88919997
2024-07-24 09:00:00,0.88910002,0.88929999,0.88450003,0.88480002
2024-07-24 13:00:00,0.88480002,0.88510001,0.8829,0.88424999
2024-07-24 17:00:00,0.88429999,0.88620001,0.884,0.88510001
2024-07-24 21:00:00,0.88515002,0.88569999,0.88440001,0.88445002
2024-07-25 01:00:00,0.88450003,0.88459998,0.88270003,0.88295001
2024-07-25 05:00:00,0.88295001,0.88340002,0.87959999,0.88069999
2024-07-25 09:00:00,0.88080001,0.88104999,0.87765002,0.88080001
2024-07-25 13:00:00,0.88080001,0.88209999,0.87865001,0.88020003
2024-07-25 17:00:00,0.88020003,0.88169998,0.87965,0.88169998
2024-07-25 21:00:00,0.88169998,0.88200003,0.88020003,0.88129997
2024-07-26 01:00:00,0.88120002,0.88139999,0.88020003,0.8811
2024-07-26 05:00:00,0.88104999,0.88419998,0.88069999,0.88330001
2024-07-26 09:00:00,0.88340002,0.88429999,0.88209999,0.88274997
2024-07-26 13:00:00,0.88270003,0.88349998,0.88185,0.88314998
2024-07-26 17:00:00,0.88319999,0.884,0.88300002,0.88349998
2024-07-28 21:00:00,0.88410002,0.8847,0.8829,0.88314998
2024-07-29 01:00:00,0.88309997,0.8836,0.88204998,0.88309997
2024-07-29 05:00:00,0.88309997,0.88559997,0.88274997,0.88515002
2024-07-29 09:00:00,0.88520002,0.88569999,0.88410002,0.88494998
2024-07-29 13:00:00,0.88480002,0.8872,0.88475001,0.88620001
2024-07-29 17:00:00,0.88620001,0.8865,0.88575,0.88609999
2024-07-29 21:00:00,0.88615,0.88669997,0.88559997,0.88625002
2024-07-30 01:00:00,0.88634998,0.88700002,0.88620001,0.88674998
2024-07-30 05:00:00,0.88674998,0.8876,0.88529998,0.88609999
2024-07-30 09:00:00,0.88609999,0.88679999,0.88534999,0.88634998
2024-07-30 13:00:00,0.88630003,0.88634998,0.88309997,0.88314998
2024-07-30 17:00:00,0.88319999,0.88419998,0.88249999,0.88265002
2024-07-30 21:00:00,0.88255,0.88344997,0.88134998,0.88169998
2024-07-31 01:00:00,0.88174999,0.88309997,0.88069999,0.88104999
2024-07-31 05:00:00,0.88104999,0.8829,0.88029999,0.88125002
2024-07-31 09:00:00,0.88129997,0.88200003,0.87819999,0.87865001
2024-07-31 13:00:00,0.8786,0.88080001,0.87699997,0.88045001
2024-07-31 17:00:00,0.88045001,0.88190001,0.87720001,0.87809998
2024-07-31 21:00:00,0.87805003,0.87870002,0.87730002,0.8775
2024-08-01 01:00:00,0.8775,0.87765002,0.87599999,0.87704998
2024-08-01 05:00:00,0.87704998,0.8775,0.87540001,0.8757
2024-08-01 09:00:00,0.87589997,0.87779999,0.87465,0.87615001
2024-08-01 13:00:00,0.87620002,0.87699997,0.87260002,0.87400001
2024-08-01 17:00:00,0.87395,0.87419999,0.87260002,0.87290001
2024-08-01 21:00:00,0.87335002,0.87379998,0.87194997,0.87255001
2024-08-02 01:00:00,0.87260002,0.87339997,0.87175,0.87194997
2024-08-02 05:00:00,0.87185001,0.87295002,0.87075001,0.87180001
2024-08-02 09:00:00,0.87175,0.87190002,0.86320001,0.8642
2024-08-02 13:00:00,0.86430001,0.8664,0.85775,0.8599
2024-08-02 17:00:00,0.8599,0.86009997,0.85734999,0.85769999
2024-08-04 21:00:00,0.85890001,0.85890001,0.85364997,0.85465002
2024-08-05 01:00:00,0.85484999,0.85584998,0.8488,0.84930003
2024-08-05 05:00:00,0.84939998,0.85339999,0.8448,0.85009998
2024-08-05 09:00:00,0.85004997,0.8513,0.84324998,0.84450001
2024-08-05 13:00:00,0.84439999,0.85540003,0.84425002,0.85339999
2024-08-05 17:00:00,0.85345,0.85420001,0.84979999,0.85245001
2024-08-05 21:00:00,0.85194999,0.8556,0.85170001,0.85430002
2024-08-06 01:00:00,0.85434997,0.85650003,0.85374999,0.85610002
2024-08-06 05:00:00,0.85610002,0.85720003,0.85350001,0.8545
2024-08-06 09:00:00,0.85430002,0.8556,0.85219997,0.85304999
2024-08-06 13:00:00,0.85290003,0.85425001,0.85009998,0.85360003
2024-08-06 17:00:00,0.85369998,0.85399997,0.85089999,0.85145003
2024-08-06 21:00:00,0.85145003,0.85420001,0.85095,0.85355002
2024-08-07 01:00:00,0.85355002,0.85925001,0.85299999,0.85890001
2024-08-07 05:00:00,0.85890001,0.85939997,0.85470003,0.85879999
2024-08-07 09:00:00,0.85879999,0.86414999,0.85865003,0.86115003
2024-08-07 13:00:00,0.86115003,0.86624998,0.86089998,0.86304998
2024-08-07 17:00:00,0.86309999,0.8635,0.86089998,0.86175001
2024-08-07 21:00:00,0.8617,0.86339998,0.85729998,0.85860002
2024-08-08 01:00:00,0.85855001,0.86110002,0.8585,0.85914999
2024-08-08 05:00:00,0.8592,0.86040002,0.85794997,0.85834998
2024-08-08 09:00:00,0.8585,0.86290002,0.85600001,0.86215001
2024-08-08 13:00:00,0.86199999,0.86750001,0.8617,0.86619997
2024-08-08 17:00:00,0.86615002,0.86704999,0.8653,0.86664999
2024-08-08 21:00:00,0.86669999,0.86720002,0.86545002,0.8664
2024-08-09 01:00:00,0.86629999,0.86699998,0.86500001,0.86535001
2024-08-09 05:00:00,0.86540002,0.86720002,0.86479998,0.86540002
2024-08-09 09:00:00,0.86559999,0.86589998,0.86374998,0.86479998
2024-08-09 13:00:00,0.86475003,0.86510003,0.86315,0.86444998
2024-08-09 17:00:00,0.86449999,0.86559999,0.86430001,0.86554998
2024-08-11 21:00:00,0.86549997,0.86580002,0.8646,0.86500001
2024-08-12 01:00:00,0.86505002,0.86690003,0.86454999,0.86685002
2024-08-12 05:00:00,0.86675,0.86940002,0.86645001,0.86855
2024-08-12 09:00:00,0.86849999,0.86970001,0.86774999,0.86909997
2024-08-12 13:00:00,0.86914998,0.87120003,0.866,0.86685002
2024-08-12 17:00:00,0.86680001,0.86680001,0.86444998,0.8653
2024-08-12 21:00:00,0.86519998,0.86659998,0.86465001,0.86635
2024-08-13 01:00:00,0.8664,0.86790001,0.86554998,0.86734998
2024-08-13 05:00:00,0.86729997,0.86799997,0.86619997,0.86729997
2024-08-13 09:00:00,0.86729997,0.86804998,0.86580002,0.86664999
2024-08-13 13:00:00,0.86669999,0.86680001,0.8642,0.86484998
2024-08-13 17:00:00,0.86484998,0.86570001,0.86374998,0.86479998
2024-08-13 21:00:00,0.86475003,0.86559999,0.86425,0.86540002
2024-08-14 01:00:00,0.86545002,0.86589998,0.86379999,0.86465001
2024-08-14 05:00:00,0.86465001,0.86559999,0.86220002,0.86260003
2024-08-14 09:00:00,0.86250001,0.86610001,0.86199999,0.86514997
2024-08-14 13:00:00,0.86500001,0.86575001,0.86189997,0.86475003
2024-08-14 17:00:00,0.86475003,0.86559999,0.86475003,0.86519998
2024-08-14 21:00:00,0.86505002,0.86570001,0.86465001,0.86519998
2024-08-15 01:00:00,0.86505002,0.8664,0.86500001,0.86535001
2024-08-15 05:00:00,0.86535001,0.8664,0.86475003,0.86610001
2024-08-15 09:00:00,0.86619997,0.87379998,0.866,0.87300003
2024-08-15 13:00:00,0.87304997,0.87489998,0.87059999,0.87225002
2024-08-15 17:00:00,0.87225002,0.87300003,0.87175,0.87265003
2024-08-15 21:00:00,0.87265003,0.87330002,0.87155002,0.87194997
2024-08-16 01:00:00,0.87194997,0.87220001,0.87099999,0.87115002
2024-08-16 05:00:00,0.87115002,0.87159997,0.86809999,0.86865002
2024-08-16 09:00:00,0.86879998,0.86930001,0.86650002,0.86675
2024-08-16 13:00:00,0.86685002,0.86970001,0.86655003,0.86849999
2024-08-16 17:00:00,0.86844999,0.86844999,0.866,0.86619997
2024-08-18 21:00:00,0.86729997,0.8678,0.86664999,0.86685002
2024-08-19 01:00:00,0.86685002,0.86720002,0.86330003,0.86395001
2024-08-19 05:00:00,0.86395001,0.86479998,0.86164999,0.8646
2024-08-19 09:00:00,0.86470002,0.86570001,0.86385,0.86540002
2024-08-19 13:00:00,0.86549997,0.8664,0.86269999,0.86295003
2024-08-19 17:00:00,0.86304998,0.86339998,0.86229998,0.86264998
2024-08-19 21:00:00,0.8628,0.86360002,0.86180001,0.86199999
2024-08-20 01:00:00,0.86210001,0.8624,0.86054999,0.86205
2024-08-20 05:00:00,0.86205,0.86269999,0.85885,0.86000001
2024-08-20 09:00:00,0.86005002,0.86049998,0.85900003,0.85914999
2024-08-20 13:00:00,0.8592,0.85939997,0.85579997,0.85614997
2024-08-20 17:00:00,0.85624999,0.85650003,0.85395002,0.85395002
2024-08-20 21:00:00,0.85404998,0.85470003,0.85210001,0.85355002
2024-08-21 01:00:00,0.85360003,0.8545,0.85334998,0.85415
2024-08-21 05:00:00,0.85415,0.85619998,0.85345,0.85525
2024-08-21 09:00:00,0.85525,0.85600001,0.8538,0.85404998
2024-08-21 13:00:00,0.85390002,0.85570002,0.85079998,0.85140002
2024-08-21 17:00:00,0.85135001,0.85235,0.84955001,0.85170001
2024-08-21 21:00:00,0.85170001,0.85215002,0.85049999,0.85180002
2024-08-22 01:00:00,0.85184997,0.85259998,0.85105002,0.85135001
2024-08-22 05:00:00,0.85140002,0.85170001,0.84890002,0.85119998
2024-08-22 09:00:00,0.8513,0.85325003,0.85065001,0.85149997
2024-08-22 13:00:00,0.85119998,0.85350001,0.8506,0.85210001
2024-08-22 17:00:00,0.85205001,0.8527,0.85145003,0.85235
2024-08-22 21:00:00,0.85219997,0.8531,0.85124999,0.85175002
2024-08-23 01:00:00,0.85165,0.85219997,0.85049999,0.85175002
2024-08-23 05:00:00,0.85175002,0.8524,0.85044998,0.85189998
2024-08-23 09:00:00,0.85194999,0.85280001,0.85165,0.85215002
2024-08-23 13:00:00,0.85229999,0.85420001,0.847,0.84985
2024-08-23 17:00:00,0.84979999,0.84979999,0.84710002,0.84799999
2024-08-25 21:00:00,0.84710002,0.8477,0.84565002,0.84649998
2024-08-26 01:00:00,0.8466,0.84750003,0.84570003,0.84719998
2024-08-26 05:00:00,0.84719998,0.84789997,0.84565002,0.84584999
2024-08-26 09:00:00,0.84584999,0.84859997,0.84560001,0.84735
2024-08-26 13:00:00,0.84759998,0.84850001,0.84630001,0.84724998
2024-08-26 17:00:00,0.84735,0.84780002,0.84670001,0.84719998
2024-08-26 21:00:00,0.84675002,0.84810001,0.84635001,0.8477
2024-08-27 01:00:00,0.84764999,0.84794998,0.84675002,0.84705001
2024-08-27 05:00:00,0.84710002,0.84850001,0.84680003,0.84764999
2024-08-27 09:00:00,0.84759998,0.84775001,0.84509999,0.84535003
2024-08-27 13:00:00,0.84535003,0.84560001,0.84219998,0.84310001
2024-08-27 17:00:00,0.84320003,0.84334999,0.8409,0.84149998
2024-08-27 21:00:00,0.8416,0.84219998,0.84095001,0.84175003
2024-08-28 01:00:00,0.84175003,0.84380001,0.84175003,0.84345001
2024-08-28 05:00:00,0.84350002,0.84469998,0.84275001,0.84315002
2024-08-28 09:00:00,0.84299999,0.84504998,0.84214997,0.84455001
2024-08-28 13:00:00,0.84455001,0.84530002,0.84109998,0.84305
2024-08-28 17:00:00,0.84305,0.84329998,0.84165001,0.8423
2024-08-28 21:00:00,0.8423,0.84299999,0.84100002,0.8416
2024-08-29 01:00:00,0.84165001,0.84179997,0.84020001,0.84055001
2024-08-29 05:00:00,0.84060001,0.84600002,0.83999997,0.84445
2024-08-29 09:00:00,0.84445,0.84794998,0.84324998,0.84694999
2024-08-29 13:00:00,0.84680003,0.84939998,0.84635001,0.84689999
2024-08-29 17:00:00,0.84689999,0.84745002,0.8459,0.84729999
2024-08-29 21:00:00,0.84729999,0.84759998,0.84665,0.84715003
2024-08-30 01:00:00,0.84715003,0.84789997,0.84670001,0.84775001
2024-08-30 05:00:00,0.84775001,0.8488,0.84705001,0.84864998
2024-08-30 09:00:00,0.84869999,0.85079998,0.84789997,0.85025001
2024-08-30 13:00:00,0.85000002,0.85105002,0.84754997,0.85075003
2024-08-30 17:00:00,0.85084999,0.85100001,0.84965003,0.85009998
2024-09-01 21:00:00,0.8506,0.85110003,0.84990001,0.85009998
2024-09-02 01:00:00,0.85004997,0.85049999,0.84925002,0.84985
2024-09-02 05:00:00,0.84979999,0.8506,0.84845001,0.84985
2024-09-02 09:00:00,0.84995002,0.85165,0.84944999,0.85110003
2024-09-02 13:00:00,0.85110003,0.8538,0.85089999,0.85145003
2024-09-02 17:00:00,0.85149997,0.85210001,0.85119998,0.85175002
2024-09-02 21:00:00,0.85175002,0.8527,0.85124999,0.85255003
2024-09-03 01:00:00,0.85255003,0.85299999,0.85180002,0.85275
2024-09-03 05:00:00,0.85280001,0.8538,0.85110003,0.85264999
2024-09-03 09:00:00,0.85259998,0.85350001,0.85075003,0.85084999
2024-09-03 13:00:00,0.85079998,0.85119998,0.84780002,0.85065001
2024-09-03 17:00:00,0.8506,0.85119998,0.84990001,0.85030001
2024-09-03 21:00:00,0.85035002,0.85110003,0.84845001,0.84845001
2024-09-04 01:00:00,0.84859997,0.8495,0.84829998,0.84850001
2024-09-04 05:00:00,0.84850001,0.84930003,0.84715003,0.84875
2024-09-04 09:00:00,0.84875,0.85189998,0.84859997,0.85110003
2024-09-04 13:00:00,0.85100001,0.85124999,0.84710002,0.84810001
2024-09-04 17:00:00,0.84794998,0.84820002,0.84625,0.84649998
2024-09-04 21:00:00,0.84649998,0.84719998,0.84555,0.84684998
2024-09-05 01:00:00,0.84684998,0.84729999,0.8459,0.84665
2024-09-05 05:00:00,0.84670001,0.84740001,0.84555,0.84619999
2024-09-05 09:00:00,0.84605002,0.84680003,0.8434,0.84605002
2024-09-05 13:00:00,0.84609997,0.84904999,0.84500003,0.84544998
2024-09-05 17:00:00,0.84544998,0.84570003,0.84355003,0.84404999
2024-09-05 21:00:00,0.84404999,0.84464997,0.84315002,0.84329998
2024-09-06 01:00:00,0.84329998,0.84380001,0.84259999,0.84280002
2024-09-06 05:00:00,0.84285003,0.84289998,0.84044999,0.84095001
2024-09-06 09:00:00,0.8409,0.84579998,0.83759999,0.84380001
2024-09-06 13:00:00,0.84390002,0.84759998,0.84039998,0.84364998
2024-09-06 17:00:00,0.84380001,0.84460002,0.84254998,0.84305
2024-09-08 21:00:00,0.84359998,0.84469998,0.84350002,0.84445
2024-09-09 01:00:00,0.84445,0.84640002,0.8441,0.84619999
2024-09-09 05:00:00,0.84614998,0.84859997,0.84549999,0.84834999
2024-09-09 09:00:00,0.8484,0.8495,0.84735,0.8488
2024-09-09 13:00:00,0.84885001,0.84904999,0.84689999,0.84829998
2024-09-09 17:00:00,0.84824997,0.8495,0.84775001,0.84930003
2024-09-09 21:00:00,0.84895003,0.84979999,0.84875,0.84974998
2024-09-10 01:00:00,0.84974998,0.84990001,0.84834999,0.84845001
2024-09-10 05:00:00,0.8484,0.84904999,0.84789997,0.84815001
2024-09-10 09:00:00,0.84815001,0.84850001,0.84579998,0.84665
2024-09-10 13:00:00,0.84665,0.84829998,0.84565002,0.84684998
2024-09-10 17:00:00,0.84680003,0.84715003,0.84635001,0.84694999
2024-09-10 21:00:00,0.84694999,0.8477,0.84614998,0.84654999
2024-09-11 01:00:00,0.84654999,0.847,0.84280002,0.84305
2024-09-11 05:00:00,0.84310001,0.84600002,0.84219998,0.84565002
2024-09-11 09:00:00,0.84560001,0.8513,0.84525001,0.85030001
2024-09-11 13:00:00,0.85049999,0.85159999,0.84745002,0.85014999
2024-09-11 17:00:00,0.85014999,0.85299999,0.85000002,0.85229999
2024-09-11 21:00:00,0.85189998,0.85339999,0.85189998,0.85275
2024-09-12 01:00:00,0.85275,0.85339999,0.85180002,0.85325003
2024-09-12 05:00:00,0.85320002,0.8549,0.85184997,0.85425001
2024-09-12 09:00:00,0.85434997,0.85500002,0.85180002,0.85285002
2024-09-12 13:00:00,0.85285002,0.85484999,0.85219997,0.85315001
2024-09-12 17:00:00,0.85315001,0.85339999,0.85065001,0.85114998
2024-09-12 21:00:00,0.85110003,0.85180002,0.84890002,0.8495
2024-09-13 01:00:00,0.8495,0.85000002,0.84859997,0.84965003
2024-09-13 05:00:00,0.84965003,0.85009998,0.84745002,0.84829998
2024-09-13 09:00:00,0.84824997,0.8488,0.84565002,0.84574997
2024-09-13 13:00:00,0.84570003,0.84850001,0.84439999,0.84794998
2024-09-13 17:00:00,0.84799999,0.84960002,0.84780002,0.84920001
2024-09-15 21:00:00,0.84850001,0.84869999,0.84684998,0.84719998
2024-09-16 01:00:00,0.84710002,0.84740001,0.84525001,0.84609997
2024-09-16 05:00:00,0.84609997,0.8466,0.84359998,0.84445
2024-09-16 09:00:00,0.84445,0.84555,0.84345001,0.84460002
2024-09-16 13:00:00,0.84450001,0.84579998,0.84350002,0.84485
2024-09-16 17:00:00,0.84474999,0.84600002,0.84455001,0.8448
2024-09-16 21:00:00,0.8448,0.84549999,0.84420002,0.84469998
2024-09-17 01:00:00,0.84469998,0.84490001,0.84375,0.84429997
2024-09-17 05:00:00,0.84425002,0.84469998,0.84294999,0.84320003
2024-09-17 09:00:00,0.8434,0.84689999,0.84320003,0.84640002
2024-09-17 13:00:00,0.84640002,0.84780002,0.84560001,0.84614998
2024-09-17 17:00:00,0.84625,0.84759998,0.84579998,0.84715003
2024-09-17 21:00:00,0.84715003,0.84750003,0.84555,0.84570003
2024-09-18 01:00:00,0.84570003,0.8459,0.84500003,0.84539998
2024-09-18 05:00:00,0.84535003,0.84579998,0.84355003,0.84420002
2024-09-18 09:00:00,0.84399998,0.84485,0.84235001,0.84455001
2024-09-18 13:00:00,0.84450001,0.84640002,0.84345001,0.84514999
2024-09-18 17:00:00,0.84514999,0.84794998,0.8391,0.84614998
2024-09-18 21:00:00,0.84625,0.85009998,0.84555,0.84990001
2024-09-19 01:00:00,0.85000002,0.85149997,0.84820002,0.84875
2024-09-19 05:00:00,0.8488,0.8488,0.84490001,0.84600002
2024-09-19 09:00:00,0.84609997,0.8506,0.84509999,0.85049999
2024-09-19 13:00:00,0.85070002,0.85070002,0.84735,0.84785002
2024-09-19 17:00:00,0.84789997,0.8484,0.84619999,0.84785002
2024-09-19 21:00:00,0.84785002,0.84810001,0.84680003,0.84694999
2024-09-20 01:00:00,0.84689999,0.84710002,0.84579998,0.84635001
2024-09-20 05:00:00,0.84640002,0.84820002,0.84509999,0.84735
2024-09-20 09:00:00,0.84729999,0.85004997,0.84710002,0.84775001
2024-09-20 13:00:00,0.84775001,0.85175002,0.84750003,0.84925002
2024-09-20 17:00:00,0.84930003,0.85149997,0.84915,0.85014999
2024-09-22 21:00:00,0.85049999,0.85140002,0.8502,0.85095
2024-09-23 01:00:00,0.85100001,0.85159999,0.85065001,0.85095
2024-09-23 05:00:00,0.85095,0.85184997,0.84990001,0.85114998
2024-09-23 09:00:00,0.85110003,0.85149997,0.84855002,0.84979999
2024-09-23 13:00:00,0.84985,0.85079998,0.84630001,0.84644997
2024-09-23 17:00:00,0.84654999,0.84775001,0.84565002,0.84750003
2024-09-23 21:00:00,0.84785002,0.84810001,0.84675002,0.84675002
2024-09-24 01:00:00,0.84680003,0.84759998,0.84649998,0.84715003
2024-09-24 05:00:00,0.84715003,0.84904999,0.84710002,0.84785002
2024-09-24 09:00:00,0.84780002,0.8488,0.84684998,0.84710002
2024-09-24 13:00:00,0.847,0.84859997,0.84490001,0.84514999
2024-09-24 17:00:00,0.84504998,0.84549999,0.84305,0.84324998
2024-09-24 21:00:00,0.84334999,0.84399998,0.84149998,0.84165001
2024-09-25 01:00:00,0.84170002,0.8427,0.84154999,0.84224999
2024-09-25 05:00:00,0.8423,0.84689999,0.84149998,0.84654999
2024-09-25 09:00:00,0.84654999,0.84979999,0.84635001,0.84794998
2024-09-25 13:00:00,0.84789997,0.85009998,0.8466,0.84995002
2024-09-25 17:00:00,0.84995002,0.85079998,0.84904999,0.85025001
2024-09-25 21:00:00,0.85070002,0.85100001,0.84969997,0.84995002
2024-09-26 01:00:00,0.84990001,0.85095,0.84955001,0.84990001
2024-09-26 05:00:00,0.84985,0.85170001,0.84609997,0.84955001
2024-09-26 09:00:00,0.84960002,0.84979999,0.84630001,0.84875
2024-09-26 13:00:00,0.84885001,0.85070002,0.84600002,0.84694999
2024-09-26 17:00:00,0.84705001,0.84710002,0.84530002,0.84614998
2024-09-26 21:00:00,0.84619999,0.84750003,0.84574997,0.84745002
2024-09-27 01:00:00,0.84745002,0.84824997,0.84649998,0.84820002
2024-09-27 05:00:00,0.84815001,0.84930003,0.84434998,0.8452
2024-09-27 09:00:00,0.8452,0.84584999,0.84069997,0.84079999
2024-09-27 13:00:00,0.84085,0.84305,0.84069997,0.84219998
2024-09-27 17:00:00,0.84219998,0.84259999,0.84015,0.84060001
2024-09-29 21:00:00,0.84069997,0.84175003,0.84044999,0.84125
2024-09-30 01:00:00,0.84125,0.8423,0.84069997,0.84140003
2024-09-30 05:00:00,0.84144998,0.84385002,0.84065002,0.84345001
2024-09-30 09:00:00,0.8434,0.8448,0.84219998,0.84375
2024-09-30 13:00:00,0.84364998,0.84570003,0.84265,0.84445
2024-09-30 17:00:00,0.84445,0.84745002,0.84375,0.84560001
2024-09-30 21:00:00,0.84560001,0.84630001,0.84399998,0.84549999
2024-10-01 01:00:00,0.84549999,0.84684998,0.84464997,0.84605002
2024-10-01 05:00:00,0.84600002,0.84799999,0.84535003,0.84680003
2024-10-01 09:00:00,0.84680003,0.84824997,0.84544998,0.84799999
2024-10-01 13:00:00,0.84794998,0.84794998,0.84310001,0.84654999
2024-10-01 17:00:00,0.8466,0.84815001,0.84555,0.8466
2024-10-01 21:00:00,0.84649998,0.84729999,0.84579998,0.84619999
2024-10-02 01:00:00,0.84609997,0.847,0.84530002,0.84565002
2024-10-02 05:00:00,0.84565002,0.84649998,0.84490001,0.84644997
2024-10-02 09:00:00,0.84644997,0.85065001,0.84635001,0.85035002
2024-10-02 13:00:00,0.85049999,0.85079998,0.84859997,0.84965003
2024-10-02 17:00:00,0.84969997,0.85000002,0.84899998,0.84965003
2024-10-02 21:00:00,0.84969997,0.85079998,0.84934998,0.85079998
2024-10-03 01:00:00,0.85075003,0.85114998,0.84944999,0.84974998
2024-10-03 05:00:00,0.84969997,0.8538,0.84944999,0.85070002
2024-10-03 09:00:00,0.85075003,0.85184997,0.84920001,0.85055
2024-10-03 13:00:00,0.8506,0.85430002,0.8502,0.85245001
2024-10-03 17:00:00,0.85250002,0.85320002,0.85189998,0.85285002
2024-10-03 21:00:00,0.85299999,0.85339999,0.85154998,0.85189998
2024-10-04 01:00:00,0.85184997,0.85229999,0.85110003,0.85124999
2024-10-04 05:00:00,0.85124999,0.85259998,0.85000002,0.85154998
2024-10-04 09:00:00,0.85180002,0.86000001,0.85110003,0.8599
2024-10-04 13:00:00,0.8599,0.86080003,0.8581,0.85939997
2024-10-04 17:00:00,0.85944998,0.85944998,0.85790002,0.85815001
2024-10-06 20:00:00,0.8592,0.8599,0.85865003,0.85874999
2024-10-07 00:00:00,0.85879999,0.85890001,0.85729998,0.85764998
2024-10-07 04:00:00,0.85769999,0.85904998,0.8574,0.85764998
2024-10-07 08:00:00,0.85759997,0.85860002,0.85495001,0.85525
2024-10-07 12:00:00,0.85509998,0.85659999,0.85345,0.85554999
2024-10-07 16:00:00,0.85540003,0.85540003,0.85364997,0.85415
2024-10-07 20:00:00,0.85409999,0.85479999,0.8531,0.85455
2024-10-08 00:00:00,0.85465002,0.85479999,0.85299999,0.85390002
2024-10-08 04:00:00,0.85385001,0.85430002,0.85299999,0.85385001
2024-10-08 08:00:00,0.85374999,0.85689998,0.85345,0.85659999
2024-10-08 12:00:00,0.85664999,0.8585,0.85610002,0.85775
2024-10-08 16:00:00,0.85764998,0.85829997,0.85689998,0.85799998
2024-10-08 20:00:00,0.85790002,0.8581,0.85699999,0.85734999
2024-10-09 00:00:00,0.85745001,0.8581,0.85699999,0.85780001
2024-10-09 04:00:00,0.85785002,0.85829997,0.85675001,0.85705
2024-10-09 08:00:00,0.85715002,0.85820001,0.85650003,0.85794997
2024-10-09 12:00:00,0.85804999,0.8599,0.8574,0.85955
2024-10-09 16:00:00,0.85955,0.86110002,0.85955,0.86110002
2024-10-09 20:00:00,0.86065,0.86129999,0.86014998,0.86054999
2024-10-10 00:00:00,0.86054999,0.86070001,0.86009997,0.86045003
2024-10-10 04:00:00,0.86049998,0.86105001,0.85900003,0.85995001
2024-10-10 08:00:00,0.86000001,0.86129999,0.85845,0.85939997
2024-10-10 12:00:00,0.85939997,0.86140001,0.85589999,0.8574
2024-10-10 16:00:00,0.85734999,0.85860002,0.8563,0.85654998
2024-10-10 20:00:00,0.85650003,0.85689998,0.85605001,0.85659999
2024-10-11 00:00:00,0.8567,0.85750002,0.8563,0.85685003
2024-10-11 04:00:00,0.85685003,0.85790002,0.85645002,0.85664999
2024-10-11 08:00:00,0.8567,0.85825002,0.85584998,0.85734999
2024-10-11 12:00:00,0.85745001,0.8585,0.8563,0.85745001
2024-10-11 16:00:00,0.85745001,0.85759997,0.85619998,0.85724998
2024-10-11 20:00:00,0.85720003,0.85780001,0.85710001,0.85734999
2024-10-13 20:00:00,0.85750002,0.85839999,0.85750002,0.85829997
2024-10-14 00:00:00,0.85829997,0.85869998,0.85790002,0.85839999
2024-10-14 04:00:00,0.85834998,0.86025,0.85804999,0.85939997
2024-10-14 08:00:00,0.85949999,0.86295003,0.8592,0.86180001
2024-10-14 12:00:00,0.86189997,0.86414999,0.86175001,0.86365002
2024-10-14 16:00:00,0.86365002,0.8642,0.86255002,0.86260003
2024-10-14 20:00:00,0.86260003,0.86320001,0.86210001,0.8624
2024-10-15 00:00:00,0.86250001,0.86334997,0.86150002,0.86334997
2024-10-15 04:00:00,0.86334997,0.86369997,0.86175001,0.86234999
2024-10-15 08:00:00,0.86220002,0.86250001,0.86070001,0.8624
2024-10-15 12:00:00,0.86229998,0.86250001,0.86065,0.86215001
2024-10-15 16:00:00,0.86215001,0.86400002,0.86189997,0.86260003
2024-10-15 20:00:00,0.86255002,0.8628,0.86164999,0.86260003
2024-10-16 00:00:00,0.86269999,0.8628,0.86164999,0.86205
2024-10-16 04:00:00,0.86205,0.86299998,0.86175001,0.86255002
2024-10-16 08:00:00,0.86264998,0.86290002,0.86145002,0.86215001
2024-10-16 12:00:00,0.86224997,0.86570001,0.86199999,0.86425
2024-10-16 16:00:00,0.86425,0.86580002,0.86400002,0.86554998
2024-10-16 20:00:00,0.86549997,0.86589998,0.86465001,0.86545002
2024-10-17 00:00:00,0.86545002,0.86629999,0.8653,0.86605
2024-10-17 04:00:00,0.86610001,0.86699998,0.86505002,0.8653
2024-10-17 08:00:00,0.86519998,0.86549997,0.86315,0.86315
2024-10-17 12:00:00,0.86330003,0.86624998,0.86295003,0.86540002
2024-10-17 16:00:00,0.86549997,0.86690003,0.86535001,0.86635
2024-10-17 20:00:00,0.86629999,0.86669999,0.86584997,0.86615002
2024-10-18 00:00:00,0.866,0.86635,0.86559999,0.86565
2024-10-18 04:00:00,0.86570001,0.86699998,0.8653,0.86664999
2024-10-18 08:00:00,0.86669999,0.86680001,0.86584997,0.86635
2024-10-18 12:00:00,0.86645001,0.86699998,0.86489999,0.86589998
2024-10-18 16:00:00,0.86594999,0.86629999,0.86495,0.86514997
2024-10-18 20:00:00,0.86519998,0.86524999,0.86454999,0.86479998
2024-10-20 20:00:00,0.86500001,0.86519998,0.86465001,0.86500001
2024-10-21 00:00:00,0.86500001,0.86545002,0.86454999,0.86465001
2024-10-21 04:00:00,0.86465001,0.86589998,0.86465001,0.86489999
2024-10-21 08:00:00,0.86495,0.86559999,0.86369997,0.86369997
2024-10-21 12:00:00,0.86390001,0.866,0.86330003,0.866
2024-10-21 16:00:00,0.86584997,0.86624998,0.86514997,0.86605
2024-10-21 20:00:00,0.86605,0.86645001,0.86545002,0.86554998
2024-10-22 00:00:00,0.86559999,0.86575001,0.86470002,0.86500001
2024-10-22 04:00:00,0.86505002,0.86580002,0.86454999,0.86505002
2024-10-22 08:00:00,0.86505002,0.86619997,0.86484998,0.86580002
2024-10-22 12:00:00,0.86580002,0.86629999,0.86475003,0.86545002
2024-10-22 16:00:00,0.86545002,0.86615002,0.86500001,0.86589998
2024-10-22 20:00:00,0.86570001,0.86610001,0.86500001,0.86554998
2024-10-23 00:00:00,0.86554998,0.8671,0.86554998,0.86664999
2024-10-23 04:00:00,0.86664999,0.86870003,0.86655003,0.86795002
2024-10-23 08:00:00,0.86790001,0.86799997,0.8664,0.86799997
2024-10-23 12:00:00,0.86785001,0.86825001,0.86619997,0.8664
2024-10-23 16:00:00,0.86655003,0.8678,0.86610001,0.86615002
2024-10-23 20:00:00,0.86619997,0.86699998,0.86619997,0.86685002
2024-10-24 00:00:00,0.86680001,0.8671,0.866,0.86624998
2024-10-24 04:00:00,0.86624998,0.86715001,0.86554998,0.86619997
2024-10-24 08:00:00,0.86610001,0.86645001,0.86500001,0.86575001
2024-10-24 12:00:00,0.86565,0.86699998,0.86519998,0.86680001
2024-10-24 16:00:00,0.86690003,0.86699998,0.86510003,0.86575001
2024-10-24 20:00:00,0.86580002,0.8664,0.8653,0.866
2024-10-25 00:00:00,0.86594999,0.86645001,0.86570001,0.86584997
2024-10-25 04:00:00,0.86589998,0.8664,0.86495,0.86624998
2024-10-25 08:00:00,0.86624998,0.86750001,0.866,0.86655003
2024-10-25 12:00:00,0.86655003,0.86699998,0.86535001,0.86645001
2024-10-25 16:00:00,0.86645001,0.86680001,0.86565,0.8664
2024-10-25 20:00:00,0.8664,0.86699998,0.86619997,0.86675
2024-10-27 20:00:00,0.8678,0.8689,0.8678,0.86849999
2024-10-28 00:00:00,0.86849999,0.87,0.8682,0.86975002
2024-10-28 04:00:00,0.86975002,0.87,0.86764997,0.86795002
2024-10-28 08:00:00,0.86795002,0.86795002,0.86589998,0.86624998
2024-10-28 12:00:00,0.86624998,0.86645001,0.86475003,0.86580002
2024-10-28 16:00:00,0.86589998,0.86589998,0.86470002,0.86484998
2024-10-28 20:00:00,0.86495,0.86570001,0.86465001,0.86479998
2024-10-29 00:00:00,0.86475003,0.86549997,0.86435002,0.86514997
2024-10-29 04:00:00,0.86510003,0.86624998,0.86470002,0.86624998
2024-10-29 08:00:00,0.86629999,0.8682,0.8653,0.86795002
2024-10-29 12:00:00,0.86804998,0.86989999,0.86690003,0.86844999
2024-10-29 16:00:00,0.86839998,0.86979997,0.86729997,0.86755002
2024-10-29 20:00:00,0.86769998,0.86799997,0.86690003,0.86720002
2024-10-30 00:00:00,0.86725003,0.86790001,0.86685002,0.86774999
2024-10-30 04:00:00,0.86774999,0.86790001,0.86610001,0.86739999
2024-10-30 08:00:00,0.86750001,0.86799997,0.86589998,0.86774999
2024-10-30 12:00:00,0.8678,0.86940002,0.86589998,0.86635
2024-10-30 16:00:00,0.8664,0.86699998,0.86540002,0.8664
2024-10-30 20:00:00,0.86619997,0.86704999,0.86610001,0.86645001
2024-10-31 00:00:00,0.8664,0.86659998,0.86545002,0.86559999
2024-10-31 04:00:00,0.86554998,0.86619997,0.86454999,0.86554998
2024-10-31 08:00:00,0.86549997,0.8664,0.86465001,0.86554998
2024-10-31 12:00:00,0.86559999,0.86629999,0.86379999,0.86489999
2024-10-31 16:00:00,0.86475003,0.86610001,0.86339998,0.86344999
2024-10-31 20:00:00,0.8635,0.8642,0.86320001,0.86355001
2024-11-01 00:00:00,0.86360002,0.86430001,0.86320001,0.86414999
2024-11-01 04:00:00,0.86404997,0.86860001,0.86390001,0.86849999
2024-11-01 08:00:00,0.86855,0.86930001,0.86729997,0.86764997
2024-11-01 12:00:00,0.86760002,0.87050003,0.86390001,0.87040001
2024-11-01 16:00:00,0.87045002,0.87099999,0.86905003,0.87059999
2024-11-01 20:00:00,0.87059999,0.87129998,0.86970001,0.86984998
2024-11-03 20:00:00,0.86750001,0.86815,0.86729997,0.86764997
2024-11-04 00:00:00,0.86769998,0.86769998,0.8642,0.86454999
2024-11-04 04:00:00,0.86454999,0.866,0.86444998,0.86554998
2024-11-04 08:00:00,0.86570001,0.86570001,0.86199999,0.86205
2024-11-04 12:00:00,0.86205,0.8642,0.86154997,0.86274999
2024-11-04 16:00:00,0.8628,0.86430001,0.86269999,0.86369997
2024-11-04 20:00:00,0.86374998,0.86500001,0.86365002,0.86430001
2024-11-05 00:00:00,0.8642,0.86440003,0.86379999,0.86425
2024-11-05 04:00:00,0.86425,0.8646,0.86355001,0.86365002
2024-11-05 08:00:00,0.86379999,0.86414999,0.86154997,0.86180001
2024-11-05 12:00:00,0.86175001,0.86470002,0.86164999,0.8642
2024-11-05 16:00:00,0.86435002,0.86470002,0.86210001,0.86315
2024-11-05 20:00:00,0.86299998,0.86414999,0.86210001,0.86250001
2024-11-06 00:00:00,0.86245,0.87540001,0.86199999,0.87330002
2024-11-06 04:00:00,0.87339997,0.87480003,0.86839998,0.87440002
2024-11-06 08:00:00,0.87459999,0.87699997,0.87300003,0.87629998
2024-11-06 12:00:00,0.87629998,0.87734997,0.87400001,0.87524998
2024-11-06 16:00:00,0.87524998,0.8768,0.87465,0.87615001
2024-11-06 20:00:00,0.8761,0.87695003,0.87550002,0.8757
2024-11-07 00:00:00,0.8757,0.87744999,0.87529999,0.8761
2024-11-07 04:00:00,0.87599999,0.87645,0.87365001,0.87524998
2024-11-07 08:00:00,0.87524998,0.87730002,0.87454998,0.87685001
2024-11-07 12:00:00,0.8768,0.87699997,0.87099999,0.87169999
2024-11-07 16:00:00,0.87164998,0.87550002,0.87145001,0.87349999
2024-11-07 20:00:00,0.87349999,0.87379998,0.87164998,0.87279999
2024-11-08 00:00:00,0.87279999,0.87379998,0.87239999,0.87290001
2024-11-08 04:00:00,0.87295002,0.87349999,0.8725,0.87285
2024-11-08 08:00:00,0.87300003,0.8739,0.87010002,0.87094998
2024-11-08 12:00:00,0.87094998,0.87449998,0.87089998,0.87360001
2024-11-08 16:00:00,0.87355,0.87690002,0.87330002,0.87599999
2024-11-08 20:00:00,0.87605,0.87634999,0.87535,0.87564999
2024-11-10 20:00:00,0.87605,0.87674999,0.87529999,0.87615001
2024-11-11 00:00:00,0.87620002,0.87699997,0.87585002,0.87674999
2024-11-11 04:00:00,0.87690002,0.87835002,0.87645,0.87814999
2024-11-11 08:00:00,0.87805003,0.87970001,0.87774998,0.87945002
2024-11-11 12:00:00,0.87940001,0.88090003,0.87910002,0.87989998
2024-11-11 16:00:00,0.87989998,0.88099998,0.87975001,0.88094997
2024-11-11 20:00:00,0.88090003,0.88129997,0.88024998,0.88034999
2024-11-12 00:00:00,0.88034999,0.8818,0.88029999,0.88134998
2024-11-12 04:00:00,0.88129997,0.88239998,0.88085002,0.88160002
2024-11-12 08:00:00,0.88169998,0.88309997,0.8804,0.88059998
2024-11-12 12:00:00,0.88050002,0.8829,0.88024998,0.88230002
2024-11-12 16:00:00,0.8822,0.88370001,0.88185,0.88235003
2024-11-12 20:00:00,0.88239998,0.88270003,0.88134998,0.8822
2024-11-13 00:00:00,0.88214999,0.8829,0.88169998,0.88235003
2024-11-13 04:00:00,0.88235003,0.88380003,0.88214999,0.88370001
2024-11-13 08:00:00,0.88365,0.88415003,0.88209999,0.88214999
2024-11-13 12:00:00,0.88214999,0.88499999,0.87980002,0.88349998
2024-11-13 16:00:00,0.88330001,0.88639998,0.88309997,0.88585001
2024-11-13 20:00:00,0.88585001,0.88660002,0.88545001,0.88569999
2024-11-14 00:00:00,0.8858,0.88739997,0.88550001,0.88739997
2024-11-14 04:00:00,0.88735002,0.88789999,0.8865,0.88735002
2024-11-14 08:00:00,0.88730001,0.89099997,0.88665003,0.88950002
2024-11-14 12:00:00,0.88945001,0.89069998,0.88685,0.88744998
2024-11-14 16:00:00,0.88749999,0.88915002,0.8865,0.88870001
2024-11-14 20:00:00,0.88870001,0.89179999,0.88859999,0.89045
2024-11-15 00:00:00,0.89045,0.8908,0.88905001,0.88954997
2024-11-15 04:00:00,0.88954997,0.8897,0.88730001,0.88775003
2024-11-15 08:00:00,0.88789999,0.88859999,0.88685,0.88789999
2024-11-15 12:00:00,0.88775003,0.89004999,0.88665003,0.88789999
2024-11-15 16:00:00,0.88795,0.88835001,0.88585001,0.8876
2024-11-15 20:00:00,0.8876,0.88880002,0.88749999,0.88814998
2024-11-17 20:00:00,0.88770002,0.88880002,0.88770002,0.88849998
2024-11-18 00:00:00,0.88854998,0.88859999,0.88709998,0.88805002
2024-11-18 04:00:00,0.88795,0.88810003,0.88674998,0.88709998
2024-11-18 08:00:00,0.88714999,0.88789999,0.8854,0.8876
2024-11-18 12:00:00,0.88765001,0.88819999,0.88510001,0.88575
2024-11-18 16:00:00,0.88575,0.88620001,0.88309997,0.8836
2024-11-18 20:00:00,0.88349998,0.88375002,0.8829,0.88330001
2024-11-19 00:00:00,0.88325,0.88370001,0.88274997,0.88319999
2024-11-19 04:00:00,0.88314998,0.88419998,0.8829,0.88395
2024-11-19 08:00:00,0.884,0.88435,0.88230002,0.88354999
2024-11-19 12:00:00,0.88340002,0.88370001,0.88010001,0.88200003
2024-11-19 16:00:00,0.88200003,0.88450003,0.88139999,0.88284999
2024-11-19 20:00:00,0.88284999,0.88300002,0.88200003,0.88214999
2024-11-20 00:00:00,0.88214999,0.88349998,0.88164997,0.88335001
2024-11-20 04:00:00,0.88335001,0.8847,0.88319999,0.88459998
2024-11-20 08:00:00,0.8847,0.88620001,0.88370001,0.88569999
2024-11-20 12:00:00,0.88559997,0.8858,0.88365,0.88550001
2024-11-20 16:00:00,0.8854,0.88599998,0.88384998,0.88440001
2024-11-20 20:00:00,0.88450003,0.88489997,0.8836,0.88365
2024-11-21 00:00:00,0.88365,0.88380003,0.88270003,0.88274997
2024-11-21 04:00:00,0.88279998,0.88410002,0.88209999,0.88410002
2024-11-21 08:00:00,0.884,0.88435,0.88230002,0.88370001
2024-11-21 12:00:00,0.8836,0.88499999,0.88249999,0.88499999
2024-11-21 16:00:00,0.88499999,0.88709998,0.88480002,0.88639998
2024-11-21 20:00:00,0.88639998,0.88709998,0.88609999,0.88690001
2024-11-22 00:00:00,0.88690001,0.88700002,0.88599998,0.88604999
2024-11-22 04:00:00,0.88609999,0.88735002,0.88555002,0.88590002
2024-11-22 08:00:00,0.88590002,0.89109999,0.88520002,0.88875002
2024-11-22 12:00:00,0.88859999,0.89579999,0.88849998,0.8937
2024-11-22 16:00:00,0.8937,0.8951,0.89340001,0.89450002
2024-11-22 20:00:00,0.8944,0.89480001,0.89399999,0.89399999
2024-11-24 20:00:00,0.8908,0.89179999,0.8897,0.89045
2024-11-25 00:00:00,0.89060003,0.89109999,0.88919997,0.89020002
2024-11-25 04:00:00,0.89020002,0.89144999,0.8901,0.89130002
2024-11-25 08:00:00,0.89120001,0.89170003,0.88859999,0.89039999
2024-11-25 12:00:00,0.89039999,0.89060003,0.88489997,0.88755
2024-11-25 16:00:00,0.88749999,0.88810003,0.88510001,0.88569999
2024-11-25 20:00:00,0.8858,0.889,0.88555002,0.88880002
2024-11-26 00:00:00,0.88880002,0.88940001,0.88679999,0.88679999
2024-11-26 04:00:00,0.88685,0.88779998,0.88620001,0.8872
2024-11-26 08:00:00,0.8872,0.8872,0.88510001,0.88620001
2024-11-26 12:00:00,0.88609999,0.88840002,0.88419998,0.88755
2024-11-26 16:00:00,0.88749999,0.88880002,0.88709998,0.88735002
2024-11-26 20:00:00,0.8872,0.88755,0.88609999,0.88615
2024-11-27 00:00:00,0.88620001,0.88625002,0.8854,0.8858
2024-11-27 04:00:00,0.88585001,0.88609999,0.88410002,0.88454998
2024-11-27 08:00:00,0.88450003,0.88450003,0.88169998,0.88265002
2024-11-27 12:00:00,0.88260001,0.88415003,0.88029999,0.8811
2024-11-27 16:00:00,0.88099998,0.88230002,0.87980002,0.88200003
2024-11-27 20:00:00,0.88190001,0.88239998,0.88129997,0.88235003
2024-11-28 00:00:00,0.88230002,0.88380003,0.8822,0.88344997
2024-11-28 04:00:00,0.88354999,0.88429999,0.88295001,0.88389999
2024-11-28 08:00:00,0.88410002,0.88489997,0.88340002,0.88424999
2024-11-28 12:00:00,0.88419998,0.88445002,0.88249999,0.88319999
2024-11-28 16:00:00,0.88319999,0.88380003,0.88265002,0.88295001
2024-11-28 20:00:00,0.88300002,0.88335001,0.88230002,0.88244998
2024-11-29 00:00:00,0.88244998,0.88244998,0.88010001,0.88129997
2024-11-29 04:00:00,0.88125002,0.8818,0.87959999,0.88125002
2024-11-29 08:00:00,0.88129997,0.88200003,0.87980002,0.88134998
2024-11-29 12:00:00,0.88129997,0.88279998,0.88024998,0.88099998
2024-11-29 16:00:00,0.88099998,0.88260001,0.88,0.88015002
2024-11-29 20:00:00,0.88024998,0.88134998,0.88,0.88094997
2024-12-01 20:00:00,0.88115001,0.88279998,0.88050002,0.8822
2024-12-02 00:00:00,0.88214999,0.88499999,0.88209999,0.88454998
2024-12-02 04:00:00,0.88464999,0.8854,0.88354999,0.88485003
2024-12-02 08:00:00,0.88489997,0.88630003,0.88410002,0.88545001
2024-12-02 12:00:00,0.88545001,0.889,0.88485003,0.88775003
2024-12-02 16:00:00,0.88779998,0.88849998,0.88604999,0.88679999
2024-12-02 20:00:00,0.88685,0.88725001,0.88510001,0.88625002
2024-12-03 00:00:00,0.88634998,0.88840002,0.88634998,0.88814998
2024-12-03 04:00:00,0.88819999,0.88889998,0.88609999,0.88690001
2024-12-03 08:00:00,0.88679999,0.8872,0.88410002,0.88459998
2024-12-03 12:00:00,0.88459998,0.88620001,0.88300002,0.88520002
2024-12-03 16:00:00,0.88520002,0.88639998,0.88429999,0.88630003
2024-12-03 20:00:00,0.88630003,0.88669997,0.88585001,0.88644999
2024-12-04 00:00:00,0.88644999,0.88755,0.88620001,0.88730001
2024-12-04 04:00:00,0.88730001,0.88749999,0.88529998,0.88660002
2024-12-04 08:00:00,0.88665003,0.88800001,0.88575,0.88604999
2024-12-04 12:00:00,0.88609999,0.8876,0.88340002,0.88380003
2024-12-04 16:00:00,0.88380003,0.88489997,0.88265002,0.88415003
2024-12-04 20:00:00,0.88415003,0.8847,0.88349998,0.88389999
2024-12-05 00:00:00,0.88380003,0.8847,0.88370001,0.88389999
2024-12-05 04:00:00,0.884,0.88435,0.88309997,0.8836
2024-12-05 08:00:00,0.8836,0.88529998,0.88309997,0.88335001
2024-12-05 12:00:00,0.88335001,0.88410002,0.87954998,0.87989998
2024-12-05 16:00:00,0.87989998,0.88050002,0.87795001,0.87809998
2024-12-05 20:00:00,0.87809998,0.87919998,0.87800002,0.87835002
2024-12-06 00:00:00,0.87835002,0.87949997,0.87819999,0.8786
2024-12-06 04:00:00,0.87865001,0.87980002,0.87849998,0.87854999
2024-12-06 08:00:00,0.87844998,0.87954998,0.87709999,0.87720001
2024-12-06 12:00:00,0.87709999,0.87830001,0.87370002,0.87715
2024-12-06 16:00:00,0.87709999,0.87980002,0.87685001,0.87884998
2024-12-06 20:00:00,0.87889999,0.87900001,0.87844998,0.87875003
2024-12-08 20:00:00,0.87849998,0.87914997,0.87825,0.87865001
2024-12-09 00:00:00,0.87849998,0.88015002,0.87844998,0.88015002
2024-12-09 04:00:00,0.88015002,0.8804,0.87895,0.87900001
2024-12-09 08:00:00,0.87905002,0.88010001,0.87809998,0.87905002
2024-12-09 12:00:00,0.87914997,0.87989998,0.8761,0.87625003
2024-12-09 16:00:00,0.87629998,0.87905002,0.87585002,0.87875003
2024-12-09 20:00:00,0.87879997,0.87935001,0.87844998,0.87870002
2024-12-10 00:00:00,0.8786,0.87924999,0.87785,0.87805003
2024-12-10 04:00:00,0.87800002,0.87905002,0.87704998,0.87900001
2024-12-10 08:00:00,0.87900001,0.88080001,0.87879997,0.87980002
2024-12-10 12:00:00,0.87980002,0.8829,0.87945002,0.88230002
2024-12-10 16:00:00,0.88230002,0.88309997,0.88190001,0.88300002
2024-12-10 20:00:00,0.8829,0.88319999,0.88239998,0.88279998
2024-12-11 00:00:00,0.88279998,0.88340002,0.88260001,0.88330001
2024-12-11 04:00:00,0.88330001,0.8854,0.88319999,0.88499999
2024-12-11 08:00:00,0.88510001,0.88520002,0.88319999,0.8836
2024-12-11 12:00:00,0.88349998,0.88489997,0.8811,0.88419998
2024-12-11 16:00:00,0.88419998,0.88529998,0.88270003,0.88489997
2024-12-11 20:00:00,0.88480002,0.88489997,0.88319999,0.88319999
2024-12-12 00:00:00,0.88330001,0.88419998,0.8829,0.88410002
2024-12-12 04:00:00,0.88410002,0.88419998,0.88169998,0.8822
2024-12-12 08:00:00,0.8822,0.88929999,0.88200003,0.88700002
2024-12-12 12:00:00,0.88700002,0.89020002,0.88679999,0.88889998
2024-12-12 16:00:00,0.88880002,0.89139998,0.88779998,0.89130002
2024-12-12 20:00:00,0.89130002,0.89279997,0.89120001,0.89209998
2024-12-13 00:00:00,0.89200002,0.89300001,0.89160001,0.89300001
2024-12-13 04:00:00,0.89289999,0.8937,0.89219999,0.89319998
2024-12-13 08:00:00,0.8933,0.89459997,0.89300001,0.89399999
2024-12-13 12:00:00,0.89410001,0.89420003,0.8915,0.8937
2024-12-13 16:00:00,0.89359999,0.89399999,0.89209998,0.89279997
2024-12-13 20:00:00,0.89270002,0.89289999,0.89240003,0.89289999
2024-12-15 20:00:00,0.8933,0.89375001,0.89174998,0.89174998
2024-12-16 00:00:00,0.89179999,0.8919,0.89099997,0.89125001
2024-12-16 04:00:00,0.89125001,0.89179999,0.89025003,0.89179999
2024-12-16 08:00:00,0.89170003,0.89270002,0.88990003,0.89254999
2024-12-16 12:00:00,0.89249998,0.89490002,0.89230001,0.89244998
2024-12-16 16:00:00,0.89240003,0.89480001,0.89219999,0.89469999
2024-12-16 20:00:00,0.89469999,0.89490002,0.89394999,0.89394999
2024-12-17 00:00:00,0.89405,0.89490002,0.89295,0.89459997
2024-12-17 04:00:00,0.89455003,0.89649999,0.89445001,0.89635003
2024-12-17 08:00:00,0.89649999,0.89749998,0.89609998,0.89684999
2024-12-17 12:00:00,0.89684999,0.89719999,0.89405,0.8944
2024-12-17 16:00:00,0.8944,0.89480001,0.89139998,0.89240003
2024-12-17 20:00:00,0.89235002,0.89314997,0.89225,0.89254999
2024-12-18 00:00:00,0.89249998,0.89300001,0.89200002,0.89275002
2024-12-18 04:00:00,0.89275002,0.89380002,0.89179999,0.89345002
2024-12-18 08:00:00,0.89349997,0.89420003,0.89319998,0.89380002
2024-12-18 12:00:00,0.89385003,0.89455003,0.89209998,0.89295
2024-12-18 16:00:00,0.89295,0.90025002,0.89174998,0.90025002
2024-12-18 20:00:00,0.90020001,0.90219998,0.89995003,0.90170002
2024-12-19 00:00:00,0.90170002,0.90170002,0.89960003,0.90015
2024-12-19 04:00:00,0.90015,0.90069997,0.89770001,0.89829999
2024-12-19 08:00:00,0.89835,0.89894998,0.89539999,0.89614999
2024-12-19 12:00:00,0.8962,0.89850003,0.89515001,0.89794999
2024-12-19 16:00:00,0.898,0.8998,0.89684999,0.89824998
2024-12-19 20:00:00,0.89819998,0.89920002,0.89789999,0.89905
2024-12-20 00:00:00,0.89905,0.89905,0.89749998,0.89835
2024-12-20 04:00:00,0.89835,0.89875001,0.89714998,0.89740002
2024-12-20 08:00:00,0.8973,0.89770001,0.89359999,0.89429998
2024-12-20 12:00:00,0.89424998,0.89529997,0.89300001,0.89459997
2024-12-20 16:00:00,0.89459997,0.89499998,0.89130002,0.89174998
2024-12-20 20:00:00,0.89174998,0.89340001,0.89165002,0.89305001
2024-12-22 20:00:00,0.89240003,0.8933,0.8919,0.89314997
2024-12-23 00:00:00,0.89310002,0.8937,0.89279997,0.89319998
2024-12-23 04:00:00,0.89319998,0.89499998,0.89310002,0.89494997
2024-12-23 08:00:00,0.89490002,0.89765,0.8944,0.89674997
2024-12-23 12:00:00,0.89665002,0.90025002,0.89660001,0.89995003
2024-12-23 16:00:00,0.90004998,0.90020001,0.89829999,0.89840001
2024-12-23 20:00:00,0.89829999,0.89905,0.89819998,0.89859998
2024-12-24 00:00:00,0.89854997,0.89969999,0.89829999,0.89960003
2024-12-24 04:00:00,0.89955002,0.90020001,0.89850003,0.90015
2024-12-24 08:00:00,0.90015,0.90090001,0.89905,0.90025002
2024-12-24 12:00:00,0.90030003,0.90039998,0.89969999,0.90039998
2024-12-25 12:00:00,0.89899999,0.89899999,0.89899999,0.89899999
2024-12-25 16:00:00,0.89899999,0.89899999,0.89899999,0.89899999
2024-12-25 20:00:00,0.89969999,0.90009999,0.89934999,0.89934999
2024-12-26 00:00:00,0.89950001,0.90020001,0.89920002,0.89950001
2024-12-26 04:00:00,0.89960003,0.90044999,0.89955002,0.8998
2024-12-26 08:00:00,0.89985001,0.90039998,0.8994,0.90009999
2024-12-26 12:00:00,0.89999998,0.90109998,0.89999998,0.9005
2024-12-26 16:00:00,0.90055001,0.90055001,0.89845002,0.89905
2024-12-26 20:00:00,0.89910001,0.89924997,0.89850003,0.89910001
2024-12-27 00:00:00,0.89899999,0.89960003,0.89889997,0.8994
2024-12-27 04:00:00,0.89929998,0.90125,0.89924997,0.90039998
2024-12-27 08:00:00,0.9005,0.90109998,0.89950001,0.90009999
2024-12-27 12:00:00,0.90015,0.90165001,0.89985001,0.90135002
2024-12-27 16:00:00,0.90130001,0.90275002,0.90095001,0.90184999
2024-12-27 20:00:00,0.90184999,0.90259999,0.90184999,0.90205002
2024-12-29 20:00:00,0.90109998,0.90224999,0.90104997,0.90184999
2024-12-30 00:00:00,0.90184999,0.90200001,0.90135002,0.90184999
2024-12-30 04:00:00,0.90179998,0.90245003,0.90140003,0.90184999
2024-12-30 08:00:00,0.90189999,0.90404999,0.90104997,0.90235001
2024-12-30 12:00:00,0.90240002,0.90735,0.90224999,0.9066
2024-12-30 16:00:00,0.90649998,0.9073,0.90375,0.90404999
2024-12-30 20:00:00,0.9041,0.90439999,0.90324998,0.90329999
2024-12-31 00:00:00,0.90335,0.90364999,0.90249997,0.90284997
2024-12-31 04:00:00,0.90284997,0.90399998,0.90280002,0.90345001
2024-12-31 08:00:00,0.90350002,0.9052,0.9023,0.90495002
2024-12-31 12:00:00,0.90490001,0.90609998,0.90474999,0.90565002
2025-01-01 20:00:00,0.90719998,0.90789998,0.90600002,0.90780002
2025-01-02 00:00:00,0.9077,0.90789998,0.90460002,0.90469998
2025-01-02 04:00:00,0.9048,0.9052,0.90399998,0.90469998
2025-01-02 08:00:00,0.9048,0.90810001,0.90399998,0.90780002
2025-01-02 12:00:00,0.90780002,0.91079998,0.90719998,0.91079998
2025-01-02 16:00:00,0.91079998,0.91369998,0.91070002,0.91339999
2025-01-02 20:00:00,0.91339999,0.91339999,0.91180003,0.91210002
2025-01-03 00:00:00,0.91210002,0.91229999,0.91100001,0.91210002
2025-01-03 04:00:00,0.91210002,0.91250002,0.90990001,0.91030002
2025-01-03 08:00:00,0.9102,0.91109997,0.90859997,0.90930003
2025-01-03 12:00:00,0.90930003,0.91079998,0.90810001,0.91060001
2025-01-03 16:00:00,0.91070002,0.91070002,0.90859997,0.90920001
2025-01-03 20:00:00,0.9091,0.90930003,0.9084,0.90850002
2025-01-05 20:00:00,0.91009998,0.91009998,0.90859997,0.90939999
2025-01-06 00:00:00,0.90939999,0.91060001,0.90930003,0.9095
2025-01-06 04:00:00,0.90930003,0.91000003,0.90810001,0.90820003
2025-01-06 08:00:00,0.90820003,0.90820003,0.9012,0.90189999
2025-01-06 12:00:00,0.90189999,0.9066,0.90090001,0.90490001
2025-01-06 16:00:00,0.90490001,0.9052,0.90390003,0.90439999
2025-01-06 20:00:00,0.90450001,0.9052,0.90420002,0.90499997
2025-01-07 00:00:00,0.90499997,0.90600002,0.90469998,0.90469998
2025-01-07 04:00:00,0.9048,0.90530002,0.9023,0.90469998
2025-01-07 08:00:00,0.90460002,0.90670002,0.90259999,0.9059
2025-01-07 12:00:00,0.90600002,0.90960002,0.9059,0.90789998
2025-01-07 16:00:00,0.90780002,0.90920001,0.90710002,0.90850002
2025-01-07 20:00:00,0.90859997,0.90979999,0.90829998,0.90960002
2025-01-08 00:00:00,0.90960002,0.90960002,0.90869999,0.90930003
2025-01-08 04:00:00,0.90939999,0.91079998,0.90880001,0.91060001
2025-01-08 08:00:00,0.91060001,0.91259998,0.91049999,0.91180003
2025-01-08 12:00:00,0.91180003,0.91289997,0.90990001,0.91119999
2025-01-08 16:00:00,0.9113,0.912,0.91070002,0.91180003
2025-01-08 20:00:00,0.91170001,0.91180003,0.91039997,0.91109997
2025-01-09 00:00:00,0.91100001,0.91149998,0.90979999,0.91070002
2025-01-09 04:00:00,0.91079998,0.9127,0.91030002,0.91259998
2025-01-09 08:00:00,0.91259998,0.9131,0.9109,0.91219997
2025-01-09 12:00:00,0.91219997,0.91250002,0.91070002,0.91219997
2025-01-09 16:00:00,0.91219997,0.9131,0.912,0.9127
2025-01-09 20:00:00,0.91259998,0.91259998,0.91170001,0.91210002
2025-01-10 00:00:00,0.91210002,0.91250002,0.91149998,0.91210002
2025-01-10 04:00:00,0.912,0.91320002,0.912,0.91250002
2025-01-10 08:00:00,0.91240001,0.91430002,0.91219997,0.9138
2025-01-10 12:00:00,0.91390002,0.91890001,0.9131,0.9163
2025-01-10 16:00:00,0.91640002,0.91799998,0.91600001,0.91720003
2025-01-10 20:00:00,0.91720003,0.91729999,0.9163,0.91640002
2025-01-12 20:00:00,0.91670001,0.917,0.91600001,0.91689998
2025-01-13 00:00:00,0.91689998,0.91759998,0.9163,0.9174
2025-01-13 04:00:00,0.91729999,0.91799998,0.91619998,0.91670001
2025-01-13 08:00:00,0.91680002,0.9181,0.91540003,0.91670001
2025-01-13 12:00:00,0.91670001,0.91949999,0.9156,0.91939998
2025-01-13 16:00:00,0.91949999,0.92009997,0.91799998,0.91909999
2025-01-13 20:00:00,0.91909999,0.91909999,0.9152,0.91600001
2025-01-14 00:00:00,0.91589999,0.917,0.91579998,0.91610003
2025-01-14 04:00:00,0.91610003,0.91640002,0.91469997,0.91530001
2025-01-14 08:00:00,0.9152,0.91670001,0.91289997,0.91659999
2025-01-14 12:00:00,0.91659999,0.9174,0.91439998,0.9145
2025-01-14 16:00:00,0.9145,0.91509998,0.91250002,0.9127
2025-01-14 20:00:00,0.9127,0.91320002,0.91210002,0.91250002
2025-01-15 00:00:00,0.91259998,0.91299999,0.91219997,0.91229999
2025-01-15 04:00:00,0.91240001,0.9127,0.9113,0.91149998
2025-01-15 08:00:00,0.91149998,0.91250002,0.91100001,0.91210002
2025-01-15 12:00:00,0.91210002,0.91250002,0.90820003,0.91180003
2025-01-15 16:00:00,0.91180003,0.91460001,0.91180003,0.9127
2025-01-15 20:00:00,0.91280001,0.91339999,0.91210002,0.91219997
2025-01-16 00:00:00,0.91219997,0.91289997,0.9113,0.91229999
2025-01-16 04:00:00,0.91229999,0.91289997,0.91159999,0.91189998
2025-01-16 08:00:00,0.91189998,0.91219997,0.91060001,0.91159999
2025-01-16 12:00:00,0.91159999,0.91369998,0.9113,0.91180003
2025-01-16 16:00:00,0.91180003,0.91210002,0.91009998,0.91100001
2025-01-16 20:00:00,0.91100001,0.91140002,0.91049999,0.91119999
2025-01-17 00:00:00,0.9113,0.91140002,0.91009998,0.9109
2025-01-17 04:00:00,0.91100001,0.91299999,0.9109,0.91189998
2025-01-17 08:00:00,0.91189998,0.91219997,0.90969998,0.91180003
2025-01-17 12:00:00,0.91180003,0.91469997,0.91100001,0.91369998
2025-01-17 16:00:00,0.91369998,0.91540003,0.91360003,0.91500002
2025-01-17 20:00:00,0.91500002,0.91530001,0.91469997,0.9149
2025-01-19 20:00:00,0.91360003,0.91530001,0.91320002,0.91460001
2025-01-20 00:00:00,0.9145,0.91479999,0.9127,0.91280001
2025-01-20 04:00:00,0.9127,0.91329998,0.91210002,0.91229999
2025-01-20 08:00:00,0.91229999,0.91390002,0.91219997,0.91329998
2025-01-20 12:00:00,0.91329998,0.91460001,0.90679997,0.90829998
2025-01-20 16:00:00,0.90829998,0.91060001,0.90630001,0.90640002
2025-01-20 20:00:00,0.90649998,0.9077,0.90560001,0.90619999
2025-01-21 00:00:00,0.90619999,0.90979999,0.9052,0.90719998
2025-01-21 04:00:00,0.90719998,0.9091,0.90649998,0.90850002
2025-01-21 08:00:00,0.90859997,0.91149998,0.90850002,0.91100001
2025-01-21 12:00:00,0.9109,0.91140002,0.90700001,0.9077
2025-01-21 16:00:00,0.9077,0.90789998,0.90630001,0.90670002
2025-01-21 20:00:00,0.90670002,0.9073,0.90509999,0.90670002
2025-01-22 00:00:00,0.90679997,0.90710002,0.90539998,0.90679997
2025-01-22 04:00:00,0.90689999,0.9073,0.90619999,0.9066
2025-01-22 08:00:00,0.90649998,0.90679997,0.90329999,0.90469998
2025-01-22 12:00:00,0.90469998,0.90750003,0.90460002,0.90679997
2025-01-22 16:00:00,0.90689999,0.90759999,0.9059,0.90609998
2025-01-22 20:00:00,0.90609998,0.90740001,0.9059,0.90640002
2025-01-23 00:00:00,0.90649998,0.90679997,0.90570003,0.90630001
2025-01-23 04:00:00,0.90640002,0.90740001,0.90609998,0.90700001
2025-01-23 08:00:00,0.90700001,0.90799999,0.90630001,0.90789998
2025-01-23 12:00:00,0.90799999,0.90979999,0.90710002,0.90920001
2025-01-23 16:00:00,0.90920001,0.9109,0.90609998,0.90689999
2025-01-23 20:00:00,0.90689999,0.9077,0.90649998,0.90750003
2025-01-24 00:00:00,0.90759999,0.9077,0.90499997,0.90530002
2025-01-24 04:00:00,0.90530002,0.90600002,0.9041,0.90509999
2025-01-24 08:00:00,0.9052,0.90600002,0.90280002,0.90549999
2025-01-24 12:00:00,0.90549999,0.90719998,0.90439999,0.90469998
2025-01-24 16:00:00,0.90469998,0.90619999,0.90399998,0.90600002
2025-01-24 20:00:00,0.90609998,0.90649998,0.90579998,0.90600002
2025-01-26 20:00:00,0.90549999,0.90710002,0.90530002,0.90689999
2025-01-27 00:00:00,0.90679997,0.9073,0.90570003,0.90670002
2025-01-27 04:00:00,0.90670002,0.90740001,0.90600002,0.9066
2025-01-27 08:00:00,0.9066,0.90670002,0.89649999,0.89749998
2025-01-27 12:00:00,0.89740002,0.90130001,0.89719999,0.90069997
2025-01-27 16:00:00,0.90069997,0.9023,0.89960003,0.90130001
2025-01-27 20:00:00,0.90140003,0.9052,0.90130001,0.90450001
2025-01-28 00:00:00,0.90460002,0.90560001,0.90369999,0.90549999
2025-01-28 04:00:00,0.90539998,0.90670002,0.90469998,0.90640002
2025-01-28 08:00:00,0.90649998,0.90710002,0.90539998,0.90640002
2025-01-28 12:00:00,0.90640002,0.90679997,0.9041,0.9059
2025-01-28 16:00:00,0.90570003,0.90579998,0.90390003,0.90399998
2025-01-28 20:00:00,0.90399998,0.90490001,0.90390003,0.90429997
2025-01-29 00:00:00,0.90420002,0.90439999,0.90329999,0.90350002
2025-01-29 04:00:00,0.90350002,0.90570003,0.90319997,0.90560001
2025-01-29 08:00:00,0.90549999,0.90700001,0.90460002,0.90670002
2025-01-29 12:00:00,0.90670002,0.90829998,0.90570003,0.90649998
2025-01-29 16:00:00,0.90649998,0.9095,0.90619999,0.9073
2025-01-29 20:00:00,0.9073,0.90810001,0.90609998,0.90640002
2025-01-30 00:00:00,0.90640002,0.90679997,0.90600002,0.9066
2025-01-30 04:00:00,0.90649998,0.90710002,0.90619999,0.90630001
2025-01-30 08:00:00,0.90619999,0.90899998,0.90619999,0.90859997
2025-01-30 12:00:00,0.90859997,0.90880001,0.9059,0.9073
2025-01-30 16:00:00,0.9073,0.90930003,0.90689999,0.90859997
2025-01-30 20:00:00,0.90859997,0.91039997,0.90820003,0.90969998
2025-01-31 00:00:00,0.90969998,0.91049999,0.90930003,0.91030002
2025-01-31 04:00:00,0.91030002,0.91060001,0.90880001,0.9095
2025-01-31 08:00:00,0.90960002,0.91159999,0.9095,0.9109
2025-01-31 12:00:00,0.91079998,0.91100001,0.90750003,0.90820003
2025-01-31 16:00:00,0.90820003,0.91109997,0.90719998,0.91060001
2025-01-31 20:00:00,0.91060001,0.91149998,0.91000003,0.91119999
2025-02-02 20:00:00,0.91540003,0.91600001,0.9138,0.9152
2025-02-03 00:00:00,0.91530001,0.91769999,0.91439998,0.917
2025-02-03 04:00:00,0.917,0.9188,0.91540003,0.91869998
2025-02-03 08:00:00,0.9188,0.91970003,0.91600001,0.91619998
2025-02-03 12:00:00,0.91619998,0.91619998,0.91039997,0.91170001
2025-02-03 16:00:00,0.91170001,0.91439998,0.91079998,0.91289997
2025-02-03 20:00:00,0.91289997,0.91299999,0.90939999,0.91159999
2025-02-04 00:00:00,0.91159999,0.91259998,0.91119999,0.91170001
2025-02-04 04:00:00,0.91170001,0.91320002,0.91119999,0.91189998
2025-02-04 08:00:00,0.91180003,0.91189998,0.90829998,0.90979999
2025-02-04 12:00:00,0.90979999,0.91009998,0.90530002,0.9059
2025-02-04 16:00:00,0.90579998,0.90630001,0.90450001,0.90499997
2025-02-04 20:00:00,0.90490001,0.90570003,0.90469998,0.90539998
2025-02-05 00:00:00,0.90539998,0.90600002,0.90439999,0.90499997
2025-02-05 04:00:00,0.90490001,0.9059,0.90289998,0.90380001
2025-02-05 08:00:00,0.90399998,0.9048,0.90079999,0.9023
2025-02-05 12:00:00,0.90240002,0.9034,0.90020001,0.90060002
2025-02-05 16:00:00,0.90060002,0.90140003,0.90020001,0.90100002
2025-02-05 20:00:00,0.90109998,0.90189999,0.90100002,0.90140003
2025-02-06 00:00:00,0.90149999,0.90259999,0.90090001,0.90249997
2025-02-06 04:00:00,0.90240002,0.90359998,0.90219998,0.9034
2025-02-06 08:00:00,0.90359998,0.90560001,0.90319997,0.90499997
2025-02-06 12:00:00,0.90509999,0.90619999,0.90460002,0.90509999
2025-02-06 16:00:00,0.9052,0.90570003,0.90399998,0.9052
2025-02-06 20:00:00,0.9052,0.90530002,0.90460002,0.9052
2025-02-07 00:00:00,0.90530002,0.90649998,0.90469998,0.90619999
2025-02-07 04:00:00,0.90619999,0.90679997,0.90600002,0.90619999
2025-02-07 08:00:00,0.90640002,0.90719998,0.90549999,0.90679997
2025-02-07 12:00:00,0.90689999,0.9102,0.90499997,0.90930003
2025-02-07 16:00:00,0.90930003,0.91070002,0.90869999,0.90920001
2025-02-07 20:00:00,0.90920001,0.9102,0.90890002,0.91000003
2025-02-09 20:00:00,0.91070002,0.9113,0.91030002,0.91100001
2025-02-10 00:00:00,0.91100001,0.91229999,0.91030002,0.9113
2025-02-10 04:00:00,0.91140002,0.91140002,0.91039997,0.9109
2025-02-10 08:00:00,0.91100001,0.91109997,0.90930003,0.91030002
2025-02-10 12:00:00,0.91030002,0.91119999,0.90979999,0.91030002
2025-02-10 16:00:00,0.91030002,0.91170001,0.9102,0.91149998
2025-02-10 20:00:00,0.91140002,0.91159999,0.91049999,0.91140002
2025-02-11 00:00:00,0.91149998,0.91189998,0.91109997,0.91159999
2025-02-11 04:00:00,0.91170001,0.91189998,0.91119999,0.91189998
2025-02-11 08:00:00,0.91180003,0.9131,0.91119999,0.91299999
2025-02-11 12:00:00,0.9131,0.91409999,0.9127,0.91329998
2025-02-11 16:00:00,0.91329998,0.91409999,0.91229999,0.91320002
2025-02-11 20:00:00,0.91320002,0.91360003,0.91170001,0.91320002
2025-02-12 00:00:00,0.91320002,0.91360003,0.91250002,0.91329998
2025-02-12 04:00:00,0.91339999,0.91369998,0.912,0.91229999
2025-02-12 08:00:00,0.91229999,0.91240001,0.91030002,0.9109
2025-02-12 12:00:00,0.91100001,0.91570002,0.91079998,0.91329998
2025-02-12 16:00:00,0.91339999,0.9145,0.91140002,0.91339999
2025-02-12 20:00:00,0.91329998,0.91390002,0.91229999,0.91350001
2025-02-13 00:00:00,0.91350001,0.91409999,0.91170001,0.91210002
2025-02-13 04:00:00,0.91210002,0.91210002,0.90890002,0.90930003
2025-02-13 08:00:00,0.90920001,0.90969998,0.9066,0.90759999
2025-02-13 12:00:00,0.9077,0.90859997,0.90469998,0.9052
2025-02-13 16:00:00,0.9052,0.90630001,0.90350002,0.90380001
2025-02-13 20:00:00,0.90390003,0.90530002,0.90280002,0.90319997
2025-02-14 00:00:00,0.90329999,0.90420002,0.90240002,0.9041
2025-02-14 04:00:00,0.90399998,0.90490001,0.9034,0.90469998
2025-02-14 08:00:00,0.90469998,0.90499997,0.9012,0.90149999
2025-02-14 12:00:00,0.90149999,0.90170002,0.89719999,0.898
2025-02-14 16:00:00,0.898,0.89910001,0.89770001,0.8987
2025-02-14 20:00:00,0.8987,0.8998,0.8987,0.89960003
2025-02-16 20:00:00,0.89840001,0.90020001,0.89789999,0.89999998
2025-02-17 00:00:00,0.89990002,0.9005,0.89920002,0.90030003
2025-02-17 04:00:00,0.90030003,0.90090001,0.89920002,0.89990002
2025-02-17 08:00:00,0.89999998,0.90130001,0.89969999,0.90100002
2025-02-17 12:00:00,0.90100002,0.90189999,0.90039998,0.90100002
2025-02-17 16:00:00,0.90100002,0.9012,0.90020001,0.90090001
2025-02-17 20:00:00,0.90100002,0.90130001,0.90039998,0.90069997
2025-02-18 00:00:00,0.90079999,0.90240002,0.90069997,0.9023
2025-02-18 04:00:00,0.9023,0.90350002,0.90109998,0.90149999
2025-02-18 08:00:00,0.9016,0.90179998,0.89950001,0.90170002
2025-02-18 12:00:00,0.9016,0.9023,0.9012,0.90170002
2025-02-18 16:00:00,0.9016,0.90420002,0.90130001,0.90359998
2025-02-18 20:00:00,0.90369999,0.9041,0.90240002,0.90369999
2025-02-19 00:00:00,0.90359998,0.90439999,0.90319997,0.90329999
2025-02-19 04:00:00,0.9034,0.90399998,0.90249997,0.90390003
2025-02-19 08:00:00,0.90380001,0.9052,0.90329999,0.90399998
2025-02-19 12:00:00,0.9041,0.90499997,0.90240002,0.90369999
2025-02-19 16:00:00,0.90380001,0.90549999,0.90319997,0.90380001
2025-02-19 20:00:00,0.90390003,0.90469998,0.90369999,0.90469998
2025-02-20 00:00:00,0.90460002,0.90469998,0.90270001,0.903
2025-02-20 04:00:00,0.903,0.90329999,0.90210003,0.90270001
2025-02-20 08:00:00,0.90270001,0.90310001,0.90170002,0.90240002
2025-02-20 12:00:00,0.9023,0.903,0.89960003,0.89969999
2025-02-20 16:00:00,0.8998,0.90039998,0.8976,0.89770001
2025-02-20 20:00:00,0.89780003,0.89920002,0.8976,0.89829999
2025-02-21 00:00:00,0.89819998,0.89960003,0.898,0.89819998
2025-02-21 04:00:00,0.89819998,0.8994,0.89780003,0.89810002
2025-02-21 08:00:00,0.89819998,0.89950001,0.89709997,0.8987
2025-02-21 12:00:00,0.8987,0.9005,0.89789999,0.89969999
2025-02-21 16:00:00,0.89960003,0.8998,0.89679998,0.89719999
2025-02-21 20:00:00,0.8973,0.89829999,0.89700001,0.89780003
2025-02-23 20:00:00,0.89789999,0.8987,0.89700001,0.89859998
2025-02-24 00:00:00,0.89850003,0.89859998,0.89539999,0.89560002
2025-02-24 04:00:00,0.89569998,0.89719999,0.8955,0.89719999
2025-02-24 08:00:00,0.89709997,0.89990002,0.89670002,0.89969999
2025-02-24 12:00:00,0.89960003,0.8998,0.8962,0.89700001
2025-02-24 16:00:00,0.89700001,0.8976,0.89600003,0.89670002
2025-02-24 20:00:00,0.89660001,0.89780003,0.89649999,0.89740002
2025-02-25 00:00:00,0.89740002,0.89789999,0.89700001,0.89719999
2025-02-25 04:00:00,0.89719999,0.89749998,0.89630002,0.89670002
2025-02-25 08:00:00,0.89670002,0.89719999,0.89499998,0.8951
2025-02-25 12:00:00,0.89520001,0.89520001,0.89120001,0.89349997
2025-02-25 16:00:00,0.89349997,0.8937,0.8919,0.8926
2025-02-25 20:00:00,0.89249998,0.8933,0.89209998,0.89249998
2025-02-26 00:00:00,0.89240003,0.8937,0.89160001,0.89359999
2025-02-26 04:00:00,0.89359999,0.89520001,0.89349997,0.8944
2025-02-26 08:00:00,0.89450002,0.8962,0.89359999,0.89579999
2025-02-26 12:00:00,0.89590001,0.89649999,0.89349997,0.8937
2025-02-26 16:00:00,0.8937,0.89450002,0.89249998,0.89389998
2025-02-26 20:00:00,0.89389998,0.89499998,0.89380002,0.89450002
2025-02-27 00:00:00,0.89450002,0.89670002,0.89450002,0.89660001
2025-02-27 04:00:00,0.89660001,0.89749998,0.89590001,0.89649999
2025-02-27 08:00:00,0.89639997,0.89880002,0.89630002,0.89880002
2025-02-27 12:00:00,0.8987,0.90060002,0.89660001,0.89920002
2025-02-27 16:00:00,0.89920002,0.8998,0.89810002,0.89960003
2025-02-27 20:00:00,0.89969999,0.90020001,0.89910001,0.90009999
2025-02-28 00:00:00,0.90009999,0.90020001,0.89829999,0.89899999
2025-02-28 04:00:00,0.89899999,0.9023,0.89889997,0.9016
2025-02-28 08:00:00,0.90170002,0.90319997,0.9005,0.90280002
2025-02-28 12:00:00,0.90270001,0.90310001,0.9012,0.9023
2025-02-28 16:00:00,0.90219998,0.90359998,0.90100002,0.90350002
2025-02-28 20:00:00,0.90350002,0.90369999,0.90280002,0.90329999
2025-03-02 20:00:00,0.90240002,0.90310001,0.90219998,0.90270001
2025-03-03 00:00:00,0.90280002,0.903,0.90149999,0.90179998
2025-03-03 04:00:00,0.90179998,0.90319997,0.90149999,0.90170002
2025-03-03 08:00:00,0.90170002,0.90189999,0.90020001,0.9016
2025-03-03 12:00:00,0.9016,0.90179998,0.89709997,0.89840001
2025-03-03 16:00:00,0.89829999,0.89859998,0.8962,0.89749998
2025-03-03 20:00:00,0.8976,0.89780003,0.89609998,0.8969
2025-03-04 00:00:00,0.8969,0.89719999,0.89459997,0.89670002
2025-03-04 04:00:00,0.89670002,0.89679998,0.89429998,0.89520001
2025-03-04 08:00:00,0.89520001,0.89520001,0.88959998,0.8897
2025-03-04 12:00:00,0.88959998,0.89130002,0.8872,0.89039999
2025-03-04 16:00:00,0.89039999,0.89060003,0.88810003,0.88910002
2025-03-04 20:00:00,0.889,0.89039999,0.88819999,0.88999999
2025-03-05 00:00:00,0.88990003,0.89139998,0.8897,0.89090002
2025-03-05 04:00:00,0.8908,0.89090002,0.88709998,0.88770002
2025-03-05 08:00:00,0.88770002,0.88940001,0.88559997,0.88919997
2025-03-05 12:00:00,0.88919997,0.89039999,0.88690001,0.88849998
2025-03-05 16:00:00,0.88849998,0.89139998,0.88749999,0.89050001
2025-03-05 20:00:00,0.89050001,0.8915,0.89029998,0.8908
2025-03-06 00:00:00,0.8908,0.89249998,0.88959998,0.89240003
2025-03-06 04:00:00,0.89249998,0.8926,0.88770002,0.88910002
2025-03-06 08:00:00,0.88919997,0.88990003,0.88520002,0.8854
2025-03-06 12:00:00,0.88529998,0.88730001,0.88279998,0.88599998
2025-03-06 16:00:00,0.88609999,0.88620001,0.88260001,0.88270003
2025-03-06 20:00:00,0.88270003,0.8847,0.88260001,0.88340002
2025-03-07 00:00:00,0.88349998,0.88349998,0.88150001,0.88230002
2025-03-07 04:00:00,0.8822,0.88260001,0.87949997,0.88050002
2025-03-07 08:00:00,0.88059998,0.88090003,0.87669998,0.87959999
2025-03-07 12:00:00,0.87949997,0.88200003,0.87699997,0.87889999
2025-03-07 16:00:00,0.87889999,0.8811,0.8768,0.88010001
2025-03-07 20:00:00,0.88010001,0.88029999,0.87940001,0.87980002
2025-03-09 20:00:00,0.8804,0.8804,0.87669998,0.87739998
2025-03-10 00:00:00,0.87730002,0.87910002,0.87650001,0.87879997
2025-03-10 04:00:00,0.87879997,0.88,0.87800002,0.87980002
2025-03-10 08:00:00,0.87989998,0.8804,0.87620002,0.87669998
2025-03-10 12:00:00,0.8768,0.88169998,0.87580001,0.88129997
2025-03-10 16:00:00,0.88120002,0.8822,0.8804,0.88139999
2025-03-10 20:00:00,0.88139999,0.88169998,0.87980002,0.88
2025-03-11 00:00:00,0.88010001,0.88029999,0.87730002,0.8793
2025-03-11 04:00:00,0.87919998,0.88059998,0.87800002,0.87889999
2025-03-11 08:00:00,0.87889999,0.88260001,0.87870002,0.88190001
2025-03-11 12:00:00,0.88190001,0.88209999,0.87870002,0.88
2025-03-11 16:00:00,0.88,0.88260001,0.87980002,0.88209999
2025-03-11 20:00:00,0.8822,0.8836,0.8822,0.88340002
2025-03-12 00:00:00,0.88349998,0.88389999,0.88279998,0.88380003
2025-03-12 04:00:00,0.88380003,0.88410002,0.88209999,0.88279998
2025-03-12 08:00:00,0.8829,0.88389999,0.88150001,0.88260001
2025-03-12 12:00:00,0.88249999,0.88529998,0.88010001,0.88279998
2025-03-12 16:00:00,0.88279998,0.88330001,0.88169998,0.88200003
2025-03-12 20:00:00,0.88200003,0.8822,0.88150001,0.88190001
2025-03-13 00:00:00,0.88190001,0.88200003,0.88099998,0.88160002
2025-03-13 04:00:00,0.88169998,0.88309997,0.8804,0.88160002
2025-03-13 08:00:00,0.88169998,0.88309997,0.88090003,0.88279998
2025-03-13 12:00:00,0.88279998,0.88550001,0.88129997,0.88499999
2025-03-13 16:00:00,0.88499999,0.88529998,0.8829,0.88330001
2025-03-13 20:00:00,0.88340002,0.88349998,0.8818,0.88270003
2025-03-14 00:00:00,0.88279998,0.88459998,0.8822,0.88410002
2025-03-14 04:00:00,0.884,0.88459998,0.88340002,0.88419998
2025-03-14 08:00:00,0.88410002,0.88529998,0.88300002,0.88499999
2025-03-14 12:00:00,0.88510001,0.88639998,0.88459998,0.88550001
2025-03-14 16:00:00,0.88559997,0.88559997,0.88419998,0.88499999
2025-03-14 20:00:00,0.88510001,0.88520002,0.88489997,0.88499999
2025-03-16 20:00:00,0.88499999,0.8854,0.88380003,0.88419998
2025-03-17 00:00:00,0.88419998,0.88480002,0.88380003,0.88429999
2025-03-17 04:00:00,0.88419998,0.88480002,0.8836,0.884
2025-03-17 08:00:00,0.88389999,0.88419998,0.8822,0.88270003
2025-03-17 12:00:00,0.88260001,0.88349998,0.87980002,0.88129997
2025-03-17 16:00:00,0.88120002,0.88139999,0.88010001,0.88050002
2025-03-17 20:00:00,0.8804,0.88139999,0.88029999,0.88139999
2025-03-18 00:00:00,0.88129997,0.88169998,0.88080001,0.88120002
2025-03-18 04:00:00,0.8811,0.88190001,0.88069999,0.88099998
2025-03-18 08:00:00,0.88099998,0.8811,0.87889999,0.87989998
2025-03-18 12:00:00,0.87989998,0.88069999,0.87699997,0.87730002
2025-03-18 16:00:00,0.87730002,0.87769997,0.87589997,0.87650001
2025-03-18 20:00:00,0.87660003,0.87730002,0.87629998,0.87690002
2025-03-19 00:00:00,0.8768,0.87769997,0.8768,0.87690002
2025-03-19 04:00:00,0.87699997,0.8779,0.87669998,0.87730002
2025-03-19 08:00:00,0.87730002,0.88010001,0.87699997,0.87889999
2025-03-19 12:00:00,0.87889999,0.88099998,0.87800002,0.88
2025-03-19 16:00:00,0.88,0.88099998,0.87699997,0.87800002
2025-03-19 20:00:00,0.87809998,0.87840003,0.87650001,0.87660003
2025-03-20 00:00:00,0.87650001,0.87709999,0.87559998,0.8761
2025-03-20 04:00:00,0.8761,0.87760001,0.87589997,0.87739998
2025-03-20 08:00:00,0.87730002,0.88279998,0.87639999,0.8822
2025-03-20 12:00:00,0.88209999,0.88429999,0.88190001,0.88270003
2025-03-20 16:00:00,0.88260001,0.88319999,0.88129997,0.88209999
2025-03-20 20:00:00,0.88209999,0.88260001,0.88129997,0.8818
2025-03-21 00:00:00,0.88169998,0.8836,0.88150001,0.88340002
2025-03-21 04:00:00,0.88340002,0.88410002,0.88279998,0.88340002
2025-03-21 08:00:00,0.88340002,0.884,0.88029999,0.8804
2025-03-21 12:00:00,0.8804,0.88370001,0.87970001,0.88340002
2025-03-21 16:00:00,0.88349998,0.8836,0.88260001,0.88330001
2025-03-21 20:00:00,0.88319999,0.88349998,0.88279998,0.88319999
2025-03-23 20:00:00,0.88300002,0.88349998,0.88279998,0.88300002
2025-03-24 00:00:00,0.88300002,0.884,0.88279998,0.88380003
2025-03-24 04:00:00,0.88380003,0.884,0.88230002,0.88239998
2025-03-24 08:00:00,0.88230002,0.88300002,0.88,0.88139999
2025-03-24 12:00:00,0.88139999,0.88459998,0.88120002,0.88419998
2025-03-24 16:00:00,0.88419998,0.88419998,0.88300002,0.88309997
2025-03-24 20:00:00,0.88309997,0.88370001,0.88260001,0.88279998
2025-03-25 00:00:00,0.8829,0.88349998,0.88270003,0.88309997
2025-03-25 04:00:00,0.88300002,0.88489997,0.88260001,0.8847
2025-03-25 08:00:00,0.8847,0.88480002,0.88150001,0.8822
2025-03-25 12:00:00,0.88209999,0.8822,0.88010001,0.88200003
2025-03-25 16:00:00,0.88190001,0.88279998,0.8811,0.88239998
2025-03-25 20:00:00,0.88239998,0.8829,0.88190001,0.88260001
2025-03-26 00:00:00,0.88270003,0.88380003,0.88249999,0.8836
2025-03-26 04:00:00,0.88349998,0.88419998,0.88340002,0.8836
2025-03-26 08:00:00,0.8836,0.884,0.8829,0.884
2025-03-26 12:00:00,0.884,0.88480002,0.88319999,0.88389999
2025-03-26 16:00:00,0.88389999,0.88510001,0.88309997,0.88450003
2025-03-26 20:00:00,0.88450003,0.88489997,0.88330001,0.88429999
2025-03-27 00:00:00,0.88429999,0.88429999,0.88239998,0.88260001
2025-03-27 04:00:00,0.88249999,0.88480002,0.88200003,0.88410002
2025-03-27 08:00:00,0.88410002,0.8847,0.88340002,0.88380003
2025-03-27 12:00:00,0.88370001,0.884,0.88050002,0.8818
2025-03-27 16:00:00,0.88190001,0.88249999,0.88139999,0.88190001
2025-03-27 20:00:00,0.88190001,0.88260001,0.88090003,0.88169998
2025-03-28 00:00:00,0.88169998,0.88260001,0.88160002,0.88260001
2025-03-28 04:00:00,0.88249999,0.8829,0.88120002,0.8818
2025-03-28 08:00:00,0.88169998,0.88349998,0.8811,0.88309997
2025-03-28 12:00:00,0.88309997,0.88340002,0.88,0.88090003
2025-03-28 16:00:00,0.88090003,0.88230002,0.88059998,0.88160002
2025-03-28 20:00:00,0.88169998,0.88169998,0.88069999,0.88080001
2025-03-30 20:00:00,0.88129997,0.88160002,0.88020003,0.88099998
2025-03-31 00:00:00,0.88099998,0.88099998,0.87840003,0.87900001
2025-03-31 04:00:00,0.87900001,0.88099998,0.87809998,0.88090003
2025-03-31 08:00:00,0.88080001,0.88190001,0.88050002,0.8811
2025-03-31 12:00:00,0.88120002,0.8854,0.88099998,0.88440001
2025-03-31 16:00:00,0.88429999,0.88559997,0.88410002,0.88459998
2025-03-31 20:00:00,0.88459998,0.88480002,0.88380003,0.884
2025-04-01 00:00:00,0.88389999,0.884,0.88300002,0.88300002
2025-04-01 04:00:00,0.8829,0.88440001,0.88270003,0.88309997
2025-04-01 08:00:00,0.88309997,0.88309997,0.8818,0.88270003
2025-04-01 12:00:00,0.88260001,0.88389999,0.88169998,0.88270003
2025-04-01 16:00:00,0.88279998,0.88429999,0.88260001,0.88389999
2025-04-01 20:00:00,0.884,0.88410002,0.88309997,0.88380003
2025-04-02 00:00:00,0.88370001,0.88429999,0.88319999,0.88349998
2025-04-02 04:00:00,0.88340002,0.88489997,0.88340002,0.88459998
2025-04-02 08:00:00,0.88459998,0.88489997,0.88309997,0.88330001
2025-04-02 12:00:00,0.88319999,0.884,0.88160002,0.88190001
2025-04-02 16:00:00,0.88200003,0.88389999,0.88190001,0.88270003
2025-04-02 20:00:00,0.88270003,0.88389999,0.87639999,0.87699997
2025-04-03 00:00:00,0.87699997,0.87910002,0.875,0.87580001
2025-04-03 04:00:00,0.87580001,0.87620002,0.8682,0.86849999
2025-04-03 08:00:00,0.86839998,0.86919999,0.85900003,0.86040002
2025-04-03 12:00:00,0.8603,0.86089998,0.85479999,0.85900003
2025-04-03 16:00:00,0.85900003,0.86189997,0.85879999,0.85939997
2025-04-03 20:00:00,0.85949999,0.86009997,0.85759997,0.85930002
2025-04-04 00:00:00,0.8592,0.85970002,0.85299999,0.85329998
2025-04-04 04:00:00,0.85320002,0.85619998,0.8524,0.85530001
2025-04-04 08:00:00,0.85519999,0.85699999,0.8477,0.85070002
2025-04-04 12:00:00,0.85039997,0.85769999,0.84890002,0.85479999
2025-04-04 16:00:00,0.85470003,0.86260003,0.85439998,0.86189997
2025-04-04 20:00:00,0.86199999,0.8624,0.86019999,0.86070001
2025-04-06 21:00:00,0.85189998,0.85409999,0.84969997,0.85399997
2025-04-07 01:00:00,0.85390002,0.85839999,0.85259998,0.85290003
2025-04-07 05:00:00,0.85290003,0.85439998,0.8452,0.85119998
2025-04-07 09:00:00,0.85119998,0.85869998,0.85110003,0.85650003
2025-04-07 13:00:00,0.85640001,0.86750001,0.85390002,0.8585
2025-04-07 17:00:00,0.85839999,0.86059999,0.8556,0.8592
2025-04-07 21:00:00,0.86049998,0.86140001,0.8574,0.85759997
2025-04-08 01:00:00,0.85759997,0.85790002,0.85589999,0.85689998
2025-04-08 05:00:00,0.85689998,0.86019999,0.85439998,0.8592
2025-04-08 09:00:00,0.85930002,0.85979998,0.85210001,0.85290003
2025-04-08 13:00:00,0.85299999,0.85860002,0.85250002,0.8527
2025-04-08 17:00:00,0.85280001,0.85329998,0.84560001,0.84789997
2025-04-08 21:00:00,0.84799999,0.84899998,0.84299999,0.84350002
2025-04-09 01:00:00,0.8434,0.84619999,0.83819997,0.8405
2025-04-09 05:00:00,0.8405,0.84670001,0.84009999,0.84289998
2025-04-09 09:00:00,0.84289998,0.8434,0.83600003,0.83679998
2025-04-09 13:00:00,0.83679998,0.84280002,0.83679998,0.84179997
2025-04-09 17:00:00,0.84179997,0.85839999,0.84020001,0.8567
2025-04-09 21:00:00,0.85650003,0.85790002,0.85180002,0.85229999
2025-04-10 01:00:00,0.85219997,0.85360003,0.85149997,0.85250002
2025-04-10 05:00:00,0.85250002,0.85759997,0.84570003,0.84619999
2025-04-10 09:00:00,0.84619999,0.84670001,0.8351,0.83950001
2025-04-10 13:00:00,0.83939999,0.83999997,0.82499999,0.82660002
2025-04-10 17:00:00,0.82660002,0.82880002,0.82319999,0.82340002
2025-04-10 21:00:00,0.82450002,0.82550001,0.81410003,0.81849998
2025-04-11 01:00:00,0.81840003,0.8215,0.81720001,0.8179
2025-04-11 05:00:00,0.81800002,0.8258,0.81110001,0.8132
2025-04-11 09:00:00,0.81330001,0.82130003,0.81089997,0.81150001
2025-04-11 13:00:00,0.81169999,0.81879997,0.80989999,0.81720001
2025-04-11 17:00:00,0.81709999,0.81940001,0.81419998,0.81487
2025-04-13 21:00:00,0.81769001,0.81889999,0.81625998,0.81643999
2025-04-14 01:00:00,0.81638998,0.81857997,0.81343001,0.81739002
2025-04-14 05:00:00,0.81737,0.81910002,0.81204998,0.81695998
2025-04-14 09:00:00,0.81699002,0.82426,0.81532001,0.82406998
2025-04-14 13:00:00,0.82406002,0.82690001,0.81190002,0.81575
2025-04-14 17:00:00,0.81571001,0.81650001,0.81208998,0.81470001
2025-04-14 21:00:00,0.81437999,0.81809998,0.81299001,0.81778002
2025-04-15 01:00:00,0.81778997,0.81804001,0.81475002,0.81568003
2025-04-15 05:00:00,0.81568998,0.81880999,0.81298,0.81448001
2025-04-15 09:00:00,0.81467998,0.81796002,0.81343001,0.81759
2025-04-15 13:00:00,0.81782001,0.82217002,0.81661999,0.82094002
2025-04-15 17:00:00,0.82091999,0.82393003,0.82081002,0.82341999
2025-04-15 21:00:00,0.82353002,0.82353002,0.81773001,0.81829
2025-04-16 01:00:00,0.81829,0.81870002,0.81509,0.81645
2025-04-16 05:00:00,0.81645,0.82009,0.81283998,0.81713998
2025-04-16 09:00:00,0.81712002,0.81831002,0.81463999,0.81558001
2025-04-16 13:00:00,0.81564999,0.81709999,0.81300002,0.81555003
2025-04-16 17:00:00,0.81559002,0.81664997,0.81206,0.81277001
2025-04-16 21:00:00,0.81247002,0.81623,0.81134999,0.8161
2025-04-17 01:00:00,0.8161,0.81827998,0.81592,0.81722999
2025-04-17 05:00:00,0.81722999,0.81993002,0.81615001,0.81664002
2025-04-17 09:00:00,0.81664997,0.81935,0.81598002,0.81784999
2025-04-17 13:00:00,0.81787002,0.82313001,0.81592,0.82108998
2025-04-17 17:00:00,0.82103997,0.82185,0.81825,0.81987
2025-04-17 21:00:00,0.81971002,0.81972998,0.81721002,0.81835997
2025-04-18 01:00:00,0.81836998,0.81897998,0.81725001,0.81844002
2025-04-18 05:00:00,0.81841999,0.82032001,0.81743997,0.81892997
2025-04-18 09:00:00,0.81896001,0.81926,0.81730998,0.81787002
2025-04-18 13:00:00,0.81787997,0.81856,0.81647003,0.81722999
2025-04-18 17:00:00,0.81731999,0.81760001,0.81520998,0.81560999
2025-04-20 21:00:00,0.81370002,0.81389999,0.81089997,0.81191999
2025-04-21 01:00:00,0.81193,0.81199998,0.80688,0.80805999
2025-04-21 05:00:00,0.80807,0.80989999,0.80412,0.80510002
2025-04-21 09:00:00,0.80509001,0.80802,0.80391002,0.80488002
2025-04-21 13:00:00,0.80484998,0.80839998,0.80462998,0.80706
2025-04-21 17:00:00,0.80707002,0.80930001,0.80646002,0.80874997
2025-04-21 21:00:00,0.80874997,0.8118,0.80649,0.81108999
2025-04-22 01:00:00,0.81108999,0.81247002,0.80716002,0.80822003
2025-04-22 05:00:00,0.80826998,0.81171,0.80666,0.81054997
2025-04-22 09:00:00,0.81050998,0.81339997,0.80925,0.81256998
2025-04-22 13:00:00,0.81256998,0.81809998,0.81173003,0.81775999
2025-04-22 17:00:00,0.81775999,0.81914997,0.81571001,0.81852001
2025-04-22 21:00:00,0.81844997,0.82868999,0.81709999,0.82270002
2025-04-23 01:00:00,0.82270998,0.82442999,0.82059997,0.82274997
2025-04-23 05:00:00,0.82274002,0.82420999,0.82051998,0.82147002
2025-04-23 09:00:00,0.82147002,0.82489997,0.81968999,0.82262999
2025-04-23 13:00:00,0.82265002,0.82994002,0.82201999,0.82946002
2025-04-23 17:00:00,0.82946002,0.83112001,0.82858998,0.82963002
2025-04-23 21:00:00,0.82964998,0.83045,0.82753998,0.82889003
2025-04-24 01:00:00,0.82892001,0.82933998,0.82756001,0.82867998
2025-04-24 05:00:00,0.82867002,0.82920003,0.82567,0.82660002
2025-04-24 09:00:00,0.82655001,0.82682002,0.82389998,0.82554001
2025-04-24 13:00:00,0.82555997,0.82845998,0.82511997,0.82704002
2025-04-24 17:00:00,0.82704997,0.82881999,0.82604003,0.82669997
2025-04-24 21:00:00,0.82621002,0.8308,0.82545,0.83072001
2025-04-25 01:00:00,0.83074999,0.83289999,0.82937002,0.83159
2025-04-25 05:00:00,0.83161998,0.83348,0.82955003,0.83056003
2025-04-25 09:00:00,0.83055001,0.83102,0.82817,0.83063
2025-04-25 13:00:00,0.83060998,0.83139002,0.82776999,0.82910001
2025-04-25 17:00:00,0.82905,0.82941002,0.82661998,0.82709002
2025-04-27 21:00:00,0.82843,0.82862002,0.82718998,0.82754999
2025-04-28 01:00:00,0.82749999,0.82929999,0.82691997,0.82696998
2025-04-28 05:00:00,0.82697999,0.83186001,0.82669997,0.83058
2025-04-28 09:00:00,0.83056998,0.83098,0.82853001,0.83024001
2025-04-28 13:00:00,0.83021998,0.83067,0.81992,0.82102001
2025-04-28 17:00:00,0.82104999,0.82209998,0.81958997,0.81963998
2025-04-28 21:00:00,0.81962001,0.82208002,0.81910002,0.82190001
2025-04-29 01:00:00,0.82189,0.82477999,0.82129002,0.82435
2025-04-29 05:00:00,0.82435,0.82537001,0.82209003,0.82488
2025-04-29 09:00:00,0.82489002,0.82642001,0.82261002,0.82274002
2025-04-29 13:00:00,0.82273,0.82477999,0.82165003,0.82322001
2025-04-29 17:00:00,0.82323003,0.82489997,0.82283998,0.82299
2025-04-29 21:00:00,0.82288003,0.82441002,0.82239997,0.82356
2025-04-30 01:00:00,0.82357001,0.82462001,0.82262999,0.82358003
2025-04-30 05:00:00,0.82353997,0.82633001,0.82301998,0.82556999
2025-04-30 09:00:00,0.82559001,0.82587999,0.82209003,0.82337999
2025-04-30 13:00:00,0.82336003,0.82451999,0.82134998,0.82222998
2025-04-30 17:00:00,0.8222,0.82730001,0.82182002,0.82519001
2025-04-30 21:00:00,0.82507998,0.82678998,0.82441002,0.82612997
2025-05-01 01:00:00,0.82613999,0.82788002,0.82560998,0.82744998
2025-05-01 05:00:00,0.82747,0.82889998,0.82555997,0.82666999
2025-05-01 09:00:00,0.82668,0.82920998,0.82606,0.82890999
2025-05-01 13:00:00,0.82892001,0.83332002,0.82767999,0.83105999
2025-05-01 17:00:00,0.83109999,0.83227003,0.82884002,0.82888001
2025-05-01 21:00:00,0.82888001,0.83183002,0.82841998,0.83134001
2025-05-02 01:00:00,0.83134001,0.83144999,0.82827997,0.82931
2025-05-02 05:00:00,0.82933998,0.82944,0.82595003,0.82621002
2025-05-02 09:00:00,0.82621998,0.82762003,0.82053,0.8272
2025-05-02 13:00:00,0.82718003,0.82802999,0.82268,0.82747
2025-05-02 17:00:00,0.82745999,0.82806998,0.82560998,0.82612002
2025-05-02 21:00:00,0.82630998,0.82630998,0.82630998,0.82630998
2025-05-04 21:00:00,0.82529002,0.82569999,0.82376999,0.82414001
2025-05-05 01:00:00,0.82413,0.82414001,0.82194,0.82323003
2025-05-05 05:00:00,0.82323003,0.82749999,0.82266003,0.82497001
2025-05-05 09:00:00,0.82494003,0.82497001,0.82187003,0.82279003
2025-05-05 13:00:00,0.82279003,0.82481003,0.82138002,0.82404
2025-05-05 17:00:00,0.82402998,0.82419997,0.82156998,0.82199001
2025-05-05 21:00:00,0.82195002,0.82459998,0.82090998,0.82446998
2025-05-06 01:00:00,0.82446003,0.82539999,0.8222,0.82275999
2025-05-06 05:00:00,0.82278001,0.82499999,0.82213998,0.82411999
2025-05-06 09:00:00,0.82407999,0.82653999,0.82327002,0.82415998
2025-05-06 13:00:00,0.82419002,0.82537001,0.82252997,0.82358003
2025-05-06 17:00:00,0.82356,0.82365,0.82116002,0.82257003
2025-05-06 21:00:00,0.82152998,0.82713997,0.82099998,0.82635999
2025-05-07 01:00:00,0.82634002,0.8272,0.82476002,0.82552999
2025-05-07 05:00:00,0.82552999,0.82621998,0.82302999,0.82551003
2025-05-07 09:00:00,0.82555002,0.82622999,0.82141,0.82191002
2025-05-07 13:00:00,0.82192999,0.82249999,0.81935,0.82023001
2025-05-07 17:00:00,0.82021999,0.82441002,0.81852001,0.82380998
2025-05-07 21:00:00,0.82301998,0.82429999,0.82217002,0.82391
2025-05-08 01:00:00,0.82389998,0.82416999,0.82233,0.82411999
2025-05-08 05:00:00,0.82409,0.82916999,0.82402998,0.82687998
2025-05-08 09:00:00,0.82683998,0.82709002,0.82313001,0.82436001
2025-05-08 13:00:00,0.82431,0.83139998,0.82392001,0.8308
2025-05-08 17:00:00,0.83081001,0.83322001,0.83042002,0.83170003
2025-05-08 21:00:00,0.83073997,0.83239001,0.82960999,0.83087999
2025-05-09 01:00:00,0.83083999,0.83410001,0.83069998,0.83129001
2025-05-09 05:00:00,0.83127999,0.83209997,0.82984,0.83017999
2025-05-09 09:00:00,0.83024001,0.83249998,0.82998002,0.83024001
2025-05-09 13:00:00,0.83020997,0.83148003,0.82690001,0.83130997
2025-05-09 17:00:00,0.83133,0.83165997,0.83015001,0.83098
2025-05-09 21:00:00,0.83091003,0.83091003,0.83091003,0.83091003
2025-05-11 21:00:00,0.83416998,0.83450001,0.83327001,0.83383
2025-05-12 01:00:00,0.83381999,0.83503002,0.83304,0.83396
2025-05-12 05:00:00,0.83398002,0.84679002,0.83319998,0.84153998
2025-05-12 09:00:00,0.84151,0.84754002,0.84151,0.84293002
2025-05-12 13:00:00,0.84280998,0.84511,0.84099001,0.84509999
2025-05-12 17:00:00,0.84509999,0.84763998,0.84460998,0.84536999
2025-05-12 21:00:00,0.8448,0.84579998,0.84350997,0.84371001
2025-05-13 01:00:00,0.84372002,0.84439999,0.84268999,0.84276998
2025-05-13 05:00:00,0.84275001,0.84413999,0.83949,0.83982998
2025-05-13 09:00:00,0.83981001,0.84320003,0.83964002,0.84175998
2025-05-13 13:00:00,0.84178001,0.84345001,0.84043002,0.84140998
2025-05-13 17:00:00,0.84139001,0.84170002,0.83854002,0.83907002
2025-05-13 21:00:00,0.83907998,0.84020001,0.83819997,0.83907998
2025-05-14 01:00:00,0.83907002,0.83951002,0.838,0.83858001
2025-05-14 05:00:00,0.83855999,0.83994001,0.83445001,0.83560002
2025-05-14 09:00:00,0.83556998,0.83785999,0.83240002,0.83750999
2025-05-14 13:00:00,0.83750999,0.84249002,0.83674997,0.84095001
2025-05-14 17:00:00,0.84095001,0.84356999,0.84042001,0.84209001
2025-05-14 21:00:00,0.84123999,0.84219998,0.83993,0.84007001
2025-05-15 01:00:00,0.84008002,0.84048003,0.83892,0.84039998
2025-05-15 05:00:00,0.84034997,0.84060001,0.83589,0.83657998
2025-05-15 09:00:00,0.83661002,0.83928001,0.83585,0.83636999
2025-05-15 13:00:00,0.83638,0.83789998,0.83459002,0.83657998
2025-05-15 17:00:00,0.83660001,0.83740002,0.83498001,0.83573997
2025-05-15 21:00:00,0.83526999,0.83656001,0.83292001,0.83313
2025-05-16 01:00:00,0.83313,0.83481002,0.83278,0.83455998
2025-05-16 05:00:00,0.83455002,0.83569998,0.83263999,0.83547002
2025-05-16 09:00:00,0.83542001,0.83815998,0.83513999,0.83724999
2025-05-16 13:00:00,0.83723003,0.84009999,0.83645999,0.83907002
2025-05-16 17:00:00,0.83907002,0.83950001,0.83578002,0.83749998
2025-05-18 21:00:00,0.83468997,0.83595997,0.83437002,0.83477998
2025-05-19 01:00:00,0.83475,0.83660001,0.83453,0.83627999
2025-05-19 05:00:00,0.83627999,0.83643001,0.83271998,0.83327001
2025-05-19 09:00:00,0.83328003,0.83429998,0.83182001,0.83428001
2025-05-19 13:00:00,0.83427,0.83500999,0.83183998,0.83447999
2025-05-19 17:00:00,0.83446997,0.83544999,0.83357,0.83438998
2025-05-19 21:00:00,0.83437997,0.83630002,0.83218998,0.83530003
2025-05-20 01:00:00,0.83524001,0.83598,0.83342999,0.83437997
2025-05-20 05:00:00,0.83438998,0.83442003,0.83090001,0.83183002
2025-05-20 09:00:00,0.83183998,0.83436,0.83147001,0.83399999
2025-05-20 13:00:00,0.83402002,0.8348,0.83072001,0.83213001
2025-05-20 17:00:00,0.83209997,0.83236003,0.82805002,0.82810998
2025-05-20 21:00:00,0.82810998,0.82872999,0.82549,0.82615
2025-05-21 01:00:00,0.82611001,0.82660002,0.82165998,0.82225001
2025-05-21 05:00:00,0.82225001,0.82633001,0.82090998,0.82546997
2025-05-21 09:00:00,0.82542002,0.82656002,0.82249999,0.82459003
2025-05-21 13:00:00,0.82462001,0.82587999,0.82378,0.82516998
2025-05-21 17:00:00,0.82511997,0.82602,0.82265002,0.82529002
2025-05-21 21:00:00,0.82415998,0.8265,0.82353997,0.82489002
2025-05-22 01:00:00,0.82489002,0.82563001,0.82332999,0.82462001
2025-05-22 05:00:00,0.82458001,0.82659,0.82419002,0.82621998
2025-05-22 09:00:00,0.82624,0.82801998,0.82527,0.82725
2025-05-22 13:00:00,0.82731003,0.82999998,0.82620001,0.82923001
2025-05-22 17:00:00,0.82918,0.83068001,0.82817,0.82902998
2025-05-22 21:00:00,0.82898003,0.82955003,0.82739002,0.82789999
2025-05-23 01:00:00,0.82788002,0.82810998,0.82609999,0.82639998
2025-05-23 05:00:00,0.82635999,0.8272,0.82543999,0.82621998
2025-05-23 09:00:00,0.82625002,0.82683998,0.82107002,0.82322001
2025-05-23 13:00:00,0.82321,0.82438999,0.82084,0.82086998
2025-05-23 17:00:00,0.82085001,0.82160002,0.82041001,0.82047999
2025-05-23 21:00:00,0.82047999,0.82047999,0.8204,0.8204
2025-05-25 21:00:00,0.82174999,0.82270002,0.82139999,0.82167
2025-05-26 01:00:00,0.82168001,0.82186002,0.81919998,0.82031
2025-05-26 05:00:00,0.82029998,0.82200003,0.81971997,0.82159001
2025-05-26 09:00:00,0.82156003,0.8233,0.82063001,0.82279998
2025-05-26 13:00:00,0.82280999,0.82326001,0.81983,0.82024002
2025-05-26 17:00:00,0.82024002,0.82106,0.82011998,0.82031
2025-05-26 21:00:00,0.82112002,0.8222,0.81910998,0.81967002
2025-05-27 01:00:00,0.81966001,0.82165998,0.81874001,0.82156003
2025-05-27 05:00:00,0.82155001,0.82569999,0.82055998,0.82494003
2025-05-27 09:00:00,0.82492,0.82735997,0.82449001,0.82527
2025-05-27 13:00:00,0.82525998,0.82799,0.82450998,0.82696003
2025-05-27 17:00:00,0.82694,0.82756001,0.82660002,0.82714999
2025-05-27 21:00:00,0.82685,0.82764,0.82541001,0.82718003
2025-05-28 01:00:00,0.82714999,0.82894999,0.82701999,0.82827002
2025-05-28 05:00:00,0.82824999,0.82909,0.82536,0.82655001
2025-05-28 09:00:00,0.82652003,0.82800001,0.82581002,0.82731003
2025-05-28 13:00:00,0.82731998,0.82859999,0.82446998,0.82685
2025-05-28 17:00:00,0.82687998,0.82749999,0.82643002,0.82666999
2025-05-28 21:00:00,0.82666999,0.83475,0.82590002,0.83372998
2025-05-29 01:00:00,0.83374,0.83476001,0.83152002,0.83216
2025-05-29 05:00:00,0.83214998,0.83380997,0.82915002,0.82971001
2025-05-29 09:00:00,0.82972997,0.82982999,0.82423002,0.82441002
2025-05-29 13:00:00,0.82437998,0.82514,0.82244998,0.82305002
2025-05-29 17:00:00,0.82305002,0.824,0.82174999,0.82198
2025-05-29 21:00:00,0.82268,0.82301003,0.82099998,0.82194
2025-05-30 01:00:00,0.82194,0.82341999,0.81987,0.82292998
2025-05-30 05:00:00,0.82292998,0.82483,0.82258999,0.82391
2025-05-30 09:00:00,0.82392001,0.82489997,0.82112998,0.82256001
2025-05-30 13:00:00,0.82252002,0.82451999,0.82126999,0.82217997
2025-05-30 17:00:00,0.82212001,0.82331002,0.82119,0.82176
2025-06-01 21:00:00,0.82192999,0.82239997,0.82103997,0.82172
2025-06-02 01:00:00,0.82176,0.82302999,0.82090002,0.82239002
2025-06-02 05:00:00,0.82238001,0.82255,0.81713003,0.81765997
2025-06-02 09:00:00,0.81769001,0.81849998,0.81564999,0.81805003
2025-06-02 13:00:00,0.81801999,0.81914997,0.81564999,0.81803
2025-06-02 17:00:00,0.81800997,0.81849998,0.81660002,0.81695998
2025-06-02 21:00:00,0.81792998,0.81801999,0.81580001,0.81693
2025-06-03 01:00:00,0.81694001,0.81884003,0.81694001,0.81784999
2025-06-03 05:00:00,0.81783998,0.81910998,0.81685001,0.81888998
2025-06-03 09:00:00,0.81884998,0.82344002,0.81827998,0.82309997
2025-06-03 13:00:00,0.82313001,0.82472998,0.82167,0.82391
2025-06-03 17:00:00,0.82387,0.82429999,0.82325,0.82344002
2025-06-03 21:00:00,0.82341999,0.82388002,0.82230997,0.82340997
2025-06-04 01:00:00,0.82340002,0.82444,0.82239997,0.82432002
2025-06-04 05:00:00,0.82432997,0.82498997,0.82187003,0.82216001
2025-06-04 09:00:00,0.82217002,0.82420999,0.82077998,0.82116002
2025-06-04 13:00:00,0.82117999,0.82221001,0.81699002,0.81705999
2025-06-04 17:00:00,0.81704998,0.81914002,0.81703001,0.81803
2025-06-04 21:00:00,0.81787002,0.81873,0.81700999,0.81759
2025-06-05 01:00:00,0.81755,0.81942999,0.81715,0.81902999
2025-06-05 05:00:00,0.81902999,0.82084,0.81870002,0.82037997
2025-06-05 09:00:00,0.82033002,0.82147998,0.81797999,0.82028002
2025-06-05 13:00:00,0.82027,0.82143998,0.81717998,0.81911999
2025-06-05 17:00:00,0.81914997,0.82108998,0.81896001,0.81896001
2025-06-05 21:00:00,0.81928003,0.82068002,0.81787997,0.82012999
2025-06-06 01:00:00,0.82012999,0.82077998,0.81971002,0.82029003
2025-06-06 05:00:00,0.82027,0.82207,0.82021999,0.82195997
2025-06-06 09:00:00,0.82196999,0.82413,0.82103997,0.82371998
2025-06-06 13:00:00,0.82371002,0.82481998,0.82116002,0.82309002
2025-06-06 17:00:00,0.82306999,0.82323998,0.82139999,0.82190001
2025-06-06 21:00:00,0.82156003,0.82156003,0.82156003,0.82156003
2025-06-08 21:00:00,0.82122999,0.82252997,0.82081997,0.82248998
2025-06-09 01:00:00,0.82249999,0.82251,0.82037002,0.82086998
2025-06-09 05:00:00,0.82081997,0.82125998,0.81918001,0.82020998
2025-06-09 09:00:00,0.82018,0.82234001,0.81945997,0.82201999
2025-06-09 13:00:00,0.82200003,0.82257998,0.82037002,0.82097
2025-06-09 17:00:00,0.82097,0.82173002,0.82090002,0.82122999
2025-06-09 21:00:00,0.82075,0.82204002,0.82069999,0.82141
2025-06-10 01:00:00,0.82138997,0.82418001,0.82106,0.82248998
2025-06-10 05:00:00,0.82255,0.82359999,0.82077998,0.82108003
2025-06-10 09:00:00,0.82108003,0.82195002,0.82073998,0.82172
2025-06-10 13:00:00,0.82170999,0.82300001,0.82034999,0.82226998
2025-06-10 17:00:00,0.82227999,0.8233,0.82203001,0.82240999
2025-06-10 21:00:00,0.82246,0.82293999,0.82130003,0.82216001
2025-06-11 01:00:00,0.82214999,0.82322001,0.82201999,0.82262999
2025-06-11 05:00:00,0.82264,0.82345998,0.82134002,0.82199001
2025-06-11 09:00:00,0.82200003,0.82293999,0.81844997,0.82059997
2025-06-11 13:00:00,0.82059997,0.82094997,0.81924999,0.82042998
2025-06-11 17:00:00,0.82046002,0.82080001,0.81932002,0.81989998
2025-06-11 21:00:00,0.81922001,0.82051998,0.81713998,0.81757998
2025-06-12 01:00:00,0.81757998,0.81794,0.81590003,0.81689
2025-06-12 05:00:00,0.81691003,0.81759,0.81409001,0.81458998
2025-06-12 09:00:00,0.81457001,0.81501001,0.81019998,0.81118
2025-06-12 13:00:00,0.81116998,0.81423002,0.81058002,0.81217003
2025-06-12 17:00:00,0.81219,0.81282997,0.80978,0.80992001
2025-06-12 21:00:00,0.80993003,0.8107,0.80554998,0.80693001
2025-06-13 01:00:00,0.80691999,0.81009001,0.80615002,0.80958998
2025-06-13 05:00:00,0.80961001,0.81291997,0.80892998,0.81235999
2025-06-13 09:00:00,0.81239003,0.81484002,0.81203997,0.81296998
2025-06-13 13:00:00,0.81291002,0.81401002,0.81076998,0.81133002
2025-06-13 17:00:00,0.81132001,0.81217003,0.81005001,0.81118
2025-06-13 21:00:00,0.81028003,0.81028003,0.81028003,0.81028003
2025-06-15 21:00:00,0.81124002,0.81235999,0.81076998,0.81185001
2025-06-16 01:00:00,0.81184,0.8132,0.81076998,0.81260997
2025-06-16 05:00:00,0.81265002,0.81339997,0.81067002,0.81203002
2025-06-16 09:00:00,0.81203002,0.81238002,0.81004,0.81107002
2025-06-16 13:00:00,0.81106001,0.81209999,0.80884999,0.81167001
2025-06-16 17:00:00,0.81165999,0.81470001,0.81156999,0.81340998
2025-06-16 21:00:00,0.81338,0.81462997,0.81209999,0.81452
2025-06-17 01:00:00,0.81446999,0.81452,0.81286001,0.81353998
2025-06-17 05:00:00,0.81353998,0.81379998,0.81199998,0.81282002
2025-06-17 09:00:00,0.81282002,0.81434,0.81203997,0.81426001
2025-06-17 13:00:00,0.81414002,0.81645,0.81321001,0.81516999
2025-06-17 17:00:00,0.81511998,0.81715,0.81454998,0.8154
2025-06-17 21:00:00,0.81423002,0.81730002,0.81285,0.81686002
2025-06-18 01:00:00,0.81685001,0.81702,0.81598997,0.81645
2025-06-18 05:00:00,0.81641001,0.81735998,0.81529999,0.81715
2025-06-18 09:00:00,0.81715,0.81818002,0.81617999,0.81667
2025-06-18 13:00:00,0.81664002,0.81831998,0.81651002,0.81770003
2025-06-18 17:00:00,0.81756997,0.81992,0.81557,0.81839001
2025-06-18 21:00:00,0.81827998,0.81922001,0.81717998,0.81896001
2025-06-19 01:00:00,0.81896001,0.82054001,0.81874001,0.81963998
2025-06-19 05:00:00,0.81964999,0.82152998,0.81581998,0.81598002
2025-06-19 09:00:00,0.81599998,0.81844997,0.81555998,0.8175
2025-06-19 13:00:00,0.81748003,0.81945997,0.81702,0.81878
2025-06-19 17:00:00,0.81880999,0.81889999,0.81571001,0.81617999
2025-06-19 21:00:00,0.81592,0.81713003,0.81528002,0.81592
2025-06-20 01:00:00,0.81593001,0.81708997,0.81555003,0.81664997
2025-06-20 05:00:00,0.81664997,0.81707001,0.81516999,0.81594998
2025-06-20 09:00:00,0.81598997,0.81796002,0.81572002,0.81711
2025-06-20 13:00:00,0.81708997,0.81834,0.81652999,0.81664002
2025-06-20 17:00:00,0.81663001,0.81840003,0.81623,0.81766999
2025-06-22 21:00:00,0.81813997,0.81950003,0.81726998,0.81863999
2025-06-23 01:00:00,0.81862003,0.81944001,0.81713998,0.81814998
2025-06-23 05:00:00,0.81813997,0.81830001,0.81581998,0.81792998
2025-06-23 09:00:00,0.81794,0.81940001,0.81726003,0.81823999
2025-06-23 13:00:00,0.81827003,0.81875998,0.81217998,0.81309003
2025-06-23 17:00:00,0.8132,0.81351,0.81146997,0.81194001
2025-06-23 21:00:00,0.81322002,0.81323999,0.81101,0.81212002
2025-06-24 01:00:00,0.81215,0.81303,0.81123,0.81181997
2025-06-24 05:00:00,0.8118,0.81256998,0.81041998,0.81136
2025-06-24 09:00:00,0.81132001,0.81143999,0.80786002,0.8082
2025-06-24 13:00:00,0.80822003,0.80949003,0.80394,0.80410999
2025-06-24 17:00:00,0.80412,0.80555999,0.80343002,0.80497998
2025-06-24 21:00:00,0.80497998,0.80563003,0.80434,0.80456001
2025-06-25 01:00:00,0.80457002,0.80562001,0.80422997,0.80510002
2025-06-25 05:00:00,0.80509001,0.80589998,0.80399001,0.80540001
2025-06-25 09:00:00,0.80544001,0.80802,0.80531001,0.80715001
2025-06-25 13:00:00,0.80712998,0.8075,0.80471998,0.80514002
2025-06-25 17:00:00,0.80517,0.80576003,0.80392998,0.80416
2025-06-25 21:00:00,0.80409002,0.80500001,0.80317998,0.80352002
2025-06-26 01:00:00,0.80351001,0.80436999,0.80234998,0.80362999
2025-06-26 05:00:00,0.80361998,0.80416,0.79803997,0.79948997
2025-06-26 09:00:00,0.79944998,0.80214,0.79935002,0.80015999
2025-06-26 13:00:00,0.80019999,0.80119997,0.79777998,0.79891998
2025-06-26 17:00:00,0.79891002,0.80054998,0.79860997,0.79958999
2025-06-26 21:00:00,0.79958999,0.80153,0.79869002,0.80113
2025-06-27 01:00:00,0.80115002,0.80154997,0.80000001,0.80136001
2025-06-27 05:00:00,0.80129999,0.80181003,0.79777002,0.79839998
2025-06-27 09:00:00,0.79834998,0.79965001,0.79604,0.79636002
2025-06-27 13:00:00,0.79635,0.80076998,0.79572999,0.79922003
2025-06-27 17:00:00,0.79922998,0.80070001,0.79809999,0.79835999
2025-06-27 21:00:00,0.79835999,0.79835999,0.79835999,0.79835999
2025-06-29 21:00:00,0.79851002,0.79944998,0.79809999,0.79900998
2025-06-30 01:00:00,0.79904997,0.79931998,0.79812002,0.79830003
2025-06-30 05:00:00,0.79833001,0.79938,0.79724997,0.79756999
2025-06-30 09:00:00,0.79758,0.79830003,0.79623997,0.79802001
2025-06-30 13:00:00,0.79803002,0.79825002,0.79378003,0.79416001
2025-06-30 17:00:00,0.79416001,0.79417998,0.79288,0.79288
2025-06-30 21:00:00,0.79294002,0.79341,0.79184002,0.79189003
2025-07-01 01:00:00,0.79189998,0.7931,0.79145002,0.79242998
2025-07-01 05:00:00,0.79242998,0.79281998,0.78886002,0.78969002
2025-07-01 09:00:00,0.78969997,0.79026997,0.78718001,0.79010999
2025-07-01 13:00:00,0.79010999,0.79435003,0.78871,0.79358
2025-07-01 17:00:00,0.79352999,0.79378003,0.79035997,0.79070002
2025-07-01 21:00:00,0.79066002,0.79123002,0.78859001,0.79038
2025-07-02 01:00:00,0.79036999,0.79162002,0.79029,0.79136997
2025-07-02 05:00:00,0.79141003,0.79345,0.79127002,0.79246002
2025-07-02 09:00:00,0.79246998,0.79399002,0.79113001,0.79279
2025-07-02 13:00:00,0.79279,0.79413998,0.79149997,0.79181999
2025-07-02 17:00:00,0.79187,0.79211003,0.79115999,0.79197001
2025-07-02 21:00:00,0.79168999,0.79277003,0.79057002,0.79128999
2025-07-03 01:00:00,0.79127002,0.79193002,0.79091001,0.79184002
2025-07-03 05:00:00,0.79183,0.79210001,0.79003,0.79187
2025-07-03 09:00:00,0.79185998,0.79868001,0.79183,0.79746002
2025-07-03 13:00:00,0.79746002,0.79764003,0.79363,0.79544997
2025-07-03 17:00:00,0.79543,0.79631001,0.79417998,0.79417998
2025-07-03 21:00:00,0.79430997,0.79553998,0.79382002,0.79426003
2025-07-04 01:00:00,0.79426003,0.79500002,0.79291999,0.79307997
2025-07-04 05:00:00,0.7931,0.79421997,0.79212999,0.79337001
2025-07-04 09:00:00,0.79335999,0.79439998,0.79294997,0.79426998
2025-07-04 13:00:00,0.79426003,0.79439998,0.79260999,0.79329997
2025-07-04 17:00:00,0.79329002,0.79525,0.79282999,0.79335999
2025-07-06 21:00:00,0.79400003,0.79449999,0.79350001,0.79383999
2025-07-07 01:00:00,0.79385,0.79501998,0.79358,0.79486001
2025-07-07 05:00:00,0.79487002,0.79759002,0.79438001,0.79711002
2025-07-07 09:00:00,0.79708999,0.79839998,0.79666001,0.79797
2025-07-07 13:00:00,0.79800999,0.79879999,0.79588997,0.79856002
2025-07-07 17:00:00,0.7985,0.79909003,0.79759997,0.79759997
2025-07-07 21:00:00,0.79787999,0.79830003,0.79642999,0.79694998
2025-07-08 01:00:00,0.79690999,0.79769999,0.79574001,0.79633999
2025-07-08 05:00:00,0.79632998,0.79742998,0.79561001,0.79645997
2025-07-08 09:00:00,0.79642999,0.79843003,0.79595,0.79811001
2025-07-08 13:00:00,0.79811001,0.79949999,0.79672003,0.79693002
2025-07-08 17:00:00,0.79689002,0.79705,0.79527998,0.79576999
2025-07-08 21:00:00,0.79558003,0.79694003,0.79522002,0.79620999
2025-07-09 01:00:00,0.79626,0.79789001,0.79584998,0.79712999
2025-07-09 05:00:00,0.79714,0.79768997,0.79591,0.79632998
2025-07-09 09:00:00,0.79633999,0.79751003,0.79532999,0.79569
2025-07-09 13:00:00,0.79570001,0.79607999,0.79389,0.79538
2025-07-09 17:00:00,0.79540002,0.79558998,0.79330999,0.79335999
2025-07-09 21:00:00,0.79408002,0.79474998,0.79190999,0.79237002
2025-07-10 01:00:00,0.79237002,0.79446,0.79237002,0.79404998
2025-07-10 05:00:00,0.79403001,0.79539001,0.79363,0.79509997
2025-07-10 09:00:00,0.79509997,0.79689002,0.79416001,0.79637003
2025-07-10 13:00:00,0.79639,0.79874998,0.79579002,0.79767001
2025-07-10 17:00:00,0.79764998,0.79772002,0.79606998,0.79675001
2025-07-10 21:00:00,0.79672003,0.7978,0.79531997,0.79745001
2025-07-11 01:00:00,0.79745001,0.79820001,0.79710001,0.79747999
2025-07-11 05:00:00,0.79751003,0.7978,0.79609001,0.79728001
2025-07-11 09:00:00,0.79729003,0.79732001,0.79534,0.79633999
2025-07-11 13:00:00,0.79633999,0.79742998,0.79540002,0.79618001
2025-07-11 17:00:00,0.79615003,0.79729998,0.79549003,0.79614002
2025-07-13 21:00:00,0.79742998,0.79755998,0.79587001,0.79601002
2025-07-14 01:00:00,0.79596001,0.79741001,0.79562998,0.79732001
2025-07-14 05:00:00,0.79729003,0.7985,0.79679,0.79706001
2025-07-14 09:00:00,0.79707003,0.79743999,0.79547,0.79607999
2025-07-14 13:00:00,0.79607999,0.79799998,0.79578,0.79786003
2025-07-14 17:00:00,0.79786003,0.79824001,0.79753,0.79753
2025-07-14 21:00:00,0.79746997,0.79830003,0.79640001,0.79708999
2025-07-15 01:00:00,0.79703999,0.79790998,0.79658002,0.79692
2025-07-15 05:00:00,0.79692,0.79694998,0.79531997,0.79579002
2025-07-15 09:00:00,0.79580998,0.79741001,0.79525,0.79627001
2025-07-15 13:00:00,0.79624999,0.80216002,0.79620999,0.80185997
2025-07-15 17:00:00,0.80182999,0.80246001,0.801,0.80101001
2025-07-15 21:00:00,0.80096,0.80182999,0.80002999,0.80160999
2025-07-16 01:00:00,0.80164999,0.80214,0.80124998,0.80137998
2025-07-16 05:00:00,0.80138999,0.80159998,0.80034,0.80119997
2025-07-16 09:00:00,0.80119997,0.8046,0.80118001,0.80378997
2025-07-16 13:00:00,0.80379999,0.80615002,0.79462999,0.80050999
2025-07-16 17:00:00,0.80049002,0.80207002,0.79909998,0.80043
2025-07-16 21:00:00,0.80041999,0.80239999,0.79966998,0.80215001
2025-07-17 01:00:00,0.80212998,0.80299997,0.80129999,0.80236
2025-07-17 05:00:00,0.80236,0.80565,0.80202001,0.80330002
2025-07-17 09:00:00,0.80330998,0.80642003,0.80306,0.8046
2025-07-17 13:00:00,0.80457002,0.80576003,0.80374002,0.80549997
2025-07-17 17:00:00,0.80552,0.80605,0.80374002,0.80479997
2025-07-17 21:00:00,0.80487001,0.80523998,0.80249,0.80289
2025-07-18 01:00:00,0.80291998,0.80320001,0.80208999,0.80282998
2025-07-18 05:00:00,0.80285001,0.80369997,0.80146003,0.80225003
2025-07-18 09:00:00,0.80229998,0.80265999,0.79958999,0.79966003
2025-07-18 13:00:00,0.79969001,0.80102998,0.79844999,0.80075002
2025-07-18 17:00:00,0.80075997,0.80195999,0.80062997,0.80087
2025-07-20 21:00:00,0.80148,0.80182999,0.80075997,0.80176997
2025-07-21 01:00:00,0.80177999,0.80221999,0.80129999,0.80137002
2025-07-21 05:00:00,0.80140001,0.80150002,0.79957002,0.80027002
2025-07-21 09:00:00,0.80024999,0.80136001,0.79885,0.79922998
2025-07-21 13:00:00,0.79926002,0.79962999,0.79650003,0.79754001
2025-07-21 17:00:00,0.79756999,0.7985,0.79746002,0.79786003
2025-07-21 21:00:00,0.79754001,0.79917997,0.79646999,0.79821998
2025-07-22 01:00:00,0.79822999,0.79874003,0.79738998,0.79781002
2025-07-22 05:00:00,0.79777998,0.79879999,0.79649001,0.79701
2025-07-22 09:00:00,0.79702997,0.79829001,0.79661,0.79760998
2025-07-22 13:00:00,0.79762,0.79833001,0.79198998,0.79219002
2025-07-22 17:00:00,0.79218,0.79313999,0.79176998,0.79212999
2025-07-22 21:00:00,0.79171997,0.79404998,0.79149997,0.7931
2025-07-23 01:00:00,0.79304999,0.79425001,0.79269999,0.79373997
2025-07-23 05:00:00,0.79377002,0.79448003,0.79105002,0.79258001
2025-07-23 09:00:00,0.79260999,0.79404998,0.79216999,0.79363
2025-07-23 13:00:00,0.79361999,0.79495001,0.79293001,0.79439002
2025-07-23 17:00:00,0.79438001,0.79474998,0.79141998,0.79159999
2025-07-23 21:00:00,0.79171997,0.79290003,0.79126,0.79263002
2025-07-24 01:00:00,0.79264998,0.79269999,0.79149997,0.79245001
2025-07-24 05:00:00,0.79245001,0.79409999,0.79216999,0.79391998
2025-07-24 09:00:00,0.79387999,0.79589999,0.79378998,0.79540998
2025-07-24 13:00:00,0.79543,0.79606998,0.79304999,0.79449999
2025-07-24 17:00:00,0.79448998,0.79563999,0.79350001,0.79509997
2025-07-24 21:00:00,0.79479003,0.79592001,0.79400998,0.79556
2025-07-25 01:00:00,0.79553998,0.79675001,0.79517001,0.796
2025-07-25 05:00:00,0.79598999,0.79641002,0.79471999,0.79591
2025-07-25 09:00:00,0.79592001,0.79764003,0.79578,0.79721999
2025-07-25 13:00:00,0.79720002,0.79793,0.79540002,0.79544002
2025-07-25 17:00:00,0.79545999,0.79566997,0.79439998,0.79440999
2025-07-27 21:00:00,0.79549998,0.79554999,0.79439998,0.79487997
2025-07-28 01:00:00,0.7949,0.796,0.79448003,0.79553998
2025-07-28 05:00:00,0.79554999,0.79949999,0.79549003,0.79904997
2025-07-28 09:00:00,0.79907,0.80168003,0.79877001,0.80076998
2025-07-28 13:00:00,0.80071998,0.80330002,0.80005002,0.80287999
2025-07-28 17:00:00,0.80286002,0.80374002,0.80255002,0.80299997
2025-07-28 21:00:00,0.80308002,0.80387998,0.80186999,0.80381
2025-07-29 01:00:00,0.80383998,0.80426002,0.80247003,0.80362999
2025-07-29 05:00:00,0.80361998,0.80716002,0.80351001,0.80514002
2025-07-29 09:00:00,0.80511999,0.80756998,0.80369002,0.80738997
2025-07-29 13:00:00,0.80746001,0.80794001,0.80514002,0.80642003
2025-07-29 17:00:00,0.80644,0.80649,0.80497003,0.80562001
2025-07-29 21:00:00,0.80568999,0.80599999,0.80408001,0.80417001
2025-07-30 01:00:00,0.80417001,0.80554003,0.80377001,0.80546999
2025-07-30 05:00:00,0.80545998,0.80590999,0.80397999,0.80438
2025-07-30 09:00:00,0.80435002,0.81059998,0.80401999,0.81022
2025-07-30 13:00:00,0.81019002,0.81243002,0.80984998,0.81049001
2025-07-30 17:00:00,0.81049001,0.81506002,0.80862999,0.81436998
2025-07-30 21:00:00,0.81423002,0.81480002,0.81171,0.81308001
2025-07-31 01:00:00,0.81309003,0.81435001,0.81252003,0.81268001
2025-07-31 05:00:00,0.81269002,0.81342,0.81115001,0.81273001
2025-07-31 09:00:00,0.81277001,0.81417,0.81164002,0.81310999
2025-07-31 13:00:00,0.81309003,0.81446999,0.81127,0.81241
2025-07-31 17:00:00,0.81241,0.81291002,0.81155998,0.81216002
2025-07-31 21:00:00,0.81217003,0.81459999,0.8114,0.81286001
2025-08-01 01:00:00,0.81287003,0.81437999,0.81269997,0.81400001
2025-08-01 05:00:00,0.81399,0.81708002,0.81290001,0.81696999
2025-08-01 09:00:00,0.81696999,0.81711,0.80510002,0.80550998
2025-08-01 13:00:00,0.80549997,0.80761999,0.80258,0.80660999
2025-08-01 17:00:00,0.80664003,0.80818999,0.80291998,0.80383003
2025-08-01 21:00:00,0.80379999,0.80379999,0.80379999,0.80379999
2025-08-03 21:00:00,0.80417001,0.80654001,0.80375999,0.80646002
2025-08-04 01:00:00,0.80646002,0.80682999,0.80466002,0.80520999
2025-08-04 05:00:00,0.80517,0.80941999,0.80453998,0.80901003
2025-08-04 09:00:00,0.80901003,0.80965,0.80567998,0.80677998
2025-08-04 13:00:00,0.80678999,0.80893999,0.80589998,0.80786002
2025-08-04 17:00:00,0.80785,0.80888999,0.80735999,0.80778003
2025-08-04 21:00:00,0.80765998,0.80861002,0.80618,0.80830002
2025-08-05 01:00:00,0.80830002,0.80971003,0.80818999,0.80940998
2025-08-05 05:00:00,0.80940998,0.81146002,0.80842,0.81106001
2025-08-05 09:00:00,0.81102997,0.81177002,0.80923998,0.80971998
2025-08-05 13:00:00,0.80967999,0.80996001,0.80647999,0.80711001
2025-08-05 17:00:00,0.8071,0.80792999,0.80695999,0.80763
2025-08-05 21:00:00,0.80726999,0.80878001,0.80599999,0.80738002
2025-08-06 01:00:00,0.80739999,0.80790001,0.80646998,0.80677003
2025-08-06 05:00:00,0.80680001,0.80940002,0.80642998,0.80884999
2025-08-06 09:00:00,0.80886,0.80901003,0.80602002,0.80637997
2025-08-06 13:00:00,0.80637002,0.80783999,0.80482,0.80702001
2025-08-06 17:00:00,0.80703998,0.80748999,0.80567998,0.80611002
2025-08-06 21:00:00,0.80607998,0.80712003,0.80501997,0.80649
2025-08-07 01:00:00,0.80650002,0.80664003,0.80471998,0.80493999
2025-08-07 05:00:00,0.80493999,0.80730999,0.80426002,0.80576998
2025-08-07 09:00:00,0.80576003,0.80895001,0.80549997,0.80807
2025-08-07 13:00:00,0.80802,0.80879998,0.80690998,0.80712003
2025-08-07 17:00:00,0.80711001,0.80840999,0.80558997,0.80632001
2025-08-07 21:00:00,0.80633998,0.80693001,0.80519003,0.80612999
2025-08-08 01:00:00,0.80610001,0.80730999,0.80609,0.80669999
2025-08-08 05:00:00,0.80669999,0.80886,0.8064,0.80849999
2025-08-08 09:00:00,0.80851001,0.80883998,0.80680001,0.80770999
2025-08-08 13:00:00,0.80772001,0.8082,0.80668998,0.80792999
2025-08-08 17:00:00,0.80794001,0.80862999,0.80729997,0.80772001
2025-08-10 21:00:00,0.80792999,0.80804998,0.80726999,0.80760998
2025-08-11 01:00:00,0.80760998,0.80773002,0.80620003,0.80641001
2025-08-11 05:00:00,0.80637997,0.80856001,0.80607003,0.80830002
2025-08-11 09:00:00,0.80833,0.81172001,0.80814999,0.81145
2025-08-11 13:00:00,0.81141001,0.8132,0.81090999,0.81259
2025-08-11 17:00:00,0.81259,0.81301999,0.81189001,0.81208998
2025-08-11 21:00:00,0.81203002,0.81263,0.81041002,0.81189001
2025-08-12 01:00:00,0.81190002,0.81194001,0.81073999,0.81092
2025-08-12 05:00:00,0.81093001,0.81171,0.80913001,0.80991
2025-08-12 09:00:00,0.80993003,0.81186002,0.8082,0.80962998
2025-08-12 13:00:00,0.80962002,0.81116003,0.80659997,0.80735999
2025-08-12 17:00:00,0.80738002,0.80790001,0.80602002,0.80668002
2025-08-12 21:00:00,0.80620998,0.80711001,0.80541003,0.80642998
2025-08-13 01:00:00,0.80641001,0.80715001,0.80609,0.80645001
2025-08-13 05:00:00,0.80644,0.80688,0.80252999,0.80337
2025-08-13 09:00:00,0.80335999,0.80440003,0.80216998,0.80440003
2025-08-13 13:00:00,0.80438,0.80500001,0.80343002,0.80495
2025-08-13 17:00:00,0.80496001,0.80580997,0.80454999,0.80470002
2025-08-13 21:00:00,0.80470002,0.80532002,0.80290002,0.80491
2025-08-14 01:00:00,0.80489999,0.80580002,0.80440003,0.80520999
2025-08-14 05:00:00,0.80523002,0.80690002,0.80510998,0.80667001
2025-08-14 09:00:00,0.80668002,0.80808997,0.80501002,0.80658001
2025-08-14 13:00:00,0.80659997,0.80926001,0.80606002,0.80879003
2025-08-14 17:00:00,0.80874997,0.80886,0.80716002,0.80733001
2025-08-14 21:00:00,0.80733001,0.80849999,0.80585003,0.80763
2025-08-15 01:00:00,0.80760002,0.80782998,0.80642998,0.80647999
2025-08-15 05:00:00,0.80650002,0.80680001,0.80489999,0.80511999
2025-08-15 09:00:00,0.80513,0.80694997,0.80473,0.80541003
2025-08-15 13:00:00,0.80541003,0.80669999,0.80453002,0.80620998
2025-08-15 17:00:00,0.80618,0.80691999,0.80572999,0.80634999
2025-08-17 21:00:00,0.80623001,0.80690998,0.80620003,0.80659997
2025-08-18 01:00:00,0.80659997,0.80699998,0.80583,0.80594999
2025-08-18 05:00:00,0.80593997,0.80786997,0.80544001,0.80712998
2025-08-18 09:00:00,0.80713999,0.80809999,0.80653,0.80738997
2025-08-18 13:00:00,0.80735999,0.80799001,0.80633003,0.80725998
2025-08-18 17:00:00,0.80725998,0.80781001,0.80690002,0.80694997
2025-08-18 21:00:00,0.80693001,0.80769998,0.80605,0.80735999
2025-08-19 01:00:00,0.80735999,0.80855,0.80704999,0.80716002
2025-08-19 05:00:00,0.80716997,0.80755001,0.80532002,0.80601001
2025-08-19 09:00:00,0.80601001,0.80622,0.80469,0.80554998
2025-08-19 13:00:00,0.80554998,0.80735999,0.80519998,0.80721003
2025-08-19 17:00:00,0.80721003,0.80791998,0.80691999,0.80708998
2025-08-19 21:00:00,0.80751002,0.80919999,0.80607998,0.80852997
2025-08-20 01:00:00,0.80855,0.80930001,0.80803001,0.80844998
2025-08-20 05:00:00,0.80844998,0.80896997,0.80756998,0.80794001
2025-08-20 09:00:00,0.80786997,0.80818999,0.80563003,0.80567002
2025-08-20 13:00:00,0.80567002,0.80650002,0.80330998,0.80392998
2025-08-20 17:00:00,0.80392998,0.80441999,0.80308002,0.80410999
2025-08-20 21:00:00,0.80365002,0.80500001,0.80277002,0.80436999
2025-08-21 01:00:00,0.80438,0.80535001,0.80409002,0.80533999
2025-08-21 05:00:00,0.8053,0.80650002,0.80461001,0.80523998
2025-08-21 09:00:00,0.80523998,0.80690998,0.80488002,0.80611002
2025-08-21 13:00:00,0.80615997,0.80896002,0.80579001,0.80809999
2025-08-21 17:00:00,0.80808002,0.80904001,0.80769998,0.80835003
2025-08-21 21:00:00,0.80838001,0.80897999,0.80671,0.80883002
2025-08-22 01:00:00,0.80883002,0.81037003,0.80871999,0.81035
2025-08-22 05:00:00,0.81031001,0.81040001,0.80892998,0.80934
2025-08-22 09:00:00,0.80931002,0.80961001,0.80786997,0.80805999
2025-08-22 13:00:00,0.80805999,0.80884999,0.80017,0.80128998
2025-08-22 17:00:00,0.80129999,0.80162001,0.79997998,0.80080003
2025-08-24 21:00:00,0.80223,0.80330998,0.8021,0.80295002
2025-08-25 01:00:00,0.80295998,0.80352998,0.80241001,0.80290997
2025-08-25 05:00:00,0.80290997,0.8035,0.80158001,0.80190003
2025-08-25 09:00:00,0.80189002,0.80286002,0.80176002,0.80238998
2025-08-25 13:00:00,0.80238998,0.80454999,0.80192,0.80410999
2025-08-25 17:00:00,0.80410999,0.80712003,0.80404001,0.80535001
2025-08-25 21:00:00,0.80532998,0.80669999,0.80269998,0.80344999
2025-08-26 01:00:00,0.80344999,0.80589998,0.80339003,0.80541998
2025-08-26 05:00:00,0.80541998,0.80721998,0.80486,0.80672002
2025-08-26 09:00:00,0.80672997,0.80681998,0.80369997,0.80444002
2025-08-26 13:00:00,0.80444998,0.80519998,0.80252999,0.80331999
2025-08-26 17:00:00,0.80328,0.80400997,0.8028,0.80289
2025-08-26 21:00:00,0.80289,0.80438,0.80219001,0.80404001
2025-08-27 01:00:00,0.80404001,0.8053,0.80369002,0.80522001
2025-08-27 05:00:00,0.80522001,0.80765003,0.80488002,0.80641001
2025-08-27 09:00:00,0.80641001,0.80729997,0.80487001,0.80518001
2025-08-27 13:00:00,0.80518001,0.80554998,0.80150998,0.80185997
2025-08-27 17:00:00,0.80185997,0.80283999,0.80154002,0.80186999
2025-08-27 21:00:00,0.80250001,0.80258,0.80142999,0.80168003
2025-08-28 01:00:00,0.80168003,0.80181998,0.80094999,0.80150998
2025-08-28 05:00:00,0.80151999,0.80215001,0.80097002,0.80116999
2025-08-28 09:00:00,0.80116999,0.80225003,0.79936999,0.80198997
2025-08-28 13:00:00,0.80198997,0.80306,0.80044001,0.80046999
2025-08-28 17:00:00,0.80046999,0.80192,0.79973,0.80088001
2025-08-28 21:00:00,0.80092001,0.80243999,0.80021,0.80203003
2025-08-29 01:00:00,0.80203998,0.80316001,0.80185997,0.80251002
2025-08-29 05:00:00,0.80247003,0.80265999,0.79961002,0.80067003
2025-08-29 09:00:00,0.80070001,0.80352002,0.80056,0.80242002
2025-08-29 13:00:00,0.80239999,0.80272001,0.79852998,0.79926002
2025-08-29 17:00:00,0.79926002,0.80080998,0.79912001,0.80010998
2025-08-29 21:00:00,0.80005002,0.80005002,0.80005002,0.80005002
2025-08-31 21:00:00,0.80083001,0.80113,0.80057001,0.80067998
2025-09-01 01:00:00,0.80067998,0.80119997,0.79930001,0.79958999
2025-09-01 05:00:00,0.79958999,0.79987001,0.79857999,0.79872
2025-09-01 09:00:00,0.79874003,0.80123001,0.79861999,0.80106002
2025-09-01 13:00:00,0.80106002,0.80171001,0.79996002,0.80118001
2025-09-01 17:00:00,0.80118001,0.80129999,0.79992998,0.80001003
2025-09-01 21:00:00,0.80032998,0.80129999,0.79964,0.80119002
2025-09-02 01:00:00,0.80119997,0.80155998,0.80094999,0.80132997
2025-09-02 05:00:00,0.80132002,0.80449998,0.80080003,0.80423999
2025-09-02 09:00:00,0.80427998,0.80610001,0.80369997,0.80520999
2025-09-02 13:00:00,0.80519003,0.80541003,0.80192,0.80391002
2025-09-02 17:00:00,0.80391002,0.80541003,0.80364001,0.80421001
2025-09-02 21:00:00,0.80423999,0.80565,0.80299997,0.80558997
2025-09-03 01:00:00,0.80558997,0.80589998,0.80506003,0.80517
2025-09-03 05:00:00,0.80517,0.80678999,0.80394,0.80410999
2025-09-03 09:00:00,0.80410999,0.80546999,0.80307001,0.80515999
2025-09-03 13:00:00,0.80517,0.80557001,0.80268002,0.80321997
2025-09-03 17:00:00,0.80321002,0.80449998,0.80298001,0.80387002
2025-09-03 21:00:00,0.80387998,0.80436999,0.80228001,0.80410999
2025-09-04 01:00:00,0.80409998,0.80449998,0.80342001,0.80443001
2025-09-04 05:00:00,0.80441999,0.80549997,0.80392998,0.80434
2025-09-04 09:00:00,0.80435002,0.80619001,0.80373001,0.80557001
2025-09-04 13:00:00,0.80558002,0.80686003,0.80470997,0.80667001
2025-09-04 17:00:00,0.80667001,0.80720001,0.80482,0.80531001
2025-09-04 21:00:00,0.8053,0.80580002,0.80400997,0.80497003
2025-09-05 01:00:00,0.80497998,0.80511999,0.80425,0.80474001
2025-09-05 05:00:00,0.80474001,0.80479997,0.80324,0.80330002
2025-09-05 09:00:00,0.80330002,0.80394,0.79857999,0.79969001
2025-09-05 13:00:00,0.79977,0.80000001,0.79557002,0.79702997
2025-09-05 17:00:00,0.79701,0.79860002,0.79698002,0.79763001
2025-09-07 21:00:00,0.79930001,0.79939997,0.79830003,0.79834002
2025-09-08 01:00:00,0.79834002,0.79860002,0.79738998,0.79750001
2025-09-08 05:00:00,0.79742998,0.79759997,0.79503,0.79589999
2025-09-08 09:00:00,0.79589999,0.79663002,0.79437,0.79465997
2025-09-08 13:00:00,0.79465997,0.79470003,0.79291999,0.79426003
2025-09-08 17:00:00,0.79425001,0.79465002,0.79269999,0.79272997
2025-09-08 21:00:00,0.79294002,0.79364997,0.79216999,0.79251999
2025-09-09 01:00:00,0.79251999,0.79304999,0.79202002,0.79225999
2025-09-09 05:00:00,0.79224002,0.79439998,0.79149997,0.79306
2025-09-09 09:00:00,0.79306,0.7956,0.79223001,0.79493999
2025-09-09 13:00:00,0.79495001,0.79698002,0.79281998,0.79684001
2025-09-09 17:00:00,0.79685998,0.79794002,0.79628998,0.79698002
2025-09-09 21:00:00,0.79698002,0.79799998,0.79543,0.79782999
2025-09-10 01:00:00,0.79784,0.79844999,0.79667002,0.79668999
2025-09-10 05:00:00,0.7967,0.79848999,0.79610002,0.79753
2025-09-10 09:00:00,0.79754001,0.79916,0.79584002,0.79800999
2025-09-10 13:00:00,0.79800999,0.79895997,0.79632002,0.79874003
2025-09-10 17:00:00,0.79874003,0.79949999,0.79839998,0.79892999
2025-09-10 21:00:00,0.79870999,0.79922998,0.79745001,0.79914999
2025-09-11 01:00:00,0.79917002,0.79923999,0.79860002,0.79865998
2025-09-11 05:00:00,0.79865998,0.79993999,0.79863,0.79929
2025-09-11 09:00:00,0.79929,0.80072999,0.79696,0.79772002
2025-09-11 13:00:00,0.79771,0.79830003,0.79481,0.79592001
2025-09-11 17:00:00,0.79588002,0.79640001,0.79514003,0.79549998
2025-09-11 21:00:00,0.79540998,0.79633999,0.79404002,0.79606998
2025-09-12 01:00:00,0.79605001,0.79699999,0.79589999,0.79671001
2025-09-12 05:00:00,0.7967,0.79743999,0.79548001,0.79733002
2025-09-12 09:00:00,0.79733002,0.79865998,0.79623997,0.79773998
2025-09-12 13:00:00,0.79773998,0.79811001,0.79617,0.79657
2025-09-12 17:00:00,0.79654998,0.79671001,0.79575998,0.79587001
2025-09-12 21:00:00,0.79570001,0.79570001,0.79570001,0.79570001
2025-09-14 21:00:00,0.79650998,0.79680002,0.79637998,0.79650003
2025-09-15 01:00:00,0.79650003,0.79690999,0.79602998,0.79624999
2025-09-15 05:00:00,0.79624999,0.79727,0.79567999,0.79611999
2025-09-15 09:00:00,0.79611999,0.79615003,0.79434001,0.79477
2025-09-15 13:00:00,0.79477,0.79561001,0.79359001,0.79461998
2025-09-15 17:00:00,0.79464,0.79479998,0.7938,0.79426998
2025-09-15 21:00:00,0.79422998,0.79479998,0.79350001,0.79443002
2025-09-16 01:00:00,0.79440999,0.79481,0.79321998,0.79365999
2025-09-16 05:00:00,0.79364002,0.7938,0.79162002,0.79220998
2025-09-16 09:00:00,0.79220998,0.79220998,0.78997999,0.79083002
2025-09-16 13:00:00,0.79087001,0.79095,0.78622001,0.78627002
2025-09-16 17:00:00,0.78628999,0.78662997,0.78540999,0.78543001
2025-09-16 21:00:00,0.78562999,0.78670001,0.78518999,0.78662002
2025-09-17 01:00:00,0.78662002,0.78715998,0.78654999,0.78701001
2025-09-17 05:00:00,0.78697002,0.78786999,0.78656,0.78689998
2025-09-17 09:00:00,0.78688002,0.78767002,0.78626001,0.78688002
2025-09-17 13:00:00,0.78685999,0.78723001,0.78583002,0.78697002
2025-09-17 17:00:00,0.78697002,0.78934002,0.78288001,0.78842002
2025-09-17 21:00:00,0.78842998,0.78911,0.78741002,0.78859001
2025-09-18 01:00:00,0.78859001,0.79079998,0.78833002,0.79065001
2025-09-18 05:00:00,0.79065001,0.79154003,0.78829002,0.78908002
2025-09-18 09:00:00,0.78907001,0.79105002,0.78713,0.79101002
2025-09-18 13:00:00,0.79101002,0.79378003,0.79099,0.79229999
2025-09-18 17:00:00,0.79231,0.79293001,0.79144001,0.79211998
2025-09-18 21:00:00,0.79207999,0.79321998,0.79007,0.7924
2025-09-19 01:00:00,0.79242998,0.79341,0.792,0.79301
2025-09-19 05:00:00,0.79301,0.79554999,0.79266,0.79522997
2025-09-19 09:00:00,0.79522997,0.79661,0.79439998,0.79588997
2025-09-19 13:00:00,0.79593003,0.79597998,0.79407001,0.79473001
2025-09-19 17:00:00,0.79473001,0.79579997,0.79459,0.79504001
2025-09-19 21:00:00,0.79500997,0.79500997,0.79500997,0.79500997
2025-09-21 21:00:00,0.79588002,0.79703999,0.79578,0.79653001
2025-09-22 01:00:00,0.79653001,0.79729998,0.79604,0.79703999
2025-09-22 05:00:00,0.79705,0.79711998,0.79396999,0.79416001
2025-09-22 09:00:00,0.79417002,0.79479998,0.79277998,0.79312003
2025-09-22 13:00:00,0.79312003,0.79444999,0.79268998,0.79290003
2025-09-22 17:00:00,0.79290003,0.79311001,0.79184002,0.79259002
2025-09-22 21:00:00,0.79223001,0.79354,0.79180002,0.792
2025-09-23 01:00:00,0.79198998,0.79250997,0.79095,0.79246998
2025-09-23 05:00:00,0.79246998,0.79335999,0.79162002,0.79184002
2025-09-23 09:00:00,0.79188001,0.79282999,0.79146999,0.79209
2025-09-23 13:00:00,0.79209,0.79320002,0.79153001,0.79183
2025-09-23 17:00:00,0.79183,0.79201001,0.79089999,0.79188001
2025-09-23 21:00:00,0.79189003,0.79254001,0.78978997,0.79198003
2025-09-24 01:00:00,0.79198003,0.79259998,0.79184997,0.79209
2025-09-24 05:00:00,0.79209,0.79430002,0.79183,0.79395002
2025-09-24 09:00:00,0.79394001,0.79522002,0.79367,0.79449999
2025-09-24 13:00:00,0.79448998,0.79574001,0.79396999,0.79561001
2025-09-24 17:00:00,0.79561001,0.79570001,0.79435998,0.79468
2025-09-24 21:00:00,0.79478002,0.79509997,0.79316998,0.79440999
2025-09-25 01:00:00,0.79438001,0.79512,0.79425001,0.79471999
2025-09-25 05:00:00,0.79470998,0.79684001,0.79469001,0.79580998
2025-09-25 09:00:00,0.79580998,0.79986,0.79505998,0.79904997
2025-09-25 13:00:00,0.79901999,0.80097002,0.79775,0.80080003
2025-09-25 17:00:00,0.80080998,0.80140001,0.79888999,0.79925001
2025-09-25 21:00:00,0.79905999,0.80070001,0.79860002,0.79978001
2025-09-26 01:00:00,0.79977,0.80019999,0.79913002,0.79914999
2025-09-26 05:00:00,0.79914999,0.80010003,0.79860997,0.7992
2025-09-26 09:00:00,0.79917997,0.80040002,0.79839998,0.79887003
2025-09-26 13:00:00,0.79887998,0.79930001,0.79742998,0.79837
2025-09-26 17:00:00,0.79837,0.79841,0.79724997,0.79754001
2025-09-26 21:00:00,0.79754001,0.79754001,0.79754001,0.79754001
2025-09-28 21:00:00,0.79768997,0.79769999,0.79636002,0.79651999
2025-09-29 01:00:00,0.79650998,0.79710001,0.79566997,0.79601002
2025-09-29 05:00:00,0.79601002,0.79693002,0.79514998,0.79601997
2025-09-29 09:00:00,0.79601997,0.79876,0.79588997,0.79622
2025-09-29 13:00:00,0.79622,0.79790998,0.79614002,0.79707003
2025-09-29 17:00:00,0.79707003,0.79786998,0.79698002,0.79733998
2025-09-29 21:00:00,0.79733998,0.79834002,0.79611999,0.79791999
2025-09-30 01:00:00,0.79790002,0.79803002,0.79689997,0.79694998
2025-09-30 05:00:00,0.79694998,0.7978,0.79518998,0.79613
2025-09-30 09:00:00,0.79614002,0.79821002,0.79605001,0.79705
2025-09-30 13:00:00,0.79705,0.79856998,0.79443997,0.79464
2025-09-30 17:00:00,0.79464,0.79650003,0.79386997,0.79601997
2025-09-30 21:00:00,0.79593003,0.79689997,0.79470003,0.79628998
2025-10-01 01:00:00,0.79628998,0.79664999,0.79416001,0.79430997
2025-10-01 05:00:00,0.79434001,0.79589999,0.79281002,0.79576999
2025-10-01 09:00:00,0.79575002,0.79885,0.79509002,0.79734999
2025-10-01 13:00:00,0.79734999,0.79900998,0.79619998,0.79821002
2025-10-01 17:00:00,0.79820001,0.79824001,0.79631001,0.79663002
2025-10-01 21:00:00,0.79663002,0.79750001,0.79587001,0.79707003
2025-10-02 01:00:00,0.79708999,0.79734999,0.79606003,0.79667002
2025-10-02 05:00:00,0.79667002,0.79753,0.79583001,0.79619002
2025-10-02 09:00:00,0.79622,0.79692,0.79509002,0.79663998
2025-10-02 13:00:00,0.79663002,0.80002999,0.79632002,0.79808003
2025-10-02 17:00:00,0.79811001,0.79856998,0.79710001,0.79781002
2025-10-02 21:00:00,0.79754001,0.79825997,0.79664999,0.79734999
2025-10-03 01:00:00,0.79737002,0.79799998,0.79702997,0.79772002
2025-10-03 05:00:00,0.79771,0.79800999,0.79574001,0.79623002
2025-10-03 09:00:00,0.79619002,0.79720002,0.79563999,0.79574001
2025-10-03 13:00:00,0.79574001,0.79667002,0.79466999,0.79523998
2025-10-03 17:00:00,0.79526001,0.79613,0.79447001,0.79486001
2025-10-05 20:00:00,0.79746002,0.79773003,0.79694998,0.79720998
2025-10-06 00:00:00,0.79720998,0.79737002,0.79530001,0.79566997
2025-10-06 04:00:00,0.79567999,0.79909998,0.79544002,0.79900002
2025-10-06 08:00:00,0.79900002,0.79939997,0.79760998,0.79789001
2025-10-06 12:00:00,0.79791999,0.79795998,0.79477,0.79541999
2025-10-06 16:00:00,0.79540998,0.79584002,0.79474998,0.79493999
2025-10-06 20:00:00,0.79492998,0.79567999,0.79421997,0.79496002
2025-10-07 00:00:00,0.79496002,0.79582,0.79487997,0.79544997
2025-10-07 04:00:00,0.79545999,0.79772002,0.79527003,0.79743999
2025-10-07 08:00:00,0.79746997,0.79895002,0.79675001,0.79863
2025-10-07 12:00:00,0.79863,0.79914999,0.79672003,0.79701
2025-10-07 16:00:00,0.79701,0.79882997,0.79658997,0.79878998
2025-10-07 20:00:00,0.79878002,0.79895002,0.79592001,0.79863
2025-10-08 00:00:00,0.79865003,0.80101001,0.79852998,0.80057001
2025-10-08 04:00:00,0.80058002,0.80186999,0.80045998,0.80088001
2025-10-08 08:00:00,0.80088001,0.80132997,0.79939002,0.80018997
2025-10-08 12:00:00,0.80018997,0.80242002,0.79962999,0.80199999
2025-10-08 16:00:00,0.80198002,0.80287999,0.80154002,0.80173999
2025-10-08 20:00:00,0.80173999,0.8021,0.80067998,0.80153
2025-10-09 00:00:00,0.80150002,0.80162001,0.80023003,0.80049998
2025-10-09 04:00:00,0.80052,0.80347002,0.80039001,0.80331999
2025-10-09 08:00:00,0.80331999,0.80352998,0.80036998,0.80119997
2025-10-09 12:00:00,0.80119997,0.80663002,0.80111998,0.80596
2025-10-09 16:00:00,0.80593002,0.80760002,0.80550998,0.80663002
2025-10-09 20:00:00,0.80663002,0.80693001,0.80506003,0.80624998
2025-10-10 00:00:00,0.80624998,0.80669999,0.80583,0.80596
2025-10-10 04:00:00,0.80594999,0.8064,0.80508,0.80574
2025-10-10 08:00:00,0.80574,0.8064,0.80467999,0.80636001
2025-10-10 12:00:00,0.80632001,0.80647999,0.79996997,0.80146003
2025-10-10 16:00:00,0.80146003,0.80216002,0.80075002,0.80109
2025-10-10 20:00:00,0.80103999,0.80146003,0.79794002,0.79942
2025-10-12 20:00:00,0.80225003,0.80239999,0.80158001,0.80230999
2025-10-13 00:00:00,0.80230999,0.80238998,0.80085999,0.80119997
2025-10-13 04:00:00,0.80122,0.80277997,0.79996002,0.80264997
2025-10-13 08:00:00,0.80264997,0.80440998,0.80247003,0.80422002
2025-10-13 12:00:00,0.80422002,0.80580002,0.80362999,0.80422997
2025-10-13 16:00:00,0.80426002,0.80432999,0.80369002,0.80423999
2025-10-13 20:00:00,0.80423999,0.80449998,0.80251002,0.80431998
2025-10-14 00:00:00,0.80431998,0.80500001,0.80346,0.80356997
2025-10-14 04:00:00,0.80357999,0.80462003,0.80197001,0.80422997
2025-10-14 08:00:00,0.80422997,0.80465001,0.80316001,0.80462998
2025-10-14 12:00:00,0.80462998,0.80483001,0.80102003,0.80111003
2025-10-14 16:00:00,0.80107999,0.80150002,0.80023003,0.801
2025-10-14 20:00:00,0.80098999,0.80159998,0.79901999,0.80144
2025-10-15 00:00:00,0.80144,0.80159003,0.79992998,0.79992998
2025-10-15 04:00:00,0.79995,0.80027002,0.79905999,0.79960001
2025-10-15 08:00:00,0.79957002,0.80110002,0.79900998,0.80044001
2025-10-15 12:00:00,0.80043,0.80083001,0.79562002,0.79712999
2025-10-15 16:00:00,0.79712999,0.79784,0.79633999,0.79679
2025-10-15 20:00:00,0.79680997,0.79723001,0.79578,0.79654998
2025-10-16 00:00:00,0.79654998,0.7967,0.79326999,0.79493999
2025-10-16 04:00:00,0.7949,0.79759002,0.79488999,0.79698002
2025-10-16 08:00:00,0.79698002,0.79841,0.79623002,0.79830003
2025-10-16 12:00:00,0.79830003,0.79847997,0.79496002,0.79572999
2025-10-16 16:00:00,0.79571998,0.79584998,0.79234999,0.79279
2025-10-16 20:00:00,0.79279,0.79368001,0.79167002,0.79193997
2025-10-17 00:00:00,0.79193002,0.79224002,0.78999001,0.79026997
2025-10-17 04:00:00,0.79027998,0.79066002,0.78727001,0.78935999
2025-10-17 08:00:00,0.78934997,0.79197001,0.78838998,0.79148
2025-10-17 12:00:00,0.79148,0.79329997,0.79053003,0.79193997
2025-10-17 16:00:00,0.79194999,0.79316998,0.79153001,0.79256999
2025-10-17 20:00:00,0.79251999,0.79368001,0.79250997,0.79299003
2025-10-19 20:00:00,0.79391998,0.79411,0.79334003,0.79360002
2025-10-20 00:00:00,0.79363,0.79383999,0.79260999,0.79295999
2025-10-20 04:00:00,0.79294997,0.79434001,0.79250997,0.79312003
2025-10-20 08:00:00,0.79311001,0.79347003,0.79224002,0.79242998
2025-10-20 12:00:00,0.79244,0.79291999,0.79057002,0.79180998
2025-10-20 16:00:00,0.79180002,0.79253,0.79145998,0.79220003
2025-10-20 20:00:00,0.79220003,0.79259998,0.79071999,0.79244
2025-10-21 00:00:00,0.79245001,0.79321998,0.79139,0.79316002
2025-10-21 04:00:00,0.79315001,0.79369998,0.79176998,0.79284
2025-10-21 08:00:00,0.79282999,0.79527998,0.79256999,0.79465997
2025-10-21 12:00:00,0.79465997,0.79601002,0.79394001,0.79501998
2025-10-21 16:00:00,0.79501998,0.79642999,0.79468,0.79619002
2025-10-21 20:00:00,0.79619998,0.79692,0.79457998,0.79677999
2025-10-22 00:00:00,0.79675001,0.79684001,0.79539001,0.79584998
2025-10-22 04:00:00,0.79584002,0.79629999,0.79509997,0.79606998
2025-10-22 08:00:00,0.79601002,0.79721999,0.79579997,0.79619002
2025-10-22 12:00:00,0.79622,0.7974,0.79512,0.79575002
2025-10-22 16:00:00,0.79579002,0.79636002,0.79479998,0.79622
2025-10-22 20:00:00,0.79620999,0.79629999,0.79464,0.79613
2025-10-23 00:00:00,0.79614002,0.79750001,0.79606998,0.79742998
2025-10-23 04:00:00,0.79742002,0.79803002,0.79676998,0.79714
2025-10-23 08:00:00,0.79716998,0.79869998,0.79690999,0.79812002
2025-10-23 12:00:00,0.79812002,0.79812998,0.79518998,0.7956
2025-10-23 16:00:00,0.79562998,0.79605001,0.79495001,0.79521
2025-10-23 20:00:00,0.79522002,0.79570001,0.79431999,0.79514003
2025-10-24 00:00:00,0.79508001,0.79610002,0.79466999,0.79582
2025-10-24 04:00:00,0.79579997,0.79654002,0.79461998,0.79545999
2025-10-24 08:00:00,0.79545999,0.79684001,0.79532999,0.79624999
2025-10-24 12:00:00,0.79627001,0.79653001,0.79263002,0.79575998
2025-10-24 16:00:00,0.79575998,0.79615998,0.79519999,0.79527003
2025-10-24 20:00:00,0.79527003,0.79570001,0.79439998,0.79439998
2025-10-27 00:00:00,0.79605001,0.79636002,0.79447001,0.79585999
2025-10-27 04:00:00,0.79588002,0.79707003,0.79582,0.79685998
2025-10-27 08:00:00,0.79689002,0.79729998,0.79521,0.79528999
2025-10-27 12:00:00,0.79528999,0.79680002,0.79461002,0.79644001
2025-10-27 16:00:00,0.79646999,0.79651999,0.79500002,0.79536998
2025-10-27 20:00:00,0.79538,0.79598999,0.79438001,0.79461002
2025-10-28 00:00:00,0.79461002,0.79479998,0.79358,0.79376
2025-10-28 04:00:00,0.79378003,0.79482001,0.79303002,0.79443997
2025-10-28 08:00:00,0.79443997,0.79475999,0.79329002,0.79449999
2025-10-28 12:00:00,0.79449999,0.7967,0.79246998,0.79272997
2025-10-28 16:00:00,0.79271001,0.79360002,0.79246998,0.79323
2025-10-28 20:00:00,0.79326999,0.79368001,0.79263997,0.79295999
2025-10-29 00:00:00,0.79285002,0.79409999,0.79250997,0.79399002
2025-10-29 04:00:00,0.79395002,0.7956,0.79391003,0.79545999
2025-10-29 08:00:00,0.79544002,0.79741001,0.79527003,0.79725999
2025-10-29 12:00:00,0.79729998,0.79793,0.79565001,0.79582
2025-10-29 16:00:00,0.79583001,0.80202001,0.7956,0.80053997
2025-10-29 20:00:00,0.80053997,0.80088001,0.79773998,0.80005997
2025-10-30 00:00:00,0.80006999,0.80065,0.79878002,0.79918998
2025-10-30 04:00:00,0.79918998,0.79930001,0.79751998,0.79861999
2025-10-30 08:00:00,0.79861999,0.80080003,0.79767001,0.80070001
2025-10-30 12:00:00,0.80070001,0.80370998,0.80034,0.80203003
2025-10-30 16:00:00,0.80203003,0.80271,0.80133998,0.80219001
2025-10-30 20:00:00,0.80216002,0.80233002,0.80102003,0.80160999
2025-10-31 00:00:00,0.80159003,0.80194998,0.80085999,0.80182999
2025-10-31 04:00:00,0.80182999,0.80328,0.80154997,0.80271
2025-10-31 08:00:00,0.80273002,0.80351001,0.80137002,0.80322999
2025-10-31 12:00:00,0.80322999,0.80489999,0.80232,0.80267
2025-10-31 16:00:00,0.80267,0.80483001,0.80251002,0.80464
2025-10-31 20:00:00,0.80464,0.80518001,0.80407,0.80418998
2025-11-03 00:00:00,0.80488002,0.8053,0.80453002,0.80457997
2025-11-03 04:00:00,0.80462003,0.80574,0.80379999,0.80511999
2025-11-03 08:00:00,0.80514997,0.80779999,0.80495,0.80712003
2025-11-03 12:00:00,0.80712003,0.80918002,0.80659002,0.8075
2025-11-03 16:00:00,0.8075,0.80792999,0.80677003,0.80769998
2025-11-03 20:00:00,0.80773002,0.80825001,0.80688,0.80813998
2025-11-04 00:00:00,0.80817002,0.80989999,0.80813998,0.80892998
2025-11-04 04:00:00,0.80892998,0.80953002,0.80668002,0.80743998
2025-11-04 08:00:00,0.80743998,0.80953997,0.80724001,0.80949998
2025-11-04 12:00:00,0.80950999,0.81037998,0.80817002,0.80914998
2025-11-04 16:00:00,0.80913001,0.81050003,0.80870003,0.81044
2025-11-04 20:00:00,0.81044,0.81083,0.80871999,0.81037003
2025-11-05 00:00:00,0.81033999,0.81057,0.80787998,0.80969
2025-11-05 04:00:00,0.80971998,0.80980003,0.80861998,0.80949998
2025-11-05 08:00:00,0.80949998,0.81164998,0.80917001,0.81004
2025-11-05 12:00:00,0.81004,0.81242001,0.80948001,0.81115001
2025-11-05 16:00:00,0.81115001,0.81195003,0.81014001,0.81032997
2025-11-05 20:00:00,0.81037003,0.81041998,0.80886,0.80971003
2025-11-06 00:00:00,0.80983001,0.81010002,0.80865002,0.80919999
2025-11-06 04:00:00,0.80923003,0.80974001,0.80870003,0.80893999
2025-11-06 08:00:00,0.80892003,0.80992001,0.80826002,0.80865002
2025-11-06 12:00:00,0.80865002,0.80892998,0.80677003,0.80694002
2025-11-06 16:00:00,0.80694002,0.80782002,0.80628997,0.80659997
2025-11-06 20:00:00,0.80659997,0.80680001,0.80566001,0.80616999
2025-11-07 00:00:00,0.80615002,0.8075,0.80607003,0.80738997
2025-11-07 04:00:00,0.80738997,0.80795997,0.80733001,0.8075
2025-11-07 08:00:00,0.80746001,0.80844003,0.80531001,0.80579001
2025-11-07 12:00:00,0.80579001,0.80624998,0.80316001,0.80470997
2025-11-07 16:00:00,0.80469,0.80577999,0.80361003,0.80558002
2025-11-07 20:00:00,0.80558002,0.80584002,0.80438,0.80453998
2025-11-10 00:00:00,0.80708998,0.8071,0.80583,0.80638999
2025-11-10 04:00:00,0.80638999,0.80694997,0.80497003,0.80563998
2025-11-10 08:00:00,0.80566001,0.80653,0.80473,0.80584002
2025-11-10 12:00:00,0.80585998,0.80675,0.80461001,0.80642003
2025-11-10 16:00:00,0.80641001,0.80659997,0.80439001,0.80474001
2025-11-10 20:00:00,0.80475998,0.80531001,0.80391997,0.80513
2025-11-11 00:00:00,0.80515999,0.80615002,0.80473,0.80502999
2025-11-11 04:00:00,0.80501997,0.80505002,0.80340999,0.80344999
2025-11-11 08:00:00,0.80343997,0.80407,0.80132002,0.80185997
2025-11-11 12:00:00,0.80185997,0.80199999,0.79857999,0.79970998
2025-11-11 16:00:00,0.79970998,0.80053002,0.79938,0.80040002
2025-11-11 20:00:00,0.80040002,0.80089003,0.79879999,0.80032998
2025-11-12 00:00:00,0.80036998,0.801,0.80023003,0.80058998
2025-11-12 04:00:00,0.80061001,0.80114001,0.79956001,0.79974002
2025-11-12 08:00:00,0.79973,0.80012,0.79866999,0.79878998
2025-11-12 12:00:00,0.79878998,0.79960001,0.79679,0.79711002
2025-11-12 16:00:00,0.79711998,0.79790002,0.7967,0.79776001
2025-11-12 20:00:00,0.79778999,0.79830003,0.79650003,0.79784
2025-11-13 00:00:00,0.79781002,0.79885,0.79777002,0.7985
2025-11-13 04:00:00,0.79851002,0.79940999,0.79629999,0.79639
2025-11-13 08:00:00,0.79639,0.79641002,0.79425001,0.79585999
2025-11-13 12:00:00,0.79587001,0.79615003,0.7924,0.79271001
2025-11-13 16:00:00,0.79271001,0.79293001,0.79079998,0.79268003
2025-11-13 20:00:00,0.79268003,0.79360002,0.79127997,0.79325998
2025-11-14 00:00:00,0.79324001,0.79360002,0.79193997,0.79236001
2025-11-14 04:00:00,0.79234999,0.79242998,0.79095,0.79153001
2025-11-14 08:00:00,0.79152,0.79263997,0.79010999,0.79137999
2025-11-14 12:00:00,0.79137999,0.79394001,0.78777999,0.79329997
2025-11-14 16:00:00,0.79329997,0.79479998,0.79250002,0.79395998
2025-11-14 20:00:00,0.79396999,0.79438001,0.79321003,0.79374999
2025-11-17 00:00:00,0.79427999,0.79554999,0.79408002,0.79531997
2025-11-17 04:00:00,0.79531997,0.79549998,0.79325002,0.79332
2025-11-17 08:00:00,0.79330999,0.79589999,0.79315001,0.79528999
2025-11-17 12:00:00,0.79531002,0.79620999,0.79496998,0.79544002
2025-11-17 16:00:00,0.79544002,0.79655999,0.79513001,0.79646999
2025-11-17 20:00:00,0.79649001,0.79658997,0.79449999,0.79620999
2025-11-18 00:00:00,0.79623997,0.79663998,0.79535002,0.79536998
2025-11-18 04:00:00,0.79540002,0.7956,0.79373997,0.79505002
2025-11-18 08:00:00,0.79505002,0.79754001,0.79417002,0.79689997
2025-11-18 12:00:00,0.79689997,0.79854,0.79544002,0.79851002
2025-11-18 16:00:00,0.79852003,0.80006999,0.79843998,0.79912001
2025-11-18 20:00:00,0.79913998,0.80034,0.79813999,0.80018997
2025-11-19 00:00:00,0.80019999,0.801,0.79943001,0.79992002
2025-11-19 04:00:00,0.79992002,0.80059999,0.7985,0.79939997
2025-11-19 08:00:00,0.79934001,0.80304003,0.79892999,0.80166
2025-11-19 12:00:00,0.80166,0.80506998,0.80083001,0.80448997
2025-11-19 16:00:00,0.80449998,0.80671,0.80430001,0.8064
2025-11-19 20:00:00,0.80638999,0.80663002,0.80440003,0.80539
2025-11-20 00:00:00,0.80540001,0.80729997,0.80519998,0.80702001
2025-11-20 04:00:00,0.80700999,0.80706,0.80593002,0.80612999
2025-11-20 08:00:00,0.80611998,0.80725002,0.80544001,0.80720001
2025-11-20 12:00:00,0.80724001,0.80773002,0.80517,0.80650002
2025-11-20 16:00:00,0.80650002,0.80653,0.80484003,0.80532998
2025-11-20 20:00:00,0.80532002,0.8064,0.80385,0.80554003
2025-11-21 00:00:00,0.80554003,0.80612999,0.80454999,0.80475998
2025-11-21 04:00:00,0.80475998,0.80480999,0.80352998,0.80418998
2025-11-21 08:00:00,0.80419999,0.80720001,0.80361998,0.80719
2025-11-21 12:00:00,0.80719,0.80868,0.80559999,0.80852002
2025-11-21 16:00:00,0.80852997,0.80987,0.80748999,0.80778998
2025-11-21 20:00:00,0.80778998,0.80852997,0.80747998,0.80830997
2025-11-24 00:00:00,0.80866998,0.80919999,0.80822998,0.80848998
2025-11-24 04:00:00,0.80848998,0.81005001,0.80786002,0.80996001
2025-11-24 08:00:00,0.80993003,0.81018001,0.80599999,0.80700999
2025-11-24 12:00:00,0.80703998,0.80874002,0.80685002,0.80764002
2025-11-24 16:00:00,0.80765998,0.8092,0.80745,0.8078
2025-11-24 20:00:00,0.8078,0.80876,0.80767,0.80861
2025-11-25 00:00:00,0.80861,0.80893,0.808,0.80884
2025-11-25 04:00:00,0.80885,0.80943,0.8087,0.80919
2025-11-25 08:00:00,0.80918,0.81023,0.80863,0.81017
2025-11-25 12:00:00,0.81015,0.8102,0.80598,0.80771
2025-11-25 16:00:00,0.80768,0.80918,0.80636,0.80639
2025-11-25 20:00:00,0.80638,0.80816,0.80638,0.80799
2025-11-26 00:00:00,0.808,0.80821,0.8054,0.80563
2025-11-26 04:00:00,0.80564,0.80631,0.80429,0.80592
2025-11-26 08:00:00,0.80592,0.80696,0.80572,0.8066
2025-11-26 12:00:00,0.80657,0.80834,0.80586,0.80586
2025-11-26 16:00:00,0.80587,0.80588,0.8041,0.80436
2025-11-26 20:00:00,0.80436,0.80518,0.80355,0.80357
2025-11-27 00:00:00,0.80356,0.80366,0.80265,0.80359
2025-11-27 04:00:00,0.8036,0.80497,0.80335,0.80489
2025-11-27 08:00:00,0.80488,0.80629,0.80473,0.80591
2025-11-27 12:00:00,0.80589,0.80605,0.80497,0.80537
2025-11-27 16:00:00,0.80536,0.80564,0.80467,0.80498
2025-11-27 20:00:00,0.80498,0.80512,0.80435,0.80465
2025-11-28 00:00:00,0.80465,0.80558,0.80461,0.80522
2025-11-28 04:00:00,0.80521,0.80622,0.8044,0.80583
2025-11-28 08:00:00,0.80582,0.80716,0.80545,0.80614
2025-11-28 12:00:00,0.80613,0.80626,0.80317,0.80317
2025-11-28 16:00:00,0.80319,0.80396,0.80271,0.80343
2025-11-28 20:00:00,0.80342,0.80371,0.8032,0.80368
2025-11-30 20:00:00,0.80437,0.80453,0.80326,0.80338
2025-12-01 00:00:00,0.80339,0.80439,0.80246,0.80427
2025-12-01 04:00:00,0.80427,0.80473,0.80312,0.8033
2025-12-01 08:00:00,0.8033,0.80359,0.80223,0.80262
2025-12-01 12:00:00,0.80262,0.8033,0.7999,0.80228
2025-12-01 16:00:00,0.80226,0.80469,0.80192,0.80445
2025-12-01 20:00:00,0.80444,0.80496,0.80389,0.80478
2025-12-02 00:00:00,0.80479,0.80503,0.80411,0.80415
2025-12-02 04:00:00,0.80415,0.80495,0.80397,0.80444
2025-12-02 08:00:00,0.80443,0.80517,0.804,0.8045
2025-12-02 12:00:00,0.80448,0.80503,0.80314,0.80449
2025-12-02 16:00:00,0.80447,0.80487,0.80294,0.80313
2025-12-02 20:00:00,0.80313,0.80358,0.80267,0.8029
2025-12-03 00:00:00,0.8029,0.8029,0.8019,0.802
2025-12-03 04:00:00,0.802,0.80266,0.80085,0.80257
2025-12-03 08:00:00,0.80257,0.80258,0.80019,0.80027
2025-12-03 12:00:00,0.80026,0.80117,0.79958,0.80066
2025-12-03 16:00:00,0.80064,0.8007,0.79921,0.7994
2025-12-03 20:00:00,0.79939,0.80014,0.7993,0.79978
2025-12-04 00:00:00,0.79979,0.80087,0.79978,0.80084
2025-12-04 04:00:00,0.80085,0.80153,0.80057,0.80065
2025-12-04 08:00:00,0.80062,0.80118,0.7996,0.79971
2025-12-04 12:00:00,0.79969,0.80176,0.79948,0.80088
2025-12-04 16:00:00,0.80087,0.80328,0.80085,0.80319
2025-12-04 20:00:00,0.80319,0.80398,0.80284,0.80379
2025-12-05 00:00:00,0.80379,0.80388,0.80306,0.80352
2025-12-05 04:00:00,0.80352,0.80352,0.802,0.80277
2025-12-05 08:00:00,0.80276,0.80375,0.80257,0.80345
2025-12-05 12:00:00,0.80344,0.80452,0.80291,0.8043
2025-12-05 16:00:00,0.8043,0.80554,0.80413,0.80443
2025-12-05 20:00:00,0.80443,0.80476,0.80415,0.80467
2025-12-07 20:00:00,0.80425,0.80505,0.80401,0.80489
2025-12-08 00:00:00,0.80488,0.80489,0.80334,0.80362
2025-12-08 04:00:00,0.80362,0.80376,0.80286,0.80339
2025-12-08 08:00:00,0.80335,0.80595,0.80335,0.80571
2025-12-08 12:00:00,0.80571,0.80854,0.80527,0.80789
2025-12-08 16:00:00,0.80789,0.80828,0.80639,0.80669
2025-12-08 20:00:00,0.80669,0.80723,0.80644,0.80676
2025-12-09 00:00:00,0.80675,0.80688,0.80601,0.80616
2025-12-09 04:00:00,0.80615,0.80664,0.80537,0.80642
2025-12-09 08:00:00,0.8064,0.80692,0.80496,0.80639
2025-12-09 12:00:00,0.80638,0.80825,0.80568,0.80703
2025-12-09 16:00:00,0.80703,0.80704,0.80593,0.806
2025-12-09 20:00:00,0.80599,0.80664,0.80567,0.80606
2025-12-10 00:00:00,0.80607,0.80652,0.8059,0.8062
2025-12-10 04:00:00,0.80618,0.80633,0.80508,0.80517
2025-12-10 08:00:00,0.80515,0.8057,0.80402,0.80537
2025-12-10 12:00:00,0.80535,0.8054,0.80253,0.80275
2025-12-10 16:00:00,0.80275,0.80319,0.80074,0.80106
2025-12-10 20:00:00,0.8011,0.80145,0.79912,0.7994
2025-12-11 00:00:00,0.79939,0.79959,0.79874,0.79897
2025-12-11 04:00:00,0.79896,0.80015,0.79893,0.7998
2025-12-11 08:00:00,0.79979,0.79981,0.79639,0.79652
2025-12-11 12:00:00,0.79651,0.7968,0.79305,0.79342
2025-12-11 16:00:00,0.79342,0.79514,0.79231,0.79503
2025-12-11 20:00:00,0.79506,0.79568,0.79415,0.79475
2025-12-12 00:00:00,0.79474,0.79491,0.79426,0.79487
2025-12-12 04:00:00,0.79486,0.79522,0.79451,0.79499
2025-12-12 08:00:00,0.79496,0.7956,0.79453,0.79534
2025-12-12 12:00:00,0.79532,0.79629,0.79457,0.79584
2025-12-12 16:00:00,0.79584,0.79657,0.79518,0.79594
2025-12-12 20:00:00,0.79594,0.79629,0.79556,0.79601
2025-12-14 20:00:00,0.79528,0.79621,0.79522,0.79617
2025-12-15 00:00:00,0.79618,0.79683,0.79542,0.79621
2025-12-15 04:00:00,0.7962,0.79667,0.7959,0.79663
2025-12-15 08:00:00,0.79661,0.79733,0.79573,0.79587
2025-12-15 12:00:00,0.79585,0.7964,0.79401,0.7951
2025-12-15 16:00:00,0.79511,0.79738,0.79508,0.79657
2025-12-15 20:00:00,0.79659,0.79672,0.79565,0.79616
2025-12-16 00:00:00,0.79616,0.79635,0.79524,0.79582
2025-12-16 04:00:00,0.7958,0.79699,0.79574,0.79676
2025-12-16 08:00:00,0.79677,0.79706,0.79555,0.79563
2025-12-16 12:00:00,0.79563,0.7957,0.79316,0.79534
2025-12-16 16:00:00,0.79534,0.79571,0.79382,0.79467
2025-12-16 20:00:00,0.79466,0.79543,0.79422,0.79531
2025-12-17 00:00:00,0.79531,0.79592,0.79493,0.79577
2025-12-17 04:00:00,0.79575,0.79875,0.79573,0.79832
2025-12-17 08:00:00,0.79833,0.79875,0.79658,0.79715
2025-12-17 12:00:00,0.79713,0.79725,0.79372,0.79441
2025-12-17 16:00:00,0.79441,0.79548,0.79436,0.79538
2025-12-17 20:00:00,0.79537,0.79596,0.79479,0.79526
2025-12-18 00:00:00,0.79526,0.79566,0.79486,0.79538
2025-12-18 04:00:00,0.79537,0.7956,0.7948,0.79555
2025-12-18 08:00:00,0.79553,0.79664,0.79493,0.79529
2025-12-18 12:00:00,0.79529,0.79576,0.79307,0.79405
2025-12-18 16:00:00,0.79405,0.79511,0.7932,0.79407
2025-12-18 20:00:00,0.79408,0.79481,0.79378,0.79409
2025-12-19 00:00:00,0.79409,0.79523,0.79409,0.79509
2025-12-19 04:00:00,0.79507,0.79599,0.79467,0.7956
2025-12-19 08:00:00,0.79557,0.79587,0.79459,0.79567
2025-12-19 12:00:00,0.79566,0.79623,0.79423,0.79598
2025-12-19 16:00:00,0.79598,0.79598,0.79458,0.79467
2025-12-19 20:00:00,0.79468,0.79582,0.79449,0.79568
2025-12-21 20:00:00,0.79515,0.79592,0.79473,0.7957
2025-12-22 00:00:00,0.79568,0.7957,0.79439,0.79459
2025-12-22 04:00:00,0.79457,0.79531,0.79436,0.79449
2025-12-22 08:00:00,0.79448,0.79503,0.79316,0.79341
2025-12-22 12:00:00,0.7934,0.79385,0.79207,0.79233
2025-12-22 16:00:00,0.79234,0.79272,0.79165,0.79184
2025-12-22 20:00:00,0.79186,0.79272,0.79145,0.7915
2025-12-23 00:00:00,0.79149,0.79155,0.78938,0.78961
2025-12-23 04:00:00,0.7896,0.79078,0.78934,0.79039
2025-12-23 08:00:00,0.79036,0.79045,0.78725,0.78768
2025-12-23 12:00:00,0.78768,0.79085,0.7868,0.79009
2025-12-23 16:00:00,0.79008,0.79009,0.78763,0.78764
2025-12-23 20:00:00,0.78765,0.78833,0.78711,0.78758
2025-12-24 00:00:00,0.78756,0.78772,0.78624,0.78756
2025-12-24 04:00:00,0.78755,0.78774,0.78663,0.78761
2025-12-24 08:00:00,0.78762,0.78821,0.78624,0.78651
2025-12-24 12:00:00,0.78651,0.78778,0.78651,0.78773
2025-12-25 12:00:00,0.78723,0.78941,0.78698,0.78839
2025-12-25 16:00:00,0.78834,0.7891,0.78671,0.78828
2025-12-25 20:00:00,0.78825,0.78854,0.78652,0.78818
2025-12-26 00:00:00,0.78817,0.78877,0.78767,0.78841
2025-12-26 04:00:00,0.78839,0.7897,0.78802,0.78951
2025-12-26 08:00:00,0.7895,0.79032,0.78912,0.78956
2025-12-26 12:00:00,0.78956,0.78977,0.78789,0.78885
2025-12-26 16:00:00,0.78885,0.79027,0.78882,0.78925
2025-12-26 20:00:00,0.78922,0.78972,0.78883,0.78943
2025-12-28 20:00:00,0.78897,0.78966,0.7884,0.78929
2025-12-29 00:00:00,0.78928,0.7898,0.78828,0.78946
2025-12-29 04:00:00,0.78944,0.79011,0.78841,0.78876
2025-12-29 08:00:00,0.78876,0.79156,0.78743,0.79021
2025-12-29 12:00:00,0.79022,0.7911,0.78824,0.78933
2025-12-29 16:00:00,0.78933,0.79095,0.78917,0.78965
2025-12-29 20:00:00,0.78964,0.7899,0.78873,0.78894
2025-12-30 00:00:00,0.78892,0.78927,0.78843,0.78871
2025-12-30 04:00:00,0.78868,0.78931,0.78823,0.789
2025-12-30 08:00:00,0.78901,0.78968,0.78771,0.78896
2025-12-30 12:00:00,0.78897,0.79171,0.78896,0.79089
2025-12-30 16:00:00,0.79089,0.79198,0.79046,0.79184
2025-12-30 20:00:00,0.79182,0.79244,0.79142,0.79191
2025-12-31 00:00:00,0.79189,0.79252,0.79164,0.79215
2025-12-31 04:00:00,0.79212,0.79337,0.79212,0.79317
2025-12-31 08:00:00,0.79317,0.79429,0.79244,0.79247
2025-12-31 12:00:00,0.79246,0.79252,0.79197,0.79226
2026-01-01 12:00:00,0.79208,0.79242,0.79159,0.79202
2026-01-01 16:00:00,0.79203,0.79302,0.79144,0.79278
2026-01-01 20:00:00,0.79277,0.79318,0.79209,0.79209
2026-01-02 00:00:00,0.79208,0.79226,0.79086,0.79127
2026-01-02 04:00:00,0.79125,0.79411,0.79125,0.79339
2026-01-02 08:00:00,0.79338,0.79412,0.7924,0.79317
2026-01-02 12:00:00,0.79317,0.79341,0.79036,0.79038
2026-01-02 16:00:00,0.79039,0.7927,0.79014,0.79205
2026-01-02 20:00:00,0.79205,0.79281,0.79193,0.79233
2026-01-04 20:00:00,0.79184,0.79354,0.79178,0.7933
2026-01-05 00:00:00,0.79328,0.79497,0.79219,0.79487
2026-01-05 04:00:00,0.79484,0.79506,0.79369,0.79423
2026-01-05 08:00:00,0.79423,0.79673,0.79392,0.79464
2026-01-05 12:00:00,0.79465,0.79677,0.79342,0.79345
2026-01-05 16:00:00,0.79345,0.79364,0.79137,0.79153
2026-01-05 20:00:00,0.79152,0.79228,0.79127,0.79225
2026-01-06 00:00:00,0.79223,0.7927,0.79076,0.79107
2026-01-06 04:00:00,0.79106,0.79162,0.79068,0.7913
2026-01-06 08:00:00,0.7913,0.79338,0.79091,0.7933
2026-01-06 12:00:00,0.79329,0.79542,0.79243,0.79525
2026-01-06 16:00:00,0.79519,0.796,0.79463,0.79539
2026-01-06 20:00:00,0.79538,0.7959,0.79502,0.79577
2026-01-07 00:00:00,0.79575,0.79586,0.79441,0.79487
2026-01-07 04:00:00,0.79486,0.79669,0.79456,0.79637
2026-01-07 08:00:00,0.79636,0.79682,0.79544,0.79645
2026-01-07 12:00:00,0.79643,0.79728,0.79526,0.79676
2026-01-07 16:00:00,0.79675,0.79781,0.79635,0.79747
2026-01-07 20:00:00,0.79746,0.79794,0.7972,0.7978
2026-01-08 00:00:00,0.79779,0.79803,0.79709,0.79732
2026-01-08 04:00:00,0.79731,0.79774,0.79698,0.79745
2026-01-08 08:00:00,0.79745,0.79851,0.79681,0.79716
2026-01-08 12:00:00,0.79717,0.79886,0.79716,0.79857
2026-01-08 16:00:00,0.79857,0.80002,0.79857,0.79959
2026-01-08 20:00:00,0.79958,0.7996,0.79862,0.7991
2026-01-09 00:00:00,0.79908,0.80017,0.79904,0.79957
2026-01-09 04:00:00,0.79956,0.80037,0.79939,0.79988
2026-01-09 08:00:00,0.79988,0.80034,0.79942,0.79977
2026-01-09 12:00:00,0.79979,0.80176,0.7988,0.80124
2026-01-09 16:00:00,0.80123,0.80171,0.80081,0.80106
2026-01-09 20:00:00,0.80105,0.8013,0.80036,0.80113
2026-01-10 00:00:00,0.80114,0.80115,0.79984,0.79989
2026-01-10 04:00:00,0.79988,0.80095,0.79985,0.80045
2026-01-10 08:00:00,0.80046,0.80072,0.79984,0.8003
2026-01-10 12:00:00,0.8003,0.80101,0.80028,0.80097
2026-01-10 16:00:00,0.80097,0.80109,0.80046,0.80101
2026-01-10 20:00:00,0.801,0.80109,0.80076,0.801
2026-01-11 00:00:00,0.80098,0.80107,0.80064,0.80096
2026-01-11 04:00:00,0.80095,0.80108,0.80094,0.80103
2026-01-11 08:00:00,0.80103,0.80113,0.80086,0.80088
2026-01-11 12:00:00,0.80088,0.80105,0.80081,0.80092
2026-01-11 16:00:00,0.80091,0.80103,0.8,0.80094
2026-01-11 20:00:00,0.80092,0.80179,0.80057,0.80171
2026-01-12 00:00:00,0.8017,0.80173,0.79735,0.79904
2026-01-12 04:00:00,0.79902,0.79933,0.79638,0.79641
2026-01-12 08:00:00,0.79642,0.79793,0.79569,0.79768
2026-01-12 12:00:00,0.79768,0.79794,0.79577,0.79613
2026-01-12 16:00:00,0.79614,0.79764,0.79607,0.79705
2026-01-12 20:00:00,0.79703,0.79785,0.7969,0.79738
2026-01-13 00:00:00,0.79736,0.79806,0.79735,0.79787
2026-01-13 04:00:00,0.79787,0.79799,0.79684,0.79756
2026-01-13 08:00:00,0.79756,0.79849,0.79686,0.79826
2026-01-13 12:00:00,0.79827,0.80025,0.79753,0.79997
2026-01-13 16:00:00,0.79995,0.80148,0.7998,0.8007
2026-01-13 20:00:00,0.80069,0.80116,0.80051,0.80116
2026-01-14 00:00:00,0.80114,0.80176,0.80063,0.80086
2026-01-14 04:00:00,0.80085,0.80153,0.80059,0.8011
2026-01-14 08:00:00,0.80111,0.80275,0.80054,0.801
2026-01-14 12:00:00,0.80097,0.80155,0.79883,0.79885
2026-01-14 16:00:00,0.79884,0.80054,0.79841,0.80037
2026-01-14 20:00:00,0.80035,0.80046,0.79948,0.79981
2026-01-15 00:00:00,0.79979,0.80063,0.79957,0.8005
2026-01-15 04:00:00,0.8005,0.80163,0.80047,0.80122
2026-01-15 08:00:00,0.80124,0.80176,0.80021,0.80123
2026-01-15 12:00:00,0.80124,0.80408,0.80073,0.80356
2026-01-15 16:00:00,0.80354,0.80362,0.80252,0.80318
2026-01-15 20:00:00,0.80317,0.80373,0.80296,0.80349
2026-01-16 00:00:00,0.80348,0.80395,0.8025,0.80255
2026-01-16 04:00:00,0.80255,0.80291,0.80196,0.80235
2026-01-16 08:00:00,0.80236,0.8027,0.80115,0.8015
2026-01-16 12:00:00,0.8015,0.80344,0.80064,0.80303
2026-01-16 16:00:00,0.803,0.80363,0.80199,0.80343
2026-01-16 20:00:00,0.80342,0.80344,0.80263,0.80292
2026-01-17 00:00:00,0.80292,0.80293,0.80258,0.8026
2026-01-17 04:00:00,0.8026,0.8028,0.80258,0.80262
2026-01-17 08:00:00,0.80262,0.80281,0.80258,0.8026
2026-01-17 12:00:00,0.8026,0.80287,0.80259,0.80285
2026-01-17 16:00:00,0.80284,0.80296,0.80283,0.8029
2026-01-17 20:00:00,0.80288,0.80296,0.80284,0.80292
2026-01-18 00:00:00,0.80291,0.80297,0.80284,0.80285
2026-01-18 04:00:00,0.80285,0.80295,0.80284,0.80291
2026-01-18 08:00:00,0.80291,0.80295,0.80271,0.80273
2026-01-18 12:00:00,0.80273,0.80313,0.8026,0.80264
2026-01-18 16:00:00,0.80263,0.80387,0.80168,0.80184
2026-01-18 20:00:00,0.80182,0.80214,0.79798,0.79878
2026-01-19 00:00:00,0.79876,0.80039,0.79808,0.79903
2026-01-19 04:00:00,0.79903,0.79976,0.79784,0.79929
2026-01-19 08:00:00,0.7993,0.8001,0.79837,0.79865
2026-01-19 12:00:00,0.79866,0.79889,0.79615,0.79708
2026-01-19 16:00:00,0.79707,0.79773,0.79684,0.79741
2026-01-19 20:00:00,0.7974,0.79807,0.79724,0.79798
2026-01-20 00:00:00,0.79797,0.79847,0.79635,0.79669
2026-01-20 04:00:00,0.79669,0.7968,0.79345,0.79356
2026-01-20 08:00:00,0.79358,0.79371,0.78894,0.78985
2026-01-20 12:00:00,0.78986,0.79211,0.78774,0.79021
2026-01-20 16:00:00,0.7902,0.79038,0.7887,0.7903
2026-01-20 20:00:00,0.79026,0.79059,0.78949,0.78971
2026-01-21 00:00:00,0.78968,0.79165,0.78898,0.79077
2026-01-21 04:00:00,0.79077,0.79201,0.79053,0.79141
2026-01-21 08:00:00,0.79141,0.79314,0.79067,0.79096
2026-01-21 12:00:00,0.79099,0.79414,0.78906,0.79409
2026-01-21 16:00:00,0.79408,0.79679,0.79245,0.79578
2026-01-21 20:00:00,0.79579,0.79668,0.79495,0.79643
2026-01-22 00:00:00,0.79643,0.79645,0.795,0.79501
2026-01-22 04:00:00,0.79502,0.79536,0.79362,0.79415
2026-01-22 08:00:00,0.79416,0.79461,0.79248,0.79282
2026-01-22 12:00:00,0.79282,0.79332,0.79073,0.7909
2026-01-22 16:00:00,0.79089,0.79091,0.7894,0.79013
2026-01-22 20:00:00,0.79011,0.7908,0.78871,0.78912
2026-01-23 00:00:00,0.78911,0.79053,0.7891,0.7905
2026-01-23 04:00:00,0.7905,0.79113,0.78949,0.79051
2026-01-23 08:00:00,0.79051,0.79144,0.78995,0.79047
2026-01-23 12:00:00,0.79047,0.79094,0.78884,0.78915
2026-01-23 16:00:00,0.78914,0.79012,0.78149,0.78251
2026-01-23 20:00:00,0.78246,0.78855,0.77782,0.7803
2026-01-24 00:00:00,0.78027,0.7815,0.78027,0.78145
2026-01-24 04:00:00,0.78145,0.78151,0.78066,0.7813
2026-01-24 08:00:00,0.78132,0.78155,0.78048,0.78144
2026-01-24 12:00:00,0.78144,0.78149,0.78049,0.78054
2026-01-24 16:00:00,0.78053,0.78418,0.78032,0.78211
2026-01-24 20:00:00,0.78209,0.78482,0.78083,0.7812
2026-01-25 00:00:00,0.78119,0.78123,0.78048,0.78049
2026-01-25 04:00:00,0.78049,0.78053,0.78017,0.78019
2026-01-25 08:00:00,0.78019,0.78326,0.78004,0.78323
2026-01-25 12:00:00,0.78323,0.78488,0.78182,0.78238
2026-01-25 16:00:00,0.78236,0.78456,0.77552,0.77693
2026-01-25 20:00:00,0.77705,0.77818,0.77391,0.77805
2026-01-26 00:00:00,0.77803,0.77936,0.77627,0.77714
2026-01-26 04:00:00,0.77715,0.77916,0.77639,0.77913
2026-01-26 08:00:00,0.77914,0.77926,0.77537,0.77729
2026-01-26 12:00:00,0.7773,0.77935,0.77382,0.77392
2026-01-26 16:00:00,0.7739,0.77712,0.77337,0.77644
2026-01-26 20:00:00,0.77644,0.77747,0.77606,0.77736
2026-01-27 00:00:00,0.77735,0.77757,0.77533,0.77703
2026-01-27 04:00:00,0.77704,0.77802,0.77667,0.77786
2026-01-27 08:00:00,0.77783,0.77846,0.7743,0.77431
2026-01-27 12:00:00,0.77431,0.77446,0.76588,0.76788
2026-01-27 16:00:00,0.76787,0.76803,0.76595,0.76665
2026-01-27 20:00:00,0.76663,0.76725,0.76069,0.76309
2026-01-28 00:00:00,0.76309,0.76651,0.76296,0.76576
2026-01-28 04:00:00,0.76577,0.76648,0.76305,0.7653
2026-01-28 08:00:00,0.76526,0.76923,0.76454,0.76815
2026-01-28 12:00:00,0.76815,0.77215,0.76634,0.76936
2026-01-28 16:00:00,0.76935,0.7724,0.76905,0.77002
2026-01-28 20:00:00,0.77005,0.77039,0.76578,0.76578
2026-01-29 00:00:00,0.76579,0.76793,0.76476,0.76544
2026-01-29 04:00:00,0.76543,0.76711,0.76488,0.76656
2026-01-29 08:00:00,0.76656,0.76861,0.76542,0.76836
2026-01-29 12:00:00,0.76835,0.77048,0.76583,0.76818
2026-01-29 16:00:00,0.76818,0.76819,0.76597,0.76647
2026-01-29 20:00:00,0.76645,0.76674,0.76378,0.7645
2026-01-30 00:00:00,0.7645,0.77,0.76395,0.76862
2026-01-30 04:00:00,0.76863,0.76916,0.76735,0.7675
2026-01-30 08:00:00,0.76747,0.77003,0.76696,0.76709
2026-01-30 12:00:00,0.76707,0.77035,0.76636,0.7701
2026-01-30 16:00:00,0.77008,0.77294,0.77008,0.77199
2026-01-30 20:00:00,0.77197,0.77364,0.77103,0.77252
2026-01-31 00:00:00,0.77255,0.77308,0.76952,0.76966
2026-01-31 04:00:00,0.76966,0.77168,0.7695,0.76992
2026-01-31 08:00:00,0.76989,0.77189,0.76951,0.76964
2026-01-31 12:00:00,0.76963,0.7726,0.76961,0.7726
2026-01-31 16:00:00,0.77259,0.77263,0.77081,0.77218
2026-01-31 20:00:00,0.77216,0.77259,0.77137,0.7723
2026-02-01 00:00:00,0.7723,0.77277,0.77086,0.77272
2026-02-01 04:00:00,0.77272,0.7729,0.7726,0.77263
2026-02-01 08:00:00,0.77263,0.77281,0.7702,0.77042
2026-02-01 12:00:00,0.77041,0.77131,0.76888,0.77031
2026-02-01 16:00:00,0.77029,0.77338,0.76962,0.77213
2026-02-01 20:00:00,0.7721,0.77476,0.77003,0.77369
2026-02-02 00:00:00,0.77369,0.7737,0.77178,0.77238
2026-02-02 04:00:00,0.77239,0.77375,0.77159,0.77338
2026-02-02 08:00:00,0.77336,0.7764,0.77279,0.77529
2026-02-02 12:00:00,0.77528,0.78165,0.77495,0.78163
2026-02-02 16:00:00,0.78163,0.78164,0.7792,0.77977
2026-02-02 20:00:00,0.77974,0.78044,0.77902,0.77909
2026-02-03 00:00:00,0.77909,0.77916,0.778,0.77824
2026-02-03 04:00:00,0.77826,0.77849,0.77691,0.77725
2026-02-03 08:00:00,0.77725,0.77888,0.77677,0.77842
2026-02-03 12:00:00,0.77841,0.77877,0.77489,0.77517
2026-02-03 16:00:00,0.77513,0.77608,0.7739,0.77554
2026-02-03 20:00:00,0.77549,0.77601,0.77506,0.77584
2026-02-04 00:00:00,0.77584,0.77661,0.77529,0.77544
2026-02-04 04:00:00,0.77545,0.77616,0.77462,0.77587
2026-02-04 08:00:00,0.77588,0.77726,0.77507,0.77651
2026-02-04 12:00:00,0.77649,0.77735,0.77502,0.77721
2026-02-04 16:00:00,0.77721,0.77752,0.77562,0.77662
2026-02-04 20:00:00,0.77661,0.77784,0.77661,0.77739
2026-02-05 00:00:00,0.77739,0.77816,0.77672,0.77804
2026-02-05 04:00:00,0.77805,0.77875,0.77749,0.77783
2026-02-05 08:00:00,0.77782,0.77857,0.77703,0.77751
2026-02-05 12:00:00,0.77749,0.77765,0.77444,0.7772
2026-02-05 16:00:00,0.77719,0.77796,0.77673,0.77745
2026-02-05 20:00:00,0.77743,0.77871,0.77718,0.77783
2026-02-06 00:00:00,0.77783,0.77816,0.77691,0.77733
2026-02-06 04:00:00,0.77733,0.77752,0.7762,0.77751
2026-02-06 08:00:00,0.7775,0.77868,0.77737,0.7782
2026-02-06 12:00:00,0.77819,0.77822,0.77518,0.77532
2026-02-06 16:00:00,0.77532,0.77609,0.77515,0.77546
2026-02-06 20:00:00,0.77546,0.77655,0.77517,0.77584
2026-02-07 00:00:00,0.77585,0.7759,0.77543,0.77545
2026-02-07 04:00:00,0.77545,0.77571,0.77542,0.77551
2026-02-07 08:00:00,0.7755,0.7757,0.77544,0.77547
2026-02-07 12:00:00,0.77546,0.77592,0.77544,0.77589
2026-02-07 16:00:00,0.77587,0.77591,0.77558,0.77578
2026-02-07 20:00:00,0.77579,0.77586,0.77559,0.77577
2026-02-09 00:00:00,0.77583998,0.77648997,0.77474999,0.77594
2026-02-09 04:00:00,0.77596003,0.77600002,0.77241999,0.77297997
2026-02-09 08:00:00,0.77297997,0.77335,0.77133,0.77139002
2026-02-09 12:00:00,0.77138001,0.77139997,0.76608998,0.76640999
2026-02-09 16:00:00,0.76640999,0.76840001,0.76584,0.76602
2026-02-09 20:00:00,0.76602,0.76729,0.76574,0.76718
2026-02-10 00:00:00,0.76717,0.76775,0.76576,0.76637
2026-02-10 04:00:00,0.76637,0.7676,0.76631,0.76698
2026-02-10 08:00:00,0.76698,0.76747,0.76531,0.76664
2026-02-10 12:00:00,0.76664,0.76734,0.76312,0.76506
2026-02-10 16:00:00,0.76504,0.76874,0.76504,0.7675
2026-02-10 20:00:00,0.7675,0.76885,0.76673,0.76867
2026-02-11 00:00:00,0.76868,0.76874,0.76619,0.7664
2026-02-11 04:00:00,0.76641,0.76658,0.76494,0.76589
2026-02-11 08:00:00,0.76586,0.76695,0.76528,0.76616
2026-02-11 12:00:00,0.76613,0.77302,0.76613,0.7725
2026-02-11 16:00:00,0.77248,0.77282,0.76966,0.77061
2026-02-11 20:00:00,0.77061,0.77189,0.77036,0.77124
2026-02-12 00:00:00,0.77125,0.77152,0.77007,0.77084
2026-02-12 04:00:00,0.77083,0.77257,0.77061,0.77104
2026-02-12 08:00:00,0.77102,0.7712,0.76693,0.76704
2026-02-12 12:00:00,0.76704,0.77021,0.7668,0.76773
2026-02-12 16:00:00,0.76771,0.77025,0.76733,0.76953
2026-02-12 20:00:00,0.76953,0.76993,0.76876,0.76954
2026-02-13 00:00:00,0.76954,0.76982,0.76892,0.76977
2026-02-13 04:00:00,0.76977,0.77183,0.76969,0.77046
2026-02-13 08:00:00,0.77045,0.77086,0.76922,0.76992
2026-02-13 12:00:00,0.76993,0.77032,0.76728,0.7702
2026-02-13 16:00:00,0.77017,0.77028,0.76759,0.76824
2026-02-13 20:00:00,0.76824,0.76866,0.7675,0.76788
2026-02-14 00:00:00,0.76791,0.76877,0.76785,0.76866
2026-02-14 04:00:00,0.76867,0.76877,0.76782,0.7684
2026-02-14 08:00:00,0.76838,0.76854,0.76819,0.76852
2026-02-14 12:00:00,0.7685,0.76886,0.76826,0.76886
2026-02-14 16:00:00,0.76885,0.76932,0.76811,0.76887
2026-02-14 20:00:00,0.76887,0.77136,0.76692,0.76886
2026-02-15 00:00:00,0.76886,0.76897,0.76797,0.76798
2026-02-15 04:00:00,0.76798,0.76801,0.76781,0.76785
2026-02-15 08:00:00,0.76783,0.76892,0.76778,0.76882
2026-02-15 12:00:00,0.7688,0.76944,0.76856,0.76913
2026-02-15 16:00:00,0.76912,0.76939,0.76758,0.76864
2026-02-15 20:00:00,0.76864,0.76937,0.76769,0.76843
2026-02-16 00:00:00,0.76843,0.76887,0.76807,0.76813
2026-02-16 04:00:00,0.76813,0.76899,0.76805,0.76856
2026-02-16 08:00:00,0.76855,0.77016,0.7679,0.76991
2026-02-16 12:00:00,0.76989,0.77057,0.76903,0.76943
2026-02-16 16:00:00,0.76942,0.76995,0.76923,0.76927
2026-02-16 20:00:00,0.76928,0.76987,0.76919,0.76972
2026-02-17 00:00:00,0.76973,0.77014,0.76944,0.76956
2026-02-17 04:00:00,0.76955,0.77076,0.76883,0.77048
2026-02-17 08:00:00,0.77047,0.77084,0.76889,0.77052
2026-02-17 12:00:00,0.77052,0.77389,0.77012,0.77378
2026-02-17 16:00:00,0.77376,0.77379,0.77013,0.77026
2026-02-17 20:00:00,0.77027,0.77083,0.76994,0.7703
2026-02-18 00:00:00,0.77031,0.77111,0.77001,0.7711
2026-02-18 04:00:00,0.7711,0.77163,0.77061,0.7715
2026-02-18 08:00:00,0.77149,0.77215,0.77087,0.77119
2026-02-18 12:00:00,0.77119,0.77211,0.77007,0.77135
2026-02-18 16:00:00,0.77133,0.77325,0.77109,0.77271
2026-02-18 20:00:00,0.77271,0.77321,0.77237,0.77251
2026-02-19 00:00:00,0.77252,0.77303,0.7721,0.77294
2026-02-19 04:00:00,0.77293,0.77343,0.77202,0.77229
2026-02-19 08:00:00,0.77227,0.77428,0.77223,0.77415
2026-02-19 12:00:00,0.77412,0.7762,0.77411,0.77557
2026-02-19 16:00:00,0.77556,0.77616,0.77481,0.77606
2026-02-19 20:00:00,0.77605,0.77606,0.7747,0.77543
2026-02-20 00:00:00,0.77544,0.77625,0.7753,0.7758
2026-02-20 04:00:00,0.77579,0.77627,0.77517,0.77624
2026-02-20 08:00:00,0.77623,0.77684,0.77506,0.77627
2026-02-20 12:00:00,0.77624,0.77729,0.77308,0.77462
2026-02-20 16:00:00,0.77463,0.77636,0.77353,0.77547
2026-02-20 20:00:00,0.77548,0.77619,0.77464,0.77562
2026-02-21 00:00:00,0.77561,0.77572,0.7754,0.77567
2026-02-21 04:00:00,0.77567,0.7757,0.77539,0.77545
2026-02-21 08:00:00,0.77543,0.77562,0.77539,0.77542
2026-02-21 12:00:00,0.7754,0.7756,0.77539,0.77557
2026-02-21 16:00:00,0.77557,0.7756,0.77511,0.77511
2026-02-21 20:00:00,0.77512,0.77515,0.77501,0.77502
2026-02-22 00:00:00,0.77502,0.77531,0.77501,0.77525
2026-02-22 04:00:00,0.77524,0.77527,0.77523,0.77526
2026-02-22 08:00:00,0.77524,0.77527,0.77523,0.77526
2026-02-22 12:00:00,0.77524,0.77534,0.77523,0.77531
2026-02-22 16:00:00,0.77531,0.77553,0.77379,0.77509
2026-02-22 20:00:00,0.7751,0.77603,0.77181,0.77184
2026-02-23 00:00:00,0.77186,0.77254,0.77115,0.77209
2026-02-23 04:00:00,0.77209,0.77291,0.77168,0.77229
2026-02-23 08:00:00,0.77227,0.77637,0.77209,0.77622
2026-02-23 12:00:00,0.77619,0.77677,0.77333,0.77411
2026-02-23 16:00:00,0.77409,0.77464,0.77328,0.77437
2026-02-23 20:00:00,0.77438,0.7751,0.77411,0.77432
2026-02-24 00:00:00,0.77432,0.77611,0.77424,0.77598
2026-02-24 04:00:00,0.77597,0.7766,0.77526,0.77559
2026-02-24 08:00:00,0.77557,0.77578,0.7732,0.77373
2026-02-24 12:00:00,0.77371,0.77512,0.77363,0.77478
2026-02-24 16:00:00,0.77477,0.77479,0.77311,0.77351
2026-02-24 20:00:00,0.77352,0.77434,0.77318,0.77389
2026-02-25 00:00:00,0.77389,0.77409,0.7727,0.77308
2026-02-25 04:00:00,0.77307,0.77329,0.77192,0.77297
2026-02-25 08:00:00,0.77296,0.77575,0.77286,0.77558
2026-02-25 12:00:00,0.77557,0.77559,0.77254,0.77334
2026-02-25 16:00:00,0.77333,0.77334,0.77193,0.77283
2026-02-25 20:00:00,0.77285,0.77322,0.77209,0.77217
2026-02-26 00:00:00,0.77218,0.77255,0.77108,0.77211
2026-02-26 04:00:00,0.7721,0.77257,0.77169,0.77181
2026-02-26 08:00:00,0.77178,0.77536,0.77178,0.77523
2026-02-26 12:00:00,0.77521,0.77527,0.77324,0.77376
2026-02-26 16:00:00,0.77376,0.77523,0.77363,0.77402
2026-02-26 20:00:00,0.77402,0.77478,0.77327,0.77328
2026-02-27 00:00:00,0.77328,0.7739,0.77289,0.77311
2026-02-27 04:00:00,0.7731,0.77379,0.77249,0.77307
2026-02-27 08:00:00,0.77308,0.77314,0.77212,0.77221
2026-02-27 12:00:00,0.77219,0.77223,0.76724,0.76893
2026-02-27 16:00:00,0.76893,0.76916,0.76771,0.76819
2026-02-27 20:00:00,0.76819,0.77001,0.76795,0.76936
2026-02-28 00:00:00,0.76935,0.76947,0.76932,0.76941
2026-02-28 04:00:00,0.7694,0.76944,0.76936,0.76942
2026-02-28 08:00:00,0.7694,0.76965,0.76935,0.76951
2026-02-28 12:00:00,0.7695,0.7698,0.76948,0.76956
2026-02-28 16:00:00,0.76956,0.76959,0.76929,0.7693
2026-02-28 20:00:00,0.76931,0.76934,0.76918,0.76927
2026-03-01 00:00:00,0.76927,0.76941,0.76926,0.76937
2026-03-01 04:00:00,0.76936,0.76942,0.7693,0.76938
2026-03-01 08:00:00,0.76936,0.77066,0.76935,0.77048
2026-03-01 12:00:00,0.77047,0.77104,0.77007,0.77033
2026-03-01 16:00:00,0.77033,0.77067,0.7667,0.76787
2026-03-01 20:00:00,0.76791,0.76982,0.76621,0.76959
2026-03-02 00:00:00,0.76958,0.77,0.76789,0.76827
2026-03-02 04:00:00,0.76825,0.77374,0.76822,0.77275
2026-03-02 08:00:00,0.77277,0.77517,0.77122,0.77506
2026-03-02 12:00:00,0.77502,0.78112,0.77482,0.78045
2026-03-02 16:00:00,0.78045,0.78136,0.77788,0.77807
2026-03-02 20:00:00,0.77808,0.78027,0.77795,0.77877
2026-03-03 00:00:00,0.77877,0.78048,0.77858,0.78017
2026-03-03 04:00:00,0.78016,0.78302,0.78008,0.78278
2026-03-03 08:00:00,0.78275,0.78786,0.78258,0.78654
2026-03-03 12:00:00,0.78655,0.78686,0.7842,0.78505
2026-03-03 16:00:00,0.78506,0.78506,0.78105,0.78155
2026-03-03 20:00:00,0.78158,0.78314,0.7809,0.78203
2026-03-04 00:00:00,0.78204,0.78326,0.78055,0.78076
2026-03-04 04:00:00,0.78075,0.7824,0.7792,0.78039
2026-03-04 08:00:00,0.78038,0.78347,0.77991,0.78069
2026-03-04 12:00:00,0.78068,0.78186,0.77958,0.78006
2026-03-04 16:00:00,0.78006,0.7806,0.77876,0.77885
2026-03-04 20:00:00,0.77886,0.77992,0.77877,0.77922
2026-03-05 00:00:00,0.77921,0.78038,0.77834,0.78021
2026-03-05 04:00:00,0.7802,0.78191,0.77995,0.78038
2026-03-05 08:00:00,0.78032,0.78175,0.77848,0.7803
2026-03-05 12:00:00,0.7803,0.78255,0.77895,0.78183
2026-03-05 16:00:00,0.78184,0.78371,0.78154,0.78361
2026-03-05 20:00:00,0.78361,0.78362,0.78058,0.78084
2026-03-06 00:00:00,0.78084,0.78099,0.78023,0.78036
2026-03-06 04:00:00,0.78035,0.7813,0.77951,0.77958
2026-03-06 08:00:00,0.77957,0.78232,0.77948,0.78216
2026-03-06 12:00:00,0.78216,0.7828,0.77824,0.77973
2026-03-06 16:00:00,0.77973,0.77976,0.7761,0.77695
2026-03-06 20:00:00,0.77698,0.77888,0.77592,0.77635
2026-03-07 00:00:00,0.77635,0.77656,0.77632,0.7765
2026-03-07 04:00:00,0.77648,0.77652,0.77634,0.7765
2026-03-07 08:00:00,0.77649,0.7769,0.77634,0.77649
2026-03-07 12:00:00,0.77648,0.77703,0.77646,0.777
2026-03-07 16:00:00,0.777,0.77818,0.77691,0.77719
2026-03-07 20:00:00,0.77719,0.77824,0.77695,0.7771
2026-03-08 00:00:00,0.77709,0.77713,0.77662,0.7769
2026-03-08 04:00:00,0.77689,0.77708,0.77688,0.77698
2026-03-08 08:00:00,0.77697,0.77708,0.77669,0.77671
2026-03-08 12:00:00,0.7767,0.77674,0.77601,0.77638
2026-03-08 16:00:00,0.77639,0.77958,0.77622,0.77953
2026-03-08 20:00:00,0.77954,0.78132,0.77891,0.78127
2026-03-09 00:00:00,0.78126,0.78253,0.78098,0.78133
2026-03-09 04:00:00,0.78132,0.78136,0.77786,0.77818
2026-03-09 08:00:00,0.77818,0.78074,0.77792,0.77924
2026-03-09 12:00:00,0.77924,0.7807,0.77805,0.77838
2026-03-09 16:00:00,0.7784,0.78049,0.77697,0.77809
2026-03-09 20:00:00,0.77811,0.77835,0.77692,0.77802
2026-03-10 00:00:00,0.77801,0.77831,0.77652,0.77803
2026-03-10 04:00:00,0.77801,0.77831,0.77565,0.77578
2026-03-10 08:00:00,0.77577,0.77732,0.77514,0.77597
2026-03-10 12:00:00,0.77597,0.77694,0.77488,0.77534
2026-03-10 16:00:00,0.77536,0.77892,0.77533,0.77864
2026-03-10 20:00:00,0.7786,0.77896,0.77765,0.77867
2026-03-11 00:00:00,0.77866,0.77895,0.77721,0.77726
2026-03-11 04:00:00,0.77724,0.77814,0.77668,0.77789
2026-03-11 08:00:00,0.77788,0.77915,0.77637,0.77884
2026-03-11 12:00:00,0.77883,0.78001,0.7781,0.77997
2026-03-11 16:00:00,0.78002,0.78092,0.77942,0.77973
2026-03-11 20:00:00,0.77974,0.78198,0.77958,0.78187
2026-03-12 00:00:00,0.78186,0.78229,0.78072,0.78209
2026-03-12 04:00:00,0.78207,0.78234,0.78132,0.7821
2026-03-12 08:00:00,0.78213,0.78277,0.78023,0.78114
2026-03-12 12:00:00,0.78114,0.78503,0.78111,0.78431
2026-03-12 16:00:00,0.78431,0.78618,0.78378,0.78584
2026-03-12 20:00:00,0.78585,0.78638,0.78537,0.78541
2026-03-13 00:00:00,0.7854,0.78676,0.78477,0.78659
2026-03-13 04:00:00,0.78657,0.78887,0.78655,0.78873
2026-03-13 08:00:00,0.78872,0.78937,0.78705,0.78727
2026-03-13 12:00:00,0.78727,0.78995,0.78622,0.78973
2026-03-13 16:00:00,0.78974,0.79131,0.78926,0.79117
2026-03-13 20:00:00,0.79116,0.79716,0.78997,0.79579
2026-03-14 00:00:00,0.79577,0.79587,0.7935,0.79572
2026-03-14 04:00:00,0.7957,0.79652,0.79507,0.79574
2026-03-14 08:00:00,0.79573,0.79582,0.79469,0.79568
2026-03-14 12:00:00,0.79568,0.79581,0.79258,0.79577
2026-03-14 16:00:00,0.79578,0.79605,0.79348,0.79423
2026-03-14 20:00:00,0.79423,0.7956,0.79244,0.79518
2026-03-15 00:00:00,0.79516,0.79541,0.79363,0.7954
2026-03-15 04:00:00,0.79538,0.79554,0.79464,0.79549
2026-03-15 08:00:00,0.79548,0.7958,0.79545,0.79577
2026-03-15 12:00:00,0.79577,0.79628,0.7918,0.79452
2026-03-15 16:00:00,0.79452,0.79564,0.78788,0.79023
2026-03-15 20:00:00,0.79025,0.79104,0.78934,0.79003
2026-03-16 00:00:00,0.79002,0.79006,0.78891,0.78926
2026-03-16 04:00:00,0.78924,0.79228,0.78916,0.79155
2026-03-16 08:00:00,0.79157,0.79158,0.78732,0.78763
2026-03-16 12:00:00,0.78764,0.78915,0.78684,0.78884
2026-03-16 16:00:00,0.78884,0.78897,0.78657,0.78763
2026-03-16 20:00:00,0.78762,0.78829,0.7873,0.78817
2026-03-17 00:00:00,0.78816,0.78906,0.78803,0.78861
2026-03-17 04:00:00,0.78858,0.79001,0.78754,0.78786
2026-03-17 08:00:00,0.78786,0.78802,0.78624,0.78744
2026-03-17 12:00:00,0.78745,0.78764,0.78556,0.78565
2026-03-17 16:00:00,0.78566,0.78617,0.78442,0.78519
2026-03-17 20:00:00,0.78519,0.78529,0.78461,0.78502
2026-03-18 00:00:00,0.78501,0.78573,0.78465,0.7854
2026-03-18 04:00:00,0.78539,0.78656,0.78507,0.78655
2026-03-18 08:00:00,0.78655,0.78748,0.78556,0.78569
2026-03-18 12:00:00,0.7857,0.78929,0.78569,0.78899
2026-03-18 16:00:00,0.78901,0.79281,0.78853,0.79281
2026-03-18 20:00:00,0.7928,0.79361,0.79215,0.79274
2026-03-19 00:00:00,0.79272,0.79275,0.79099,0.79205
2026-03-19 04:00:00,0.79202,0.793,0.7914,0.79213
2026-03-19 08:00:00,0.79213,0.79577,0.79199,0.79476
2026-03-19 12:00:00,0.79476,0.79511,0.79041,0.7918
2026-03-19 16:00:00,0.79186,0.79279,0.78587,0.78852
2026-03-19 20:00:00,0.78851,0.78905,0.78753,0.78892
2026-03-20 00:00:00,0.7889,0.78943,0.78813,0.78932
2026-03-20 04:00:00,0.78931,0.78993,0.78877,0.78902
2026-03-20 08:00:00,0.78902,0.78933,0.78655,0.78695
2026-03-20 12:00:00,0.78694,0.79041,0.7857,0.78899
2026-03-20 16:00:00,0.789,0.78911,0.7875,0.78835
2026-03-20 20:00:00,0.78834,0.79025,0.78777,0.78937
2026-03-21 00:00:00,0.78943,0.78953,0.78809,0.78812
2026-03-21 04:00:00,0.7881,0.78851,0.78797,0.78805
2026-03-21 08:00:00,0.78805,0.78819,0.78798,0.788
2026-03-21 12:00:00,0.788,0.78808,0.78796,0.78801
2026-03-21 16:00:00,0.78801,0.78842,0.78798,0.78814
2026-03-21 20:00:00,0.78813,0.78833,0.78806,0.78815
2026-03-22 00:00:00,0.78813,0.78816,0.78799,0.78802
2026-03-22 04:00:00,0.78801,0.78812,0.78796,0.78799
2026-03-22 08:00:00,0.78798,0.78828,0.78793,0.78824
2026-03-22 12:00:00,0.78824,0.78841,0.78821,0.78826
2026-03-22 16:00:00,0.78827,0.79054,0.78689,0.78743
2026-03-22 20:00:00,0.78746,0.7892,0.78688,0.78787
2026-03-23 00:00:00,0.78786,0.78956,0.7876,0.78922
2026-03-23 04:00:00,0.78921,0.79063,0.78887,0.78947
2026-03-23 08:00:00,0.78947,0.79399,0.78362,0.78952
2026-03-23 12:00:00,0.78955,0.79057,0.78362,0.78768
2026-03-23 16:00:00,0.7877,0.78823,0.78448,0.78617
2026-03-23 20:00:00,0.78617,0.78686,0.78611,0.78674
2026-03-24 00:00:00,0.78673,0.7888,0.78669,0.78852
2026-03-24 04:00:00,0.78851,0.78899,0.78611,0.7863
2026-03-24 08:00:00,0.7863,0.78818,0.78614,0.78753
2026-03-24 12:00:00,0.78754,0.79158,0.78729,0.79113
2026-03-24 16:00:00,0.79115,0.79236,0.79006,0.79023
2026-03-24 20:00:00,0.79022,0.79029,0.78711,0.78809
2026-03-25 00:00:00,0.78806,0.78943,0.78709,0.78936
2026-03-25 04:00:00,0.78935,0.79058,0.78912,0.79002
2026-03-25 08:00:00,0.79002,0.79085,0.78841,0.78885
2026-03-25 12:00:00,0.78884,0.79221,0.78827,0.79177
2026-03-25 16:00:00,0.79177,0.79256,0.79074,0.7917
2026-03-25 20:00:00,0.79169,0.7921,0.79137,0.79165
2026-03-26 00:00:00,0.79163,0.79238,0.7914,0.7918
2026-03-26 04:00:00,0.79179,0.79294,0.79146,0.79241
2026-03-26 08:00:00,0.79241,0.79364,0.79143,0.79364
2026-03-26 12:00:00,0.79364,0.79431,0.79248,0.79352
2026-03-26 16:00:00,0.79353,0.79575,0.79351,0.79571
2026-03-26 20:00:00,0.7957,0.7959,0.79329,0.79479
2026-03-27 00:00:00,0.79477,0.79565,0.79459,0.79554
2026-03-27 04:00:00,0.79553,0.79691,0.79491,0.79689
2026-03-27 08:00:00,0.79689,0.79775,0.79601,0.79753
2026-03-27 12:00:00,0.79754,0.79801,0.79543,0.79702
2026-03-27 16:00:00,0.79703,0.79904,0.79647,0.79864
2026-03-27 20:00:00,0.79862,0.79951,0.79799,0.7988
2026-03-28 00:00:00,0.7988,0.79883,0.7984,0.79871
2026-03-28 04:00:00,0.7987,0.79873,0.79839,0.79841
2026-03-28 08:00:00,0.79841,0.79848,0.79768,0.79771
2026-03-28 12:00:00,0.79771,0.79858,0.79491,0.79789
2026-03-28 16:00:00,0.79789,0.79869,0.79788,0.79826
2026-03-28 20:00:00,0.79826,0.7985,0.79794,0.79834
2026-03-29 00:00:00,0.79833,0.79881,0.79804,0.7986
2026-03-29 04:00:00,0.79859,0.79881,0.79689,0.7984
2026-03-29 08:00:00,0.79841,0.79862,0.79614,0.79695
2026-03-29 12:00:00,0.79695,0.79764,0.79482,0.79497
2026-03-29 16:00:00,0.79496,0.79944,0.79427,0.79922
2026-03-29 20:00:00,0.79926,0.80002,0.79644,0.7999
2026-03-30 00:00:00,0.79988,0.79994,0.79818,0.7987
2026-03-30 04:00:00,0.79869,0.80003,0.79798,0.79992
2026-03-30 08:00:00,0.79992,0.80039,0.79882,0.79979
2026-03-30 12:00:00,0.79982,0.80124,0.79919,0.80007
2026-03-30 16:00:00,0.80008,0.80062,0.79956,0.79993
2026-03-30 20:00:00,0.79992,0.80012,0.79819,0.80005
2026-03-31 00:00:00,0.80004,0.80029,0.79794,0.7988
2026-03-31 04:00:00,0.7988,0.80022,0.79853,0.79999
2026-03-31 08:00:00,0.79999,0.80123,0.79931,0.79971
2026-03-31 12:00:00,0.79968,0.80416,0.79927,0.80263
2026-03-31 16:00:00,0.80264,0.80341,0.79946,0.79962
2026-03-31 20:00:00,0.7996,0.79997,0.79769,0.79776
2026-04-01 00:00:00,0.79773,0.7985,0.79685,0.79819
2026-04-01 04:00:00,0.79819,0.79821,0.79288,0.79436
2026-04-01 08:00:00,0.79437,0.79454,0.79172,0.79173
2026-04-01 12:00:00,0.79174,0.79398,0.79088,0.79329
2026-04-01 16:00:00,0.79328,0.79501,0.79196,0.79474
2026-04-01 20:00:00,0.79473,0.79503,0.79375,0.79405
2026-04-02 00:00:00,0.79402,0.79821,0.79268,0.79816
2026-04-02 04:00:00,0.79816,0.8,0.79796,0.79894
2026-04-02 08:00:00,0.79895,0.80087,0.79893,0.79989
2026-04-02 12:00:00,0.79988,0.80041,0.7979,0.79858
2026-04-02 16:00:00,0.79857,0.7992,0.79804,0.79903
2026-04-02 20:00:00,0.799,0.79916,0.7984,0.79873
2026-04-03 00:00:00,0.79872,0.79909,0.79848,0.79873
2026-04-03 04:00:00,0.79873,0.79894,0.79776,0.79781
2026-04-03 08:00:00,0.79782,0.79854,0.7978,0.79836
2026-04-03 12:00:00,0.79836,0.80047,0.79821,0.80028
2026-04-03 16:00:00,0.80026,0.80128,0.80017,0.80113
2026-04-03 20:00:00,0.80112,0.80114,0.7996,0.80027
2026-04-04 00:00:00,0.80026,0.80029,0.79998,0.80005
2026-04-04 04:00:00,0.80005,0.80009,0.79998,0.80003
2026-04-04 08:00:00,0.80003,0.80012,0.79968,0.79983
2026-04-04 12:00:00,0.79983,0.79996,0.79936,0.7997
2026-04-04 17:00:00,0.79968,0.79992,0.79948,0.79985
2026-04-04 21:00:00,0.79984,0.80034,0.7995,0.80023
2026-04-05 01:00:00,0.80022,0.80026,0.79992,0.79993
2026-04-05 05:00:00,0.79993,0.79997,0.7999,0.79991
2026-04-05 09:00:00,0.79991,0.79994,0.79898,0.799
2026-04-05 13:00:00,0.799,0.79994,0.79894,0.79912
2026-04-05 17:00:00,0.79911,0.80483,0.79907,0.80001
2026-04-05 21:00:00,0.79998,0.80129,0.79967,0.80125
2026-04-06 01:00:00,0.80124,0.80183,0.80047,0.80056
2026-04-06 05:00:00,0.80056,0.80062,0.7968,0.79737
2026-04-06 09:00:00,0.79738,0.79865,0.79716,0.7972
2026-04-06 13:00:00,0.7972,0.79851,0.79631,0.79809
2026-04-06 17:00:00,0.79808,0.79876,0.79758,0.79812
2026-04-06 21:00:00,0.79809,0.79896,0.79777,0.79896
2026-04-07 01:00:00,0.79895,0.80006,0.79861,0.79867
2026-04-07 05:00:00,0.79867,0.79994,0.79791,0.79807
2026-04-07 09:00:00,0.79809,0.80009,0.79798,0.79967
2026-04-07 13:00:00,0.79968,0.80107,0.79894,0.79938
2026-04-07 17:00:00,0.79937,0.79966,0.79733,0.79773
2026-04-07 21:00:00,0.79771,0.79915,0.78974,0.79125
2026-04-08 01:00:00,0.79124,0.79127,0.78941,0.78962
2026-04-08 05:00:00,0.78962,0.78988,0.7873,0.78883
2026-04-08 09:00:00,0.78883,0.78938,0.78719,0.78746
2026-04-08 13:00:00,0.78746,0.79046,0.78686,0.79009
2026-04-08 17:00:00,0.79008,0.79258,0.78986,0.79137
2026-04-08 21:00:00,0.79136,0.79201,0.79089,0.7918
2026-04-09 01:00:00,0.79179,0.7922,0.7906,0.79109
2026-04-09 05:00:00,0.7911,0.79219,0.79068,0.79101
2026-04-09 09:00:00,0.79104,0.79175,0.79014,0.79062
2026-04-09 13:00:00,0.7906,0.79114,0.78809,0.78852
2026-04-09 17:00:00,0.78851,0.7907,0.788,0.79051
2026-04-09 21:00:00,0.7905,0.79143,0.78971,0.79129
2026-04-10 01:00:00,0.79128,0.79135,0.79018,0.79036
2026-04-10 05:00:00,0.79036,0.79069,0.78955,0.79018
2026-04-10 09:00:00,0.79019,0.79057,0.78795,0.78836
2026-04-10 13:00:00,0.78835,0.79003,0.78555,0.7895
2026-04-10 17:00:00,0.78949,0.78985,0.78854,0.78918
2026-04-10 21:00:00,0.78918,0.78996,0.78872,0.78993
2026-04-11 01:00:00,0.78992,0.78996,0.78937,0.78992
2026-04-11 05:00:00,0.78992,0.78996,0.78952,0.78992
2026-04-11 09:00:00,0.78993,0.78997,0.78941,0.78959
2026-04-11 13:00:00,0.78958,0.78962,0.78913,0.78934
2026-04-11 17:00:00,0.78932,0.78944,0.78882,0.78943
2026-04-11 21:00:00,0.78941,0.78947,0.78884,0.78921
2026-04-12 01:00:00,0.78921,0.78948,0.7892,0.78943
2026-04-12 05:00:00,0.78944,0.78949,0.78941,0.78945
2026-04-12 09:00:00,0.78945,0.78949,0.78926,0.78928
2026-04-12 13:00:00,0.78927,0.78943,0.78921,0.7894
2026-04-12 17:00:00,0.78939,0.79165,0.7888,0.79055
2026-04-12 21:00:00,0.79055,0.79347,0.7903,0.79262
2026-04-13 01:00:00,0.79263,0.79272,0.79173,0.79207
2026-04-13 05:00:00,0.79207,0.79228,0.7898,0.79047
2026-04-13 09:00:00,0.79045,0.79115,0.78931,0.78964
2026-04-13 13:00:00,0.78963,0.79003,0.78575,0.78588
2026-04-13 17:00:00,0.78584,0.78604,0.78309,0.78391
2026-04-13 21:00:00,0.78385,0.78485,0.7831,0.7831
2026-04-14 01:00:00,0.7831,0.78383,0.78294,0.78309
2026-04-14 05:00:00,0.7831,0.78373,0.78019,0.78055
2026-04-14 09:00:00,0.78056,0.78098,0.77979,0.77998
2026-04-14 13:00:00,0.77997,0.78127,0.77912,0.7812
2026-04-14 17:00:00,0.78118,0.7814,0.78062,0.781
2026-04-14 21:00:00,0.781,0.78167,0.78062,0.78105
2026-04-15 01:00:00,0.78105,0.78201,0.7808,0.78129
2026-04-15 05:00:00,0.78129,0.78142,0.77993,0.78079
2026-04-15 09:00:00,0.7808,0.78306,0.78079,0.78244
2026-04-15 13:00:00,0.78243,0.78244,0.78076,0.78169
2026-04-15 17:00:00,0.78167,0.78237,0.78141,0.782
2026-04-15 21:00:00,0.782,0.78277,0.78108,0.78111
2026-04-16 01:00:00,0.78111,0.78164,0.77995,0.78078
2026-04-16 05:00:00,0.7808,0.78298,0.78068,0.78238
2026-04-16 09:00:00,0.78239,0.78438,0.78232,0.78348
2026-04-16 13:00:00,0.78347,0.78425,0.78262,0.78409
2026-04-16 17:00:00,0.78408,0.78454,0.78294,0.78361
2026-04-16 21:00:00,0.78359,0.78388,0.78298,0.78328
2026-04-17 01:00:00,0.78328,0.78387,0.78321,0.78332
2026-04-17 05:00:00,0.78333,0.78405,0.78225,0.78227
2026-04-17 09:00:00,0.78226,0.78276,0.7793,0.77939
2026-04-17 13:00:00,0.77938,0.77999,0.77763,0.77945
2026-04-17 17:00:00,0.77941,0.78187,0.7793,0.78175
2026-04-17 21:00:00,0.78176,0.78472,0.78098,0.78101
2026-04-18 01:00:00,0.78101,0.78134,0.7806,0.78095
2026-04-18 05:00:00,0.78095,0.78146,0.78091,0.78096
2026-04-18 09:00:00,0.78096,0.78147,0.78041,0.7813
2026-04-18 13:00:00,0.78129,0.78147,0.78071,0.78095
2026-04-18 17:00:00,0.78093,0.78129,0.7803,0.78127
2026-04-18 21:00:00,0.78134,0.78144,0.78034,0.78101
2026-04-19 01:00:00,0.78101,0.78154,0.78099,0.78149
2026-04-19 05:00:00,0.7815,0.78166,0.78147,0.7816
2026-04-19 09:00:00,0.7816,0.78163,0.78152,0.78156
2026-04-19 13:00:00,0.78155,0.78174,0.78105,0.78139
2026-04-19 17:00:00,0.78137,0.78426,0.77987,0.78164
2026-04-19 21:00:00,0.78164,0.78439,0.78139,0.78265
2026-04-20 01:00:00,0.78265,0.78309,0.78209,0.78251
2026-04-20 05:00:00,0.78252,0.7835,0.78141,0.78199
2026-04-20 09:00:00,0.78199,0.78205,0.78069,0.78106
2026-04-20 13:00:00,0.78104,0.78117,0.77766,0.77828
2026-04-20 17:00:00,0.77826,0.77886,0.77802,0.77839
2026-04-20 21:00:00,0.77836,0.779,0.77803,0.77863
2026-04-21 01:00:00,0.77863,0.77953,0.77846,0.77935
2026-04-21 05:00:00,0.77935,0.78065,0.77855,0.78038
2026-04-21 09:00:00,0.78038,0.7806,0.77926,0.78022
2026-04-21 13:00:00,0.78021,0.78097,0.7785,0.78088
2026-04-21 17:00:00,0.78086,0.78255,0.77981,0.78081
2026-04-21 21:00:00,0.7808,0.78149,0.77996,0.78056
2026-04-22 01:00:00,0.78057,0.78099,0.78034,0.78077
2026-04-22 05:00:00,0.78077,0.7808,0.77918,0.78002
2026-04-22 09:00:00,0.78002,0.78322,0.77998,0.78304
2026-04-22 13:00:00,0.78302,0.78392,0.78186,0.78392
2026-04-22 17:00:00,0.78389,0.78502,0.7834,0.78479
2026-04-22 21:00:00,0.7848,0.78604,0.78406,0.78432
2026-04-23 01:00:00,0.78432,0.78582,0.78417,0.78554
2026-04-23 05:00:00,0.78554,0.78557,0.78412,0.78417
2026-04-23 09:00:00,0.78416,0.78588,0.78416,0.78554
2026-04-23 13:00:00,0.78553,0.78603,0.78328,0.7848
2026-04-23 17:00:00,0.78481,0.78724,0.78451,0.78649
2026-04-23 21:00:00,0.7865,0.78658,0.78564,0.78633
2026-04-24 01:00:00,0.78634,0.78732,0.78608,0.78699
2026-04-24 05:00:00,0.78699,0.78772,0.78581,0.78623
2026-04-24 09:00:00,0.78622,0.78716,0.78501,0.78626
2026-04-24 13:00:00,0.78625,0.78743,0.78467,0.78499
2026-04-24 17:00:00,0.78498,0.78562,0.78467,0.78502
2026-04-24 21:00:00,0.78501,0.7858,0.78491,0.78527
2026-04-25 01:00:00,0.78528,0.78544,0.78501,0.7854
2026-04-25 05:00:00,0.7854,0.78544,0.78507,0.78541
2026-04-25 09:00:00,0.78539,0.78544,0.78518,0.7854
2026-04-25 13:00:00,0.78538,0.78542,0.78492,0.78497
2026-04-25 17:00:00,0.78496,0.78551,0.78486,0.785
2026-04-25 21:00:00,0.785,0.78552,0.78496,0.78513
2026-04-26 01:00:00,0.78513,0.78516,0.78493,0.78494
2026-04-26 05:00:00,0.78494,0.78498,0.78492,0.78494
2026-04-26 09:00:00,0.78493,0.78672,0.78488,0.7867
2026-04-26 13:00:00,0.78668,0.78679,0.78457,0.78654
2026-04-26 17:00:00,0.78654,0.78721,0.78486,0.78705
2026-04-26 21:00:00,0.78705,0.78714,0.78553,0.78577
2026-04-27 01:00:00,0.78576,0.78588,0.78442,0.7848
2026-04-27 05:00:00,0.78481,0.7857,0.78345,0.78359
2026-04-27 09:00:00,0.78358,0.78497,0.78351,0.78447
2026-04-27 13:00:00,0.78444,0.78541,0.78308,0.78537
2026-04-27 17:00:00,0.78536,0.78602,0.7852,0.7856
2026-04-27 21:00:00,0.78561,0.78589,0.78496,0.78585
2026-04-28 01:00:00,0.78587,0.7869,0.78585,0.78687
2026-04-28 05:00:00,0.78687,0.78972,0.78686,0.78902
2026-04-28 09:00:00,0.78901,0.79106,0.78873,0.78964
2026-04-28 13:00:00,0.7896,0.79086,0.78876,0.78925
2026-04-28 17:00:00,0.78925,0.78988,0.789,0.78931
2026-04-28 21:00:00,0.78931,0.7898,0.78867,0.78893
2026-04-29 01:00:00,0.78894,0.78972,0.78841,0.78906
2026-04-29 05:00:00,0.78906,0.78979,0.78879,0.78958
2026-04-29 09:00:00,0.78957,0.79029,0.7887,0.79015
2026-04-29 13:00:00,0.79014,0.7917,0.78948,0.79064
2026-04-29 17:00:00,0.79063,0.79251,0.79034,0.79153
2026-04-29 21:00:00,0.79153,0.79168,0.79028,0.79087
2026-04-30 01:00:00,0.79088,0.79232,0.79062,0.79204
2026-04-30 05:00:00,0.79203,0.79207,0.78875,0.78974
2026-04-30 09:00:00,0.78972,0.78986,0.78343,0.78403
2026-04-30 13:00:00,0.78403,0.78522,0.78104,0.7825
2026-04-30 17:00:00,0.78247,0.78264,0.78069,0.78139
2026-04-30 21:00:00,0.7814,0.78232,0.78123,0.78149
2026-05-01 01:00:00,0.78163,0.78226,0.7812,0.78221
2026-05-01 05:00:00,0.78221,0.78302,0.77984,0.78103
2026-05-01 09:00:00,0.78093,0.78183,0.779,0.78018
2026-05-01 13:00:00,0.7802,0.78148,0.778,0.78044
2026-05-01 17:00:00,0.78053,0.78195,0.78036,0.78195
2026-05-01 21:00:00,0.78182,0.78248,0.78181,0.7819
2026-05-02 01:00:00,0.78193,0.78212,0.78183,0.78201
2026-05-02 05:00:00,0.78201,0.78214,0.78191,0.78202
2026-05-02 09:00:00,0.782,0.78218,0.7819,0.78203
2026-05-02 13:00:00,0.78201,0.78267,0.7812,0.78201
2026-05-02 17:00:00,0.782,0.78247,0.78083,0.78199
2026-05-02 21:00:00,0.78141,0.78225,0.7812,0.78207
2026-05-03 01:00:00,0.78207,0.78234,0.78191,0.78217
2026-05-03 05:00:00,0.78217,0.78245,0.78213,0.78229
2026-05-03 09:00:00,0.78227,0.78265,0.78148,0.78151
2026-05-03 13:00:00,0.78149,0.78258,0.78126,0.78245
2026-05-03 17:00:00,0.78244,0.78277,0.77985,0.78085
2026-05-03 21:00:00,0.78072,0.78171,0.77975,0.78111
2026-05-04 01:00:00,0.78101,0.78181,0.78011,0.78104
2026-05-04 05:00:00,0.78101,0.78328,0.78052,0.78249
2026-05-04 09:00:00,0.78258,0.78467,0.7821,0.78314
2026-05-04 13:00:00,0.78345,0.78473,0.78204,0.78471
2026-05-04 17:00:00,0.7847,0.78478,0.78309,0.78395
2026-05-04 21:00:00,0.78395,0.78459,0.78321,0.78438
2026-05-05 01:00:00,0.78444,0.78473,0.78385,0.78472
2026-05-05 05:00:00,0.78474,0.78484,0.78289,0.7835
2026-05-05 09:00:00,0.78364,0.78422,0.78268,0.78368
2026-05-05 13:00:00,0.78368,0.78373,0.78133,0.78289
2026-05-05 17:00:00,0.78285,0.78324,0.7825,0.78311
2026-05-05 21:00:00,0.7831,0.78336,0.78091,0.78132
2026-05-06 01:00:00,0.7813,0.7819,0.77903,0.77938
2026-05-06 05:00:00,0.77932,0.78205,0.77828,0.77881
2026-05-06 09:00:00,0.77879,0.77994,0.7773,0.77933
2026-05-06 13:00:00,0.7794,0.78035,0.77884,0.77976
2026-05-06 17:00:00,0.77975,0.77988,0.77835,0.77887
2026-05-06 21:00:00,0.77886,0.77931,0.77831,0.77915
2026-05-07 01:00:00,0.77915,0.77935,0.77792,0.77903
2026-05-07 05:00:00,0.77902,0.77928,0.77734,0.77776
2026-05-07 09:00:00,0.77772,0.77831,0.77712,0.77717
2026-05-07 13:00:00,0.77721,0.77843,0.77662,0.77835
2026-05-07 17:00:00,0.77834,0.78067,0.77827,0.78067
2026-05-07 21:00:00,0.78067,0.78091,0.77959,0.78047
2026-05-08 01:00:00,0.78048,0.78091,0.77995,0.78
2026-05-08 05:00:00,0.78,0.78014,0.77791,0.77832
2026-05-08 09:00:00,0.77831,0.77868,0.77723,0.7774
2026-05-08 13:00:00,0.77725,0.7783,0.77672,0.77719
2026-05-08 17:00:00,0.77721,0.7773,0.7762,0.77645
2026-05-08 21:00:00,0.77647,0.77721,0.77644,0.77709
2026-05-09 01:00:00,0.7771,0.77722,0.77695,0.7771
2026-05-09 05:00:00,0.7771,0.77716,0.77697,0.77711
2026-05-09 09:00:00,0.7771,0.77714,0.77685,0.77699
2026-05-09 13:00:00,0.77698,0.77725,0.7769,0.77708
2026-05-09 17:00:00,0.77707,0.77716,0.77691,0.77701
2026-05-09 21:00:00,0.77701,0.77716,0.77691,0.77699
2026-05-10 01:00:00,0.77699,0.77724,0.77681,0.77704
2026-05-10 05:00:00,0.77704,0.77708,0.77677,0.77679
2026-05-10 09:00:00,0.77678,0.77713,0.77666,0.77706
2026-05-10 13:00:00,0.77704,0.77713,0.77686,0.77688
2026-05-10 17:00:00,0.77687,0.77865,0.77665,0.77812
2026-05-10 21:00:00,0.77808,0.77833,0.77725,0.77799
2026-05-11 01:00:00,0.77801,0.77948,0.77781,0.77946
2026-05-11 05:00:00,0.77945,0.77959,0.77762,0.77835
2026-05-11 09:00:00,0.77827,0.77906,0.77808,0.77844
2026-05-11 13:00:00,0.77838,0.77838,0.77688,0.77793
2026-05-11 17:00:00,0.77792,0.77838,0.77761,0.77811
2026-05-11 21:00:00,0.77811,0.77899,0.77742,0.77887
2026-05-12 01:00:00,0.77892,0.78,0.77889,0.77971
2026-05-12 05:00:00,0.77971,0.78092,0.77906,0.78061
2026-05-12 09:00:00,0.7806,0.78151,0.78038,0.78038
2026-05-12 13:00:00,0.78036,0.78221,0.78036,0.78212
2026-05-12 17:00:00,0.78212,0.78212,0.78029,0.78056
2026-05-12 21:00:00,0.78056,0.7812,0.78028,0.7803
2026-05-13 01:00:00,0.78032,0.78078,0.78007,0.78062
2026-05-13 05:00:00,0.78062,0.78247,0.7803,0.78223
2026-05-13 09:00:00,0.78222,0.78294,0.78123,0.78281
2026-05-13 13:00:00,0.78281,0.78319,0.78182,0.78256
2026-05-13 17:00:00,0.78256,0.78256,0.78167,0.7818
2026-05-13 21:00:00,0.78175,0.78209,0.78145,0.78149
2026-05-14 01:00:00,0.78151,0.78195,0.78135,0.7818
2026-05-14 05:00:00,0.78179,0.78251,0.78075,0.78205
2026-05-14 09:00:00,0.78203,0.78222,0.78154,0.78206
2026-05-14 13:00:00,0.78204,0.78352,0.78193,0.78336
2026-05-14 17:00:00,0.78343,0.78409,0.78303,0.7838
2026-05-14 21:00:00,0.7838,0.78501,0.78335,0.78476
2026-05-15 01:00:00,0.78477,0.78587,0.78472,0.78568
2026-05-15 05:00:00,0.78568,0.78626,0.78473,0.78582
2026-05-15 09:00:00,0.78581,0.787,0.78393,0.78662
2026-05-15 13:00:00,0.78663,0.78732,0.78545,0.78663
2026-05-15 17:00:00,0.78662,0.78726,0.78616,0.78694
2026-05-15 21:00:00,0.78695,0.78722,0.78669,0.7871
2026-05-16 01:00:00,0.7871,0.78724,0.78699,0.78721
2026-05-16 05:00:00,0.7872,0.7877,0.78714,0.78762
2026-05-16 09:00:00,0.7876,0.78773,0.78729,0.78742
2026-05-16 13:00:00,0.78742,0.78782,0.78712,0.78759
2026-05-16 17:00:00,0.78757,0.78769,0.78708,0.78738
2026-05-16 21:00:00,0.78738,0.78745,0.78684,0.78711
2026-05-17 01:00:00,0.78711,0.78781,0.78704,0.78726
2026-05-17 05:00:00,0.78725,0.78741,0.78695,0.78699
2026-05-17 09:00:00,0.78697,0.78774,0.78696,0.78736
2026-05-17 13:00:00,0.78735,0.78759,0.787,0.78717
2026-05-17 17:00:00,0.78717,0.78784,0.78635,0.78665
2026-05-17 21:00:00,0.78664,0.78751,0.78644,0.78744
2026-05-18 01:00:00,0.78745,0.78773,0.78653,0.78696
2026-05-18 05:00:00,0.78695,0.78714,0.78464,0.78489
2026-05-18 09:00:00,0.78487,0.78656,0.78457,0.78504
2026-05-18 13:00:00,0.78503,0.7865,0.78456,0.7848
2026-05-18 17:00:00,0.78481,0.7861,0.78401,0.78448
2026-05-18 21:00:00,0.78447,0.78532,0.78404,0.78524
2026-05-19 01:00:00,0.78525,0.786,0.78485,0.78597
2026-05-19 05:00:00,0.78595,0.78703,0.78518,0.78702
2026-05-19 09:00:00,0.787,0.78802,0.78663,0.78775
2026-05-19 13:00:00,0.78772,0.7906,0.7877,0.789
2026-05-19 17:00:00,0.78898,0.7893,0.78845,0.789
2026-05-19 21:00:00,0.78898,0.78945,0.78847,0.78935
2026-05-20 01:00:00,0.78928,0.79016,0.78925,0.78996
2026-05-20 05:00:00,0.78995,0.79057,0.7893,0.79029
2026-05-20 09:00:00,0.79027,0.79063,0.78949,0.79049
2026-05-20 13:00:00,0.79046,0.79078,0.78608,0.78741
2026-05-20 17:00:00,0.78735,0.78782,0.78651,0.78724
2026-05-20 21:00:00,0.78724,0.78752,0.78672,0.78707
2026-05-21 01:00:00,0.78707,0.78758,0.78625,0.78693
2026-05-21 05:00:00,0.78692,0.78848,0.78604,0.78702
2026-05-21 09:00:00,0.78696,0.78896,0.78594,0.78871
2026-05-21 13:00:00,0.78865,0.79037,0.78857,0.7889
2026-05-21 17:00:00,0.78891,0.78904,0.78586,0.78673
2026-05-21 21:00:00,0.78673,0.78745,0.78647,0.78686
2026-05-22 01:00:00,0.78686,0.7871,0.7863,0.78635
2026-05-22 05:00:00,0.78634,0.78758,0.78557,0.78616
2026-05-22 09:00:00,0.78611,0.78704,0.78555,0.78604
2026-05-22 13:00:00,0.78602,0.78713,0.78432,0.78435
2026-05-22 17:00:00,0.78436,0.78526,0.78389,0.78513
2026-05-22 21:00:00,0.78514,0.78535,0.78448,0.7849
2026-05-23 01:00:00,0.7849,0.78499,0.78464,0.78491
2026-05-23 05:00:00,0.7849,0.78498,0.78465,0.78492
2026-05-23 09:00:00,0.7849,0.78515,0.78456,0.78468
2026-05-23 13:00:00,0.78472,0.785,0.7843,0.78483
2026-05-23 17:00:00,0.78483,0.78526,0.7845,0.78491
2026-05-23 21:00:00,0.78488,0.78515,0.78441,0.78456
2026-05-24 01:00:00,0.78455,0.78504,0.7843,0.78452
2026-05-24 05:00:00,0.7845,0.78454,0.78427,0.7843
2026-05-24 09:00:00,0.78428,0.78481,0.78422,0.78472
2026-05-24 13:00:00,0.78471,0.78504,0.78438,0.78484
2026-05-24 17:00:00,0.78485,0.78556,0.78352,0.78428
2026-05-24 21:00:00,0.78442,0.78491,0.78164,0.78244
2026-05-25 01:00:00,0.78237,0.78252,0.78168,0.78186
2026-05-25 05:00:00,0.78186,0.78235,0.78149,0.78172
2026-05-25 09:00:00,0.78174,0.78183,0.78085,0.78113
2026-05-25 13:00:00,0.7811,0.78346,0.78103,0.7831
2026-05-25 17:00:00,0.78311,0.78313,0.78253,0.78262
2026-05-25 21:00:00,0.78264,0.7837,0.78255,0.78331
2026-05-26 01:00:00,0.7833,0.78384,0.78294,0.78342
2026-05-26 05:00:00,0.78339,0.7852,0.78337,0.78464
2026-05-26 09:00:00,0.7846,0.78545,0.78406,0.78514
2026-05-26 13:00:00,0.78517,0.78646,0.78449,0.7858
2026-05-26 17:00:00,0.7858,0.78606,0.78555,0.78572
2026-05-26 21:00:00,0.78572,0.786,0.78499,0.7852
2026-05-27 01:00:00,0.78522,0.78568,0.78506,0.7852
2026-05-27 05:00:00,0.78518,0.7862,0.78462,0.78619
2026-05-27 09:00:00,0.78618,0.78671,0.78443,0.78506
2026-05-27 13:00:00,0.78489,0.78753,0.78462,0.78661
2026-05-27 17:00:00,0.78662,0.78739,0.78656,0.78713
2026-05-27 21:00:00,0.78713,0.78808,0.78652,0.7879
2026-05-28 01:00:00,0.78796,0.78994,0.78783,0.78962
2026-05-28 05:00:00,0.78961,0.78966,0.78741,0.78896
2026-05-28 09:00:00,0.78898,0.78988,0.7867,0.78694
2026-05-28 13:00:00,0.78696,0.78756,0.78357,0.78363
2026-05-28 17:00:00,0.78362,0.78431,0.78331,0.78397
2026-05-28 21:00:00,0.784,0.78466,0.78353,0.78396
2026-05-29 01:00:00,0.78394,0.7846,0.78315,0.78419
2026-05-29 05:00:00,0.78418,0.78476,0.78326,0.78443
2026-05-29 09:00:00,0.7845,0.7845,0.78151,0.78153
2026-05-29 13:00:00,0.78157,0.78279,0.77955,0.78146
2026-05-29 17:00:00,0.78148,0.78257,0.78002,0.78103
2026-05-29 21:00:00,0.78105,0.78222,0.78066,0.78101
2026-05-30 01:00:00,0.781,0.78107,0.78098,0.78102
2026-05-30 05:00:00,0.781,0.78107,0.78093,0.78101
2026-05-30 09:00:00,0.781,0.78107,0.78093,0.78098
2026-05-30 13:00:00,0.78099,0.78108,0.78097,0.781
2026-05-30 17:00:00,0.781,0.78112,0.78089,0.78098
2026-05-30 21:00:00,0.78098,0.78114,0.78091,0.781
2026-05-31 01:00:00,0.78099,0.78104,0.78091,0.78101
2026-05-31 05:00:00,0.78099,0.78107,0.78091,0.78097
2026-05-31 09:00:00,0.78096,0.78107,0.78089,0.78102
2026-05-31 13:00:00,0.78102,0.78113,0.78096,0.781
2026-05-31 17:00:00,0.78101,0.78176,0.78097,0.78118
2026-05-31 21:00:00,0.78119,0.78288,0.78105,0.78267
2026-06-01 01:00:00,0.78267,0.78339,0.78267,0.78313
2026-06-01 05:00:00,0.78312,0.78361,0.78203,0.78319
2026-06-01 09:00:00,0.78321,0.78511,0.78289,0.78507
2026-06-01 13:00:00,0.78502,0.78836,0.78502,0.78643
2026-06-01 17:00:00,0.78644,0.78692,0.78571,0.78671
2026-06-01 21:00:00,0.78668,0.78715,0.78631,0.78703
2026-06-02 01:00:00,0.78702,0.78719,0.78619,0.78622
2026-06-02 05:00:00,0.78626,0.78658,0.78445,0.78608
2026-06-02 09:00:00,0.7861,0.78628,0.785,0.78575
2026-06-02 13:00:00,0.78577,0.78744,0.78523,0.78723
2026-06-02 17:00:00,0.78724,0.78835,0.78681,0.78737
2026-06-02 21:00:00,0.78732,0.7885,0.78662,0.78779
2026-06-03 01:00:00,0.7878,0.7886,0.78739,0.78838
2026-06-03 05:00:00,0.7884,0.78953,0.7882,0.7895
2026-06-03 09:00:00,0.78948,0.79049,0.78845,0.79026
2026-06-03 13:00:00,0.7903,0.79239,0.78963,0.79194
2026-06-03 17:00:00,0.79198,0.79273,0.79182,0.79214
2026-06-03 21:00:00,0.79214,0.79231,0.79078,0.79133
2026-06-04 01:00:00,0.79131,0.79148,0.7904,0.79069
2026-06-04 05:00:00,0.79067,0.79232,0.79033,0.79081
2026-06-04 09:00:00,0.79073,0.79093,0.78683,0.78763
2026-06-04 13:00:00,0.78757,0.78903,0.78751,0.78892
2026-06-04 17:00:00,0.7889,0.78979,0.78883,0.78958
2026-06-04 21:00:00,0.78954,0.78961,0.78892,0.78909
2026-06-05 01:00:00,0.78907,0.78959,0.789,0.78909
2026-06-05 05:00:00,0.78907,0.78931,0.78726,0.78817
2026-06-05 09:00:00,0.7881,0.79279,0.78726,0.79271
2026-06-05 13:00:00,0.7926,0.79614,0.79161,0.79532
2026-06-05 17:00:00,0.79538,0.79679,0.79532,0.79632
2026-06-05 21:00:00,0.79641,0.79677,0.79374,0.79597
2026-06-06 01:00:00,0.79595,0.79626,0.79588,0.79597
2026-06-06 05:00:00,0.79595,0.79626,0.79576,0.79597
2026-06-06 09:00:00,0.79595,0.79616,0.79587,0.79594
2026-06-06 13:00:00,0.79596,0.79603,0.79552,0.79594
2026-06-06 17:00:00,0.79595,0.79626,0.79551,0.79595
2026-06-06 21:00:00,0.79594,0.79617,0.79552,0.79613
2026-06-07 01:00:00,0.7961,0.79635,0.796,0.79631
2026-06-07 05:00:00,0.79629,0.79637,0.79623,0.79631
2026-06-07 09:00:00,0.79629,0.79631,0.79405,0.79413
2026-06-07 13:00:00,0.79414,0.79627,0.79401,0.79496
2026-06-07 17:00:00,0.79497,0.79674,0.79425,0.7963
2026-06-07 21:00:00,0.79631,0.79726,0.7953,0.79594
2026-06-08 01:00:00,0.79592,0.79794,0.79559,0.7969
2026-06-08 05:00:00,0.79688,0.79805,0.79618,0.79803
2026-06-08 09:00:00,0.79802,0.79872,0.79575,0.79601
2026-06-08 13:00:00,0.79603,0.79784,0.79482,0.79739
2026-06-08 17:00:00,0.79733,0.79821,0.79706,0.79793
2026-06-08 21:00:00,0.79792,0.79851,0.7975,0.79812
2026-06-09 01:00:00,0.7982,0.7982,0.79685,0.79695
2026-06-09 05:00:00,0.79693,0.79734,0.79579,0.79633
2026-06-09 09:00:00,0.79636,0.79661,0.79533,0.7958
2026-06-09 13:00:00,0.79578,0.79912,0.79493,0.79852
2026-06-09 17:00:00,0.79855,0.79865,0.79737,0.79827
2026-06-09 21:00:00,0.79833,0.79945,0.79773,0.79885
2026-06-10 01:00:00,0.79891,0.79948,0.79865,0.79916
2026-06-10 05:00:00,0.79918,0.79926,0.79755,0.79905
2026-06-10 09:00:00,0.79902,0.7995,0.797,0.79809
2026-06-10 13:00:00,0.79799,0.79928,0.7965,0.79866
2026-06-10 17:00:00,0.79863,0.80021,0.79819,0.80006
2026-06-10 21:00:00,0.80014,0.80063,0.79889,0.79931
2026-06-11 01:00:00,0.79929,0.79929,0.79803,0.79843
2026-06-11 05:00:00,0.79841,0.80023,0.7982,0.80011
2026-06-11 09:00:00,0.80011,0.8009,0.79882,0.79923
2026-06-11 13:00:00,0.79918,0.80104,0.79885,0.80096
2026-06-11 17:00:00,0.80093,0.80152,0.79421,0.79481
2026-06-11 21:00:00,0.7948,0.79602,0.79435,0.79601
2026-06-12 01:00:00,0.79596,0.7963,0.79559,0.79589
2026-06-12 05:00:00,0.79585,0.79754,0.7948,0.79573
2026-06-12 09:00:00,0.79577,0.79749,0.79496,0.79716
2026-06-12 13:00:00,0.79717,0.79776,0.7959,0.79655
2026-06-12 17:00:00,0.79656,0.79722,0.79627,0.79709
2026-06-12 21:00:00,0.79709,0.79728,0.79659,0.79704
2026-06-13 01:00:00,0.79703,0.79707,0.79701,0.79704
2026-06-13 05:00:00,0.79702,0.79707,0.797,0.79703
2026-06-13 09:00:00,0.79703,0.7972,0.79698,0.79716
2026-06-13 13:00:00,0.79714,0.79729,0.79695,0.79715
2026-06-13 17:00:00,0.79715,0.79732,0.79683,0.79716
2026-06-13 21:00:00,0.79715,0.7973,0.79689,0.79719
2026-06-14 01:00:00,0.79717,0.79731,0.79695,0.79698
2026-06-14 05:00:00,0.79697,0.79703,0.79693,0.79695
2026-06-14 09:00:00,0.79695,0.79893,0.79645,0.79869
2026-06-14 13:00:00,0.7987,0.79881,0.79698,0.79831
2026-06-14 17:00:00,0.79831,0.79833,0.7964,0.79721
2026-06-14 21:00:00,0.797,0.7976,0.7932,0.79457
2026-06-15 01:00:00,0.79453,0.79479,0.79332,0.79344
2026-06-15 05:00:00,0.79343,0.79454,0.79275,0.79344
2026-06-15 09:00:00,0.79341,0.79381,0.79225,0.7929
2026-06-15 13:00:00,0.79285,0.79394,0.79215,0.79355
2026-06-15 17:00:00,0.79356,0.79492,0.79353,0.79474
2026-06-15 21:00:00,0.79476,0.79498,0.79365,0.79449
2026-06-16 01:00:00,0.79451,0.79592,0.7943,0.79576
2026-06-16 05:00:00,0.79575,0.79598,0.79452,0.79454
2026-06-16 09:00:00,0.79457,0.79573,0.79403,0.79509
2026-06-16 13:00:00,0.7951,0.79574,0.79215,0.7927
2026-06-16 17:00:00,0.79269,0.79349,0.79261,0.79326
2026-06-16 21:00:00,0.79323,0.7933,0.79246,0.79274
2026-06-17 01:00:00,0.79269,0.79291,0.79204,0.79214
2026-06-17 05:00:00,0.79213,0.79243,0.79105,0.79195
2026-06-17 09:00:00,0.79194,0.79339,0.79128,0.79242
2026-06-17 13:00:00,0.79244,0.79366,0.79228,0.79331
2026-06-17 17:00:00,0.79329,0.80161,0.79258,0.79982
2026-06-17 21:00:00,0.7998,0.80003,0.79827,0.79876
2026-06-18 01:00:00,0.79878,0.79911,0.7983,0.79848
2026-06-18 05:00:00,0.79844,0.8026,0.79836,0.80255
2026-06-18 09:00:00,0.80254,0.80494,0.80212,0.80365
2026-06-18 13:00:00,0.8037,0.8049,0.80217,0.80468
2026-06-18 17:00:00,0.80475,0.80624,0.80394,0.80467
2026-06-18 21:00:00,0.80464,0.80502,0.80421,0.80463
2026-06-19 01:00:00,0.80457,0.80854,0.80449,0.80853
2026-06-19 05:00:00,0.80849,0.80919,0.80594,0.80595
2026-06-19 09:00:00,0.80596,0.80756,0.80537,0.80627
2026-06-19 13:00:00,0.80632,0.80809,0.80632,0.80763
2026-06-19 17:00:00,0.80762,0.80762,0.80644,0.80697
2026-06-19 21:00:00,0.80679,0.80727,0.80679,0.80725
2026-06-20 01:00:00,0.80724,0.80732,0.80712,0.80724
2026-06-20 05:00:00,0.80724,0.80732,0.8071,0.80724
2026-06-20 09:00:00,0.80724,0.80736,0.80701,0.80716
2026-06-20 13:00:00,0.80717,0.80735,0.80703,0.80724
2026-06-20 17:00:00,0.80723,0.80736,0.80705,0.80709
2026-06-20 21:00:00,0.80707,0.80735,0.80701,0.8072
2026-06-21 01:00:00,0.80719,0.80732,0.80697,0.807
2026-06-21 05:00:00,0.80698,0.8071,0.80683,0.80696
2026-06-21 09:00:00,0.80696,0.80709,0.80506,0.80512
2026-06-21 13:00:00,0.80513,0.80732,0.80504,0.80549
2026-06-21 17:00:00,0.80548,0.80843,0.80518,0.80745
2026-06-21 21:00:00,0.80744,0.80859,0.80723,0.80811
2026-06-22 01:00:00,0.80821,0.8088,0.80716,0.80854
2026-06-22 05:00:00,0.80856,0.80919,0.80767,0.8082
2026-06-22 09:00:00,0.80816,0.80881,0.80698,0.80839
2026-06-22 13:00:00,0.80839,0.8097,0.80738,0.80904
2026-06-22 17:00:00,0.80902,0.80944,0.80844,0.80871
2026-06-22 21:00:00,0.80868,0.80922,0.80831,0.80861
2026-06-23 01:00:00,0.8086,0.80926,0.80823,0.80925
2026-06-23 05:00:00,0.80922,0.81004,0.8078,0.80972
2026-06-23 09:00:00,0.80978,0.8103,0.80915,0.80947
2026-06-23 13:00:00,0.80942,0.81033,0.80748,0.81029
2026-06-23 17:00:00,0.81027,0.81065,0.80946,0.8096
2026-06-23 21:00:00,0.80948,0.81045,0.8093,0.80988
2026-06-24 01:00:00,0.80989,0.81113,0.80972,0.81074
2026-06-24 05:00:00,0.81075,0.81244,0.81049,0.8116
2026-06-24 09:00:00,0.81161,0.8138,0.81148,0.81353
2026-06-24 13:00:00,0.81355,0.81393,0.81146,0.81191
2026-06-24 17:00:00,0.81189,0.81297,0.81176,0.81232
2026-06-24 21:00:00,0.81233,0.8131,0.81206,0.81246
2026-06-25 01:00:00,0.81245,0.81253,0.81061,0.81103
2026-06-25 05:00:00,0.81104,0.81265,0.8103,0.81093
2026-06-25 09:00:00,0.81093,0.8135,0.81069,0.81217
2026-06-25 13:00:00,0.81209,0.81238,0.80899,0.81002
2026-06-25 17:00:00,0.81001,0.81034,0.80943,0.81019
2026-06-25 21:00:00,0.81017,0.81086,0.80953,0.81029
2026-06-26 01:00:00,0.81031,0.81119,0.80851,0.80859
2026-06-26 05:00:00,0.80861,0.80951,0.80784,0.80846
2026-06-26 09:00:00,0.80847,0.80922,0.8072,0.80724
2026-06-26 13:00:00,0.8073,0.80981,0.80682,0.80946
2026-06-26 17:00:00,0.80942,0.81015,0.80917,0.80994
2026-06-26 21:00:00,0.80997,0.81012,0.80855,0.80945
2026-06-27 01:00:00,0.80944,0.80958,0.80936,0.80944
2026-06-27 05:00:00,0.80944,0.80966,0.80937,0.80946
2026-06-27 09:00:00,0.80947,0.80968,0.80931,0.80955
2026-06-27 13:00:00,0.80953,0.80984,0.80933,0.8096
2026-06-27 17:00:00,0.80958,0.80968,0.80937,0.80958
2026-06-27 21:00:00,0.80957,0.80973,0.80934,0.80958
2026-06-28 01:00:00,0.80957,0.80975,0.80949,0.80971
2026-06-28 05:00:00,0.80971,0.80976,0.80958,0.80972
2026-06-28 09:00:00,0.80973,0.80979,0.80959,0.8096
2026-06-28 13:00:00,0.8096,0.80975,0.80939,0.80948
2026-06-28 17:00:00,0.80947,0.81062,0.80867,0.81031
2026-06-28 21:00:00,0.81028,0.81039,0.80972,0.80981
2026-06-29 01:00:00,0.80979,0.81018,0.80941,0.81006
2026-06-29 05:00:00,0.81006,0.81007,0.8085,0.80906
2026-06-29 09:00:00,0.80909,0.80918,0.80802,0.80891
2026-06-29 13:00:00,0.80894,0.80899,0.80749,0.80781
2026-06-29 17:00:00,0.80776,0.80804,0.80722,0.80759
2026-06-29 21:00:00,0.80758,0.80833,0.80735,0.80784
2026-06-30 01:00:00,0.80787,0.80969,0.80787,0.80965
2026-06-30 05:00:00,0.80959,0.81013,0.80836,0.80956
2026-06-30 09:00:00,0.80953,0.81014,0.80866,0.80913
2026-06-30 13:00:00,0.80905,0.80968,0.80639,0.80876
2026-06-30 17:00:00,0.80875,0.80875,0.80763,0.80842
2026-06-30 21:00:00,0.8084,0.80908,0.80772,0.80894
2026-07-01 01:00:00,0.80893,0.80969,0.80889,0.8091
2026-07-01 05:00:00,0.80906,0.81035,0.80892,0.80984
2026-07-01 09:00:00,0.80977,0.81175,0.80956,0.81147
2026-07-01 13:00:00,0.81148,0.81203,0.80787,0.80858
2026-07-01 17:00:00,0.8086,0.80982,0.80849,0.80952
2026-07-01 21:00:00,0.80953,0.80984,0.80883,0.8094
2026-07-02 01:00:00,0.80941,0.80945,0.80849,0.80875
2026-07-02 05:00:00,0.80873,0.80889,0.80436,0.80443
2026-07-02 09:00:00,0.80453,0.80775,0.8012,0.80298
2026-07-02 13:00:00,0.8029,0.80374,0.80167,0.80286
2026-07-02 17:00:00,0.80276,0.80411,0.80276,0.80353
2026-07-02 21:00:00,0.80351,0.80472,0.80324,0.80393
2026-07-03 01:00:00,0.80401,0.80401,0.80248,0.80252
2026-07-03 05:00:00,0.80253,0.80258,0.80112,0.80254
2026-07-03 09:00:00,0.8025,0.80344,0.8024,0.80315
2026-07-03 13:00:00,0.8031,0.80377,0.80286,0.80355
2026-07-03 17:00:00,0.80356,0.80399,0.80308,0.8038
2026-07-03 21:00:00,0.80373,0.80373,0.80282,0.80303
2026-07-04 01:00:00,0.80303,0.80313,0.80301,0.80302
2026-07-04 05:00:00,0.80303,0.80311,0.80299,0.80302
2026-07-04 09:00:00,0.80303,0.80312,0.8028,0.80281
2026-07-04 13:00:00,0.80283,0.80305,0.8027,0.80291
2026-07-04 17:00:00,0.80289,0.80309,0.80278,0.80298
2026-07-04 21:00:00,0.80296,0.8031,0.80279,0.80305
2026-07-05 01:00:00,0.80303,0.80317,0.80302,0.80308
2026-07-05 05:00:00,0.80308,0.80312,0.80307,0.80308
2026-07-05 09:00:00,0.80308,0.80336,0.8014,0.80146
2026-07-05 13:00:00,0.80145,0.8034,0.801,0.80308
2026-07-05 17:00:00,0.80306,0.80341,0.80118,0.80331
2026-07-05 21:00:00,0.8033,0.80417,0.80322,0.80352
2026-07-06 01:00:00,0.80353,0.80476,0.80353,0.80447
2026-07-06 05:00:00,0.80444,0.80605,0.80443,0.80542
2026-07-06 09:00:00,0.80545,0.8065,0.80527,0.80649
2026-07-06 13:00:00,0.80647,0.80744,0.80563,0.80602
2026-07-06 17:00:00,0.80599,0.80609,0.80473,0.80525
2026-07-06 21:00:00,0.80527,0.80572,0.80448,0.80568
2026-07-07 01:00:00,0.80561,0.80582,0.80487,0.8057
2026-07-07 05:00:00,0.80564,0.8069,0.80559,0.8063
2026-07-07 09:00:00,0.80633,0.80724,0.80544,0.80607
2026-07-07 13:00:00,0.80606,0.80739,0.80543,0.80704
2026-07-07 17:00:00,0.80707,0.8087,0.80659,0.80851
2026-07-07 21:00:00,0.8085,0.80931,0.80734,0.80885
2026-07-08 01:00:00,0.80885,0.80972,0.80822,0.80838
2026-07-08 05:00:00,0.80839,0.80857,0.80644,0.80789
2026-07-08 09:00:00,0.80786,0.80951,0.80735,0.80876
2026-07-08 13:00:00,0.80874,0.81084,0.80856,0.809
2026-07-08 17:00:00,0.80896,0.80896,0.80721,0.80855
2026-07-08 21:00:00,0.80854,0.80885,0.80712,0.80756
2026-07-09 01:00:00,0.80756,0.80795,0.80697,0.80714
2026-07-09 05:00:00,0.80714,0.80723,0.80538,0.80709
2026-07-09 09:00:00,0.80703,0.80794,0.80667,0.80773
2026-07-09 13:00:00,0.80769,0.80773,0.80599,0.80656
2026-07-09 17:00:00,0.80653,0.80717,0.80584,0.80707
2026-07-09 21:00:00,0.80705,0.8075,0.80553,0.80555
2026-07-10 01:00:00,0.80558,0.80591,0.80315,0.80479
2026-07-10 05:00:00,0.80479,0.80639,0.80439,0.80637
2026-07-10 09:00:00,0.80634,0.80764,0.80611,0.80716
2026-07-10 13:00:00,0.80727,0.80861,0.80602,0.80705
2026-07-10 17:00:00,0.80693,0.80895,0.80693,0.80851
2026-07-10 21:00:00,0.80848,0.80873,0.80761,0.8083
2026-07-11 01:00:00,0.8083,0.80847,0.80791,0.80829
2026-07-11 05:00:00,0.8083,0.80837,0.80826,0.8083
2026-07-11 09:00:00,0.8083,0.80843,0.80829,0.80839
2026-07-11 13:00:00,0.80838,0.80843,0.80794,0.80829
2026-07-11 17:00:00,0.80826,0.80844,0.80824,0.80836
2026-07-11 21:00:00,0.80835,0.80851,0.80791,0.80809
2026-07-12 01:00:00,0.8081,0.80838,0.80807,0.80833
2026-07-12 05:00:00,0.80834,0.80839,0.80832,0.80834
2026-07-12 09:00:00,0.80834,0.80843,0.80832,0.8084
2026-07-12 13:00:00,0.80838,0.80857,0.80794,0.80837
2026-07-12 17:00:00,0.80835,0.80863,0.80729,0.8081
2026-07-12 21:00:00,0.8081,0.81038,0.80754,0.81016
2026-07-13 01:00:00,0.81019,0.81081,0.80931,0.80937
2026-07-13 05:00:00,0.80934,0.81044,0.80754,0.80823
2026-07-13 09:00:00,0.80819,0.81041,0.80819,0.80974
2026-07-13 13:00:00,0.80981,0.81407,0.80943,0.81364
2026-07-13 17:00:00,0.81367,0.81492,0.81353,0.81479
2026-07-13 21:00:00,0.81478,0.81514,0.81403,0.81444
2026-07-14 01:00:00,0.81437,0.81465,0.81333,0.81387
2026-07-14 05:00:00,0.81389,0.81484,0.81225,0.81275
2026-07-14 09:00:00,0.81273,0.81303,0.80668,0.80845
2026-07-14 13:00:00,0.8084,0.80949,0.80609,0.80864
2026-07-14 17:00:00,0.80866,0.80995,0.80843,0.8093
2026-07-14 21:00:00,0.80929,0.80974,0.80808,0.8084
2026-07-15 01:00:00,0.80843,0.80946,0.80806,0.80927
2026-07-15 05:00:00,0.80925,0.81042,0.80841,0.81012
2026-07-15 09:00:00,0.81016,0.81146,0.80898,0.80903
2026-07-15 13:00:00,0.80912,0.80927,0.80638,0.80736
2026-07-15 17:00:00,0.8073,0.80733,0.80349,0.80538
2026-07-15 21:00:00,0.80534,0.80635,0.80448,0.80488
2026-07-16 01:00:00,0.80491,0.80649,0.80477,0.80608
2026-07-16 05:00:00,0.80609,0.80717,0.80564,0.80697
2026-07-16 09:00:00,0.807,0.80817,0.80631,0.80816
2026-07-16 13:00:00,0.80813,0.80944,0.80744,0.80942
2026-07-16 17:00:00,0.80937,0.80972,0.80856,0.80871
2026-07-16 21:00:00,0.80865,0.8088,0.80774,0.8083
2026-07-17 01:00:00,0.80831,0.8093,0.80818,0.80917
2026-07-17 05:00:00,0.80918,0.80931,0.8065,0.80653
2026-07-17 09:00:00,0.80654,0.80805,0.80653,0.80753
2026-07-17 13:00:00,0.80751,0.80802,0.80606,0.80739
2026-07-17 17:00:00,0.80736,0.80782,0.80719,0.80749
2026-07-17 21:00:00,0.80747,0.80787,0.80711,0.80783
2026-07-18 01:00:00,0.80784,0.80788,0.80771,0.80782
2026-07-18 05:00:00,0.80783,0.80787,0.80767,0.80783
2026-07-18 09:00:00,0.80783,0.8079,0.80768,0.80779
2026-07-18 13:00:00,0.80779,0.80794,0.80743,0.80773
2026-07-18 17:00:00,0.80771,0.80801,0.80747,0.80773
2026-07-18 21:00:00,0.80771,0.80775,0.80732,0.80771
2026-07-19 01:00:00,0.80771,0.80786,0.80767,0.8077
2026-07-19 05:00:00,0.8077,0.80774,0.80754,0.80761
2026-07-19 09:00:00,0.8076,0.80795,0.8076,0.80793
2026-07-19 13:00:00,0.80792,0.808,0.80742,0.8078
2026-07-19 17:00:00,0.80778,0.80867,0.80718,0.80853
2026-07-19 21:00:00,0.8085,0.80918,0.80796,0.80805
2026-07-20 01:00:00,0.80807,0.80827,0.80699,0.807
2026-07-20 05:00:00,0.80702,0.80775,0.80613,0.80708
2026-07-20 09:00:00,0.80706,0.80943,0.80697,0.80883
2026-07-20 13:00:00,0.80877,0.81069,0.80877,0.81025
2026-07-20 17:00:00,0.81022,0.81038,0.80975,0.81029
2026-07-20 21:00:00,0.81025,0.81054,0.80948,0.81023
2026-07-21 01:00:00,0.8103,0.81082,0.81007,0.81025
2026-07-21 05:00:00,0.81025,0.81075,0.8091,0.81038
2026-07-21 09:00:00,0.81037,0.81122,0.80925,0.81079
2026-07-21 13:00:00,0.81077,0.81286,0.81077,0.81225
2026-07-21 17:00:00,0.81223,0.8133,0.81204,0.81292
2026-07-21 21:00:00,0.8129,0.81307,0.81238,0.81266
2026-07-22 01:00:00,0.81267,0.81337,0.81235,0.81295
2026-07-22 05:00:00,0.81297,0.81315,0.81156,0.81189
2026-07-22 09:00:00,0.81191,0.81298,0.81162,0.81257
2026-07-22 13:00:00,0.81261,0.81431,0.81141,0.81428
2026-07-22 17:00:00,0.81427,0.81484,0.81404,0.81441
2026-07-22 21:00:00,0.81441,0.81472,0.81396,0.81405
2026-07-23 01:00:00,0.81406,0.81423,0.81303,0.81333
2026-07-23 05:00:00,0.81336,0.81568,0.81313,0.81482
2026-07-23 09:00:00,0.81478,0.81724,0.81434,0.81669
2026-07-23 13:00:00,0.81667,0.81781,0.81605,0.81628
2026-07-23 17:00:00,0.81628,0.81735,0.81598,0.81691
2026-07-23 21:00:00,0.81691,0.81726,0.81646,0.81649
2026-07-24 01:00:00,0.81652,0.8176,0.81608,0.81746
2026-07-24 05:00:00,0.81747,0.81747,0.81538,0.81665
2026-07-24 09:00:00,0.81662,0.81827,0.81615,0.81818
2026-07-24 13:00:00,0.81815,0.81855,0.81637,0.81732
2026-07-24 17:00:00,0.81728,0.81859,0.81728,0.81822
2026-07-24 21:00:00,0.81823,0.81853,0.81759,0.81807
2026-07-25 01:00:00,0.81808,0.81842,0.81787,0.81808
2026-07-25 05:00:00,0.81808,0.81836,0.81793,0.81809
2026-07-25 09:00:00,0.81808,0.81843,0.81802,0.81842
2026-07-25 13:00:00,0.8184,0.81855,0.81805,0.81841
2026-07-25 17:00:00,0.8184,0.81844,0.81785,0.81825
2026-07-25 21:00:00,0.81825,0.81849,0.81803,0.81833
2026-07-26 01:00:00,0.81833,0.81851,0.81803,0.81831
2026-07-26 05:00:00,0.81831,0.81856,0.81826,0.8184
2026-07-26 09:00:00,0.81839,0.81854,0.81823,0.81853
2026-07-26 13:00:00,0.81851,0.81856,0.81809,0.81847
2026-07-26 17:00:00,0.81846,0.81852,0.8158,0.8162
2026-07-26 21:00:00,0.81628,0.81701,0.81414,0.815
2026-07-27 01:00:00,0.81507,0.81528,0.81398,0.81506
2026-07-27 05:00:00,0.81507,0.81554,0.81402,0.81492
2026-07-27 09:00:00,0.81491,0.81598,0.81447,0.81563
2026-07-27 13:00:00,0.81559,0.81909,0.81495,0.81806
2026-07-27 17:00:00,0.81808,0.81943,0.81783,0.81932
2026-07-27 21:00:00,0.81933,0.81973,0.81822,0.81887
2026-07-28 01:00:00,0.81889,0.8193,0.81838,0.81928
2026-07-28 05:00:00,0.81928,0.82002,0.81872,0.81939
2026-07-28 09:00:00,0.81943,0.82056,0.81929,0.81967
2026-07-28 13:00:00,0.81966,0.81966,0.81677,0.81785
2026-07-28 17:00:00,0.81784,0.81946,0.81765,0.81938
2026-07-28 21:00:00,0.81937,0.81984,0.81795,0.81905
2026-07-29 01:00:00,0.81907,0.81928,0.81699,0.81734
2026-07-29 05:00:00,0.81735,0.81955,0.81709,0.81905
2026-07-29 09:00:00,0.819,0.82055,0.81898,0.81985
2026-07-29 13:00:00,0.81991,0.82072,0.81828,0.82038
2026-07-29 17:00:00,0.82038,0.82054,0.81331,0.81359
2026-07-29 21:00:00,0.81355,0.81503,0.81323,0.81466
2026-07-30 01:00:00,0.81469,0.81573,0.81436,0.81565
2026-07-30 05:00:00,0.81568,0.81749,0.815,0.81629
2026-07-30 09:00:00,0.81621,0.81633,0.81162,0.81264
2026-07-30 13:00:00,0.81264,0.81298,0.80413,0.80493
2026-07-30 17:00:00,0.80497,0.80612,0.80401,0.80509
2026-07-30 21:00:00,0.8051,0.80651,0.80468,0.80611
2026-07-31 01:00:00,0.80612,0.80754,0.80586,0.80721
2026-07-31 05:00:00,0.80721,0.8082,0.80604,0.80609
2026-07-31 09:00:00,0.80618,0.81107,0.80571,0.8106
2026-07-31 13:00:00,0.81055,0.81286,0.80812,0.80895
2026-07-31 17:00:00,0.80899,0.80899,0.80694,0.80731
2026-07-31 21:00:00,0.80739,0.80831,0.80707,0.8078
2026-08-01 01:00:00,0.80781,0.80795,0.8077,0.80792
2026-08-01 05:00:00,0.80791,0.80795,0.80781,0.80793
2026-08-01 09:00:00,0.80791,0.80795,0.80781,0.80787
2026-08-01 13:00:00,0.80787,0.80815,0.80774,0.80788
2026-08-01 17:00:00,0.80788,0.80823,0.8078,0.80784
2026-08-01 21:00:00,0.80784,0.80824,0.80762,0.80782
2026-08-02 01:00:00,0.80783,0.80788,0.80772,0.80774
2026-08-02 05:00:00,0.80774,0.80777,0.80771,0.80774
2026-08-02 09:00:00,0.80772,0.80777,0.80771,0.80773
2026-08-02 13:00:00,0.80772,0.80813,0.8077,0.8079
2026-08-02 17:00:00,0.8079,0.80841,0.80615,0.80655
2026-08-02 21:00:00,0.80666,0.80773,0.80569,0.80683
2026-08-03 01:00:00,0.80684,0.8095,0.80666,0.80872
2026-08-03 05:00:00,0.80874,0.80949,0.80795,0.80909
2026-08-03 09:00:00,0.80906,0.80947,0.80786,0.80902
2026-08-03 13:00:00,0.80904,0.81153,0.80853,0.81083
2026-08-03 17:00:00,0.81085,0.81147,0.80987,0.81045
2026-08-03 21:00:00,0.81044,0.81093,0.8095,0.81023
2026-08-04 01:00:00,0.81023,0.81055,0.80972,0.81017
2026-08-04 05:00:00,0.81016,0.81065,0.80961,0.81022
2026-08-04 09:00:00,0.81026,0.81047,0.80816,0.80883
2026-08-04 13:00:00,0.80873,0.81033,0.80805,0.8101
2026-08-04 17:00:00,0.81012,0.81026,0.80887,0.80891
2026-08-04 21:00:00,0.80896,0.80957,0.80872,0.80899
2026-08-05 01:00:00,0.80894,0.80925,0.80741,0.80829
2026-08-05 05:00:00,0.80829,0.81021,0.80761,0.8097
2026-08-05 09:00:00,0.8097,0.80992,0.80829,0.80934
2026-08-05 13:00:00,0.80935,0.80946,0.80633,0.80774
2026-08-05 17:00:00,0.8077,0.80808,0.80663,0.80707
2026-08-05 21:00:00,0.80711,0.8075,0.8063,0.80662
2026-08-06 01:00:00,0.8066,0.80752,0.80607,0.80742
2026-08-06 05:00:00,0.80742,0.80883,0.80715,0.80873
2026-08-06 09:00:00,0.80872,0.81012,0.80847,0.8098
2026-08-06 13:00:00,0.80982,0.81362,0.80892,0.81247
2026-08-06 17:00:00,0.81245,0.81301,0.81192,0.8124
2026-08-06 21:00:00,0.81241,0.81294,0.81188,0.81286
2026-08-07 01:00:00,0.81287,0.81288,0.81228,0.81263
2026-08-07 05:00:00,0.81259,0.81279,0.81098,0.81123
2026-08-07 09:00:00,0.8112,0.8117,0.80588,0.80722
2026-08-07 13:00:00,0.80716,0.80864,0.80673,0.80773
2026-08-07 17:00:00,0.8077,0.80822,0.80696,0.80803
2026-08-07 21:00:00,0.80801,0.8094,0.80709,0.80785
2026-08-08 01:00:00,0.80785,0.80791,0.80781,0.80786
2026-08-08 05:00:00,0.80785,0.80792,0.8078,0.80786
2026-08-08 09:00:00,0.80785,0.8081,0.80773,0.80799
2026-08-08 13:00:00,0.80796,0.80813,0.80774,0.80784
2026-08-08 17:00:00,0.80785,0.8081,0.80773,0.80786
2026-08-08 21:00:00,0.80786,0.80801,0.80775,0.80799
2026-08-09 01:00:00,0.80797,0.80801,0.80781,0.80791
2026-08-09 05:00:00,0.8079,0.80798,0.80782,0.80793
2026-08-09 09:00:00,0.80791,0.80895,0.80785,0.80882
2026-08-09 13:00:00,0.80881,0.80919,0.80811,0.80908
2026-08-09 17:00:00,0.80908,0.80953,0.80737,0.80783
2026-08-09 21:00:00,0.80785,0.80865,0.807,0.80836
2026-08-10 01:00:00,0.80836,0.80946,0.80826,0.80919
2026-08-10 05:00:00,0.80917,0.80947,0.80697,0.80821
2026-08-10 09:00:00,0.80817,0.80956,0.8078,0.80935
2026-08-10 13:00:00,0.80937,0.81025,0.80868,0.8096
2026-08-10 17:00:00,0.80961,0.81049,0.80959,0.81029
2026-08-10 21:00:00,0.8103,0.81033,0.80959,0.80984
2026-08-11 01:00:00,0.80982,0.81056,0.80945,0.81029
2026-08-11 05:00:00,0.81027,0.81131,0.81012,0.81115
2026-08-11 09:00:00,0.81114,0.81153,0.81019,0.81066
2026-08-11 13:00:00,0.81061,0.81166,0.81011,0.81128
2026-08-11 17:00:00,0.81124,0.81212,0.81071,0.81096
2026-08-11 21:00:00,0.81096,0.81167,0.81076,0.81149
2026-08-12 01:00:00,0.81148,0.81239,0.81143,0.81217
2026-08-12 05:00:00,0.81215,0.81288,0.8115,0.81275
2026-08-12 09:00:00,0.81274,0.81284,0.80973,0.81006
2026-08-12 13:00:00,0.81019,0.81305,0.80969,0.8128
2026-08-12 17:00:00,0.81284,0.81398,0.81265,0.81364
2026-08-12 21:00:00,0.81367,0.81371,0.8126,0.81298
2026-08-13 01:00:00,0.81297,0.8144,0.81274,0.81375
2026-08-13 05:00:00,0.81382,0.81458,0.81251,0.81289
2026-08-13 09:00:00,0.81282,0.81352,0.81162,0.81167
2026-08-13 13:00:00,0.81176,0.81366,0.81137,0.81312
2026-08-13 17:00:00,0.81317,0.81476,0.813,0.81417
2026-08-13 21:00:00,0.81416,0.81448,0.81339,0.8138
2026-08-14 01:00:00,0.81384,0.81447,0.8135,0.81361
2026-08-14 05:00:00,0.81359,0.81409,0.81321,0.81369
2026-08-14 09:00:00,0.81366,0.81366,0.81052,0.81165
2026-08-14 13:00:00,0.8117,0.8127,0.81063,0.81268
2026-08-14 17:00:00,0.81265,0.81358,0.81258,0.81334
2026-08-14 21:00:00,0.81334,0.81358,0.81298,0.81326
2026-08-15 01:00:00,0.81325,0.81337,0.81319,0.81326
2026-08-15 05:00:00,0.81324,0.81337,0.81317,0.81325
2026-08-15 09:00:00,0.81324,0.81355,0.81317,0.81337
2026-08-15 13:00:00,0.81334,0.8136,0.81294,0.8134
2026-08-15 17:00:00,0.8134,0.81373,0.81275,0.81332
2026-08-15 21:00:00,0.81334,0.81347,0.8126,0.81344
2026-08-16 01:00:00,0.81343,0.81356,0.81324,0.81346
2026-08-16 05:00:00,0.81344,0.81351,0.81343,0.81348
