date,open,high,low,close
2023-09-05 13:00:00,147.19,147.735,147.13,147.645
2023-09-05 17:00:00,147.645,147.80499,147.58501,147.715
2023-09-05 21:00:00,147.72,147.815,147.37,147.78
2023-09-06 01:00:00,147.77499,147.78,147.39,147.405
2023-09-06 05:00:00,147.39,147.5,147.029999,147.38499
2023-09-06 09:00:00,147.41,147.595,147.2,147.27499
2023-09-06 13:00:00,147.27499,147.705,147.13,147.595
2023-09-06 17:00:00,147.595,147.755,147.49001,147.655
2023-09-06 21:00:00,147.69501,147.88,147.57001,147.77499
2023-09-07 01:00:00,147.765,147.81,147.495,147.55499
2023-09-07 05:00:00,147.565,147.69,147.37,147.455
2023-09-07 09:00:00,147.47,147.62,147.22,147.285
2023-09-07 13:00:00,147.25999,147.44,147.044998,147.095001
2023-09-07 17:00:00,147.089996,147.3,147.089996,147.295
2023-09-07 21:00:00,147.295,147.38,146.59,146.92999
2023-09-08 01:00:00,146.94,147.34,146.91,147.23
2023-09-08 05:00:00,147.22,147.455,147.054993,147.41
2023-09-08 09:00:00,147.41,147.575,147.245,147.56
2023-09-08 13:00:00,147.55499,147.785,147.32001,147.755
2023-09-08 17:00:00,147.765,147.88,147.7,147.825
2023-09-10 21:00:00,147.0099945,147.28,146.67,146.955
2023-09-11 01:00:00,146.94501,147.095001,146.14,146.205
2023-09-11 05:00:00,146.19,146.5,145.91,146.34
2023-09-11 09:00:00,146.345,146.99001,146.27499,146.49001
2023-09-11 13:00:00,146.5,146.595,146.2,146.485
2023-09-11 17:00:00,146.48,146.61,146.44,146.595
2023-09-11 21:00:00,146.59,146.81,146.47,146.7
2023-09-12 01:00:00,146.69,146.75,146.44,146.735
2023-09-12 05:00:00,146.735,146.955,146.66,146.795
2023-09-12 09:00:00,146.78,147.16,146.75,147.155
2023-09-12 13:00:00,147.12,147.245,147.059998,147.175
2023-09-12 17:00:00,147.175,147.245,146.985,147.085007
2023-09-12 21:00:00,147.095001,147.315,147.014999,147.31
2023-09-13 01:00:00,147.31,147.44501,147.27,147.395
2023-09-13 05:00:00,147.395,147.425,147.21001,147.255
2023-09-13 09:00:00,147.255,147.74001,147.25,147.455
2023-09-13 13:00:00,147.45,147.61501,147.25,147.34
2023-09-13 17:00:00,147.345,147.575,147.17,147.47
2023-09-13 21:00:00,147.465,147.465,147.054993,147.085007
2023-09-14 01:00:00,147.059998,147.19501,147.024994,147.145
2023-09-14 05:00:00,147.13,147.375,147.070007,147.3
2023-09-14 09:00:00,147.295,147.565,147.215,147.425
2023-09-14 13:00:00,147.41,147.455,147.0099945,147.255
2023-09-14 17:00:00,147.235,147.535,147.175,147.48
2023-09-14 21:00:00,147.47501,147.53,147.34,147.465
2023-09-15 01:00:00,147.47,147.5,147.355,147.42
2023-09-15 05:00:00,147.41499,147.83501,147.37,147.785
2023-09-15 09:00:00,147.8,147.965,147.72,147.92999
2023-09-15 13:00:00,147.94501,147.94501,147.605,147.86
2023-09-15 17:00:00,147.86,147.905,147.72,147.85001
2023-09-17 21:00:00,147.75,147.88,147.715,147.715
2023-09-18 01:00:00,147.71001,147.81,147.675,147.735
2023-09-18 05:00:00,147.675,147.80499,147.56,147.63499
2023-09-18 09:00:00,147.64,147.795,147.58,147.74001
2023-09-18 13:00:00,147.72,147.795,147.59,147.625
2023-09-18 17:00:00,147.63,147.815,147.57001,147.605
2023-09-18 21:00:00,147.61,147.74001,147.5,147.645
2023-09-19 01:00:00,147.645,147.815,147.63,147.755
2023-09-19 05:00:00,147.755,147.925,147.61501,147.71001
2023-09-19 09:00:00,147.72501,147.825,147.56,147.785
2023-09-19 13:00:00,147.785,147.905,147.62,147.82001
2023-09-19 17:00:00,147.825,147.965,147.795,147.86501
2023-09-19 21:00:00,147.845,147.87,147.69,147.735
2023-09-20 01:00:00,147.74001,147.895,147.705,147.83501
2023-09-20 05:00:00,147.83501,148.17,147.81,148.085007
2023-09-20 09:00:00,148.089996,148.105,147.80499,147.875
2023-09-20 13:00:00,147.86501,147.895,147.495,147.565
2023-09-20 17:00:00,147.56,148.36501,147.47,148.345
2023-09-20 21:00:00,148.325,148.455,148.19,148.405
2023-09-21 01:00:00,148.41,148.455,148.19,148.345
2023-09-21 05:00:00,148.345,148.405,148.155,148.19
2023-09-21 09:00:00,148.2,148.285,147.7,147.95
2023-09-21 13:00:00,147.95,147.99001,147.32001,147.515
2023-09-21 17:00:00,147.515,147.61,147.425,147.58
2023-09-21 21:00:00,147.595,147.69501,147.5,147.61
2023-09-22 01:00:00,147.61501,148.255,147.605,148.024994
2023-09-22 05:00:00,148.024994,148.435,147.925,148.3
2023-09-22 09:00:00,148.295,148.34,148.13,148.25
2023-09-22 13:00:00,148.255,148.375,147.96001,148.315
2023-09-22 17:00:00,148.295,148.455,148.25,148.38499
2023-09-24 21:00:00,148.3,148.49001,148.25,148.34
2023-09-25 01:00:00,148.34,148.44,148.295,148.36
2023-09-25 05:00:00,148.355,148.595,148.32001,148.575
2023-09-25 09:00:00,148.565,148.77499,148.50999,148.74001
2023-09-25 13:00:00,148.735,148.985,148.72,148.845
2023-09-25 17:00:00,148.845,148.925,148.75,148.88499
2023-09-25 21:00:00,148.88499,148.91499,148.7,148.895
2023-09-26 01:00:00,148.89,148.955,148.81,148.88499
2023-09-26 05:00:00,148.88499,149.19,148.75999,148.91
2023-09-26 09:00:00,148.92999,149.014999,148.795,148.8
2023-09-26 13:00:00,148.795,149.014999,148.795,148.935
2023-09-26 17:00:00,148.94,149.11501,148.86501,149.074997
2023-09-26 21:00:00,149.070007,149.089996,148.965,149.035004
2023-09-27 01:00:00,149.024994,149.105,148.86501,149.024994
2023-09-27 05:00:00,149.024994,149.185,148.97,149.074997
2023-09-27 09:00:00,149.065002,149.285,149.065002,149.185
2023-09-27 13:00:00,149.19,149.655,149.16,149.625
2023-09-27 17:00:00,149.625,149.72501,149.47,149.63499
2023-09-27 21:00:00,149.64,149.64,149.38,149.46001
2023-09-28 01:00:00,149.45,149.56,149.33501,149.33501
2023-09-28 05:00:00,149.33501,149.455,149.22,149.38
2023-09-28 09:00:00,149.38,149.52499,149.16,149.455
2023-09-28 13:00:00,149.47,149.47,149.14,149.295
2023-09-28 17:00:00,149.3,149.41499,149.215,149.3
2023-09-28 21:00:00,149.27499,149.455,149.2,149.38499
2023-09-29 01:00:00,149.38499,149.515,149.28,149.36501
2023-09-29 05:00:00,149.38,149.41499,148.53,149.074997
2023-09-29 09:00:00,149.050003,149.285,148.95,149.19501
2023-09-29 13:00:00,149.19,149.485,149.089996,149.41499
2023-09-29 17:00:00,149.41,149.505,149.33501,149.375
2023-10-01 20:00:00,149.61,149.63499,149.42999,149.535
2023-10-02 00:00:00,149.53,149.80499,149.45,149.785
2023-10-02 04:00:00,149.78,149.815,149.56,149.755
2023-10-02 08:00:00,149.75,149.80499,149.63,149.74001
2023-10-02 12:00:00,149.74001,149.91499,149.69,149.825
2023-10-02 16:00:00,149.81,149.875,149.715,149.825
2023-10-02 20:00:00,149.81,149.88,149.77499,149.86501
2023-10-03 00:00:00,149.86501,149.89,149.78,149.86501
2023-10-03 04:00:00,149.86501,149.965,149.66,149.80499
2023-10-03 08:00:00,149.78,149.985,149.74001,149.98
2023-10-03 12:00:00,149.97501,150.16499,147.33,149.17999
2023-10-03 16:00:00,149.17999,149.19501,148.715,148.755
2023-10-03 20:00:00,148.78,149.22,148.735,149.17999
2023-10-04 00:00:00,149.17999,149.325,149.085007,149.285
2023-10-04 04:00:00,149.285,149.30499,148.74001,148.85001
2023-10-04 08:00:00,148.845,149.22,148.84,148.985
2023-10-04 12:00:00,149.0050049,149.14,148.75999,148.83501
2023-10-04 16:00:00,148.82001,149.155,148.815,149.054993
2023-10-04 20:00:00,149.050003,149.13,148.91,148.98
2023-10-05 00:00:00,149.0,149.014999,148.27499,148.53
2023-10-05 04:00:00,148.53,149.095001,148.44,149.054993
2023-10-05 08:00:00,149.054993,149.095001,148.80499,148.825
2023-10-05 12:00:00,148.82001,149.12,148.435,148.495
2023-10-05 16:00:00,148.485,148.53,148.31,148.45
2023-10-05 20:00:00,148.47,148.52499,148.36501,148.47501
2023-10-06 00:00:00,148.49001,148.69501,148.465,148.69501
2023-10-06 04:00:00,148.69501,149.0050049,148.655,148.88
2023-10-06 08:00:00,148.88,149.13499,148.84,149.050003
2023-10-06 12:00:00,149.059998,149.535,148.97,149.085007
2023-10-06 16:00:00,149.085007,149.395,149.059998,149.33501
2023-10-08 20:00:00,149.074997,149.25,149.0,149.145
2023-10-09 00:00:00,149.14,149.205,149.080002,149.155
2023-10-09 04:00:00,149.155,149.22501,149.11,149.175
2023-10-09 08:00:00,149.175,149.23,149.080002,149.155
2023-10-09 12:00:00,149.155,149.185,148.515,148.715
2023-10-09 16:00:00,148.705,148.845,148.435,148.44501
2023-10-09 20:00:00,148.44501,148.59,148.295,148.33501
2023-10-10 00:00:00,148.33501,148.66499,148.16,148.625
2023-10-10 04:00:00,148.62,149.074997,148.52499,148.985
2023-10-10 08:00:00,148.965,149.125,148.74001,149.095001
2023-10-10 12:00:00,149.065002,149.105,148.57001,148.61501
2023-10-10 16:00:00,148.625,148.795,148.545,148.69501
2023-10-10 20:00:00,148.685,148.74001,148.55499,148.63
2023-10-11 00:00:00,148.62,148.84,148.425,148.825
2023-10-11 04:00:00,148.815,148.97501,148.58501,148.765
2023-10-11 08:00:00,148.765,148.845,148.605,148.83501
2023-10-11 12:00:00,148.83501,149.22501,148.82001,149.014999
2023-10-11 16:00:00,149.0050049,149.36501,149.0050049,149.22501
2023-10-11 20:00:00,149.205,149.24001,148.985,149.035004
2023-10-12 00:00:00,149.029999,149.28,149.024994,149.13499
2023-10-12 04:00:00,149.125,149.235,148.95,149.185
2023-10-12 08:00:00,149.185,149.245,149.054993,149.155
2023-10-12 12:00:00,149.155,149.80499,149.050003,149.715
2023-10-12 16:00:00,149.715,149.88499,149.66,149.81
2023-10-12 20:00:00,149.81,149.825,149.75,149.785
2023-10-13 00:00:00,149.785,149.83,149.72,149.765
2023-10-13 04:00:00,149.765,149.81,149.57001,149.655
2023-10-13 08:00:00,149.655,149.795,149.56,149.61
2023-10-13 12:00:00,149.61,149.755,149.45,149.645
2023-10-13 16:00:00,149.62,149.66499,149.47,149.515
2023-10-15 20:00:00,149.46001,149.63499,149.355,149.565
2023-10-16 00:00:00,149.56,149.575,149.425,149.48
2023-10-16 04:00:00,149.485,149.62,149.375,149.58501
2023-10-16 08:00:00,149.575,149.63499,149.45,149.50999
2023-10-16 12:00:00,149.515,149.77499,149.405,149.575
2023-10-16 16:00:00,149.575,149.66499,149.50999,149.52
2023-10-16 20:00:00,149.52499,149.645,149.49001,149.595
2023-10-17 00:00:00,149.58501,149.63499,149.485,149.545
2023-10-17 04:00:00,149.545,149.715,149.5,149.605
2023-10-17 08:00:00,149.605,149.755,148.75,149.465
2023-10-17 12:00:00,149.465,149.825,149.45,149.715
2023-10-17 16:00:00,149.715,149.875,149.69,149.78
2023-10-17 20:00:00,149.77499,149.845,149.745,149.765
2023-10-18 00:00:00,149.75,149.8,149.5,149.67
2023-10-18 04:00:00,149.66,149.785,149.605,149.735
2023-10-18 08:00:00,149.75,149.845,149.62,149.675
2023-10-18 12:00:00,149.685,149.91499,149.63,149.86501
2023-10-18 16:00:00,149.86501,149.97501,149.735,149.925
2023-10-18 20:00:00,149.875,149.94,149.745,149.765
2023-10-19 00:00:00,149.77499,149.845,149.66,149.80499
2023-10-19 04:00:00,149.81,149.88499,149.72,149.80499
2023-10-19 08:00:00,149.80499,149.925,149.78,149.86
2023-10-19 12:00:00,149.86,149.97501,149.75999,149.925
2023-10-19 16:00:00,149.925,149.97,149.675,149.795
2023-10-19 20:00:00,149.81,149.845,149.735,149.795
2023-10-20 00:00:00,149.80499,149.94501,149.795,149.855
2023-10-20 04:00:00,149.855,149.97501,149.84,149.965
2023-10-20 08:00:00,149.97,150.035004,149.66,149.94501
2023-10-20 12:00:00,149.94501,150.035004,149.8,149.855
2023-10-20 16:00:00,149.855,149.94501,149.78,149.895
2023-10-22 20:00:00,149.86,149.895,149.78,149.88499
2023-10-23 00:00:00,149.88,149.94,149.78,149.935
2023-10-23 04:00:00,149.94,149.96001,149.88499,149.91
2023-10-23 08:00:00,149.905,150.0,149.86,149.925
2023-10-23 12:00:00,149.925,149.97501,149.745,149.785
2023-10-23 16:00:00,149.795,149.825,149.55499,149.645
2023-10-23 20:00:00,149.66,149.78999,149.63,149.77499
2023-10-24 00:00:00,149.77499,149.8,149.5,149.625
2023-10-24 04:00:00,149.61501,149.765,149.32001,149.5
2023-10-24 08:00:00,149.48,149.855,149.34,149.755
2023-10-24 12:00:00,149.755,149.92999,149.755,149.845
2023-10-24 16:00:00,149.84,149.925,149.75,149.895
2023-10-24 20:00:00,149.88,149.92999,149.83501,149.86501
2023-10-25 00:00:00,149.855,149.92999,149.795,149.845
2023-10-25 04:00:00,149.845,149.92999,149.815,149.905
2023-10-25 08:00:00,149.905,149.995,149.86501,149.92999
2023-10-25 12:00:00,149.92999,149.97501,149.88,149.935
2023-10-25 16:00:00,149.94,150.065002,149.88,150.050003
2023-10-25 20:00:00,150.059998,150.315,150.059998,150.095001
2023-10-26 00:00:00,150.10001,150.49001,150.044998,150.42
2023-10-26 04:00:00,150.42999,150.785,149.895,150.47501
2023-10-26 08:00:00,150.47501,150.47501,150.2,150.44
2023-10-26 12:00:00,150.42999,150.505,150.089996,150.44
2023-10-26 16:00:00,150.44501,150.47501,150.235,150.39
2023-10-26 20:00:00,150.41,150.44,150.295,150.38
2023-10-27 00:00:00,150.36501,150.41,150.14,150.215
2023-10-27 04:00:00,150.215,150.285,150.085007,150.16499
2023-10-27 08:00:00,150.16499,150.19,149.97,150.10001
2023-10-27 12:00:00,150.085007,150.085007,149.55,149.61501
2023-10-27 16:00:00,149.61501,149.715,149.465,149.575
2023-10-29 20:00:00,149.515,149.77499,149.495,149.735
2023-10-30 00:00:00,149.735,149.815,149.56,149.58501
2023-10-30 04:00:00,149.59,149.66499,149.28,149.52499
2023-10-30 08:00:00,149.5,149.83501,149.47,149.755
2023-10-30 12:00:00,149.755,149.905,148.81,149.014999
2023-10-30 16:00:00,149.0,149.185,148.95,149.065002
2023-10-30 20:00:00,149.065002,149.16499,149.029999,149.10001
2023-10-31 00:00:00,149.11,150.089996,149.089996,149.895
2023-10-31 04:00:00,149.895,150.315,149.86501,150.30499
2023-10-31 08:00:00,150.31,150.785,150.089996,150.72501
2023-10-31 12:00:00,150.735,151.55499,150.63,151.45
2023-10-31 16:00:00,151.45,151.72501,151.059998,151.58501
2023-10-31 20:00:00,151.57001,151.735,151.16,151.325
2023-11-01 00:00:00,151.31,151.44501,151.14,151.245
2023-11-01 04:00:00,151.245,151.425,151.2,151.425
2023-11-01 08:00:00,151.38499,151.38499,151.14,151.235
2023-11-01 12:00:00,151.235,151.435,150.81,150.965
2023-11-01 16:00:00,150.965,151.24001,150.66,150.86501
2023-11-01 20:00:00,150.88,151.024994,150.565,150.575
2023-11-02 00:00:00,150.575,150.595,150.155,150.345
2023-11-02 04:00:00,150.355,150.605,150.2,150.39
2023-11-02 08:00:00,150.39,150.58,150.22,150.36501
2023-11-02 12:00:00,150.36501,150.535,149.84,150.485
2023-11-02 16:00:00,150.485,150.575,150.375,150.465
2023-11-02 20:00:00,150.465,150.55499,150.42,150.5
2023-11-03 00:00:00,150.49001,150.5,150.31,150.345
2023-11-03 04:00:00,150.345,150.375,150.235,150.345
2023-11-03 08:00:00,150.34,150.47501,150.155,150.185
2023-11-03 12:00:00,150.185,150.245,149.19,149.36501
2023-11-03 16:00:00,149.38,149.505,149.25,149.465
2023-11-05 20:00:00,149.27499,149.49001,149.25,149.455
2023-11-06 00:00:00,149.44,149.67999,149.44,149.57001
2023-11-06 04:00:00,149.57001,149.74001,149.47,149.735
2023-11-06 08:00:00,149.72501,149.72501,149.38,149.63
2023-11-06 12:00:00,149.625,149.845,149.605,149.73
2023-11-06 16:00:00,149.73,149.99001,149.69,149.97
2023-11-06 20:00:00,149.97501,150.089996,149.935,149.995
2023-11-07 00:00:00,149.97,150.22501,149.965,150.19501
2023-11-07 04:00:00,150.19501,150.5,150.19,150.485
2023-11-07 08:00:00,150.47,150.5,150.245,150.42
2023-11-07 12:00:00,150.41,150.69501,150.38,150.505
2023-11-07 16:00:00,150.5,150.625,150.31,150.44501
2023-11-07 20:00:00,150.44501,150.47501,150.34,150.41
2023-11-08 00:00:00,150.39,150.62,150.355,150.495
2023-11-08 04:00:00,150.5,150.75,150.465,150.675
2023-11-08 08:00:00,150.69,150.8,150.59,150.745
2023-11-08 12:00:00,150.74001,150.995,150.72,150.84
2023-11-08 16:00:00,150.845,151.059998,150.73,151.035004
2023-11-08 20:00:00,151.035004,151.074997,150.855,150.855
2023-11-09 00:00:00,150.86,151.0,150.82001,150.935
2023-11-09 04:00:00,150.94,151.089996,150.77499,150.91499
2023-11-09 08:00:00,150.91499,151.19501,150.88,151.13
2023-11-09 12:00:00,151.14,151.175,150.84,150.955
2023-11-09 16:00:00,150.94,151.395,150.94,151.325
2023-11-09 20:00:00,151.31,151.38,151.25999,151.35001
2023-11-10 00:00:00,151.34,151.38,151.22,151.325
2023-11-10 04:00:00,151.33501,151.465,151.28,151.375
2023-11-10 08:00:00,151.38,151.5,151.32001,151.47501
2023-11-10 12:00:00,151.48,151.56,151.32001,151.47501
2023-11-10 16:00:00,151.49001,151.61501,151.45,151.595
2023-11-12 20:00:00,151.495,151.50999,151.39,151.465
2023-11-13 00:00:00,151.465,151.7,151.44,151.675
2023-11-13 04:00:00,151.675,151.80499,151.655,151.765
2023-11-13 08:00:00,151.745,151.895,151.685,151.735
2023-11-13 12:00:00,151.73,151.94501,151.22,151.69501
2023-11-13 16:00:00,151.69,151.735,151.495,151.595
2023-11-13 20:00:00,151.605,151.74001,151.595,151.655
2023-11-14 00:00:00,151.62,151.785,151.62,151.7
2023-11-14 04:00:00,151.69501,151.80499,151.57001,151.645
2023-11-14 08:00:00,151.63499,151.80499,151.60001,151.735
2023-11-14 12:00:00,151.735,151.785,150.7,150.825
2023-11-14 16:00:00,150.81,150.88499,150.34,150.36501
2023-11-14 20:00:00,150.36,150.5,150.155,150.485
2023-11-15 00:00:00,150.47,150.8,150.44,150.57001
2023-11-15 04:00:00,150.57001,150.765,150.5,150.69
2023-11-15 08:00:00,150.69,150.745,150.25,150.285
2023-11-15 12:00:00,150.27499,151.265,150.059998,150.905
2023-11-15 16:00:00,150.91,151.44501,150.86,151.395
2023-11-15 20:00:00,151.38,151.455,151.14,151.215
2023-11-16 00:00:00,151.215,151.315,151.12,151.255
2023-11-16 04:00:00,151.255,151.48,151.25,151.375
2023-11-16 08:00:00,151.375,151.465,151.14,151.22501
2023-11-16 12:00:00,151.22501,151.37,150.28,150.435
2023-11-16 16:00:00,150.41499,150.715,150.31,150.62
2023-11-16 20:00:00,150.61,150.785,150.58,150.705
2023-11-17 00:00:00,150.705,150.78,150.42999,150.55
2023-11-17 04:00:00,150.56,150.735,150.435,150.44
2023-11-17 08:00:00,150.45,150.465,149.22,149.505
2023-11-17 12:00:00,149.50999,149.8,149.2,149.565
2023-11-17 16:00:00,149.56,149.895,149.53,149.66
2023-11-19 20:00:00,149.69,149.97,149.45,149.965
2023-11-20 00:00:00,149.95,150.0,148.855,148.905
2023-11-20 04:00:00,148.905,149.22,148.69,148.905
2023-11-20 08:00:00,148.91,148.97,148.105,148.2
2023-11-20 12:00:00,148.19,148.705,148.19,148.38
2023-11-20 16:00:00,148.375,148.42999,148.14,148.32001
2023-11-20 20:00:00,148.315,148.455,148.22,148.375
2023-11-21 00:00:00,148.38499,148.41499,147.34,147.38499
2023-11-21 04:00:00,147.38,147.84,147.245,147.515
2023-11-21 08:00:00,147.52499,147.81,147.155,147.715
2023-11-21 12:00:00,147.72,147.81,147.355,147.795
2023-11-21 16:00:00,147.78,148.595,147.735,148.325
2023-11-21 20:00:00,148.32001,148.44,148.020004,148.14999
2023-11-22 00:00:00,148.13,148.36,148.050003,148.215
2023-11-22 04:00:00,148.215,149.059998,148.2,148.955
2023-11-22 08:00:00,148.97,149.36,148.7,148.765
2023-11-22 12:00:00,148.75999,149.755,148.59,149.67999
2023-11-22 16:00:00,149.685,149.755,149.55,149.58501
2023-11-22 20:00:00,149.58501,149.625,149.455,149.465
2023-11-23 00:00:00,149.45,149.45,149.029999,149.13499
2023-11-23 04:00:00,149.12,149.205,148.89,149.13
2023-11-23 08:00:00,149.145,149.345,149.044998,149.245
2023-11-23 12:00:00,149.25,149.69,149.235,149.50999
2023-11-23 16:00:00,149.495,149.685,149.495,149.565
2023-11-23 20:00:00,149.565,149.645,149.48,149.64
2023-11-24 00:00:00,149.63,149.72,149.41,149.505
2023-11-24 04:00:00,149.505,149.505,149.19,149.44
2023-11-24 08:00:00,149.425,149.66,149.38,149.58
2023-11-24 12:00:00,149.565,149.67999,149.44,149.485
2023-11-24 16:00:00,149.505,149.63499,149.45,149.485
2023-11-26 20:00:00,149.44501,149.595,149.435,149.58
2023-11-27 00:00:00,149.57001,149.67999,148.905,148.985
2023-11-27 04:00:00,148.985,149.16,148.78,149.035004
2023-11-27 08:00:00,149.020004,149.33501,148.94,149.024994
2023-11-27 12:00:00,149.029999,149.11501,148.66,148.935
2023-11-27 16:00:00,148.92,149.089996,148.55,148.605
2023-11-27 20:00:00,148.605,148.71001,148.36501,148.41499
2023-11-28 00:00:00,148.41499,148.41499,147.99001,148.2
2023-11-28 04:00:00,148.215,148.565,148.12,148.50999
2023-11-28 08:00:00,148.515,148.84,148.41,148.595
2023-11-28 12:00:00,148.59,148.705,147.7,147.875
2023-11-28 16:00:00,147.88,147.95,147.32001,147.425
2023-11-28 20:00:00,147.425,147.55499,147.020004,147.065002
2023-11-29 00:00:00,147.050003,147.32001,146.675,147.285
2023-11-29 04:00:00,147.295,147.38499,146.95,147.345
2023-11-29 08:00:00,147.31,147.855,147.185,147.625
2023-11-29 12:00:00,147.62,147.91,147.12,147.395
2023-11-29 16:00:00,147.41,147.47501,147.070007,147.245
2023-11-29 20:00:00,147.245,147.405,146.84,147.054993
2023-11-30 00:00:00,147.035004,147.19,146.89,147.095001
2023-11-30 04:00:00,147.095001,147.265,146.87,147.074997
2023-11-30 08:00:00,147.059998,147.78999,146.95,147.72
2023-11-30 12:00:00,147.7,148.50999,147.22,147.825
2023-11-30 16:00:00,147.84,148.27,147.72,148.215
2023-11-30 20:00:00,148.215,148.31,147.94,148.0099945
2023-12-01 00:00:00,148.0,148.19,147.61,148.12
2023-12-01 04:00:00,148.12,148.315,148.0,148.31
2023-12-01 08:00:00,148.30499,148.30499,147.69,148.14
2023-12-01 12:00:00,148.13499,148.345,147.34,147.61
2023-12-01 16:00:00,147.59,147.84,146.66,146.84
2023-12-03 20:00:00,146.73,146.85001,146.23,146.37
2023-12-04 00:00:00,146.36,146.75,146.235,146.735
2023-12-04 04:00:00,146.735,146.99001,146.58501,146.965
2023-12-04 08:00:00,146.95,147.145,146.465,146.595
2023-12-04 12:00:00,146.56,147.16,146.47,147.105
2023-12-04 16:00:00,147.11,147.495,146.95,147.295
2023-12-04 20:00:00,147.295,147.36501,147.105,147.30499
2023-12-05 00:00:00,147.3,147.38,146.97,147.16499
2023-12-05 04:00:00,147.17999,147.19,146.75,146.83501
2023-12-05 08:00:00,146.82001,147.19501,146.67999,147.024994
2023-12-05 12:00:00,147.024994,147.28,146.56,147.105
2023-12-05 16:00:00,147.089996,147.38499,146.99001,147.255
2023-12-05 20:00:00,147.255,147.285,147.065002,147.185
2023-12-06 00:00:00,147.185,147.395,147.089996,147.27499
2023-12-06 04:00:00,147.27499,147.345,146.935,146.97
2023-12-06 08:00:00,146.955,147.52499,146.905,147.395
2023-12-06 12:00:00,147.39999,147.435,147.0099945,147.235
2023-12-06 16:00:00,147.22,147.41499,147.089996,147.345
2023-12-06 20:00:00,147.36,147.485,147.14,147.185
2023-12-07 00:00:00,147.17999,147.19,146.69501,146.87
2023-12-07 04:00:00,146.87,146.905,145.53,145.715
2023-12-07 08:00:00,145.67,145.7,144.55,145.024994
2023-12-07 12:00:00,145.024994,145.3,143.94,144.035004
2023-12-07 16:00:00,144.035004,144.325,141.69,143.44501
2023-12-07 20:00:00,143.45,144.32001,143.44,144.245
2023-12-08 00:00:00,144.25999,144.3,142.5,143.78
2023-12-08 04:00:00,143.78,144.395,143.59,144.089996
2023-12-08 08:00:00,144.11,144.67,143.72,144.455
2023-12-08 12:00:00,144.44501,145.205,143.75,144.5
2023-12-08 16:00:00,144.5,144.99001,144.39,144.965
2023-12-10 20:00:00,144.855,145.089996,144.81,144.985
2023-12-11 00:00:00,144.98,145.57001,144.875,145.425
2023-12-11 04:00:00,145.425,146.45,145.33501,146.38499
2023-12-11 08:00:00,146.38499,146.455,145.97,146.16499
2023-12-11 12:00:00,146.14,146.505,146.050003,146.425
2023-12-11 16:00:00,146.41,146.59,146.070007,146.155
2023-12-11 20:00:00,146.155,146.25,146.054993,146.054993
2023-12-12 00:00:00,146.050003,146.125,145.53999,145.595
2023-12-12 04:00:00,145.61,145.69,145.22,145.44
2023-12-12 08:00:00,145.44,145.63499,145.059998,145.19501
2023-12-12 12:00:00,145.17999,145.86,144.74001,145.66
2023-12-12 16:00:00,145.64,145.74001,145.405,145.595
2023-12-12 20:00:00,145.595,145.625,145.19,145.31
2023-12-13 00:00:00,145.28,145.66499,145.25999,145.61501
2023-12-13 04:00:00,145.625,146.0050049,145.495,145.815
2023-12-13 08:00:00,145.81,145.95,145.605,145.625
2023-12-13 12:00:00,145.62,145.74001,145.044998,145.16
2023-12-13 16:00:00,145.155,145.28,142.88,143.14
2023-12-13 20:00:00,143.14,143.28,142.089996,142.795
2023-12-14 00:00:00,142.78,142.91,140.97,141.41499
2023-12-14 04:00:00,141.41,142.17999,141.36,142.014999
2023-12-14 08:00:00,142.014999,142.059998,141.235,141.42
2023-12-14 12:00:00,141.38,142.28,141.355,141.685
2023-12-14 16:00:00,141.69,142.014999,141.405,141.925
2023-12-14 20:00:00,141.925,142.31,141.77499,142.265
2023-12-15 00:00:00,142.28,142.47,141.8,141.89
2023-12-15 04:00:00,141.91,142.13499,141.56,141.97501
2023-12-15 08:00:00,141.97501,142.059998,141.47,141.745
2023-12-15 12:00:00,141.75,142.44501,141.44,141.74001
2023-12-15 16:00:00,141.75,142.31,141.66,142.17999
2023-12-17 20:00:00,142.145,142.38,142.080002,142.34
2023-12-18 00:00:00,142.32001,142.455,142.070007,142.175
2023-12-18 04:00:00,142.175,142.41499,142.12,142.395
2023-12-18 08:00:00,142.39,142.83,142.245,142.74001
2023-12-18 12:00:00,142.75,143.16,142.685,143.11501
2023-12-18 16:00:00,143.11501,143.11501,142.84,142.88499
2023-12-18 20:00:00,142.89,142.97501,142.645,142.69501
2023-12-19 00:00:00,142.66,143.78,142.25,143.52499
2023-12-19 04:00:00,143.52499,144.255,142.59,144.16499
2023-12-19 08:00:00,144.16,144.96001,144.14,144.785
2023-12-19 12:00:00,144.81,144.81,143.685,143.825
2023-12-19 16:00:00,143.81,143.935,143.53,143.91499
2023-12-19 20:00:00,143.91,143.97501,143.785,143.925
2023-12-20 00:00:00,143.91,144.095001,143.64,143.69501
2023-12-20 04:00:00,143.685,143.765,143.31,143.53
2023-12-20 08:00:00,143.55,143.645,143.25999,143.37
2023-12-20 12:00:00,143.375,143.72,143.31,143.69
2023-12-20 16:00:00,143.685,143.94,143.66,143.81
2023-12-20 20:00:00,143.81,143.88499,143.405,143.53
2023-12-21 00:00:00,143.53,143.565,142.81,142.92
2023-12-21 04:00:00,142.91,143.285,142.81,143.25
2023-12-21 08:00:00,143.25999,143.39,142.655,142.735
2023-12-21 12:00:00,142.72,142.97,142.080002,142.16
2023-12-21 16:00:00,142.175,142.44501,142.050003,142.255
2023-12-21 20:00:00,142.24001,142.31,142.014999,142.074997
2023-12-22 00:00:00,142.059998,142.55,141.87,142.535
2023-12-22 04:00:00,142.535,142.55499,142.125,142.23
2023-12-22 08:00:00,142.25,142.38,141.92999,142.0050049
2023-12-22 12:00:00,142.0,142.47,141.89,142.37
2023-12-22 16:00:00,142.38,142.66,142.33,142.505
2023-12-25 16:00:00,142.36501,142.44,142.36501,142.395
2023-12-25 20:00:00,142.39999,142.44,142.14,142.235
2023-12-26 00:00:00,142.255,142.36,142.089996,142.205
2023-12-26 04:00:00,142.2,142.395,142.185,142.33
2023-12-26 08:00:00,142.33,142.53,142.31,142.38
2023-12-26 12:00:00,142.375,142.61,142.245,142.595
2023-12-26 16:00:00,142.61,142.63499,142.405,142.485
2023-12-26 20:00:00,142.47,142.5,142.31,142.495
2023-12-27 00:00:00,142.47,142.845,142.44,142.57001
2023-12-27 04:00:00,142.57001,142.845,142.53,142.78999
2023-12-27 08:00:00,142.78,142.81,142.45,142.55499
2023-12-27 12:00:00,142.55,142.645,142.2,142.205
2023-12-27 16:00:00,142.2,142.25,141.55499,141.88
2023-12-27 20:00:00,141.88499,141.91,141.38,141.44501
2023-12-28 00:00:00,141.41,141.66,141.175,141.325
2023-12-28 04:00:00,141.315,141.325,140.72,140.825
2023-12-28 08:00:00,140.81,141.074997,140.655,140.825
2023-12-28 12:00:00,140.815,141.13499,140.25,140.87
2023-12-28 16:00:00,140.88,141.59,140.87,141.465
2023-12-28 20:00:00,141.45,141.47,141.25,141.455
2023-12-29 00:00:00,141.44,141.66499,141.355,141.485
2023-12-29 04:00:00,141.47501,141.5,141.14,141.41499
2023-12-29 08:00:00,141.41,141.91499,141.33501,141.545
2023-12-29 12:00:00,141.545,141.88,140.905,140.985
2023-12-29 16:00:00,141.0,141.11,140.8,141.024994
2024-01-01 20:00:00,140.83501,141.13,140.82001,141.125
2024-01-02 00:00:00,141.11501,141.67,141.105,141.505
2024-01-02 04:00:00,141.5,141.61,141.34,141.545
2024-01-02 08:00:00,141.53,141.88499,141.295,141.83501
2024-01-02 12:00:00,141.84,142.22,141.5,141.925
2024-01-02 16:00:00,141.92999,142.014999,141.715,141.95
2024-01-02 20:00:00,141.95,142.17999,141.81,142.17
2024-01-03 00:00:00,142.16,142.16499,141.86501,141.895
2024-01-03 04:00:00,141.895,142.47501,141.86,142.425
2024-01-03 08:00:00,142.425,142.99001,142.405,142.94
2024-01-03 12:00:00,142.94,143.74001,142.8,143.61501
2024-01-03 16:00:00,143.59,143.74001,143.14,143.245
2024-01-03 20:00:00,143.245,143.315,142.95,143.014999
2024-01-04 00:00:00,142.97,143.49001,142.86,143.345
2024-01-04 04:00:00,143.345,143.89,143.185,143.38
2024-01-04 08:00:00,143.38,144.30499,143.37,144.245
2024-01-04 12:00:00,144.25,144.86,144.059998,144.66499
2024-01-04 16:00:00,144.66,144.72,144.465,144.57001
2024-01-04 20:00:00,144.56,144.78,144.50999,144.77499
2024-01-05 00:00:00,144.78,144.955,144.655,144.925
2024-01-05 04:00:00,144.925,145.37,144.66,145.085007
2024-01-05 08:00:00,145.080002,145.38,144.855,145.265
2024-01-05 12:00:00,145.28,145.97,143.815,144.13499
2024-01-05 16:00:00,144.125,144.895,144.074997,144.66499
2024-01-07 20:00:00,144.59,144.925,144.53999,144.72
2024-01-08 00:00:00,144.74001,144.8,144.31,144.495
2024-01-08 04:00:00,144.495,144.53999,144.089996,144.42
2024-01-08 08:00:00,144.41499,144.625,144.185,144.58501
2024-01-08 12:00:00,144.605,144.72501,143.855,143.94
2024-01-08 16:00:00,143.92999,144.19,143.66,144.105
2024-01-08 20:00:00,144.105,144.285,144.070007,144.215
2024-01-09 00:00:00,144.22,144.25999,143.425,143.625
2024-01-09 04:00:00,143.625,144.16499,143.57001,144.059998
2024-01-09 08:00:00,144.059998,144.315,143.745,144.095001
2024-01-09 12:00:00,144.059998,144.37,143.66,144.345
2024-01-09 16:00:00,144.315,144.62,144.25999,144.545
2024-01-09 20:00:00,144.55,144.55,144.31,144.45
2024-01-10 00:00:00,144.42999,144.94,144.42999,144.84
2024-01-10 04:00:00,144.86,145.16,144.675,144.95
2024-01-10 08:00:00,144.94,145.16499,144.75999,145.035004
2024-01-10 12:00:00,144.995,145.685,144.99001,145.62
2024-01-10 16:00:00,145.61501,145.825,145.50999,145.69
2024-01-10 20:00:00,145.69,145.84,145.605,145.72
2024-01-11 00:00:00,145.72,145.78,145.31,145.325
2024-01-11 04:00:00,145.315,145.55499,145.28,145.405
2024-01-11 08:00:00,145.39,145.66499,145.33501,145.395
2024-01-11 12:00:00,145.38,146.41499,145.0099945,145.95
2024-01-11 16:00:00,145.955,146.215,145.44,145.47501
2024-01-11 20:00:00,145.485,145.55,144.94,145.105
2024-01-12 00:00:00,145.105,145.41,144.84,144.91499
2024-01-12 04:00:00,144.92999,145.295,144.89,145.155
2024-01-12 08:00:00,145.155,145.295,144.875,145.235
2024-01-12 12:00:00,145.235,145.56,144.36501,144.715
2024-01-12 16:00:00,144.72,145.029999,144.56,144.86501
2024-01-14 20:00:00,144.91499,145.17999,144.86501,145.155
2024-01-15 00:00:00,145.14,145.24001,144.94,145.14
2024-01-15 04:00:00,145.13499,145.56,145.105,145.455
2024-01-15 08:00:00,145.44,145.825,145.31,145.66
2024-01-15 12:00:00,145.675,145.955,145.66,145.795
2024-01-15 16:00:00,145.785,145.86,145.685,145.795
2024-01-15 20:00:00,145.795,145.87,145.69,145.80499
2024-01-16 00:00:00,145.795,146.19501,145.59,146.11501
2024-01-16 04:00:00,146.11,146.28,145.995,146.155
2024-01-16 08:00:00,146.16,146.75,146.0099945,146.61
2024-01-16 12:00:00,146.605,146.80499,146.28,146.7
2024-01-16 16:00:00,146.69,147.325,146.69,147.265
2024-01-16 20:00:00,147.25,147.3,147.080002,147.235
2024-01-17 00:00:00,147.24001,147.49001,147.105,147.33501
2024-01-17 04:00:00,147.33501,147.97,147.28,147.88
2024-01-17 08:00:00,147.875,147.935,147.56,147.66499
2024-01-17 12:00:00,147.67999,148.53,147.58501,148.44
2024-01-17 16:00:00,148.44,148.52499,148.16,148.27
2024-01-17 20:00:00,148.27499,148.30499,148.044998,148.13499
2024-01-18 00:00:00,148.14,148.25,147.875,148.014999
2024-01-18 04:00:00,148.014999,148.065002,147.69,147.785
2024-01-18 08:00:00,147.785,147.97501,147.66,147.825
2024-01-18 12:00:00,147.825,148.31,147.75,148.17999
2024-01-18 16:00:00,148.19,148.265,148.0,148.22
2024-01-18 20:00:00,148.22501,148.28,148.029999,148.125
2024-01-19 00:00:00,148.125,148.47501,147.94,148.22501
2024-01-19 04:00:00,148.24001,148.81,148.19,148.27499
2024-01-19 08:00:00,148.25999,148.36,147.84,147.97501
2024-01-19 12:00:00,147.97,148.535,147.965,148.089996
2024-01-19 16:00:00,148.105,148.315,148.029999,148.185
2024-01-21 20:00:00,148.27499,148.28999,148.085007,148.125
2024-01-22 00:00:00,148.125,148.24001,147.735,147.91499
2024-01-22 04:00:00,147.92,148.13,147.83501,148.054993
2024-01-22 08:00:00,148.050003,148.31,147.855,147.895
2024-01-22 12:00:00,147.89,147.965,147.62,147.855
2024-01-22 16:00:00,147.855,148.155,147.84,148.035004
2024-01-22 20:00:00,148.035004,148.16,147.925,148.145
2024-01-23 00:00:00,148.12,148.55,147.86,147.89
2024-01-23 04:00:00,147.88,148.22,146.99001,147.58501
2024-01-23 08:00:00,147.57001,148.16,147.25,148.024994
2024-01-23 12:00:00,148.024994,148.55,147.875,148.47501
2024-01-23 16:00:00,148.485,148.69501,148.3,148.36501
2024-01-23 20:00:00,148.38,148.435,148.205,148.255
2024-01-24 00:00:00,148.24001,148.25999,147.75,147.80499
2024-01-24 04:00:00,147.795,148.035004,147.7,147.795
2024-01-24 08:00:00,147.785,147.785,147.38,147.52499
2024-01-24 12:00:00,147.50999,147.53,146.66,146.955
2024-01-24 16:00:00,146.94,147.61501,146.89,147.565
2024-01-24 20:00:00,147.565,147.64,147.41,147.605
2024-01-25 00:00:00,147.59,147.86,147.55,147.655
2024-01-25 04:00:00,147.655,147.905,147.53,147.675
2024-01-25 08:00:00,147.675,147.88499,147.47,147.515
2024-01-25 12:00:00,147.515,147.925,147.089996,147.575
2024-01-25 16:00:00,147.58,147.895,147.5,147.84
2024-01-25 20:00:00,147.84,147.855,147.495,147.74001
2024-01-26 00:00:00,147.72,147.845,147.49001,147.66499
2024-01-26 04:00:00,147.66499,147.895,147.655,147.78
2024-01-26 08:00:00,147.77499,148.089996,147.595,147.735
2024-01-26 12:00:00,147.715,148.175,147.41,148.070007
2024-01-26 16:00:00,148.089996,148.205,147.88,148.11
2024-01-28 20:00:00,148.11501,148.19,148.029999,148.185
2024-01-29 00:00:00,148.17999,148.34,148.029999,148.13499
2024-01-29 04:00:00,148.13,148.13,147.75,147.80499
2024-01-29 08:00:00,147.81,147.92999,147.71001,147.875
2024-01-29 12:00:00,147.875,148.095001,147.62,147.66499
2024-01-29 16:00:00,147.66,147.745,147.58501,147.655
2024-01-29 20:00:00,147.64,147.64,147.25,147.495
2024-01-30 00:00:00,147.5,147.5,147.19,147.39999
2024-01-30 04:00:00,147.38,147.41499,147.16,147.215
2024-01-30 08:00:00,147.22501,147.55499,147.21001,147.395
2024-01-30 12:00:00,147.38499,147.895,147.089996,147.85001
2024-01-30 16:00:00,147.86,147.94501,147.58501,147.60001
2024-01-30 20:00:00,147.605,147.675,147.34,147.34
2024-01-31 00:00:00,147.34,147.75,147.19,147.74001
2024-01-31 04:00:00,147.735,147.905,147.575,147.655
2024-01-31 08:00:00,147.64,147.88499,147.405,147.845
2024-01-31 12:00:00,147.845,147.88499,146.14,146.175
2024-01-31 16:00:00,146.17999,146.88,146.0099945,146.38
2024-01-31 20:00:00,146.37,147.44501,146.31,147.014999
2024-02-01 00:00:00,147.0,147.089996,146.47,146.71001
2024-02-01 04:00:00,146.7,147.050003,146.62,146.80499
2024-02-01 08:00:00,146.81,146.91499,146.59,146.845
2024-02-01 12:00:00,146.845,147.12,146.25,146.32001
2024-02-01 16:00:00,146.315,146.49001,145.89999,146.27499
2024-02-01 20:00:00,146.27499,146.515,146.25999,146.465
2024-02-02 00:00:00,146.49001,146.5,146.25,146.38
2024-02-02 04:00:00,146.38,146.64,146.32001,146.625
2024-02-02 08:00:00,146.63,146.8,146.465,146.53
2024-02-02 12:00:00,146.53,148.34,146.50999,148.285
2024-02-02 16:00:00,148.28,148.59,148.19501,148.325
2024-02-04 20:00:00,148.355,148.67,148.33501,148.515
2024-02-05 00:00:00,148.5,148.82001,148.355,148.39999
2024-02-05 04:00:00,148.405,148.505,148.27,148.47501
2024-02-05 08:00:00,148.49001,148.61501,148.31,148.435
2024-02-05 12:00:00,148.435,148.895,148.39,148.86501
2024-02-05 16:00:00,148.87,148.895,148.5,148.69501
2024-02-05 20:00:00,148.7,148.78999,148.605,148.67
2024-02-06 00:00:00,148.67,148.67999,148.455,148.63499
2024-02-06 04:00:00,148.63499,148.63499,148.36501,148.52499
2024-02-06 08:00:00,148.515,148.825,148.495,148.685
2024-02-06 12:00:00,148.69501,148.795,148.0,148.095001
2024-02-06 16:00:00,148.10001,148.19501,147.82001,147.965
2024-02-06 20:00:00,147.965,147.965,147.75,147.83501
2024-02-07 00:00:00,147.82001,148.0,147.72,147.905
2024-02-07 04:00:00,147.905,148.085007,147.75,147.825
2024-02-07 08:00:00,147.82001,148.155,147.81,148.085007
2024-02-07 12:00:00,148.089996,148.265,147.64,147.94501
2024-02-07 16:00:00,147.95,148.22501,147.88,148.13499
2024-02-07 20:00:00,148.13499,148.235,147.995,148.085007
2024-02-08 00:00:00,148.089996,148.41,147.935,148.36501
2024-02-08 04:00:00,148.355,148.81,148.33,148.735
2024-02-08 08:00:00,148.72,149.27499,148.645,149.16499
2024-02-08 12:00:00,149.16499,149.495,149.089996,149.435
2024-02-08 16:00:00,149.42999,149.465,149.12,149.395
2024-02-08 20:00:00,149.38,149.41499,149.25,149.265
2024-02-09 00:00:00,149.265,149.495,149.235,149.45
2024-02-09 04:00:00,149.42999,149.47,149.22,149.395
2024-02-09 08:00:00,149.39,149.575,149.25999,149.39999
2024-02-09 12:00:00,149.41,149.545,149.0099945,149.33
2024-02-09 16:00:00,149.32001,149.425,149.27499,149.355
2024-02-09 20:00:00,149.355,149.375,149.25,149.285
2024-02-11 20:00:00,149.22501,149.30499,149.089996,149.185
2024-02-12 00:00:00,149.17999,149.255,149.11501,149.245
2024-02-12 04:00:00,149.255,149.255,149.044998,149.089996
2024-02-12 08:00:00,149.10001,149.19,148.995,149.024994
2024-02-12 12:00:00,149.020004,149.47501,148.92999,149.465
2024-02-12 16:00:00,149.465,149.485,149.245,149.41499
2024-02-12 20:00:00,149.41499,149.41499,149.27499,149.41499
2024-02-13 00:00:00,149.42,149.535,149.28,149.535
2024-02-13 04:00:00,149.535,149.655,149.45,149.59
2024-02-13 08:00:00,149.605,149.69501,149.38,149.38499
2024-02-13 12:00:00,149.38,150.61,149.28,150.595
2024-02-13 16:00:00,150.605,150.88,150.52,150.88
2024-02-13 20:00:00,150.875,150.875,150.58501,150.72501
2024-02-14 00:00:00,150.72501,150.78,150.495,150.52
2024-02-14 04:00:00,150.52499,150.565,150.355,150.44501
2024-02-14 08:00:00,150.44,150.69501,150.39999,150.575
2024-02-14 12:00:00,150.58501,150.75,150.495,150.645
2024-02-14 16:00:00,150.62,150.625,150.355,150.55
2024-02-14 20:00:00,150.575,150.625,150.425,150.565
2024-02-15 00:00:00,150.56,150.56,150.14,150.265
2024-02-15 04:00:00,150.27499,150.28,150.059998,150.205
2024-02-15 08:00:00,150.205,150.22,149.925,150.074997
2024-02-15 12:00:00,150.074997,150.145,149.53999,150.050003
2024-02-15 16:00:00,150.059998,150.25,149.855,149.95
2024-02-15 20:00:00,149.96001,150.014999,149.83,149.965
2024-02-16 00:00:00,149.96001,150.37,149.92999,150.315
2024-02-16 04:00:00,150.315,150.345,150.14,150.235
2024-02-16 08:00:00,150.24001,150.31,150.14,150.17999
2024-02-16 12:00:00,150.17999,150.645,150.11501,150.245
2024-02-16 16:00:00,150.24001,150.395,150.089996,150.235
2024-02-16 20:00:00,150.23,150.285,150.16,150.17999
2024-02-18 20:00:00,150.095001,150.235,150.039993,150.14999
2024-02-19 00:00:00,150.145,150.14999,149.88,149.935
2024-02-19 04:00:00,149.935,150.039993,149.925,149.98
2024-02-19 08:00:00,149.97,150.035004,149.89,149.985
2024-02-19 12:00:00,149.985,150.16499,149.94,150.16499
2024-02-19 16:00:00,150.16499,150.215,150.13,150.14
2024-02-19 20:00:00,150.14,150.31,150.089996,150.27499
2024-02-20 00:00:00,150.265,150.37,150.19,150.315
2024-02-20 04:00:00,150.32001,150.44,150.295,150.36
2024-02-20 08:00:00,150.375,150.39,150.11501,150.23
2024-02-20 12:00:00,150.22,150.245,149.69,149.78999
2024-02-20 16:00:00,149.78,150.035004,149.745,150.024994
2024-02-20 20:00:00,150.020004,150.074997,149.88499,149.965
2024-02-21 00:00:00,149.97,150.095001,149.855,149.88
2024-02-21 04:00:00,149.875,150.16,149.87,150.14999
2024-02-21 08:00:00,150.16,150.19501,149.985,150.074997
2024-02-21 12:00:00,150.065002,150.265,149.935,150.25
2024-02-21 16:00:00,150.25,150.395,150.13,150.2
2024-02-21 20:00:00,150.205,150.38,150.175,150.36
2024-02-22 00:00:00,150.345,150.47,150.3,150.42
2024-02-22 04:00:00,150.425,150.455,150.085007,150.13499
2024-02-22 08:00:00,150.13499,150.295,150.014999,150.22501
2024-02-22 12:00:00,150.22,150.645,150.205,150.515
2024-02-22 16:00:00,150.5,150.69,150.48,150.55
2024-02-22 20:00:00,150.55,150.575,150.45,150.48
2024-02-23 00:00:00,150.47,150.56,150.375,150.485
2024-02-23 04:00:00,150.48,150.66499,150.46001,150.575
2024-02-23 08:00:00,150.55499,150.785,150.52499,150.655
2024-02-23 12:00:00,150.66,150.66,150.32001,150.52499
2024-02-23 16:00:00,150.53,150.545,150.3,150.455
2024-02-23 20:00:00,150.45,150.55499,150.44,150.52499
2024-02-25 20:00:00,150.505,150.57001,150.39,150.505
2024-02-26 00:00:00,150.49001,150.5,150.295,150.47501
2024-02-26 04:00:00,150.47,150.52499,150.36501,150.455
2024-02-26 08:00:00,150.47,150.7,150.41,150.69
2024-02-26 12:00:00,150.685,150.81,150.53,150.74001
2024-02-26 16:00:00,150.765,150.84,150.72,150.765
2024-02-26 20:00:00,150.765,150.765,150.5,150.575
2024-02-27 00:00:00,150.57001,150.61,150.425,150.425
2024-02-27 04:00:00,150.425,150.545,150.32001,150.355
2024-02-27 08:00:00,150.355,150.38,150.12,150.32001
2024-02-27 12:00:00,150.315,150.565,150.080002,150.44501
2024-02-27 16:00:00,150.44,150.59,150.31,150.535
2024-02-27 20:00:00,150.53,150.545,150.455,150.50999
2024-02-28 00:00:00,150.50999,150.545,150.375,150.535
2024-02-28 04:00:00,150.535,150.755,150.50999,150.745
2024-02-28 08:00:00,150.74001,150.80499,150.62,150.63
2024-02-28 12:00:00,150.63499,150.845,150.53,150.8
2024-02-28 16:00:00,150.815,150.815,150.64,150.7
2024-02-28 20:00:00,150.69501,150.72501,150.535,150.66
2024-02-29 00:00:00,150.66,150.66,149.715,149.80499
2024-02-29 04:00:00,149.815,150.11,149.625,149.66
2024-02-29 08:00:00,149.675,150.11,149.62,149.97501
2024-02-29 12:00:00,149.97501,150.16,149.21001,149.64999
2024-02-29 16:00:00,149.64,150.050003,149.64,149.965
2024-02-29 20:00:00,149.965,150.19,149.905,150.074997
2024-03-01 00:00:00,150.074997,150.41499,150.059998,150.325
2024-03-01 04:00:00,150.325,150.505,150.325,150.5
2024-03-01 08:00:00,150.495,150.69,150.30499,150.38499
2024-03-01 12:00:00,150.39,150.72,150.085007,150.13499
2024-03-01 16:00:00,150.13,150.27499,150.054993,150.11501
2024-03-01 20:00:00,150.11501,150.16499,150.089996,150.13
2024-03-03 20:00:00,150.024994,150.16,150.024994,150.13
2024-03-04 00:00:00,150.12,150.21001,149.84,150.16499
2024-03-04 04:00:00,150.16499,150.435,150.14,150.355
2024-03-04 08:00:00,150.31,150.505,150.175,150.425
2024-03-04 12:00:00,150.425,150.605,150.31,150.485
2024-03-04 16:00:00,150.49001,150.645,150.435,150.53999
2024-03-04 20:00:00,150.56,150.63499,150.38,150.455
2024-03-05 00:00:00,150.44,150.53999,150.355,150.5
2024-03-05 04:00:00,150.5,150.63499,150.35001,150.44501
2024-03-05 08:00:00,150.42,150.515,150.34,150.41499
2024-03-05 12:00:00,150.425,150.515,149.71001,149.985
2024-03-05 16:00:00,149.97,150.235,149.92999,149.935
2024-03-05 20:00:00,149.94,150.085007,149.81,150.059998
2024-03-06 00:00:00,150.054993,150.089996,149.89,149.98
2024-03-06 04:00:00,149.97,150.029999,149.33,149.55499
2024-03-06 08:00:00,149.53999,149.905,149.53,149.715
2024-03-06 12:00:00,149.715,149.785,149.25999,149.37
2024-03-06 16:00:00,149.37,149.495,149.089996,149.38499
2024-03-06 20:00:00,149.36,149.485,149.19,149.27499
2024-03-07 00:00:00,149.25999,149.27,148.56,148.67
2024-03-07 04:00:00,148.675,148.715,147.94,147.94501
2024-03-07 08:00:00,147.94,148.145,147.77,147.83501
2024-03-07 12:00:00,147.84,148.30499,147.59,148.145
2024-03-07 16:00:00,148.13,148.265,147.89,148.0050049
2024-03-07 20:00:00,148.0050049,148.175,147.83,147.86501
2024-03-08 00:00:00,147.86501,148.12,147.52499,147.815
2024-03-08 04:00:00,147.81,148.050003,147.77499,147.88499
2024-03-08 08:00:00,147.88499,147.995,146.88,147.10001
2024-03-08 12:00:00,147.089996,147.47,146.49001,147.035004
2024-03-08 16:00:00,147.029999,147.295,146.995,147.050003
2024-03-08 20:00:00,147.054993,147.125,147.029999,147.074997
2024-03-10 20:00:00,147.039993,147.13499,146.71001,146.795
2024-03-11 00:00:00,146.78,147.089996,146.53999,146.92999
2024-03-11 04:00:00,146.935,147.089996,146.73,146.765
2024-03-11 08:00:00,146.74001,146.875,146.49001,146.64999
2024-03-11 12:00:00,146.66,147.16499,146.62,146.86
2024-03-11 16:00:00,146.87,147.059998,146.74001,146.965
2024-03-11 20:00:00,146.97,147.024994,146.72,146.72501
2024-03-12 00:00:00,146.72,147.44,146.62,147.39
2024-03-12 04:00:00,147.395,147.625,147.22,147.33501
2024-03-12 08:00:00,147.34,147.565,147.28,147.42999
2024-03-12 12:00:00,147.44,148.14999,147.080002,147.69501
2024-03-12 16:00:00,147.69,147.8,147.64,147.67999
2024-03-12 20:00:00,147.69,147.705,147.55,147.625
2024-03-13 00:00:00,147.62,147.63499,147.24001,147.38499
2024-03-13 04:00:00,147.38499,147.795,147.38,147.69
2024-03-13 08:00:00,147.67999,148.050003,147.64,147.97501
2024-03-13 12:00:00,147.97501,148.024994,147.685,147.73
2024-03-13 16:00:00,147.75,147.86501,147.46001,147.845
2024-03-13 20:00:00,147.84,147.875,147.59,147.59
2024-03-14 00:00:00,147.59,147.92999,147.53,147.86501
2024-03-14 04:00:00,147.87,147.97501,147.81,147.87
2024-03-14 08:00:00,147.87,147.91499,147.67,147.71001
2024-03-14 12:00:00,147.69,148.325,147.44,148.19501
2024-03-14 16:00:00,148.19501,148.36,148.105,148.24001
2024-03-14 20:00:00,148.24001,148.36,148.215,148.325
2024-03-15 00:00:00,148.3,148.66,148.27,148.375
2024-03-15 04:00:00,148.38,148.60001,148.029999,148.575
2024-03-15 08:00:00,148.57001,148.84,148.57001,148.66
2024-03-15 12:00:00,148.655,149.145,148.62,149.14
2024-03-15 16:00:00,149.145,149.185,148.97501,149.085007
2024-03-15 20:00:00,149.070007,149.11501,149.029999,149.074997
2024-03-17 20:00:00,149.059998,149.105,148.935,148.955
2024-03-18 00:00:00,148.94,149.33,148.905,149.095001
2024-03-18 04:00:00,149.095001,149.325,149.070007,149.125
2024-03-18 08:00:00,149.125,149.295,149.014999,149.035004
2024-03-18 12:00:00,149.029999,149.325,149.0099945,149.13499
2024-03-18 16:00:00,149.13499,149.255,148.92999,149.185
2024-03-18 20:00:00,149.19,149.265,149.029999,149.17
2024-03-19 00:00:00,149.14,149.925,149.0099945,149.69
2024-03-19 04:00:00,149.7,150.49001,149.66499,150.265
2024-03-19 08:00:00,150.265,150.7,150.19501,150.395
2024-03-19 12:00:00,150.38,150.86,150.34,150.735
2024-03-19 16:00:00,150.74001,150.97,150.715,150.895
2024-03-19 20:00:00,150.89999,151.065002,150.77,151.024994
2024-03-20 00:00:00,151.024994,151.34,151.0,151.315
2024-03-20 04:00:00,151.315,151.59,151.315,151.49001
2024-03-20 08:00:00,151.47501,151.825,151.425,151.71001
2024-03-20 12:00:00,151.7,151.86501,151.53,151.66499
2024-03-20 16:00:00,151.66,151.72,150.75,151.205
2024-03-20 20:00:00,151.22,151.435,150.69,150.74001
2024-03-21 00:00:00,150.745,150.87,150.27,150.495
2024-03-21 04:00:00,150.49001,151.22501,150.45,151.22501
2024-03-21 08:00:00,151.23,151.455,150.88,151.145
2024-03-21 12:00:00,151.11,151.69501,151.0099945,151.595
2024-03-21 16:00:00,151.59,151.77499,151.57001,151.685
2024-03-21 20:00:00,151.69,151.705,151.545,151.63499
2024-03-22 00:00:00,151.62,151.87,151.42,151.57001
2024-03-22 04:00:00,151.57001,151.61,151.25999,151.41499
2024-03-22 08:00:00,151.41,151.705,151.31,151.47501
2024-03-22 12:00:00,151.46001,151.505,151.0,151.355
2024-03-22 16:00:00,151.34,151.485,151.33501,151.42
2024-03-22 20:00:00,151.42999,151.465,151.34,151.45
2024-03-24 20:00:00,151.41,151.44,151.085007,151.33
2024-03-25 00:00:00,151.31,151.42999,151.059998,151.245
2024-03-25 04:00:00,151.24001,151.38,151.17,151.325
2024-03-25 08:00:00,151.31,151.44501,151.22,151.295
2024-03-25 12:00:00,151.295,151.44,151.125,151.42999
2024-03-25 16:00:00,151.425,151.55,151.41499,151.44
2024-03-25 20:00:00,151.44501,151.47,151.36501,151.39
2024-03-26 00:00:00,151.38,151.44501,151.22,151.405
2024-03-26 04:00:00,151.405,151.42999,151.25999,151.325
2024-03-26 08:00:00,151.325,151.405,151.205,151.405
2024-03-26 12:00:00,151.38499,151.61501,151.30499,151.57001
2024-03-26 16:00:00,151.59,151.59,151.44,151.58
2024-03-26 20:00:00,151.58,151.605,151.5,151.52499
2024-03-27 00:00:00,151.52499,151.97,151.45,151.705
2024-03-27 04:00:00,151.705,151.8,151.60001,151.705
2024-03-27 08:00:00,151.71001,151.84,151.029999,151.23
2024-03-27 12:00:00,151.22,151.38,151.17,151.34
2024-03-27 16:00:00,151.345,151.435,151.28,151.325
2024-03-27 20:00:00,151.325,151.41,151.25,151.31
2024-03-28 00:00:00,151.28,151.55,151.25999,151.375
2024-03-28 04:00:00,151.37,151.455,151.25,151.435
2024-03-28 08:00:00,151.44,151.505,151.33,151.36501
2024-03-28 12:00:00,151.38,151.39,151.14999,151.345
2024-03-28 16:00:00,151.36,151.435,151.245,151.39
2024-03-28 20:00:00,151.39,151.47501,151.36,151.45
2024-03-29 00:00:00,151.44,151.5,151.19,151.295
2024-03-29 04:00:00,151.295,151.45,151.265,151.345
2024-03-29 08:00:00,151.35001,151.375,151.28999,151.355
2024-03-29 12:00:00,151.35001,151.375,151.17999,151.24001
2024-03-29 16:00:00,151.24001,151.455,151.23,151.35001
2024-03-29 20:00:00,151.35001,151.41499,151.32001,151.375
2024-03-31 20:00:00,151.3,151.42999,151.22,151.41
2024-04-01 00:00:00,151.405,151.435,151.25,151.355
2024-04-01 04:00:00,151.355,151.41499,151.30499,151.345
2024-04-01 08:00:00,151.345,151.41,151.325,151.39999
2024-04-01 12:00:00,151.395,151.78,151.39,151.72501
2024-04-01 16:00:00,151.72501,151.75,151.575,151.645
2024-04-01 20:00:00,151.64,151.7,151.57001,151.595
2024-04-02 00:00:00,151.59,151.785,151.5,151.765
2024-04-02 04:00:00,151.765,151.8,151.66,151.67999
2024-04-02 08:00:00,151.67999,151.735,151.55,151.655
2024-04-02 12:00:00,151.66,151.72501,151.465,151.56
2024-04-02 16:00:00,151.56,151.63499,151.53999,151.57001
2024-04-02 20:00:00,151.56,151.605,151.5,151.55499
2024-04-03 00:00:00,151.55,151.645,151.44,151.565
2024-04-03 04:00:00,151.56,151.74001,151.53,151.67999
2024-04-03 08:00:00,151.685,151.80499,151.67999,151.77499
2024-04-03 12:00:00,151.77499,151.955,151.66,151.675
2024-04-03 16:00:00,151.67999,151.75,151.58,151.685
2024-04-03 20:00:00,151.685,151.705,151.56,151.59
2024-04-04 00:00:00,151.58,151.72501,151.545,151.67
2024-04-04 04:00:00,151.675,151.755,151.59,151.685
2024-04-04 08:00:00,151.69,151.785,151.63,151.745
2024-04-04 12:00:00,151.74001,151.77499,151.5,151.66499
2024-04-04 16:00:00,151.66,151.69,151.12,151.22501
2024-04-04 20:00:00,151.24001,151.355,151.19,151.295
2024-04-05 00:00:00,151.3,151.345,150.81,151.27499
2024-04-05 04:00:00,151.265,151.36,151.089996,151.33501
2024-04-05 08:00:00,151.34,151.465,151.31,151.38499
2024-04-05 12:00:00,151.375,151.765,151.27499,151.595
2024-04-05 16:00:00,151.595,151.66499,151.53,151.655
2024-04-05 20:00:00,151.645,151.655,151.605,151.62
2024-04-07 21:00:00,151.7,151.78,151.64,151.71001
2024-04-08 01:00:00,151.72,151.81,151.67999,151.795
2024-04-08 05:00:00,151.795,151.925,151.75,151.905
2024-04-08 09:00:00,151.925,151.955,151.82001,151.89
2024-04-08 13:00:00,151.88,151.88,151.72,151.83501
2024-04-08 17:00:00,151.84,151.86501,151.72,151.845
2024-04-08 21:00:00,151.795,151.92,151.77499,151.91499
2024-04-09 01:00:00,151.905,151.92,151.81,151.895
2024-04-09 05:00:00,151.895,151.94501,151.86501,151.88499
2024-04-09 09:00:00,151.89,151.905,151.735,151.77499
2024-04-09 13:00:00,151.77499,151.795,151.575,151.66499
2024-04-09 17:00:00,151.675,151.795,151.66,151.785
2024-04-09 21:00:00,151.785,151.78999,151.685,151.72501
2024-04-10 01:00:00,151.72501,151.795,151.7,151.785
2024-04-10 05:00:00,151.8,151.895,151.77499,151.85001
2024-04-10 09:00:00,151.855,152.50999,151.78,152.38
2024-04-10 13:00:00,152.395,152.97501,152.375,152.94501
2024-04-10 17:00:00,152.94,153.24001,152.64999,153.19501
2024-04-10 21:00:00,153.185,153.185,152.80499,152.845
2024-04-11 01:00:00,152.83501,152.97,152.75,152.895
2024-04-11 05:00:00,152.89,153.28999,152.88499,153.24001
2024-04-11 09:00:00,153.28,153.285,152.8,152.84
2024-04-11 13:00:00,152.84,153.32001,152.84,153.235
2024-04-11 17:00:00,153.25,153.28999,153.085007,153.27
2024-04-11 21:00:00,153.27499,153.28999,152.97,152.97
2024-04-12 01:00:00,152.97501,153.285,152.97501,153.245
2024-04-12 05:00:00,153.245,153.38,153.13,153.30499
2024-04-12 09:00:00,153.31,153.36501,152.80499,152.85001
2024-04-12 13:00:00,152.855,153.16499,152.59,153.105
2024-04-12 17:00:00,153.105,153.32001,153.050003,153.30499
2024-04-14 21:00:00,153.28,153.46001,153.235,153.46001
2024-04-15 01:00:00,153.47,153.855,153.45,153.795
2024-04-15 05:00:00,153.78,153.97,153.7,153.86501
2024-04-15 09:00:00,153.875,154.41,153.75999,154.2
2024-04-15 13:00:00,154.19,154.455,153.88,154.315
2024-04-15 17:00:00,154.30499,154.30499,154.11501,154.27499
2024-04-15 21:00:00,154.285,154.37,154.13,154.295
2024-04-16 01:00:00,154.3,154.42999,154.24001,154.27499
2024-04-16 05:00:00,154.27499,154.61501,154.25999,154.50999
2024-04-16 09:00:00,154.505,154.71001,154.47,154.64
2024-04-16 13:00:00,154.66,154.785,153.92999,154.58501
2024-04-16 17:00:00,154.58,154.785,154.57001,154.715
2024-04-16 21:00:00,154.715,154.74001,154.605,154.7
2024-04-17 01:00:00,154.7,154.735,154.605,154.735
2024-04-17 05:00:00,154.655,154.715,154.45,154.55499
2024-04-17 09:00:00,154.565,154.735,154.505,154.625
2024-04-17 13:00:00,154.63,154.755,154.245,154.27499
2024-04-17 17:00:00,154.28,154.455,154.16,154.38499
2024-04-17 21:00:00,154.38499,154.41,154.2,154.285
2024-04-18 01:00:00,154.3,154.36501,153.96001,154.295
2024-04-18 05:00:00,154.295,154.38499,154.059998,154.36
2024-04-18 09:00:00,154.355,154.52499,154.31,154.37
2024-04-18 13:00:00,154.36,154.66,154.34,154.625
2024-04-18 17:00:00,154.625,154.715,154.55,154.645
2024-04-18 21:00:00,154.64999,154.67999,154.53999,154.625
2024-04-19 01:00:00,154.625,154.625,153.59,154.33
2024-04-19 05:00:00,154.325,154.535,154.215,154.41
2024-04-19 09:00:00,154.41499,154.61,154.39999,154.535
2024-04-19 13:00:00,154.53999,154.63,154.46001,154.58501
2024-04-19 17:00:00,154.575,154.66,154.55499,154.64
2024-04-21 21:00:00,154.62,154.74001,154.545,154.66499
2024-04-22 01:00:00,154.67999,154.72501,154.58501,154.715
2024-04-22 05:00:00,154.715,154.765,154.59,154.72501
2024-04-22 09:00:00,154.72501,154.795,154.685,154.765
2024-04-22 13:00:00,154.75,154.85001,154.7,154.80499
2024-04-22 17:00:00,154.8,154.88499,154.75999,154.845
2024-04-22 21:00:00,154.83501,154.85001,154.715,154.785
2024-04-23 01:00:00,154.795,154.80499,154.66,154.745
2024-04-23 05:00:00,154.75,154.87,154.715,154.845
2024-04-23 09:00:00,154.845,154.86,154.75999,154.815
2024-04-23 13:00:00,154.81,154.88,154.57001,154.825
2024-04-23 17:00:00,154.825,154.845,154.56,154.83501
2024-04-23 21:00:00,154.83,154.83,154.735,154.795
2024-04-24 01:00:00,154.795,154.895,154.77499,154.84
2024-04-24 05:00:00,154.84,154.965,154.78,154.89999
2024-04-24 09:00:00,154.905,155.17,154.81,154.965
2024-04-24 13:00:00,154.955,155.145,154.84,155.11501
2024-04-24 17:00:00,155.11501,155.38,155.085007,155.345
2024-04-24 21:00:00,155.315,155.41499,155.2,155.38
2024-04-25 01:00:00,155.375,155.625,155.355,155.605
2024-04-25 05:00:00,155.595,155.75,155.56,155.67999
2024-04-25 09:00:00,155.675,155.755,155.315,155.67999
2024-04-25 13:00:00,155.67999,155.69,155.375,155.515
2024-04-25 17:00:00,155.515,155.66,155.47,155.655
2024-04-25 21:00:00,155.61501,155.66,155.545,155.64
2024-04-26 01:00:00,155.64,156.22,155.42,156.2
2024-04-26 05:00:00,156.2,156.825,155.0,156.53999
2024-04-26 09:00:00,156.56,156.955,156.37,156.83501
2024-04-26 13:00:00,156.83501,157.78999,156.77499,157.655
2024-04-26 17:00:00,157.66,158.44,157.59,158.345
2024-04-28 21:00:00,158.24001,158.33501,158.054993,158.19
2024-04-29 01:00:00,158.2,160.2,155.245,156.435
2024-04-29 05:00:00,156.32001,157.24001,154.52499,155.88
2024-04-29 09:00:00,155.88,156.515,155.47,156.42999
2024-04-29 13:00:00,156.42,156.89,155.080002,155.86
2024-04-29 17:00:00,155.84,156.37,155.62,156.345
2024-04-29 21:00:00,156.33501,156.84,156.070007,156.815
2024-04-30 01:00:00,156.815,156.99001,156.62,156.75
2024-04-30 05:00:00,156.75,156.995,156.48,156.94501
2024-04-30 09:00:00,156.95,157.515,156.85001,157.45
2024-04-30 13:00:00,157.455,157.61501,157.25,157.47501
2024-04-30 17:00:00,157.47501,157.855,157.44,157.81
2024-04-30 21:00:00,157.81,157.86,157.655,157.755
2024-05-01 01:00:00,157.75,157.92999,157.735,157.855
2024-05-01 05:00:00,157.87,158.035004,157.82001,157.955
2024-05-01 09:00:00,157.97,158.024994,157.75999,157.785
2024-05-01 13:00:00,157.78999,157.855,157.39,157.61501
2024-05-01 17:00:00,157.61501,157.74001,153.029999,154.485
2024-05-01 21:00:00,154.75,156.089996,154.22,156.020004
2024-05-02 01:00:00,156.029999,156.285,155.7,155.84
2024-05-02 05:00:00,155.83,155.91499,155.105,155.155
2024-05-02 09:00:00,155.14,155.36501,154.405,154.52
2024-05-02 13:00:00,154.50999,154.795,153.49001,153.77
2024-05-02 17:00:00,153.78,153.815,153.059998,153.645
2024-05-02 21:00:00,153.655,153.8,152.88,153.16
2024-05-03 01:00:00,153.145,153.24001,152.75,152.92
2024-05-03 05:00:00,152.92999,153.345,152.86,153.185
2024-05-03 09:00:00,153.19501,153.315,151.86501,152.205
2024-05-03 13:00:00,152.22,153.070007,152.17,152.895
2024-05-03 17:00:00,152.87,152.995,152.84,152.995
2024-05-05 21:00:00,153.24001,153.75,153.12,153.42
2024-05-06 01:00:00,153.41,154.0050049,153.34,153.925
2024-05-06 05:00:00,153.94,153.97501,153.66,153.735
2024-05-06 09:00:00,153.72501,153.845,153.41,153.52
2024-05-06 13:00:00,153.52499,154.0050049,153.5,153.905
2024-05-06 17:00:00,153.905,153.97,153.81,153.91499
2024-05-06 21:00:00,153.895,154.28999,153.86501,153.935
2024-05-07 01:00:00,153.935,154.64999,153.88,154.47501
2024-05-07 05:00:00,154.49001,154.575,153.97,154.405
2024-05-07 09:00:00,154.405,154.63499,154.38,154.405
2024-05-07 13:00:00,154.41,154.595,154.24001,154.505
2024-05-07 17:00:00,154.5,154.765,154.455,154.705
2024-05-07 21:00:00,154.69501,154.92999,154.565,154.89
2024-05-08 01:00:00,154.895,155.265,154.88,155.185
2024-05-08 05:00:00,155.17999,155.45,155.12,155.42999
2024-05-08 09:00:00,155.435,155.67,155.28,155.61
2024-05-08 13:00:00,155.61501,155.66499,155.37,155.53999
2024-05-08 17:00:00,155.53999,155.66499,155.495,155.495
2024-05-08 21:00:00,155.495,155.7,155.16,155.63499
2024-05-09 01:00:00,155.62,155.67,155.44,155.575
2024-05-09 05:00:00,155.56,155.88499,155.545,155.84
2024-05-09 09:00:00,155.85001,155.965,155.52,155.71001
2024-05-09 13:00:00,155.71001,155.8,155.44,155.625
2024-05-09 17:00:00,155.63,155.64,155.405,155.47501
2024-05-09 21:00:00,155.52499,155.61,155.25999,155.535
2024-05-10 01:00:00,155.535,155.77499,155.465,155.675
2024-05-10 05:00:00,155.675,155.785,155.5,155.735
2024-05-10 09:00:00,155.71001,155.88,155.66,155.825
2024-05-10 13:00:00,155.825,155.91,155.605,155.83501
2024-05-10 17:00:00,155.82001,155.895,155.74001,155.78
2024-05-12 21:00:00,155.8,155.955,155.75999,155.92
2024-05-13 01:00:00,155.94,155.955,155.52,155.80499
2024-05-13 05:00:00,155.80499,155.94501,155.77,155.88
2024-05-13 09:00:00,155.88,155.965,155.72,155.755
2024-05-13 13:00:00,155.77499,156.285,155.69,156.22501
2024-05-13 17:00:00,156.22501,156.295,156.17,156.235
2024-05-13 21:00:00,156.21001,156.395,156.145,156.295
2024-05-14 01:00:00,156.295,156.505,156.295,156.41499
2024-05-14 05:00:00,156.41,156.575,156.39,156.465
2024-05-14 09:00:00,156.455,156.75999,156.28999,156.575
2024-05-14 13:00:00,156.59,156.66,156.23,156.48
2024-05-14 17:00:00,156.48,156.58501,156.38,156.425
2024-05-14 21:00:00,156.425,156.56,156.38,156.39
2024-05-15 01:00:00,156.39,156.48,156.31,156.36501
2024-05-15 05:00:00,156.37,156.395,155.57001,155.64999
2024-05-15 09:00:00,155.655,155.895,154.75999,155.125
2024-05-15 13:00:00,155.12,155.815,154.745,154.985
2024-05-15 17:00:00,154.99001,155.054993,154.69,154.88
2024-05-15 21:00:00,154.88,154.88,153.60001,153.66499
2024-05-16 01:00:00,153.66,154.31,153.62,153.94
2024-05-16 05:00:00,153.935,154.815,153.855,154.715
2024-05-16 09:00:00,154.7,155.34,154.61501,155.31
2024-05-16 13:00:00,155.315,155.535,155.175,155.265
2024-05-16 17:00:00,155.265,155.465,155.215,155.38499
2024-05-16 21:00:00,155.395,155.595,155.32001,155.44501
2024-05-17 01:00:00,155.45,155.92999,155.42,155.825
2024-05-17 05:00:00,155.80499,155.995,155.59,155.86501
2024-05-17 09:00:00,155.86501,155.97501,155.715,155.78999
2024-05-17 13:00:00,155.785,155.80499,155.25,155.625
2024-05-17 17:00:00,155.625,155.745,155.58501,155.655
2024-05-19 21:00:00,155.7,155.88,155.69,155.88
2024-05-20 01:00:00,155.875,155.94,155.66,155.765
2024-05-20 05:00:00,155.78,155.8,155.5,155.685
2024-05-20 09:00:00,155.69,156.235,155.63,156.155
2024-05-20 13:00:00,156.155,156.19501,156.0,156.105
2024-05-20 17:00:00,156.11,156.31,156.044998,156.255
2024-05-20 21:00:00,156.25,156.47,156.175,156.425
2024-05-21 01:00:00,156.42999,156.55,156.38499,156.45
2024-05-21 05:00:00,156.45,156.47,156.029999,156.255
2024-05-21 09:00:00,156.25999,156.395,156.080002,156.245
2024-05-21 13:00:00,156.245,156.44,155.84,156.125
2024-05-21 17:00:00,156.12,156.265,156.105,156.185
2024-05-21 21:00:00,156.16499,156.28999,156.12,156.27499
2024-05-22 01:00:00,156.28,156.395,156.21001,156.355
2024-05-22 05:00:00,156.35001,156.505,156.27499,156.485
2024-05-22 09:00:00,156.485,156.62,156.39,156.545
2024-05-22 13:00:00,156.53999,156.565,156.35001,156.485
2024-05-22 17:00:00,156.5,156.845,156.44,156.825
2024-05-22 21:00:00,156.785,156.83501,156.66,156.795
2024-05-23 01:00:00,156.81,156.91,156.64,156.715
2024-05-23 05:00:00,156.72,156.8,156.56,156.75999
2024-05-23 09:00:00,156.755,156.785,156.53,156.755
2024-05-23 13:00:00,156.75999,157.19501,156.56,157.044998
2024-05-23 17:00:00,157.050003,157.059998,156.83,156.91499
2024-05-23 21:00:00,156.935,157.145,156.89,157.035004
2024-05-24 01:00:00,157.039993,157.155,156.995,157.085007
2024-05-24 05:00:00,157.089996,157.12,157.0,157.035004
2024-05-24 09:00:00,157.029999,157.125,156.935,157.074997
2024-05-24 13:00:00,157.070007,157.13499,156.82001,156.91
2024-05-24 17:00:00,156.92,157.0050049,156.88,157.0050049
2024-05-26 21:00:00,156.86,156.92999,156.75,156.83501
2024-05-27 01:00:00,156.83501,156.845,156.66,156.77499
2024-05-27 05:00:00,156.77499,156.965,156.72501,156.95
2024-05-27 09:00:00,156.95,156.95,156.82001,156.82001
2024-05-27 13:00:00,156.825,156.91499,156.71001,156.89999
2024-05-27 17:00:00,156.91,156.94,156.84,156.875
2024-05-27 21:00:00,156.875,156.955,156.78,156.895
2024-05-28 01:00:00,156.895,156.92999,156.62,156.67999
2024-05-28 05:00:00,156.69,156.955,156.66,156.88
2024-05-28 09:00:00,156.875,157.0,156.655,156.66499
2024-05-28 13:00:00,156.685,157.0,156.59,156.965
2024-05-28 17:00:00,156.965,157.2,156.965,157.19501
2024-05-28 21:00:00,157.16499,157.41,157.11501,157.37
2024-05-29 01:00:00,157.37,157.38499,157.19501,157.255
2024-05-29 05:00:00,157.255,157.285,156.94,157.105
2024-05-29 09:00:00,157.089996,157.30499,157.089996,157.19501
2024-05-29 13:00:00,157.19501,157.765,157.16,157.69
2024-05-29 17:00:00,157.685,157.785,157.62,157.655
2024-05-29 21:00:00,157.61501,157.67999,157.30499,157.36501
2024-05-30 01:00:00,157.37,157.455,157.12,157.17999
2024-05-30 05:00:00,157.19,157.245,156.53999,156.94501
2024-05-30 09:00:00,156.94501,157.105,156.57001,156.66
2024-05-30 13:00:00,156.64,156.845,156.38,156.67999
2024-05-30 17:00:00,156.705,156.88,156.66499,156.825
2024-05-30 21:00:00,156.825,157.029999,156.605,156.745
2024-05-31 01:00:00,156.745,156.925,156.57001,156.705
2024-05-31 05:00:00,156.72,157.32001,156.69,157.295
2024-05-31 09:00:00,157.30499,157.37,156.75,156.855
2024-05-31 13:00:00,156.87,157.285,156.56,157.17999
2024-05-31 17:00:00,157.185,157.375,157.175,157.285
2024-06-02 21:00:00,157.28,157.31,157.050003,157.095001
2024-06-03 01:00:00,157.089996,157.47501,157.0,157.41499
2024-06-03 05:00:00,157.41499,157.47501,157.0,157.074997
2024-06-03 09:00:00,157.059998,157.14999,156.64,156.785
2024-06-03 13:00:00,156.785,156.845,155.95,156.065002
2024-06-03 17:00:00,156.065002,156.295,156.039993,156.059998
2024-06-03 21:00:00,156.11501,156.41,155.99001,156.38499
2024-06-04 01:00:00,156.395,156.49001,156.25,156.30499
2024-06-04 05:00:00,156.31,156.31,155.215,155.31
2024-06-04 09:00:00,155.31,155.38,154.7,155.125
2024-06-04 13:00:00,155.13,155.255,154.56,154.78
2024-06-04 17:00:00,154.785,154.91499,154.545,154.89999
2024-06-04 21:00:00,154.855,155.41,154.75,155.22
2024-06-05 01:00:00,155.25,155.62,155.22,155.59
2024-06-05 05:00:00,155.59,156.30499,155.545,156.265
2024-06-05 09:00:00,156.24001,156.31,155.94,156.089996
2024-06-05 13:00:00,156.080002,156.47501,155.72,156.12
2024-06-05 17:00:00,156.12,156.16499,156.070007,156.11
2024-06-05 21:00:00,156.11501,156.12,155.59,155.645
2024-06-06 01:00:00,155.66,155.94,155.38,155.735
2024-06-06 05:00:00,155.735,156.38,155.715,156.16499
2024-06-06 09:00:00,156.16499,156.355,155.89,156.27499
2024-06-06 13:00:00,156.28,156.44,155.78,155.795
2024-06-06 17:00:00,155.81,155.87,155.47,155.61
2024-06-06 21:00:00,155.575,155.855,155.55499,155.78
2024-06-07 01:00:00,155.77499,155.94,155.5,155.58
2024-06-07 05:00:00,155.57001,155.705,155.12,155.355
2024-06-07 09:00:00,155.36,156.88,155.33501,156.77
2024-06-07 13:00:00,156.78,157.074997,156.42999,156.66
2024-06-07 17:00:00,156.66499,156.795,156.56,156.735
2024-06-09 21:00:00,156.89999,156.97,156.72,156.845
2024-06-10 01:00:00,156.84,157.19501,156.77499,157.12
2024-06-10 05:00:00,157.125,157.19,156.88,156.96001
2024-06-10 09:00:00,156.97,157.014999,156.75,156.97
2024-06-10 13:00:00,156.98,157.044998,156.81,156.995
2024-06-10 17:00:00,156.995,157.11501,156.95,157.024994
2024-06-10 21:00:00,157.044998,157.27,156.96001,157.215
2024-06-11 01:00:00,157.22,157.355,157.13,157.27499
2024-06-11 05:00:00,157.27,157.455,157.16,157.215
2024-06-11 09:00:00,157.22,157.325,156.80499,156.895
2024-06-11 13:00:00,156.89,157.455,156.89,157.38499
2024-06-11 17:00:00,157.37,157.395,156.935,157.125
2024-06-11 21:00:00,157.085007,157.22,157.059998,157.185
2024-06-12 01:00:00,157.185,157.285,157.044998,157.245
2024-06-12 05:00:00,157.245,157.395,157.19,157.30499
2024-06-12 09:00:00,157.30499,157.435,156.070007,156.16499
2024-06-12 13:00:00,156.13,156.185,155.72,155.81
2024-06-12 17:00:00,155.8,156.905,155.75999,156.72501
2024-06-12 21:00:00,156.72,156.91,156.59,156.78
2024-06-13 01:00:00,156.81,157.065002,156.69,157.039993
2024-06-13 05:00:00,157.044998,157.355,157.044998,157.255
2024-06-13 09:00:00,157.25999,157.33501,156.59,157.029999
2024-06-13 13:00:00,157.039993,157.295,156.69,156.84
2024-06-13 17:00:00,156.84,157.105,156.72501,157.035004
2024-06-13 21:00:00,157.035004,157.24001,156.97,157.205
2024-06-14 01:00:00,157.22,157.98,156.87,157.94501
2024-06-14 05:00:00,157.95,158.27499,157.28,157.52
2024-06-14 09:00:00,157.47,157.545,156.88,157.25
2024-06-14 13:00:00,157.25,157.5,157.029999,157.315
2024-06-14 17:00:00,157.32001,157.44501,157.22501,157.38499
2024-06-16 21:00:00,157.5,157.66,157.3,157.455
2024-06-17 01:00:00,157.455,157.535,157.33,157.38499
2024-06-17 05:00:00,157.38499,157.685,157.17,157.655
2024-06-17 09:00:00,157.66,157.94501,157.55,157.895
2024-06-17 13:00:00,157.895,157.96001,157.73,157.785
2024-06-17 17:00:00,157.78999,157.78999,157.685,157.735
2024-06-17 21:00:00,157.73,157.745,157.605,157.685
2024-06-18 01:00:00,157.685,157.745,157.50999,157.715
2024-06-18 05:00:00,157.72,158.235,157.67,158.145
2024-06-18 09:00:00,158.155,158.215,157.62,157.83501
2024-06-18 13:00:00,157.83,158.014999,157.66,157.72
2024-06-18 17:00:00,157.72,157.94501,157.64999,157.87
2024-06-18 21:00:00,157.875,157.92999,157.80499,157.89
2024-06-19 01:00:00,157.88499,157.935,157.72,157.85001
2024-06-19 05:00:00,157.86,157.91499,157.61,157.80499
2024-06-19 09:00:00,157.825,157.995,157.795,157.88
2024-06-19 13:00:00,157.88499,158.024994,157.87,157.94501
2024-06-19 17:00:00,157.935,158.11,157.925,158.089996
2024-06-19 21:00:00,158.095001,158.10001,157.925,158.035004
2024-06-20 01:00:00,158.035004,158.215,157.98,158.145
2024-06-20 05:00:00,158.16,158.485,158.059998,158.455
2024-06-20 09:00:00,158.485,158.58501,158.25,158.55499
2024-06-20 13:00:00,158.545,158.91499,158.5,158.86501
2024-06-20 17:00:00,158.86,158.94,158.7,158.935
2024-06-20 21:00:00,158.935,159.12,158.82001,159.11
2024-06-21 01:00:00,159.11,159.12,158.83,158.89
2024-06-21 05:00:00,158.88499,159.0050049,158.67,158.83501
2024-06-21 09:00:00,158.83501,159.024994,158.78,158.94501
2024-06-21 13:00:00,158.925,159.63499,158.925,159.495
2024-06-21 17:00:00,159.49001,159.855,159.45,159.825
2024-06-23 21:00:00,159.71001,159.92999,159.69,159.795
2024-06-24 01:00:00,159.8,159.81,159.62,159.755
2024-06-24 05:00:00,159.75999,159.825,159.64,159.785
2024-06-24 09:00:00,159.78999,159.81,158.81,159.395
2024-06-24 13:00:00,159.395,159.83501,159.325,159.735
2024-06-24 17:00:00,159.735,159.795,159.53999,159.63499
2024-06-24 21:00:00,159.605,159.71001,159.36,159.395
2024-06-25 01:00:00,159.41,159.52499,159.19501,159.425
2024-06-25 05:00:00,159.44,159.575,159.27499,159.47
2024-06-25 09:00:00,159.48,159.72501,159.295,159.705
2024-06-25 13:00:00,159.67999,159.795,159.56,159.745
2024-06-25 17:00:00,159.735,159.75,159.605,159.705
2024-06-25 21:00:00,159.715,159.75999,159.61501,159.72501
2024-06-26 01:00:00,159.72,159.895,159.69,159.755
2024-06-26 05:00:00,159.755,160.024994,159.75,159.955
2024-06-26 09:00:00,159.955,160.405,159.87,160.355
2024-06-26 13:00:00,160.36,160.83501,160.029999,160.63499
2024-06-26 17:00:00,160.64,160.88,160.59,160.82001
2024-06-26 21:00:00,160.795,160.81,160.5,160.7
2024-06-27 01:00:00,160.69,160.72,160.30499,160.33501
2024-06-27 05:00:00,160.34,160.655,160.31,160.575
2024-06-27 09:00:00,160.55499,160.63499,160.3,160.39999
2024-06-27 13:00:00,160.405,160.795,160.36,160.715
2024-06-27 17:00:00,160.715,160.845,160.66499,160.77
2024-06-27 21:00:00,160.785,161.13,160.64,161.125
2024-06-28 01:00:00,161.12,161.28,160.84,161.039993
2024-06-28 05:00:00,161.029999,161.105,160.84,160.91499
2024-06-28 09:00:00,160.91499,160.935,160.39,160.515
2024-06-28 13:00:00,160.5,160.97501,160.25999,160.855
2024-06-28 17:00:00,160.84,160.94501,160.7,160.855
2024-06-30 21:00:00,160.81,161.19,160.75,161.0
2024-07-01 01:00:00,160.995,161.11501,160.84,161.074997
2024-07-01 05:00:00,161.074997,161.13499,160.875,161.0050049
2024-07-01 09:00:00,161.0099945,161.435,160.97,161.375
2024-07-01 13:00:00,161.34,161.745,161.020004,161.52499
2024-07-01 17:00:00,161.53,161.575,161.405,161.465
2024-07-01 21:00:00,161.505,161.645,161.41,161.52499
2024-07-02 01:00:00,161.52,161.75,161.455,161.67
2024-07-02 05:00:00,161.67999,161.77499,161.56,161.59
2024-07-02 09:00:00,161.595,161.755,161.485,161.55499
2024-07-02 13:00:00,161.515,161.66499,161.27,161.575
2024-07-02 17:00:00,161.575,161.625,161.41499,161.46001
2024-07-02 21:00:00,161.46001,161.58,161.39,161.575
2024-07-03 01:00:00,161.57001,161.755,161.52499,161.715
2024-07-03 05:00:00,161.715,161.985,161.67999,161.845
2024-07-03 09:00:00,161.85001,161.995,161.795,161.81
2024-07-03 13:00:00,161.83,161.86501,160.78,161.535
2024-07-03 17:00:00,161.535,161.815,161.47,161.705
2024-07-03 21:00:00,161.675,161.69501,161.38,161.44
2024-07-04 01:00:00,161.44,161.61501,161.14,161.495
2024-07-04 05:00:00,161.5,161.595,161.19,161.265
2024-07-04 09:00:00,161.285,161.395,160.95,161.145
2024-07-04 13:00:00,161.14,161.19501,160.965,161.13499
2024-07-04 17:00:00,161.13,161.3,161.11501,161.265
2024-07-04 21:00:00,161.255,161.395,160.82001,161.074997
2024-07-05 01:00:00,161.070007,161.145,160.53,160.64999
2024-07-05 05:00:00,160.645,160.86,160.57001,160.72501
2024-07-05 09:00:00,160.75,161.14,160.34,160.94501
2024-07-05 13:00:00,160.97,161.33,160.63,160.88499
2024-07-05 17:00:00,160.88,160.91499,160.71001,160.745
2024-07-07 21:00:00,160.75999,160.81,160.56,160.61501
2024-07-08 01:00:00,160.61,160.72,160.25999,160.545
2024-07-08 05:00:00,160.545,161.12,160.53,161.095001
2024-07-08 09:00:00,161.089996,161.105,160.66,160.69501
2024-07-08 13:00:00,160.705,160.815,160.47501,160.735
2024-07-08 17:00:00,160.74001,160.85001,160.69,160.825
2024-07-08 21:00:00,160.785,160.925,160.735,160.88499
2024-07-09 01:00:00,160.895,161.13499,160.855,160.965
2024-07-09 05:00:00,160.96001,161.080002,160.745,161.059998
2024-07-09 09:00:00,161.054993,161.185,160.96001,161.145
2024-07-09 13:00:00,161.13,161.515,160.925,161.32001
2024-07-09 17:00:00,161.325,161.345,161.23,161.325
2024-07-09 21:00:00,161.325,161.515,161.25999,161.465
2024-07-10 01:00:00,161.465,161.595,161.405,161.44501
2024-07-10 05:00:00,161.44501,161.565,161.34,161.50999
2024-07-10 09:00:00,161.515,161.62,161.435,161.45
2024-07-10 13:00:00,161.44501,161.755,161.42999,161.69501
2024-07-10 17:00:00,161.69,161.845,161.64999,161.685
2024-07-10 21:00:00,161.655,161.655,161.47,161.565
2024-07-11 01:00:00,161.57001,161.705,161.53,161.685
2024-07-11 05:00:00,161.685,161.765,161.5,161.53999
2024-07-11 09:00:00,161.53,161.625,158.38,158.58501
2024-07-11 13:00:00,158.64,158.97501,157.44,158.56
2024-07-11 17:00:00,158.57001,158.925,158.55499,158.80499
2024-07-11 21:00:00,158.815,159.45,157.75,159.074997
2024-07-12 01:00:00,159.085007,159.38499,158.78999,159.125
2024-07-12 05:00:00,159.11501,159.325,158.87,159.10001
2024-07-12 09:00:00,159.11,159.265,158.50999,158.815
2024-07-12 13:00:00,158.75999,158.84,157.38,157.895
2024-07-12 17:00:00,157.88,158.014999,157.795,157.895
2024-07-14 21:00:00,158.32001,158.42999,157.995,158.12
2024-07-15 01:00:00,158.11,158.24001,157.91,157.995
2024-07-15 05:00:00,157.995,158.24001,157.78,157.83501
2024-07-15 09:00:00,157.81,158.17999,157.75,157.965
2024-07-15 13:00:00,157.965,158.074997,157.17999,157.715
2024-07-15 17:00:00,157.715,158.16,157.715,158.024994
2024-07-15 21:00:00,158.054993,158.39,157.995,158.36501
2024-07-16 01:00:00,158.36501,158.72501,158.355,158.63499
2024-07-16 05:00:00,158.66,158.80499,158.36,158.47501
2024-07-16 09:00:00,158.47501,158.86,158.255,158.74001
2024-07-16 13:00:00,158.74001,158.81,158.50999,158.545
2024-07-16 17:00:00,158.55,158.55499,158.32001,158.355
2024-07-16 21:00:00,158.355,158.53,158.30499,158.49001
2024-07-17 01:00:00,158.49001,158.62,158.22,158.22501
2024-07-17 05:00:00,158.22,158.245,156.105,156.245
2024-07-17 09:00:00,156.25,156.8,156.105,156.57001
2024-07-17 13:00:00,156.57001,156.64,156.16,156.3
2024-07-17 17:00:00,156.31,156.5,156.059998,156.205
2024-07-17 21:00:00,156.175,156.255,155.38,155.735
2024-07-18 01:00:00,155.745,156.575,155.72,156.345
2024-07-18 05:00:00,156.34,156.59,155.88,156.465
2024-07-18 09:00:00,156.455,156.575,156.19,156.435
2024-07-18 13:00:00,156.45,157.16,156.32001,157.145
2024-07-18 17:00:00,157.14999,157.405,157.089996,157.37
2024-07-18 21:00:00,157.375,157.425,157.070007,157.22501
2024-07-19 01:00:00,157.22,157.53,157.2,157.48
2024-07-19 05:00:00,157.48,157.875,156.95,157.25999
2024-07-19 09:00:00,157.265,157.705,157.14999,157.67999
2024-07-19 13:00:00,157.675,157.705,157.265,157.41499
2024-07-19 17:00:00,157.41499,157.535,157.355,157.495
2024-07-21 21:00:00,157.25999,157.5,157.16,157.425
2024-07-22 01:00:00,157.41,157.62,157.36,157.44501
2024-07-22 05:00:00,157.44,157.44,156.28,156.8
2024-07-22 09:00:00,156.8,157.095001,156.56,156.795
2024-07-22 13:00:00,156.81,157.145,156.7,157.085007
2024-07-22 17:00:00,157.074997,157.175,157.029999,157.035004
2024-07-22 21:00:00,157.020004,157.11,156.64999,156.64999
2024-07-23 01:00:00,156.66,156.855,156.2,156.30499
2024-07-23 05:00:00,156.30499,156.64,155.83,156.0099945
2024-07-23 09:00:00,156.014999,156.27499,155.82001,156.029999
2024-07-23 13:00:00,156.020004,156.21001,155.7,155.785
2024-07-23 17:00:00,155.785,155.80499,155.56,155.59
2024-07-23 21:00:00,155.595,156.0,155.53,155.825
2024-07-24 01:00:00,155.82001,155.88,154.55,154.625
2024-07-24 05:00:00,154.61501,154.94501,154.36501,154.86
2024-07-24 09:00:00,154.86,154.94,153.75999,153.81
2024-07-24 13:00:00,153.81,154.0,153.11,153.47501
2024-07-24 17:00:00,153.47,154.095001,153.44501,153.875
2024-07-24 21:00:00,153.89999,153.97,152.86,153.235
2024-07-25 01:00:00,153.25,153.35001,152.235,152.605
2024-07-25 05:00:00,152.62,152.97501,151.94,152.7
2024-07-25 09:00:00,152.72,153.74001,152.089996,153.53
2024-07-25 13:00:00,153.5,154.315,153.235,154.029999
2024-07-25 17:00:00,154.029999,154.059998,153.75,153.94
2024-07-25 21:00:00,153.94501,154.125,153.38499,153.92999
2024-07-26 01:00:00,153.92999,154.089996,153.44,153.675
2024-07-26 05:00:00,153.69,154.44501,153.5,154.295
2024-07-26 09:00:00,154.31,154.74001,154.029999,154.22
2024-07-26 13:00:00,154.22501,154.22501,153.14,153.785
2024-07-26 17:00:00,153.78999,153.88499,153.67999,153.77499
2024-07-28 21:00:00,154.029999,154.36,153.55,153.66
2024-07-29 01:00:00,153.66,153.84,153.029999,153.41499
2024-07-29 05:00:00,153.42999,153.92,153.14,153.69
2024-07-29 09:00:00,153.69501,154.044998,153.59,153.89
2024-07-29 13:00:00,153.89,154.215,153.735,153.95
2024-07-29 17:00:00,153.94501,154.065002,153.89,154.035004
2024-07-29 21:00:00,154.0099945,154.089996,153.62,153.98
2024-07-30 01:00:00,153.96001,154.44501,153.86,154.44501
2024-07-30 05:00:00,154.45,155.22,154.425,154.66
2024-07-30 09:00:00,154.67,155.024994,154.66,154.935
2024-07-30 13:00:00,154.94,154.94,153.14,153.235
2024-07-30 17:00:00,153.24001,153.455,152.64999,152.785
2024-07-30 21:00:00,152.80499,153.13499,152.12,152.37
2024-07-31 01:00:00,152.38,153.89,151.63,152.55499
2024-07-31 05:00:00,152.53,153.17,150.059998,150.91
2024-07-31 09:00:00,150.92999,150.955,149.8,150.34
2024-07-31 13:00:00,150.32001,150.67999,149.64,150.56
2024-07-31 17:00:00,150.56,151.25999,149.62,149.98
2024-07-31 21:00:00,149.99001,150.32001,149.36,149.44
2024-08-01 01:00:00,149.44,149.78999,148.50999,149.67999
2024-08-01 05:00:00,149.69,150.34,149.435,149.685
2024-08-01 09:00:00,149.72,150.86501,149.61501,150.86501
2024-08-01 13:00:00,150.86501,150.88,149.69,149.89
2024-08-01 17:00:00,149.905,149.94501,149.28999,149.355
2024-08-01 21:00:00,149.395,149.44501,148.88,149.38499
2024-08-02 01:00:00,149.41,149.77,149.24001,149.265
2024-08-02 05:00:00,149.25,149.38,148.62,149.070007
2024-08-02 09:00:00,149.070007,149.125,147.020004,147.44
2024-08-02 13:00:00,147.47,148.16,146.42,146.85001
2024-08-02 17:00:00,146.85001,146.96001,146.44,146.545
2024-08-04 21:00:00,146.32001,146.33,145.19,145.52
2024-08-05 01:00:00,145.52,145.59,142.25,143.17
2024-08-05 05:00:00,143.17999,143.99001,141.69,142.39
2024-08-05 09:00:00,142.41,142.97,141.75,142.23
2024-08-05 13:00:00,142.23,144.89,142.105,144.19
2024-08-05 17:00:00,144.19,144.62,143.39999,144.19501
2024-08-05 21:00:00,144.17,146.37,143.62,145.029999
2024-08-06 01:00:00,145.050003,145.91,144.31,145.52
2024-08-06 05:00:00,145.56,146.28999,144.47,144.925
2024-08-06 09:00:00,144.91,145.46001,144.38,144.61
2024-08-06 13:00:00,144.57001,145.42999,144.059998,145.375
2024-08-06 17:00:00,145.38,145.39,144.17999,144.325
2024-08-06 21:00:00,144.325,145.255,144.3,144.73
2024-08-07 01:00:00,144.735,147.895,144.57001,147.62
2024-08-07 05:00:00,147.66,147.81,146.089996,147.2
2024-08-07 09:00:00,147.205,147.64,146.87,147.0099945
2024-08-07 13:00:00,147.0,147.69,146.655,147.185
2024-08-07 17:00:00,147.185,147.41,146.685,146.69501
2024-08-07 21:00:00,146.67,146.78999,145.42999,146.0
2024-08-08 01:00:00,145.97,146.88,145.91,146.145
2024-08-08 05:00:00,146.17,146.425,145.63,146.2
2024-08-08 09:00:00,146.2,147.30499,145.95,147.089996
2024-08-08 13:00:00,147.059998,147.53,146.925,147.25
2024-08-08 17:00:00,147.245,147.44,147.089996,147.28999
2024-08-08 21:00:00,147.285,147.815,147.19,147.485
2024-08-09 01:00:00,147.49001,147.62,146.82001,146.89
2024-08-09 05:00:00,146.89,147.315,146.72,147.205
2024-08-09 09:00:00,147.21001,147.30499,146.50999,146.795
2024-08-09 13:00:00,146.77499,146.78999,146.27499,146.61501
2024-08-09 17:00:00,146.62,146.765,146.56,146.63
2024-08-11 21:00:00,146.99001,147.125,146.8,146.86501
2024-08-12 01:00:00,146.86,147.22,146.7,147.125
2024-08-12 05:00:00,147.13,147.44501,147.089996,147.36501
2024-08-12 09:00:00,147.35001,147.74001,147.21001,147.72501
2024-08-12 13:00:00,147.715,148.22501,147.28,147.36
2024-08-12 17:00:00,147.36,147.36,147.044998,147.19501
2024-08-12 21:00:00,147.205,147.31,146.92,147.28999
2024-08-13 01:00:00,147.27,147.8,147.235,147.715
2024-08-13 05:00:00,147.72,147.94501,147.56,147.845
2024-08-13 09:00:00,147.84,147.925,147.059998,147.39
2024-08-13 13:00:00,147.41,147.47,146.7,146.735
2024-08-13 17:00:00,146.72,146.91,146.59,146.84
2024-08-13 21:00:00,146.795,147.14,146.745,147.105
2024-08-14 01:00:00,147.10001,147.19,146.080002,146.87
2024-08-14 05:00:00,146.87,147.5,146.78,147.11501
2024-08-14 09:00:00,147.11,147.57001,146.53999,147.315
2024-08-14 13:00:00,147.32001,147.44,146.57001,146.94501
2024-08-14 17:00:00,146.94,147.44,146.94,147.33501
2024-08-14 21:00:00,147.33501,147.41,147.14999,147.235
2024-08-15 01:00:00,147.23,147.62,147.2,147.27
2024-08-15 05:00:00,147.27499,147.395,147.054993,147.33
2024-08-15 09:00:00,147.34,149.16499,147.185,148.96001
2024-08-15 13:00:00,148.95,149.32001,148.78,149.054993
2024-08-15 17:00:00,149.044998,149.38499,148.965,149.3
2024-08-15 21:00:00,149.28,149.35001,148.91,149.16
2024-08-16 01:00:00,149.155,149.23,148.75,148.86501
2024-08-16 05:00:00,148.86501,149.089996,148.66,148.715
2024-08-16 09:00:00,148.72,148.765,147.62,147.69
2024-08-16 13:00:00,147.67999,148.27,147.62,148.0050049
2024-08-16 17:00:00,148.0050049,148.0050049,147.57001,147.60001
2024-08-18 21:00:00,147.86,148.054993,147.735,147.82001
2024-08-19 01:00:00,147.825,147.88499,145.87,146.19501
2024-08-19 05:00:00,146.22,146.3,145.19,146.074997
2024-08-19 09:00:00,146.089996,146.515,145.94,146.22501
2024-08-19 13:00:00,146.24001,146.72,146.19,146.5
2024-08-19 17:00:00,146.495,146.69501,146.46001,146.595
2024-08-19 21:00:00,146.595,146.87,146.19,146.345
2024-08-20 01:00:00,146.36,147.16499,145.84,146.935
2024-08-20 05:00:00,146.94,147.345,146.235,146.52
2024-08-20 09:00:00,146.53,146.565,146.12,146.17
2024-08-20 13:00:00,146.17999,146.295,145.375,145.39999
2024-08-20 17:00:00,145.39,145.58501,145.2,145.25999
2024-08-20 21:00:00,145.255,145.55,144.94,145.455
2024-08-21 01:00:00,145.44,145.795,145.25,145.675
2024-08-21 05:00:00,145.66,146.235,145.52499,146.029999
2024-08-21 09:00:00,146.035004,146.235,145.74001,145.77499
2024-08-21 13:00:00,145.75999,146.82001,145.029999,145.205
2024-08-21 17:00:00,145.19501,145.3,144.46001,145.285
2024-08-21 21:00:00,145.285,145.44,144.85001,145.32001
2024-08-22 01:00:00,145.32001,145.645,144.99001,145.13499
2024-08-22 05:00:00,145.14,145.67999,145.024994,145.63499
2024-08-22 09:00:00,145.63499,146.35001,145.56,146.050003
2024-08-22 13:00:00,146.054993,146.53,145.83,146.33501
2024-08-22 17:00:00,146.32001,146.5,146.17999,146.295
2024-08-22 21:00:00,146.27499,146.34,145.94,146.074997
2024-08-23 01:00:00,146.070007,146.13,145.3,145.77499
2024-08-23 05:00:00,145.77,146.035004,145.28999,145.935
2024-08-23 09:00:00,145.94,146.19501,145.92999,145.99001
2024-08-23 13:00:00,146.0,146.495,144.61,144.875
2024-08-23 17:00:00,144.86,144.86,144.059998,144.38499
2024-08-25 21:00:00,143.87,144.050003,143.45,143.72
2024-08-26 01:00:00,143.75,144.089996,143.45,144.050003
2024-08-26 05:00:00,144.050003,144.22,143.60001,143.87
2024-08-26 09:00:00,143.86,144.36,143.82001,143.92999
2024-08-26 13:00:00,143.935,144.61,143.855,144.46001
2024-08-26 17:00:00,144.465,144.66,144.32001,144.535
2024-08-26 21:00:00,144.53999,144.86,144.24001,144.85001
2024-08-27 01:00:00,144.85001,144.97501,144.61,144.63499
2024-08-27 05:00:00,144.64,145.17999,144.575,145.065002
2024-08-27 09:00:00,145.059998,145.074997,144.33501,144.395
2024-08-27 13:00:00,144.395,144.505,144.105,144.13499
2024-08-27 17:00:00,144.13,144.16499,143.92,143.96001
2024-08-27 21:00:00,143.97501,144.25,143.69,144.11501
2024-08-28 01:00:00,144.11,144.545,144.089996,144.355
2024-08-28 05:00:00,144.355,144.61,144.28999,144.345
2024-08-28 09:00:00,144.35001,144.78,144.059998,144.715
2024-08-28 13:00:00,144.7,145.035004,144.35001,144.74001
2024-08-28 17:00:00,144.745,144.81,144.42,144.58501
2024-08-28 21:00:00,144.565,144.60001,144.22,144.42999
2024-08-29 01:00:00,144.44,144.72,144.35001,144.675
2024-08-29 05:00:00,144.675,144.87,144.465,144.69501
2024-08-29 09:00:00,144.69,145.42999,144.44,145.405
2024-08-29 13:00:00,145.39,145.56,144.905,145.0050049
2024-08-29 17:00:00,145.0,145.020004,144.74001,144.98
2024-08-29 21:00:00,144.985,145.074997,144.66,144.72501
2024-08-30 01:00:00,144.73,144.895,144.685,144.86
2024-08-30 05:00:00,144.86,145.13,144.795,145.13
2024-08-30 09:00:00,145.12,145.75,145.029999,145.63
2024-08-30 13:00:00,145.645,146.25,145.31,146.235
2024-08-30 17:00:00,146.23,146.25,146.050003,146.17999
2024-09-01 21:00:00,146.44,146.595,146.16,146.21001
2024-09-02 01:00:00,146.19,146.285,145.78,145.935
2024-09-02 05:00:00,145.935,146.845,145.935,146.69501
2024-09-02 09:00:00,146.7,147.065002,146.60001,146.98
2024-09-02 13:00:00,146.97501,147.17999,146.81,146.82001
2024-09-02 17:00:00,146.815,146.97501,146.815,146.925
2024-09-02 21:00:00,146.905,147.21001,146.675,147.12
2024-09-03 01:00:00,147.125,147.145,146.39,146.53
2024-09-03 05:00:00,146.535,146.595,145.62,145.815
2024-09-03 09:00:00,145.8,146.315,145.8,145.88499
2024-09-03 13:00:00,145.89,145.925,145.16,145.785
2024-09-03 17:00:00,145.75999,145.955,145.45,145.47
2024-09-03 21:00:00,145.47501,145.56,144.89,145.175
2024-09-04 01:00:00,145.19,145.55499,145.14999,145.235
2024-09-04 05:00:00,145.25,145.325,144.75,145.21001
2024-09-04 09:00:00,145.22,145.27499,144.86501,145.070007
2024-09-04 13:00:00,145.050003,145.145,144.0,144.054993
2024-09-04 17:00:00,144.050003,144.12,143.715,143.73
2024-09-04 21:00:00,143.745,143.8,143.19,143.715
2024-09-05 01:00:00,143.72,143.91,143.435,143.575
2024-09-05 05:00:00,143.59,143.755,143.050003,143.58501
2024-09-05 09:00:00,143.57001,143.675,142.86,143.10001
2024-09-05 13:00:00,143.089996,144.245,143.039993,143.455
2024-09-05 17:00:00,143.435,143.505,143.19,143.44501
2024-09-05 21:00:00,143.455,143.485,143.155,143.17999
2024-09-06 01:00:00,143.17999,143.37,142.89,143.0
2024-09-06 05:00:00,142.995,143.035004,142.059998,142.605
2024-09-06 09:00:00,142.61,143.95,142.0,142.97
2024-09-06 13:00:00,142.97,143.91499,141.78,142.44501
2024-09-06 17:00:00,142.45,142.69,142.235,142.285
2024-09-08 21:00:00,142.14,142.75,142.089996,142.69
2024-09-09 01:00:00,142.7,143.089996,142.61501,142.98
2024-09-09 05:00:00,142.97,143.44,142.77499,143.38
2024-09-09 09:00:00,143.375,143.80499,143.089996,143.235
2024-09-09 13:00:00,143.235,143.235,142.655,142.88
2024-09-09 17:00:00,142.88,143.205,142.715,143.185
2024-09-09 21:00:00,143.185,143.48,142.86,143.47
2024-09-10 01:00:00,143.47,143.55,143.054993,143.080002
2024-09-10 05:00:00,143.085007,143.71001,143.044998,143.50999
2024-09-10 09:00:00,143.52,143.52,142.75,142.88
2024-09-10 13:00:00,142.86501,143.12,142.2,142.465
2024-09-10 17:00:00,142.465,142.565,142.22,142.46001
2024-09-10 21:00:00,142.47,142.47501,142.024994,142.285
2024-09-11 01:00:00,142.28999,142.42999,140.89999,141.10001
2024-09-11 05:00:00,141.089996,141.69501,140.72,141.53999
2024-09-11 09:00:00,141.53999,142.55,141.295,142.30499
2024-09-11 13:00:00,142.31,142.5,141.25,141.955
2024-09-11 17:00:00,141.95,142.46001,141.91,142.37
2024-09-11 21:00:00,142.33,142.955,142.24001,142.67999
2024-09-12 01:00:00,142.685,142.845,142.25999,142.785
2024-09-12 05:00:00,142.78999,143.044998,142.47,142.58501
2024-09-12 09:00:00,142.595,142.78,141.965,142.085007
2024-09-12 13:00:00,142.10001,142.66499,141.91,142.50999
2024-09-12 17:00:00,142.50999,142.565,141.72501,141.83
2024-09-12 21:00:00,141.815,141.88,141.17,141.19501
2024-09-13 01:00:00,141.2,141.3,140.64999,140.955
2024-09-13 05:00:00,140.97,141.41499,140.41,140.705
2024-09-13 09:00:00,140.7,141.020004,140.36501,140.74001
2024-09-13 13:00:00,140.73,140.94,140.28,140.815
2024-09-13 17:00:00,140.815,141.0,140.78,140.855
2024-09-15 21:00:00,140.69,140.905,140.42999,140.53
2024-09-16 01:00:00,140.53,140.59,139.95,140.205
2024-09-16 05:00:00,140.22,140.285,139.58,139.855
2024-09-16 09:00:00,139.85001,140.44501,139.75,140.24001
2024-09-16 13:00:00,140.23,140.91,140.215,140.645
2024-09-16 17:00:00,140.645,140.895,140.58,140.61
2024-09-16 21:00:00,140.61501,141.25,140.47,140.66499
2024-09-17 01:00:00,140.66499,140.77499,140.32001,140.69
2024-09-17 05:00:00,140.69,140.81,140.355,140.575
2024-09-17 09:00:00,140.575,141.12,140.47,140.97501
2024-09-17 13:00:00,140.97,142.0050049,140.875,141.735
2024-09-17 17:00:00,141.735,142.47501,141.72,142.41499
2024-09-17 21:00:00,142.41,142.435,141.58,141.64999
2024-09-18 01:00:00,141.66,141.765,141.22,141.315
2024-09-18 05:00:00,141.32001,142.0,141.28,141.71001
2024-09-18 09:00:00,141.72501,142.059998,141.55499,141.92999
2024-09-18 13:00:00,141.92,142.065002,141.685,141.905
2024-09-18 17:00:00,141.89,142.72,140.45,142.28
2024-09-18 21:00:00,142.27,143.595,141.88,143.49001
2024-09-19 01:00:00,143.5,143.94501,142.95,143.17999
2024-09-19 05:00:00,143.17999,143.22501,142.044998,142.795
2024-09-19 09:00:00,142.795,143.75999,142.69,143.75999
2024-09-19 13:00:00,143.75999,143.75999,142.735,143.044998
2024-09-19 17:00:00,143.035004,143.12,142.53,142.63
2024-09-19 21:00:00,142.63,142.92999,142.41,142.41
2024-09-20 01:00:00,142.41,142.75,141.97,142.22501
2024-09-20 05:00:00,142.19,143.895,141.74001,143.83501
2024-09-20 09:00:00,143.81,144.435,143.58,143.67
2024-09-20 13:00:00,143.67999,144.5,143.47,143.75
2024-09-20 17:00:00,143.75999,144.155,143.72,143.92
2024-09-22 21:00:00,143.94,144.25999,143.81,144.12
2024-09-23 01:00:00,144.17999,144.45,144.13,144.25999
2024-09-23 05:00:00,144.25999,144.325,143.44,143.59
2024-09-23 09:00:00,143.59,143.88499,143.16,143.77
2024-09-23 13:00:00,143.78,144.355,143.31,143.35001
2024-09-23 17:00:00,143.35001,143.645,143.25,143.60001
2024-09-23 21:00:00,143.61,143.78,143.41,143.55499
2024-09-24 01:00:00,143.56,143.94501,143.375,143.84
2024-09-24 05:00:00,143.86,144.67999,143.84,144.295
2024-09-24 09:00:00,144.28999,144.48,143.8,143.97501
2024-09-24 13:00:00,143.97,144.205,143.41,143.47
2024-09-24 17:00:00,143.465,143.715,143.11501,143.24001
2024-09-24 21:00:00,143.23,143.31,142.91,143.17999
2024-09-25 01:00:00,143.16,143.5,143.11,143.25
2024-09-25 05:00:00,143.25999,144.065002,143.17999,143.94
2024-09-25 09:00:00,143.92999,144.44501,143.91,144.2
2024-09-25 13:00:00,144.2,144.61,143.86,144.545
2024-09-25 17:00:00,144.535,144.845,144.485,144.75999
2024-09-25 21:00:00,144.75999,144.77,144.44,144.515
2024-09-26 01:00:00,144.49001,145.035004,144.47,144.675
2024-09-26 05:00:00,144.7,145.19501,144.61501,144.825
2024-09-26 09:00:00,144.81,144.97,144.11,144.565
2024-09-26 13:00:00,144.57001,145.2,144.31,144.86
2024-09-26 17:00:00,144.86,144.895,144.50999,144.8
2024-09-26 21:00:00,144.80499,145.47501,144.75,145.465
2024-09-27 01:00:00,145.46001,145.80499,144.97,145.80499
2024-09-27 05:00:00,145.78,146.49001,142.78,143.14
2024-09-27 09:00:00,143.13,143.5,142.5,142.545
2024-09-27 13:00:00,142.52,143.074997,142.39,142.50999
2024-09-27 17:00:00,142.50999,142.61,142.059998,142.19501
2024-09-29 21:00:00,142.67999,142.955,142.47,142.685
2024-09-30 01:00:00,142.69,142.845,142.085007,142.13499
2024-09-30 05:00:00,142.12,142.58501,141.655,142.53
2024-09-30 09:00:00,142.535,142.99001,142.41,142.955
2024-09-30 13:00:00,142.95,143.38499,142.745,143.11
2024-09-30 17:00:00,143.11,143.91499,142.94,143.64
2024-09-30 21:00:00,143.63,144.12,143.375,143.98
2024-10-01 01:00:00,143.965,144.41499,143.66,144.28
2024-10-01 05:00:00,144.28,144.535,143.7,143.81
2024-10-01 09:00:00,143.81,144.074997,143.56,144.039993
2024-10-01 13:00:00,144.029999,144.085007,142.98,143.63499
2024-10-01 17:00:00,143.63,143.91499,143.32001,143.565
2024-10-01 21:00:00,143.565,143.88,143.425,143.82001
2024-10-02 01:00:00,143.81,144.17999,143.56,143.735
2024-10-02 05:00:00,143.72,144.33501,143.53,144.33501
2024-10-02 09:00:00,144.33,145.44501,144.074997,145.36501
2024-10-02 13:00:00,145.37,146.25999,145.3,146.039993
2024-10-02 17:00:00,146.029999,146.515,145.97,146.46001
2024-10-02 21:00:00,146.485,147.059998,146.28,146.98
2024-10-03 01:00:00,147.0,147.24001,146.67999,146.72
2024-10-03 05:00:00,146.72,146.875,146.30499,146.74001
2024-10-03 09:00:00,146.75,147.024994,146.55,146.77499
2024-10-03 13:00:00,146.78,147.19501,146.47,146.71001
2024-10-03 17:00:00,146.71001,146.97,146.58,146.92999
2024-10-03 21:00:00,146.94,146.94,146.62,146.64
2024-10-04 01:00:00,146.645,146.685,146.16,146.235
2024-10-04 05:00:00,146.23,146.41499,145.92,146.34
2024-10-04 09:00:00,146.36,148.705,146.34,148.655
2024-10-04 13:00:00,148.66,149.0050049,148.31,148.92999
2024-10-04 17:00:00,148.94,148.95,148.64,148.72501
2024-10-06 20:00:00,148.8,149.14,148.78,148.795
2024-10-07 00:00:00,148.8,148.8,148.22,148.405
2024-10-07 04:00:00,148.41,148.62,148.155,148.27499
2024-10-07 08:00:00,148.285,148.69,148.059998,148.27
2024-10-07 12:00:00,148.25,148.28,147.86,148.125
2024-10-07 16:00:00,148.12,148.19501,147.88,148.080002
2024-10-07 20:00:00,148.070007,148.21001,147.58,148.13499
2024-10-08 00:00:00,148.14,148.19501,147.50999,147.92
2024-10-08 04:00:00,147.91499,148.16499,147.34,147.57001
2024-10-08 08:00:00,147.61,148.0,147.53,147.855
2024-10-08 12:00:00,147.855,148.36,147.855,148.23
2024-10-08 16:00:00,148.235,148.38499,148.044998,148.285
2024-10-08 20:00:00,148.285,148.325,148.11501,148.145
2024-10-09 00:00:00,148.14999,148.44,148.0099945,148.325
2024-10-09 04:00:00,148.31,148.66,148.27,148.545
2024-10-09 08:00:00,148.56,148.745,148.485,148.72
2024-10-09 12:00:00,148.72,149.265,148.675,149.215
2024-10-09 16:00:00,149.19,149.37,149.16,149.32001
2024-10-09 20:00:00,149.325,149.36,149.089996,149.16
2024-10-10 00:00:00,149.16,149.28999,149.0,149.22
2024-10-10 04:00:00,149.25,149.55,148.905,149.024994
2024-10-10 08:00:00,149.0099945,149.22,148.78,148.955
2024-10-10 12:00:00,148.96001,149.57001,148.31,148.565
2024-10-10 16:00:00,148.57001,149.074997,148.44,148.565
2024-10-10 20:00:00,148.57001,148.74001,148.515,148.705
2024-10-11 00:00:00,148.715,148.8,148.405,148.72
2024-10-11 04:00:00,148.71001,148.86501,148.595,148.785
2024-10-11 08:00:00,148.78,149.145,148.675,149.0050049
2024-10-11 12:00:00,149.0,149.285,148.78999,149.125
2024-10-11 16:00:00,149.125,149.155,148.965,149.145
2024-10-11 20:00:00,149.14,149.175,149.11501,149.155
2024-10-13 20:00:00,149.16,149.38,149.16,149.30499
2024-10-14 00:00:00,149.31,149.37,149.14,149.33
2024-10-14 04:00:00,149.32001,149.41499,149.17,149.36
2024-10-14 08:00:00,149.36,149.765,149.33,149.715
2024-10-14 12:00:00,149.64,149.965,149.63,149.83
2024-10-14 16:00:00,149.82001,150.0050049,149.71001,149.78
2024-10-14 20:00:00,149.77,149.84,149.67,149.71001
2024-10-15 00:00:00,149.73,149.75,149.44501,149.72
2024-10-15 04:00:00,149.715,149.795,149.17,149.24001
2024-10-15 08:00:00,149.22,149.38,148.85001,149.355
2024-10-15 12:00:00,149.37,149.41499,148.94,149.22501
2024-10-15 16:00:00,149.22,149.55,149.16499,149.245
2024-10-15 20:00:00,149.24001,149.34,149.070007,149.080002
2024-10-16 00:00:00,149.089996,149.3,148.89,149.17
2024-10-16 04:00:00,149.175,149.495,149.125,149.455
2024-10-16 08:00:00,149.44,149.49001,149.155,149.175
2024-10-16 12:00:00,149.17,149.75,149.14999,149.72501
2024-10-16 16:00:00,149.715,149.83501,149.69,149.72
2024-10-16 20:00:00,149.72,149.72,149.52499,149.575
2024-10-17 00:00:00,149.56,149.62,149.235,149.53999
2024-10-17 04:00:00,149.56,149.8,149.39,149.765
2024-10-17 08:00:00,149.785,149.875,149.5,149.53
2024-10-17 12:00:00,149.53,150.155,149.47,150.125
2024-10-17 16:00:00,150.13,150.325,150.12,150.22
2024-10-17 20:00:00,150.22,150.285,150.065002,150.11
2024-10-18 00:00:00,150.089996,150.14999,149.86,149.895
2024-10-18 04:00:00,149.89,150.13499,149.77,150.10001
2024-10-18 08:00:00,150.089996,150.16,149.59,150.0050049
2024-10-18 12:00:00,150.0099945,150.089996,149.50999,149.58
2024-10-18 16:00:00,149.58501,149.66,149.37,149.53
2024-10-18 20:00:00,149.53,149.55,149.45,149.53999
2024-10-20 20:00:00,149.56,149.645,149.485,149.59
2024-10-21 00:00:00,149.62,149.62,149.089996,149.22
2024-10-21 04:00:00,149.22501,149.855,149.2,149.83501
2024-10-21 08:00:00,149.84,150.095001,149.82001,149.925
2024-10-21 12:00:00,149.925,150.49001,149.75,150.47501
2024-10-21 16:00:00,150.47501,150.845,150.44,150.77499
2024-10-21 20:00:00,150.78,150.88499,150.605,150.61
2024-10-22 00:00:00,150.625,150.99001,150.5,150.925
2024-10-22 04:00:00,150.925,151.095001,150.66,151.0099945
2024-10-22 08:00:00,151.0050049,151.035004,150.75,150.875
2024-10-22 12:00:00,150.87,151.145,150.61,151.105
2024-10-22 16:00:00,151.11,151.205,150.89999,151.11501
2024-10-22 20:00:00,151.12,151.16499,151.024994,151.16
2024-10-23 00:00:00,151.14999,151.83501,151.14,151.755
2024-10-23 04:00:00,151.75,152.56,151.735,152.375
2024-10-23 08:00:00,152.36,153.065002,152.32001,153.059998
2024-10-23 12:00:00,153.059998,153.19,152.75999,152.83501
2024-10-23 16:00:00,152.82001,152.94,152.47,152.595
2024-10-23 20:00:00,152.59,152.83,152.55499,152.795
2024-10-24 00:00:00,152.75999,152.8,152.34,152.405
2024-10-24 04:00:00,152.39,152.39999,152.029999,152.14
2024-10-24 08:00:00,152.12,152.255,151.77,152.054993
2024-10-24 12:00:00,152.059998,152.32001,151.78,151.87
2024-10-24 16:00:00,151.875,151.91,151.55499,151.84
2024-10-24 20:00:00,151.84,151.87,151.58501,151.78999
2024-10-25 00:00:00,151.78,152.11,151.74001,151.85001
2024-10-25 04:00:00,151.86,152.039993,151.46001,151.95
2024-10-25 08:00:00,151.955,152.105,151.7,151.785
2024-10-25 12:00:00,151.8,152.16,151.8,152.085007
2024-10-25 16:00:00,152.085007,152.38499,152.054993,152.25
2024-10-25 20:00:00,152.25,152.36,152.185,152.30499
2024-10-27 20:00:00,152.95,153.23,152.67,152.965
2024-10-28 00:00:00,152.96001,153.88,152.77,153.625
2024-10-28 04:00:00,153.63,153.75,153.16,153.34
2024-10-28 08:00:00,153.34,153.435,152.465,152.73
2024-10-28 12:00:00,152.735,153.24001,152.41,153.235
2024-10-28 16:00:00,153.215,153.38499,153.13,153.235
2024-10-28 20:00:00,153.24001,153.36501,153.14,153.14
2024-10-29 00:00:00,153.14,153.25,152.86,153.044998
2024-10-29 04:00:00,153.044998,153.28,152.75,153.16
2024-10-29 08:00:00,153.19,153.67999,153.16,153.675
2024-10-29 12:00:00,153.69,153.87,153.020004,153.49001
2024-10-29 16:00:00,153.47,153.60001,153.31,153.42999
2024-10-29 20:00:00,153.44,153.47501,153.16,153.27
2024-10-30 00:00:00,153.28,153.44,153.070007,153.345
2024-10-30 04:00:00,153.345,153.47,153.19,153.33
2024-10-30 08:00:00,153.32001,153.36501,152.78,153.029999
2024-10-30 12:00:00,153.050003,153.5,152.88,153.16
2024-10-30 16:00:00,153.14,153.44501,153.0,153.30499
2024-10-30 20:00:00,153.3,153.435,153.2,153.24001
2024-10-31 00:00:00,153.24001,153.59,152.95,153.059998
2024-10-31 04:00:00,153.074997,153.089996,152.059998,152.255
2024-10-31 08:00:00,152.25,152.855,151.925,152.735
2024-10-31 12:00:00,152.72501,153.054993,152.080002,152.36
2024-10-31 16:00:00,152.36,152.505,151.84,151.94
2024-10-31 20:00:00,151.94,152.145,151.78999,151.98
2024-11-01 00:00:00,151.97,152.42999,151.88,152.42
2024-11-01 04:00:00,152.42999,152.66499,152.2,152.545
2024-11-01 08:00:00,152.56,152.845,152.52499,152.675
2024-11-01 12:00:00,152.67,153.050003,151.8,152.95
2024-11-01 16:00:00,152.95,153.065002,152.83,152.97501
2024-11-01 20:00:00,152.97,153.105,152.94,153.0
2024-11-03 20:00:00,152.27499,152.58,152.185,152.3
2024-11-04 00:00:00,152.28,152.28999,151.60001,151.75
2024-11-04 04:00:00,151.75,152.28,151.69,152.17999
2024-11-04 08:00:00,152.19,152.23,151.53,151.55
2024-11-04 12:00:00,151.55499,152.10001,151.545,151.995
2024-11-04 16:00:00,151.995,152.235,151.89,152.14999
2024-11-04 20:00:00,152.16,152.3,152.10001,152.285
2024-11-05 00:00:00,152.28,152.44501,152.12,152.39
2024-11-05 04:00:00,152.38499,152.545,152.19,152.27499
2024-11-05 08:00:00,152.27,152.395,152.089996,152.155
2024-11-05 12:00:00,152.16,152.355,151.77499,152.044998
2024-11-05 16:00:00,152.029999,152.095001,151.33501,151.455
2024-11-05 20:00:00,151.45,151.91,151.39,151.44
2024-11-06 00:00:00,151.435,154.34,151.28999,153.94501
2024-11-06 04:00:00,153.95,154.38,153.13,153.94501
2024-11-06 08:00:00,153.94,154.25,153.8,154.22501
2024-11-06 12:00:00,154.22,154.495,153.99001,154.36
2024-11-06 16:00:00,154.35001,154.705,154.21001,154.45
2024-11-06 20:00:00,154.45,154.67,154.24001,154.315
2024-11-07 00:00:00,154.32001,154.72,154.22,154.325
2024-11-07 04:00:00,154.32001,154.38,153.655,154.0
2024-11-07 08:00:00,154.0050049,154.145,153.82001,154.074997
2024-11-07 12:00:00,154.070007,154.11,152.855,152.97
2024-11-07 16:00:00,152.965,153.47501,152.87,153.080002
2024-11-07 20:00:00,153.089996,153.19501,152.7,153.175
2024-11-08 00:00:00,153.16,153.37,152.735,152.825
2024-11-08 04:00:00,152.81,152.965,152.55,152.62
2024-11-08 08:00:00,152.645,152.75,152.14,152.425
2024-11-08 12:00:00,152.42,152.86501,152.33501,152.425
2024-11-08 16:00:00,152.425,152.83501,152.405,152.675
2024-11-08 20:00:00,152.69,152.75,152.44,152.63
2024-11-10 20:00:00,152.69,152.95,152.655,152.91
2024-11-11 00:00:00,152.91,153.465,152.88,153.44501
2024-11-11 04:00:00,153.455,153.675,153.31,153.63499
2024-11-11 08:00:00,153.64,153.86,153.55499,153.75999
2024-11-11 12:00:00,153.75999,153.955,153.64,153.86501
2024-11-11 16:00:00,153.86,153.91499,153.735,153.77
2024-11-11 20:00:00,153.77,153.785,153.47,153.53
2024-11-12 00:00:00,153.52,154.059998,153.49001,153.66
2024-11-12 04:00:00,153.655,153.89,153.41,153.83
2024-11-12 08:00:00,153.825,154.16499,153.7,154.074997
2024-11-12 12:00:00,154.089996,154.55,154.0,154.52499
2024-11-12 16:00:00,154.50999,154.925,154.465,154.74001
2024-11-12 20:00:00,154.75,154.785,154.50999,154.64999
2024-11-13 00:00:00,154.66,154.94,154.53999,154.80499
2024-11-13 04:00:00,154.81,155.16,154.75,155.12
2024-11-13 08:00:00,155.105,155.24001,154.795,154.82001
2024-11-13 12:00:00,154.81,155.145,154.34,154.99001
2024-11-13 16:00:00,155.0,155.625,154.985,155.55
2024-11-13 20:00:00,155.535,155.605,155.34,155.42
2024-11-14 00:00:00,155.41,156.059998,155.41,155.95
2024-11-14 04:00:00,155.955,156.145,155.7,155.855
2024-11-14 08:00:00,155.84,156.245,155.745,155.92
2024-11-14 12:00:00,155.92999,156.19501,155.52,155.955
2024-11-14 16:00:00,155.96001,156.054993,155.675,155.925
2024-11-14 20:00:00,155.925,156.535,155.925,156.485
2024-11-15 00:00:00,156.47,156.75,156.28,156.505
2024-11-15 04:00:00,156.505,156.55,155.75999,155.78
2024-11-15 08:00:00,155.75999,155.785,155.22,155.49001
2024-11-15 12:00:00,155.5,155.78,154.84,154.94501
2024-11-15 16:00:00,154.95,155.020004,153.86501,154.215
2024-11-15 20:00:00,154.22,154.485,154.175,154.345
2024-11-17 20:00:00,154.47,154.75,154.34,154.645
2024-11-18 00:00:00,154.64,155.14,153.84,154.67
2024-11-18 04:00:00,154.66,154.77,154.3,154.55499
2024-11-18 08:00:00,154.56,155.12,154.5,155.059998
2024-11-18 12:00:00,155.059998,155.36,154.59,155.0099945
2024-11-18 16:00:00,154.995,155.070007,154.57001,154.74001
2024-11-18 20:00:00,154.75,154.75,154.435,154.61501
2024-11-19 00:00:00,154.61,154.62,153.95,154.17999
2024-11-19 04:00:00,154.17,154.66,154.11501,154.52499
2024-11-19 08:00:00,154.53,154.57001,153.28,154.11
2024-11-19 12:00:00,154.089996,154.24001,153.42,153.97
2024-11-19 16:00:00,153.95,154.8,153.92,154.69501
2024-11-19 20:00:00,154.69501,154.75,154.53,154.73
2024-11-20 00:00:00,154.74001,154.99001,154.59,154.955
2024-11-20 04:00:00,154.96001,155.67999,154.94,155.66
2024-11-20 08:00:00,155.66,155.875,155.58501,155.855
2024-11-20 12:00:00,155.84,155.88499,155.059998,155.535
2024-11-20 16:00:00,155.53,155.61,155.19,155.37
2024-11-20 20:00:00,155.37,155.53999,155.235,155.28999
2024-11-21 00:00:00,155.285,155.30499,154.88,154.92
2024-11-21 04:00:00,154.92,155.265,154.56,154.925
2024-11-21 08:00:00,154.91,155.029999,154.085007,154.53
2024-11-21 12:00:00,154.53,154.72,153.91,154.32001
2024-11-21 16:00:00,154.33,154.7,154.31,154.50999
2024-11-21 20:00:00,154.5,154.595,154.105,154.14999
2024-11-22 00:00:00,154.16,154.5,153.97,154.265
2024-11-22 04:00:00,154.27,154.955,154.27,154.735
2024-11-22 08:00:00,154.74001,154.87,154.25,154.31
2024-11-22 12:00:00,154.3,155.020004,154.19,154.89
2024-11-22 16:00:00,154.89999,154.92,154.66,154.80499
2024-11-22 20:00:00,154.80499,154.88499,154.75,154.755
2024-11-24 20:00:00,154.28,154.39,154.059998,154.16
2024-11-25 00:00:00,154.155,154.24001,153.55,153.94501
2024-11-25 04:00:00,153.95,154.55,153.94,154.545
2024-11-25 08:00:00,154.55,154.72501,154.32001,154.505
2024-11-25 12:00:00,154.505,154.565,153.63,154.39
2024-11-25 16:00:00,154.37,154.52499,154.0,154.13
2024-11-25 20:00:00,154.14,154.495,153.88,154.39
2024-11-26 00:00:00,154.38499,154.41,153.72,153.74001
2024-11-26 04:00:00,153.74001,154.22501,153.55,154.039993
2024-11-26 08:00:00,154.029999,154.13499,153.71001,153.78
2024-11-26 12:00:00,153.78,153.815,152.99001,153.47
2024-11-26 16:00:00,153.46001,153.685,153.085007,153.11
2024-11-26 20:00:00,153.11,153.24001,152.935,152.935
2024-11-27 00:00:00,152.94,153.029999,152.38,152.455
2024-11-27 04:00:00,152.455,152.47501,151.84,151.95
2024-11-27 08:00:00,151.95,151.95,151.22,151.485
2024-11-27 12:00:00,151.5,151.81,150.935,151.11
2024-11-27 16:00:00,151.11,151.38,150.45,151.029999
2024-11-27 20:00:00,151.024994,151.38499,150.92999,151.345
2024-11-28 00:00:00,151.32001,151.75,151.28,151.625
2024-11-28 04:00:00,151.63,151.78,151.36501,151.755
2024-11-28 08:00:00,151.75999,151.995,151.69,151.875
2024-11-28 12:00:00,151.83,151.875,151.41,151.52
2024-11-28 16:00:00,151.53,151.625,151.46001,151.535
2024-11-28 20:00:00,151.5,151.595,150.985,151.19501
2024-11-29 00:00:00,151.17999,151.21001,149.855,150.10001
2024-11-29 04:00:00,150.10001,150.28,149.53999,149.995
2024-11-29 08:00:00,150.0,150.375,149.83,150.039993
2024-11-29 12:00:00,150.029999,150.355,149.88,150.19
2024-11-29 16:00:00,150.16,150.535,149.47,149.61
2024-11-29 20:00:00,149.61,149.765,149.53999,149.765
2024-12-01 20:00:00,149.66,150.070007,149.5,149.855
2024-12-02 00:00:00,149.88,150.75,149.81,150.52
2024-12-02 04:00:00,150.52,150.75,149.995,150.25
2024-12-02 08:00:00,150.25,150.44,150.044998,150.14999
2024-12-02 12:00:00,150.155,150.36,149.72,149.88
2024-12-02 16:00:00,149.875,149.955,149.080002,149.53
2024-12-02 20:00:00,149.52499,149.825,149.22,149.52499
2024-12-03 00:00:00,149.53999,150.14,149.5,150.095001
2024-12-03 04:00:00,150.095001,150.24001,149.875,150.0099945
2024-12-03 08:00:00,150.0099945,150.19,149.685,149.735
2024-12-03 12:00:00,149.73,149.88,148.64,149.14999
2024-12-03 16:00:00,149.16,149.545,148.97,149.50999
2024-12-03 20:00:00,149.50999,149.705,149.405,149.61501
2024-12-04 00:00:00,149.61501,150.070007,149.53,149.94
2024-12-04 04:00:00,149.94,150.44501,149.86,150.38
2024-12-04 08:00:00,150.41,151.054993,150.3,150.89
2024-12-04 12:00:00,150.89,151.22501,150.28,150.435
2024-12-04 16:00:00,150.41,150.60001,149.995,150.44
2024-12-04 20:00:00,150.44,150.78,150.44,150.53999
2024-12-05 00:00:00,150.55,150.67999,150.185,150.28999
2024-12-05 04:00:00,150.28,150.42999,149.66,149.785
2024-12-05 08:00:00,149.78,150.355,149.655,150.16
2024-12-05 12:00:00,150.16,150.69,150.14999,150.255
2024-12-05 16:00:00,150.25,150.345,149.925,150.020004
2024-12-05 20:00:00,150.020004,150.24001,149.95,150.125
2024-12-06 00:00:00,150.12,150.28,149.77,149.88
2024-12-06 04:00:00,149.88,150.17,149.77,150.089996
2024-12-06 08:00:00,150.089996,150.7,150.089996,150.505
2024-12-06 12:00:00,150.50999,150.66,149.37,149.86
2024-12-06 16:00:00,149.87,150.145,149.67999,149.97501
2024-12-06 20:00:00,149.97,150.059998,149.95,150.035004
2024-12-08 20:00:00,150.0,150.089996,149.855,149.89
2024-12-09 00:00:00,149.89,150.059998,149.69,149.98
2024-12-09 04:00:00,149.97501,150.35001,149.84,150.345
2024-12-09 08:00:00,150.345,150.53,150.31,150.495
2024-12-09 12:00:00,150.49001,151.25,150.44,151.014999
2024-12-09 16:00:00,151.029999,151.35001,150.97,151.25
2024-12-09 20:00:00,151.24001,151.435,151.13,151.395
2024-12-10 00:00:00,151.39,151.55,151.029999,151.070007
2024-12-10 04:00:00,151.070007,151.59,150.89999,151.575
2024-12-10 08:00:00,151.56,151.785,151.41,151.71001
2024-12-10 12:00:00,151.71001,152.17,151.53,152.13499
2024-12-10 16:00:00,152.12,152.19,151.84,151.935
2024-12-10 20:00:00,151.92999,151.99001,151.78,151.84
2024-12-11 00:00:00,151.84,151.88,151.41,151.55
2024-12-11 04:00:00,151.545,151.8,151.425,151.655
2024-12-11 08:00:00,151.66,152.8,151.0099945,152.55499
2024-12-11 12:00:00,152.55,152.86,151.925,152.46001
2024-12-11 16:00:00,152.46001,152.735,152.25,152.64999
2024-12-11 20:00:00,152.64,152.655,152.24001,152.265
2024-12-12 00:00:00,152.25,152.41499,151.95,152.355
2024-12-12 04:00:00,152.355,152.785,152.17999,152.57001
2024-12-12 08:00:00,152.57001,152.685,152.16,152.19
2024-12-12 12:00:00,152.19,152.395,151.81,152.28999
2024-12-12 16:00:00,152.28999,152.58501,152.044998,152.53999
2024-12-12 20:00:00,152.545,152.69,152.455,152.61501
2024-12-13 00:00:00,152.58,153.050003,152.56,152.92
2024-12-13 04:00:00,152.89,153.089996,152.675,152.78999
2024-12-13 08:00:00,152.8,153.62,152.8,153.61501
2024-12-13 12:00:00,153.62,153.69,153.27,153.66499
2024-12-13 16:00:00,153.66499,153.8,153.56,153.69
2024-12-13 20:00:00,153.69,153.73,153.60001,153.69501
2024-12-15 20:00:00,153.645,153.74001,153.435,153.455
2024-12-16 00:00:00,153.45,153.97501,153.32001,153.815
2024-12-16 04:00:00,153.815,153.895,153.48,153.53
2024-12-16 08:00:00,153.50999,153.86501,153.44,153.825
2024-12-16 12:00:00,153.81,154.48,153.78,154.24001
2024-12-16 16:00:00,154.24001,154.315,154.0099945,154.12
2024-12-16 20:00:00,154.12,154.265,154.070007,154.095001
2024-12-17 00:00:00,154.095001,154.345,153.8,154.039993
2024-12-17 04:00:00,154.044998,154.265,153.925,154.059998
2024-12-17 08:00:00,154.070007,154.16499,153.69,153.91499
2024-12-17 12:00:00,153.91499,154.0,153.42999,153.515
2024-12-17 16:00:00,153.5,153.645,153.16,153.345
2024-12-17 20:00:00,153.345,153.595,153.33,153.565
2024-12-18 00:00:00,153.59,153.78999,153.545,153.625
2024-12-18 04:00:00,153.62,153.66,153.33501,153.575
2024-12-18 08:00:00,153.58,153.785,153.52499,153.66499
2024-12-18 12:00:00,153.66499,154.065002,153.63499,154.020004
2024-12-18 16:00:00,154.024994,154.66499,153.72,154.655
2024-12-18 20:00:00,154.64,154.86501,154.33,154.67999
2024-12-19 00:00:00,154.66,155.44,154.47,155.255
2024-12-19 04:00:00,155.25999,156.77,154.95,156.48
2024-12-19 08:00:00,156.48,157.155,156.435,156.7
2024-12-19 12:00:00,156.72,157.745,156.41,157.71001
2024-12-19 16:00:00,157.72,157.825,157.35001,157.42999
2024-12-19 20:00:00,157.41,157.67999,157.31,157.64999
2024-12-20 00:00:00,157.64999,157.92999,156.84,157.065002
2024-12-20 04:00:00,157.070007,157.33501,156.765,156.83501
2024-12-20 08:00:00,156.82001,156.97,156.62,156.77499
2024-12-20 12:00:00,156.78,156.81,156.32001,156.505
2024-12-20 16:00:00,156.505,156.59,155.95,156.014999
2024-12-20 20:00:00,156.0,156.47,156.0,156.41499
2024-12-22 20:00:00,156.38,156.57001,156.38,156.565
2024-12-23 00:00:00,156.59,156.69501,156.34,156.52499
2024-12-23 04:00:00,156.53,156.815,156.495,156.795
2024-12-23 08:00:00,156.8,156.925,156.47,156.845
2024-12-23 12:00:00,156.86,157.30499,156.85001,157.13
2024-12-23 16:00:00,157.13,157.22501,156.985,157.10001
2024-12-23 20:00:00,157.095001,157.245,157.050003,157.185
2024-12-24 00:00:00,157.175,157.39,157.059998,157.074997
2024-12-24 04:00:00,157.085007,157.185,156.89,157.14
2024-12-24 08:00:00,157.14,157.245,156.99001,157.14999
2024-12-24 12:00:00,157.16,157.215,157.074997,157.155
2024-12-25 12:00:00,157.22501,157.425,157.22501,157.425
2024-12-25 20:00:00,157.2,157.295,157.11501,157.125
2024-12-26 00:00:00,157.125,157.47501,157.070007,157.37
2024-12-26 04:00:00,157.355,157.515,157.31,157.395
2024-12-26 08:00:00,157.37,157.655,157.31,157.58501
2024-12-26 12:00:00,157.59,158.070007,157.59,158.070007
2024-12-26 16:00:00,158.074997,158.095001,157.875,157.985
2024-12-26 20:00:00,157.985,158.039993,157.66499,157.77
2024-12-27 00:00:00,157.75999,157.95,157.50999,157.64999
2024-12-27 04:00:00,157.655,157.86,157.56,157.81
2024-12-27 08:00:00,157.825,157.925,157.62,157.66
2024-12-27 12:00:00,157.655,157.895,157.53,157.575
2024-12-27 16:00:00,157.57001,157.955,157.355,157.955
2024-12-27 20:00:00,157.94501,158.014999,157.81,157.83501
2024-12-29 20:00:00,157.74001,157.91,157.7,157.88499
2024-12-30 00:00:00,157.91,157.99001,157.69501,157.815
2024-12-30 04:00:00,157.815,158.074997,157.75999,157.89
2024-12-30 08:00:00,157.895,158.014999,157.56,157.64
2024-12-30 12:00:00,157.645,157.655,156.67999,157.17999
2024-12-30 16:00:00,157.17999,157.375,156.925,157.089996
2024-12-30 20:00:00,157.089996,157.155,156.75999,157.0099945
2024-12-31 00:00:00,157.014999,157.050003,156.34,156.44501
2024-12-31 04:00:00,156.44,156.465,156.065002,156.215
2024-12-31 08:00:00,156.205,156.965,156.024994,156.80499
2024-12-31 12:00:00,156.8,156.925,156.56,156.89
2025-01-01 16:00:00,156.88,156.91,156.88,156.91
2025-01-01 20:00:00,157.28999,157.78,157.19,157.7
2025-01-02 00:00:00,157.7,157.78,157.13,157.16
2025-01-02 04:00:00,157.16,157.22,156.44,156.67999
2025-01-02 08:00:00,156.67999,157.28,156.47,157.21001
2025-01-02 12:00:00,157.2,157.24001,156.64,157.14999
2025-01-02 16:00:00,157.14999,157.85001,157.13,157.62
2025-01-02 20:00:00,157.62,157.66,157.35001,157.35001
2025-01-03 00:00:00,157.36,157.46001,157.17999,157.31
2025-01-03 04:00:00,157.31,157.39,157.039993,157.14
2025-01-03 08:00:00,157.14,157.42999,157.089996,157.25
2025-01-03 12:00:00,157.24001,157.5,157.029999,157.41
2025-01-03 16:00:00,157.39999,157.41,156.88,157.21001
2025-01-03 20:00:00,157.2,157.38,157.14,157.3
2025-01-05 20:00:00,157.22,157.53,157.19,157.50999
2025-01-06 00:00:00,157.50999,157.83,157.49001,157.72
2025-01-06 04:00:00,157.72,157.81,157.53,157.67
2025-01-06 08:00:00,157.66,157.97,157.16,157.2
2025-01-06 12:00:00,157.21001,157.66,156.24001,157.53999
2025-01-06 16:00:00,157.53,157.67,157.34,157.55
2025-01-06 20:00:00,157.53999,157.81,157.5,157.74001
2025-01-07 00:00:00,157.75,158.42,157.74001,158.12
2025-01-07 04:00:00,158.13,158.16,157.46001,157.5
2025-01-07 08:00:00,157.5,157.85001,157.38,157.72
2025-01-07 12:00:00,157.72,158.42999,157.53,157.92
2025-01-07 16:00:00,157.94,158.050003,157.59,157.77
2025-01-07 20:00:00,157.78,158.25,157.74001,158.23
2025-01-08 00:00:00,158.22,158.24001,157.91,158.19
2025-01-08 04:00:00,158.2,158.27,157.92999,158.12
2025-01-08 08:00:00,158.11,158.55,158.050003,158.37
2025-01-08 12:00:00,158.37,158.55,158.14,158.37
2025-01-08 16:00:00,158.37,158.52,158.28,158.47
2025-01-08 20:00:00,158.46001,158.46001,158.17999,158.19
2025-01-09 00:00:00,158.2,158.33,157.92,157.97
2025-01-09 04:00:00,157.97,158.2,157.75999,158.2
2025-01-09 08:00:00,158.19,158.28999,157.83,157.91
2025-01-09 12:00:00,157.91,157.98,157.58,157.97
2025-01-09 16:00:00,157.97,158.17,157.92999,158.12
2025-01-09 20:00:00,158.11,158.2,158.0099945,158.050003
2025-01-10 00:00:00,158.039993,158.28999,157.94,158.23
2025-01-10 04:00:00,158.24001,158.45,158.24001,158.39
2025-01-10 08:00:00,158.39,158.42999,157.62,158.0
2025-01-10 12:00:00,157.99001,158.88,157.23,157.56
2025-01-10 16:00:00,157.56,157.99001,157.55,157.88
2025-01-10 20:00:00,157.87,157.94,157.69,157.73
2025-01-12 20:00:00,157.75999,157.92999,157.7,157.92
2025-01-13 00:00:00,157.89999,157.97,157.27,157.41
2025-01-13 04:00:00,157.42,157.60001,157.25,157.46001
2025-01-13 08:00:00,157.46001,157.67,157.0099945,157.32001
2025-01-13 12:00:00,157.32001,157.59,156.92,157.50999
2025-01-13 16:00:00,157.53,157.82001,157.3,157.81
2025-01-13 20:00:00,157.81,157.81,157.12,157.31
2025-01-14 00:00:00,157.31,158.020004,157.16,157.56
2025-01-14 04:00:00,157.56,157.72,157.3,157.52
2025-01-14 08:00:00,157.52,158.029999,157.39,157.94
2025-01-14 12:00:00,157.94,158.14999,157.42,157.97
2025-01-14 16:00:00,157.97,158.2,157.83,157.94
2025-01-14 20:00:00,157.94,158.070007,157.87,158.050003
2025-01-15 00:00:00,158.059998,158.080002,157.83,157.89
2025-01-15 04:00:00,157.88,157.94,156.84,156.88
2025-01-15 08:00:00,156.88,157.21001,156.71001,157.020004
2025-01-15 12:00:00,157.029999,157.089996,155.94,156.28999
2025-01-15 16:00:00,156.28999,156.74001,156.28999,156.47
2025-01-15 20:00:00,156.46001,156.56,156.22,156.22
2025-01-16 00:00:00,156.22,156.53,155.21001,155.78
2025-01-16 04:00:00,155.78,156.31,155.61,156.19
2025-01-16 08:00:00,156.17999,156.24001,155.61,155.78
2025-01-16 12:00:00,155.78,156.36,155.39,155.42999
2025-01-16 16:00:00,155.42999,155.55,155.11,155.28999
2025-01-16 20:00:00,155.28999,155.39999,155.10001,155.37
2025-01-17 00:00:00,155.37,155.48,154.98,155.44
2025-01-17 04:00:00,155.45,155.77,155.36,155.61
2025-01-17 08:00:00,155.61,155.85001,155.41,155.7
2025-01-17 12:00:00,155.7,156.19,155.56,156.11
2025-01-17 16:00:00,156.10001,156.37,156.10001,156.14999
2025-01-17 20:00:00,156.14999,156.32001,156.11,156.28999
2025-01-19 20:00:00,156.25999,156.58,156.25,156.31
2025-01-20 00:00:00,156.31,156.36,155.71001,155.74001
2025-01-20 04:00:00,155.74001,156.28999,155.73,155.99001
2025-01-20 08:00:00,155.99001,156.46001,155.95,156.34
2025-01-20 12:00:00,156.34,156.46001,155.42,155.69
2025-01-20 16:00:00,155.69,156.059998,155.60001,155.64
2025-01-20 20:00:00,155.64,155.72,155.17,155.28
2025-01-21 00:00:00,155.28,156.24001,154.77,155.19
2025-01-21 04:00:00,155.19,155.75,154.96001,155.67999
2025-01-21 08:00:00,155.67999,156.059998,155.62,155.91
2025-01-21 12:00:00,155.91,155.95,155.25999,155.33
2025-01-21 16:00:00,155.33,155.59,155.31,155.56
2025-01-21 20:00:00,155.56,155.83,155.45,155.75
2025-01-22 00:00:00,155.75999,155.96001,155.36,155.92
2025-01-22 04:00:00,155.92999,156.070007,155.67999,156.050003
2025-01-22 08:00:00,156.050003,156.11,155.55,155.87
2025-01-22 12:00:00,155.88,156.42,155.75,156.41
2025-01-22 16:00:00,156.39999,156.71001,156.38,156.52
2025-01-22 20:00:00,156.52,156.59,156.41,156.44
2025-01-23 00:00:00,156.45,156.60001,156.28999,156.5
2025-01-23 04:00:00,156.5,156.75,156.48,156.61
2025-01-23 08:00:00,156.61,156.64,156.21001,156.55
2025-01-23 12:00:00,156.53999,156.60001,156.10001,156.17
2025-01-23 16:00:00,156.17,156.38,155.74001,155.8
2025-01-23 20:00:00,155.81,156.17999,155.75999,156.14
2025-01-24 00:00:00,156.14,156.39999,155.42999,155.49001
2025-01-24 04:00:00,155.48,155.72,154.85001,155.39
2025-01-24 08:00:00,155.38,156.11,154.94,156.10001
2025-01-24 12:00:00,156.11,156.58,155.63,155.73
2025-01-24 16:00:00,155.73,156.029999,155.52,155.81
2025-01-24 20:00:00,155.82001,156.020004,155.82001,155.98
2025-01-26 20:00:00,155.74001,155.83,155.58,155.72
2025-01-27 00:00:00,155.72,155.88,155.28999,155.8
2025-01-27 04:00:00,155.8,156.25,155.67999,155.88
2025-01-27 08:00:00,155.87,155.91,153.72,153.97
2025-01-27 12:00:00,153.96001,154.67999,153.86,154.35001
2025-01-27 16:00:00,154.34,154.72,154.10001,154.55
2025-01-27 20:00:00,154.53999,154.98,154.46001,154.92
2025-01-28 00:00:00,154.91,155.74001,154.8,155.74001
2025-01-28 04:00:00,155.74001,155.98,155.52,155.86
2025-01-28 08:00:00,155.86,155.92999,155.21001,155.44
2025-01-28 12:00:00,155.44,155.74001,155.050003,155.72
2025-01-28 16:00:00,155.72,155.75999,155.50999,155.53999
2025-01-28 20:00:00,155.53999,155.62,155.49001,155.56
2025-01-29 00:00:00,155.57001,155.78999,155.32001,155.42999
2025-01-29 04:00:00,155.42999,155.42999,155.0,155.28999
2025-01-29 08:00:00,155.3,155.52,155.0099945,155.42
2025-01-29 12:00:00,155.42,155.5,154.94,155.0099945
2025-01-29 16:00:00,155.0099945,155.61,154.97,155.24001
2025-01-29 20:00:00,155.25,155.39,155.039993,155.17999
2025-01-30 00:00:00,155.17999,155.2,154.28,154.53
2025-01-30 04:00:00,154.53,154.74001,154.36,154.5
2025-01-30 08:00:00,154.55,154.64999,154.32001,154.59
2025-01-30 12:00:00,154.59,154.60001,153.78999,154.14
2025-01-30 16:00:00,154.14,154.5,154.070007,154.11
2025-01-30 20:00:00,154.11,154.5,154.0,154.089996
2025-01-31 00:00:00,154.10001,154.42999,153.92,154.36
2025-01-31 04:00:00,154.36,154.92999,154.32001,154.64999
2025-01-31 08:00:00,154.66,154.85001,154.49001,154.84
2025-01-31 12:00:00,154.85001,155.020004,154.53,154.83
2025-01-31 16:00:00,154.83,155.22,154.66,155.14999
2025-01-31 20:00:00,155.14,155.22,155.020004,155.2
2025-02-02 20:00:00,154.78,155.44,154.78,155.35001
2025-02-03 00:00:00,155.37,155.89,155.36,155.64999
2025-02-03 04:00:00,155.66,155.75,155.28,155.63
2025-02-03 08:00:00,155.63,155.72,154.60001,154.61
2025-02-03 12:00:00,154.62,154.86,154.0099945,154.73
2025-02-03 16:00:00,154.73,155.0099945,154.53,154.89999
2025-02-03 20:00:00,154.89,155.3,154.56,155.27
2025-02-04 00:00:00,155.27,155.41,155.050003,155.21001
2025-02-04 04:00:00,155.21001,155.39,154.83,155.33
2025-02-04 08:00:00,155.33,155.52,155.070007,155.31
2025-02-04 12:00:00,155.32001,155.39999,154.53999,154.67999
2025-02-04 16:00:00,154.67,154.67,154.17999,154.3
2025-02-04 20:00:00,154.28999,154.46001,154.029999,154.14999
2025-02-05 00:00:00,154.13,154.36,153.10001,153.22
2025-02-05 04:00:00,153.22,153.57001,153.080002,153.3
2025-02-05 08:00:00,153.34,153.39,152.55,152.88
2025-02-05 12:00:00,152.88,153.21001,152.12,152.14
2025-02-05 16:00:00,152.14,152.53999,152.12,152.53
2025-02-05 20:00:00,152.52,152.77,152.47,152.64999
2025-02-06 00:00:00,152.64999,152.69,151.81,152.24001
2025-02-06 04:00:00,152.24001,152.67,152.13,152.58
2025-02-06 08:00:00,152.58,152.89,152.36,152.44
2025-02-06 12:00:00,152.42999,152.53,151.66,151.69
2025-02-06 16:00:00,151.69,152.059998,151.24001,151.39
2025-02-06 20:00:00,151.39,151.53999,151.16,151.17
2025-02-07 00:00:00,151.17,151.74001,150.96001,151.58
2025-02-07 04:00:00,151.58,151.88,151.53999,151.83
2025-02-07 08:00:00,151.83,152.17999,151.67,152.16
2025-02-07 12:00:00,152.14999,152.42,151.28999,151.39
2025-02-07 16:00:00,151.39,151.85001,150.92999,151.38
2025-02-07 20:00:00,151.37,151.46001,151.25999,151.42
2025-02-09 20:00:00,151.24001,151.88,151.23,151.88
2025-02-10 00:00:00,151.88,152.2,151.63,151.92
2025-02-10 04:00:00,151.92,152.19,151.78,152.16
2025-02-10 08:00:00,152.17,152.53999,152.020004,152.12
2025-02-10 12:00:00,152.11,152.25,151.57001,151.61
2025-02-10 16:00:00,151.61,152.070007,151.57001,151.98
2025-02-10 20:00:00,151.98,152.029999,151.75,151.78999
2025-02-11 00:00:00,151.78999,152.059998,151.69,151.98
2025-02-11 04:00:00,151.98,152.050003,151.84,151.95
2025-02-11 08:00:00,151.95,152.38,151.64999,152.34
2025-02-11 12:00:00,152.35001,152.60001,152.22,152.5
2025-02-11 16:00:00,152.49001,152.56,152.25,152.49001
2025-02-11 20:00:00,152.49001,152.77,152.39,152.77
2025-02-12 00:00:00,152.75,153.67999,152.73,153.63
2025-02-12 04:00:00,153.63,153.73,153.42,153.67999
2025-02-12 08:00:00,153.69,153.89,153.42,153.56
2025-02-12 12:00:00,153.56,154.62,153.41,154.44
2025-02-12 16:00:00,154.44,154.8,154.28999,154.42999
2025-02-12 20:00:00,154.42999,154.49001,154.19,154.24001
2025-02-13 00:00:00,154.23,154.66,154.12,154.24001
2025-02-13 04:00:00,154.24001,154.49001,153.96001,154.28
2025-02-13 08:00:00,154.28,154.34,153.74001,153.85001
2025-02-13 12:00:00,153.85001,154.020004,153.080002,153.13
2025-02-13 16:00:00,153.14,153.35001,152.77,152.92999
2025-02-13 20:00:00,152.94,153.14999,152.7,152.99001
2025-02-14 00:00:00,153.0099945,153.10001,152.45,152.83
2025-02-14 04:00:00,152.84,152.89,152.39,152.73
2025-02-14 08:00:00,152.73,152.84,152.47,152.71001
2025-02-14 12:00:00,152.7,152.83,152.070007,152.14
2025-02-14 16:00:00,152.14,152.39,152.029999,152.21001
2025-02-14 20:00:00,152.22,152.35001,152.22,152.31
2025-02-16 20:00:00,152.25999,152.38,151.97,152.0099945
2025-02-17 00:00:00,152.0099945,152.12,151.50999,151.62
2025-02-17 04:00:00,151.62,151.89,151.48,151.87
2025-02-17 08:00:00,151.87,151.94,151.5,151.50999
2025-02-17 12:00:00,151.50999,151.53999,151.34,151.37
2025-02-17 16:00:00,151.37,151.45,151.35001,151.39999
2025-02-17 20:00:00,151.39999,151.62,151.24001,151.44
2025-02-18 00:00:00,151.44,152.089996,151.42,152.089996
2025-02-18 04:00:00,152.10001,152.22,151.8,152.059998
2025-02-18 08:00:00,152.059998,152.10001,151.67999,151.78
2025-02-18 12:00:00,151.78,151.88,151.53,151.66
2025-02-18 16:00:00,151.66,152.039993,151.64999,151.92999
2025-02-18 20:00:00,151.92999,152.13,151.92,151.92
2025-02-19 00:00:00,151.92999,152.32001,151.75,151.89999
2025-02-19 04:00:00,151.89,151.94,151.59,151.66
2025-02-19 08:00:00,151.66,151.95,151.55,151.85001
2025-02-19 12:00:00,151.84,151.92999,151.25,151.42
2025-02-19 16:00:00,151.42,151.83,151.39,151.53
2025-02-19 20:00:00,151.53,151.57001,151.12,151.22
2025-02-20 00:00:00,151.22,151.24001,150.39,150.42999
2025-02-20 04:00:00,150.42,150.48,149.95,150.17999
2025-02-20 08:00:00,150.17,150.44,149.99001,150.22
2025-02-20 12:00:00,150.22,150.23,149.47,149.50999
2025-02-20 16:00:00,149.52,149.82001,149.39999,149.78
2025-02-20 20:00:00,149.78,149.82001,149.28999,149.48
2025-02-21 00:00:00,149.47,150.74001,149.47,150.31
2025-02-21 04:00:00,150.32001,150.64999,150.12,150.55
2025-02-21 08:00:00,150.56,150.62,150.19,150.28
2025-02-21 12:00:00,150.27,150.50999,149.50999,149.55
2025-02-21 16:00:00,149.55,149.62,148.92999,149.070007
2025-02-21 20:00:00,149.070007,149.35001,149.0,149.3
2025-02-23 20:00:00,149.24001,149.41,149.089996,149.39999
2025-02-24 00:00:00,149.39999,149.5,148.84,149.16
2025-02-24 04:00:00,149.17,149.55,149.13,149.46001
2025-02-24 08:00:00,149.45,149.78999,149.23,149.73
2025-02-24 12:00:00,149.73,149.88,149.19,149.3
2025-02-24 16:00:00,149.3,149.8,149.3,149.67999
2025-02-24 20:00:00,149.67999,149.92,149.61,149.91
2025-02-25 00:00:00,149.91,150.3,149.61,149.67
2025-02-25 04:00:00,149.67,149.87,149.2,149.28
2025-02-25 08:00:00,149.28,149.95,149.22,149.81
2025-02-25 12:00:00,149.81,149.82001,148.57001,149.070007
2025-02-25 16:00:00,149.070007,149.25999,148.78,149.080002
2025-02-25 20:00:00,149.080002,149.19,148.86,149.059998
2025-02-26 00:00:00,149.050003,149.52,148.62,149.39999
2025-02-26 04:00:00,149.39999,149.63,149.28999,149.53999
2025-02-26 08:00:00,149.53,149.59,149.23,149.55
2025-02-26 12:00:00,149.55,149.89,149.3,149.49001
2025-02-26 16:00:00,149.49001,149.53,148.82001,148.84
2025-02-26 20:00:00,148.85001,149.23,148.75,148.88
2025-02-27 00:00:00,148.88,149.39999,148.78999,149.22
2025-02-27 04:00:00,149.22,149.42,149.080002,149.27
2025-02-27 08:00:00,149.27,149.97,149.16,149.8
2025-02-27 12:00:00,149.8,150.14,149.36,149.94
2025-02-27 16:00:00,149.94,150.16,149.77,149.86
2025-02-27 20:00:00,149.86,150.11,149.53999,150.089996
2025-02-28 00:00:00,150.10001,150.14999,149.10001,149.61
2025-02-28 04:00:00,149.61,150.57001,149.52,150.42999
2025-02-28 08:00:00,150.44,150.69,150.19,150.39
2025-02-28 12:00:00,150.39,150.99001,150.28,150.67
2025-02-28 16:00:00,150.67999,150.78999,150.24001,150.53999
2025-02-28 20:00:00,150.55,150.62,150.44,150.62
2025-03-02 20:00:00,150.72,151.020004,150.67,150.81
2025-03-03 00:00:00,150.82001,150.95,150.25,150.45
2025-03-03 04:00:00,150.45,150.53,150.14999,150.17
2025-03-03 08:00:00,150.17999,151.23,149.95,151.2
2025-03-03 12:00:00,151.2,151.3,150.080002,150.23
2025-03-03 16:00:00,150.24001,150.37,150.050003,150.25999
2025-03-03 20:00:00,150.25,150.25,149.10001,149.31
2025-03-04 00:00:00,149.31,149.53999,148.60001,149.17
2025-03-04 04:00:00,149.17,149.57001,148.92999,149.35001
2025-03-04 08:00:00,149.35001,149.45,148.3,148.36
2025-03-04 12:00:00,148.35001,148.71001,148.10001,148.35001
2025-03-04 16:00:00,148.33,149.37,148.3,149.32001
2025-03-04 20:00:00,149.31,149.97,149.0099945,149.84
2025-03-05 00:00:00,149.83,150.17999,149.58,149.97
2025-03-05 04:00:00,149.97,149.97,149.42,149.45
2025-03-05 08:00:00,149.45,149.64,149.10001,149.39999
2025-03-05 12:00:00,149.41,149.74001,148.39999,148.92
2025-03-05 16:00:00,148.91,149.14,148.48,148.78999
2025-03-05 20:00:00,148.78,149.0,148.73,148.89
2025-03-06 00:00:00,148.88,149.33,148.86,149.24001
2025-03-06 04:00:00,149.24001,149.31,148.27,148.37
2025-03-06 08:00:00,148.37,148.42,147.7,147.83
2025-03-06 12:00:00,147.83,148.32001,147.32001,148.24001
2025-03-06 16:00:00,148.25,148.39,147.57001,147.69
2025-03-06 20:00:00,147.69,148.14999,147.67,148.14999
2025-03-07 00:00:00,148.14999,148.17,147.45,147.61
2025-03-07 04:00:00,147.61,147.75,147.39,147.64999
2025-03-07 08:00:00,147.67,147.75,147.21001,147.7
2025-03-07 12:00:00,147.69,147.97,146.95,147.52
2025-03-07 16:00:00,147.52,148.2,146.96001,148.020004
2025-03-07 20:00:00,148.039993,148.12,147.84,148.039993
2025-03-09 20:00:00,147.64999,147.87,147.39,147.59
2025-03-10 00:00:00,147.58,147.75999,147.089996,147.66
2025-03-10 04:00:00,147.64,147.78999,147.5,147.57001
2025-03-10 08:00:00,147.57001,147.63,146.87,147.13
2025-03-10 12:00:00,147.13,147.3,146.63,147.16
2025-03-10 16:00:00,147.14999,147.47,147.039993,147.28999
2025-03-10 20:00:00,147.3,147.37,146.78,147.080002
2025-03-11 00:00:00,147.080002,147.19,146.53999,147.13
2025-03-11 04:00:00,147.12,147.39999,146.75999,146.94
2025-03-11 08:00:00,146.92999,147.72,146.88,147.61
2025-03-11 12:00:00,147.60001,148.12,147.27,147.5
2025-03-11 16:00:00,147.48,147.92,147.020004,147.75999
2025-03-11 20:00:00,147.75999,148.070007,147.67999,148.039993
2025-03-12 00:00:00,148.050003,148.14999,147.85001,148.089996
2025-03-12 04:00:00,148.080002,148.60001,147.97,148.59
2025-03-12 08:00:00,148.59,148.77,148.25999,148.74001
2025-03-12 12:00:00,148.73,149.19,148.17,148.32001
2025-03-12 16:00:00,148.32001,148.42999,148.11,148.35001
2025-03-12 20:00:00,148.34,148.37,148.10001,148.28999
2025-03-13 00:00:00,148.3,148.37,148.020004,148.039993
2025-03-13 04:00:00,148.039993,148.12,147.58,147.78999
2025-03-13 08:00:00,147.81,148.24001,147.69,148.0
2025-03-13 12:00:00,147.99001,148.35001,147.64999,147.71001
2025-03-13 16:00:00,147.72,147.83,147.42,147.7
2025-03-13 20:00:00,147.7,147.98,147.7,147.92999
2025-03-14 00:00:00,147.94,148.42999,147.85001,148.36
2025-03-14 04:00:00,148.33,149.020004,148.33,148.75
2025-03-14 08:00:00,148.73,149.0,148.61,148.73
2025-03-14 12:00:00,148.73,148.89,148.35001,148.52
2025-03-14 16:00:00,148.52,148.66,148.25999,148.64999
2025-03-14 20:00:00,148.64999,148.67,148.57001,148.64
2025-03-16 20:00:00,148.75999,148.8,148.46001,148.61
2025-03-17 00:00:00,148.60001,148.89999,148.48,148.73
2025-03-17 04:00:00,148.73,149.10001,148.72,148.84
2025-03-17 08:00:00,148.84,148.98,148.42,148.46001
2025-03-17 12:00:00,148.46001,149.089996,148.31,148.56
2025-03-17 16:00:00,148.56,149.28,148.52,149.16
2025-03-17 20:00:00,149.16,149.39999,149.050003,149.39999
2025-03-18 00:00:00,149.39,149.73,149.25999,149.69
2025-03-18 04:00:00,149.69,149.88,149.52,149.83
2025-03-18 08:00:00,149.85001,149.89999,149.57001,149.75
2025-03-18 12:00:00,149.74001,149.92999,149.42,149.49001
2025-03-18 16:00:00,149.49001,149.64999,149.10001,149.28
2025-03-18 20:00:00,149.28,149.47,149.19,149.44
2025-03-19 00:00:00,149.44,149.64,149.21001,149.32001
2025-03-19 04:00:00,149.33,150.020004,149.14999,149.28
2025-03-19 08:00:00,149.28999,149.89,149.28999,149.83
2025-03-19 12:00:00,149.83,150.14999,149.60001,150.029999
2025-03-19 16:00:00,150.020004,150.029999,148.67,148.85001
2025-03-19 20:00:00,148.85001,148.89999,148.46001,148.46001
2025-03-20 00:00:00,148.46001,148.52,148.17999,148.37
2025-03-20 04:00:00,148.37,148.64999,148.17999,148.59
2025-03-20 08:00:00,148.59,148.78,148.39999,148.46001
2025-03-20 12:00:00,148.46001,148.96001,148.39999,148.85001
2025-03-20 16:00:00,148.85001,148.96001,148.72,148.78999
2025-03-20 20:00:00,148.78999,148.82001,148.59,148.62
2025-03-21 00:00:00,148.62,149.25,148.59,149.21001
2025-03-21 04:00:00,149.21001,149.66,149.21001,149.31
2025-03-21 08:00:00,149.32001,149.53999,148.86,148.89
2025-03-21 12:00:00,148.89,149.0,148.61,148.98
2025-03-21 16:00:00,148.99001,149.35001,148.92999,149.34
2025-03-21 20:00:00,149.34,149.37,149.28999,149.3
2025-03-23 20:00:00,149.39,149.69,149.38,149.67
2025-03-24 00:00:00,149.66,149.96001,149.46001,149.77
2025-03-24 04:00:00,149.81,149.87,149.53999,149.64999
2025-03-24 08:00:00,149.64,149.8,149.49001,149.75
2025-03-24 12:00:00,149.75999,150.75999,149.71001,150.74001
2025-03-24 16:00:00,150.73,150.75999,150.49001,150.64999
2025-03-24 20:00:00,150.64,150.86,150.64,150.78
2025-03-25 00:00:00,150.8,150.94,150.59,150.61
2025-03-25 04:00:00,150.62,150.74001,150.42,150.72
2025-03-25 08:00:00,150.73,150.77,150.059998,150.17999
2025-03-25 12:00:00,150.17999,150.17999,149.55,149.77
2025-03-25 16:00:00,149.77,149.94,149.71001,149.86
2025-03-25 20:00:00,149.86,150.0099945,149.86,149.94
2025-03-26 00:00:00,149.94,150.47,149.84,150.46001
2025-03-26 04:00:00,150.42999,150.62,150.37,150.39999
2025-03-26 08:00:00,150.39999,150.41,150.020004,150.21001
2025-03-26 12:00:00,150.21001,150.75,150.12,150.67999
2025-03-26 16:00:00,150.67,150.72,150.32001,150.58
2025-03-26 20:00:00,150.57001,150.61,150.28999,150.48
2025-03-27 00:00:00,150.46001,150.62,150.089996,150.16
2025-03-27 04:00:00,150.14999,150.55,150.059998,150.53999
2025-03-27 08:00:00,150.53999,151.020004,150.49001,151.020004
2025-03-27 12:00:00,151.020004,151.089996,150.58,150.97
2025-03-27 16:00:00,150.97,151.14999,150.92,151.039993
2025-03-27 20:00:00,151.039993,151.12,150.77,150.85001
2025-03-28 00:00:00,150.87,151.21001,150.71001,150.83
2025-03-28 04:00:00,150.81,150.94,150.39,150.39999
2025-03-28 08:00:00,150.39,150.86,150.36,150.81
2025-03-28 12:00:00,150.8,150.92,149.91,150.25999
2025-03-28 16:00:00,150.25999,150.28999,149.75,149.75
2025-03-28 20:00:00,149.75,149.89,149.69,149.81
2025-03-30 20:00:00,149.64999,149.75,149.3,149.62
2025-03-31 00:00:00,149.62,149.64,148.73,148.91
2025-03-31 04:00:00,148.92,149.25,148.71001,149.14
2025-03-31 08:00:00,149.14,149.42999,148.96001,149.38
2025-03-31 12:00:00,149.38,149.96001,149.35001,149.91
2025-03-31 16:00:00,149.91,150.27,149.8,149.96001
2025-03-31 20:00:00,149.96001,150.14,149.83,149.95
2025-04-01 00:00:00,149.94,149.98,149.64,149.67
2025-04-01 04:00:00,149.66,149.99001,149.53,149.62
2025-04-01 08:00:00,149.62,149.72,149.12,149.2
2025-04-01 12:00:00,149.19,149.55,148.98,149.41
2025-04-01 16:00:00,149.41,149.74001,149.24001,149.62
2025-04-01 20:00:00,149.62,149.89,149.53,149.75
2025-04-02 00:00:00,149.75,149.95,149.69,149.75999
2025-04-02 04:00:00,149.75,150.0,149.64,149.67
2025-04-02 08:00:00,149.67,149.72,149.19,149.22
2025-04-02 12:00:00,149.22,150.089996,149.10001,149.99001
2025-04-02 16:00:00,149.99001,150.25,149.92,150.029999
2025-04-02 20:00:00,150.020004,150.49001,147.69,147.88
2025-04-03 00:00:00,147.89,148.34,147.12,147.24001
2025-04-03 04:00:00,147.27,147.64,146.81,147.27
2025-04-03 08:00:00,147.27,147.36,146.029999,146.039993
2025-04-03 12:00:00,146.020004,146.36,145.19,146.050003
2025-04-03 16:00:00,146.039993,146.52,145.97,146.25
2025-04-03 20:00:00,146.25,146.31,145.53999,146.25999
2025-04-04 00:00:00,146.25999,146.41,145.62,145.7
2025-04-04 04:00:00,145.67,146.3,145.3,146.28
2025-04-04 08:00:00,146.27,146.55,144.56,145.39999
2025-04-04 12:00:00,145.35001,146.22,145.020004,145.92999
2025-04-04 16:00:00,145.92999,147.44,145.86,146.85001
2025-04-04 20:00:00,146.85001,147.10001,146.77,147.050003
2025-04-06 21:00:00,145.17,145.84,144.82001,145.82001
2025-04-07 01:00:00,145.82001,146.85001,145.78,145.88
2025-04-07 05:00:00,145.88,146.37,145.080002,146.22
2025-04-07 09:00:00,146.21001,147.050003,145.83,146.99001
2025-04-07 13:00:00,146.98,148.11,146.50999,147.94
2025-04-07 17:00:00,147.96001,148.14999,147.53999,147.82001
2025-04-07 21:00:00,147.82001,148.12,147.50999,147.62
2025-04-08 01:00:00,147.60001,147.77,147.25,147.75999
2025-04-08 05:00:00,147.75999,147.8,146.98,147.42
2025-04-08 09:00:00,147.42999,147.52,146.67999,146.83
2025-04-08 13:00:00,146.82001,147.67,146.5,146.52
2025-04-08 17:00:00,146.53,146.74001,145.96001,146.25
2025-04-08 21:00:00,146.25999,146.39,145.14,145.41
2025-04-09 01:00:00,145.39999,145.94,144.58,144.94
2025-04-09 05:00:00,144.95,145.78,144.71001,145.3
2025-04-09 09:00:00,145.3,145.49001,144.0,144.31
2025-04-09 13:00:00,144.32001,145.21001,144.22,144.92999
2025-04-09 17:00:00,144.92,148.28,144.60001,147.75
2025-04-09 21:00:00,147.72,147.82001,146.67999,146.73
2025-04-10 01:00:00,146.7,147.039993,146.5,146.62
2025-04-10 05:00:00,146.62,147.14999,146.14999,146.31
2025-04-10 09:00:00,146.3,146.34,144.88,145.45
2025-04-10 13:00:00,145.45,145.53999,144.020004,144.53999
2025-04-10 17:00:00,144.53,145.13,144.42999,144.44
2025-04-10 21:00:00,144.44,144.64999,142.88,143.36
2025-04-11 01:00:00,143.33,143.78,142.89,142.92
2025-04-11 05:00:00,142.92999,144.14999,142.070007,142.41
2025-04-11 09:00:00,142.42,143.22,142.070007,142.52
2025-04-11 13:00:00,142.53,143.98,142.22,143.78
2025-04-11 17:00:00,143.78999,144.2,143.442,143.49001
2025-04-13 21:00:00,143.64999,143.89799,142.886,142.90401
2025-04-14 01:00:00,142.903,143.202,142.24699,143.035004
2025-04-14 05:00:00,143.035004,143.276,142.226,142.912
2025-04-14 09:00:00,142.912,143.701,142.756,143.67101
2025-04-14 13:00:00,143.67,144.080002,142.77901,143.216
2025-04-14 17:00:00,143.21899,143.353,142.856,142.99001
2025-04-14 21:00:00,143.0059967,143.591,142.903,143.508
2025-04-15 01:00:00,143.508,143.59399,142.901,143.037003
2025-04-15 05:00:00,143.037994,143.509,142.83701,142.90601
2025-04-15 09:00:00,142.905,143.18401,142.593,142.87
2025-04-15 13:00:00,142.87399,143.26601,142.668,143.091003
2025-04-15 17:00:00,143.089005,143.27901,143.037994,143.246
2025-04-15 21:00:00,143.186,143.282,142.75999,142.88699
2025-04-16 01:00:00,142.89,142.994,142.465,142.63
2025-04-16 05:00:00,142.62601,142.955,142.039993,142.62
2025-04-16 09:00:00,142.619,142.916,142.431,142.64
2025-04-16 13:00:00,142.646,142.86,142.315,142.55
2025-04-16 17:00:00,142.549,142.696,141.638,141.83701
2025-04-16 21:00:00,141.81599,142.605,141.60899,142.582
2025-04-17 01:00:00,142.58299,142.86301,142.382,142.672
2025-04-17 05:00:00,142.67,143.087006,142.485,142.677
2025-04-17 09:00:00,142.677,142.84399,142.286,142.31799
2025-04-17 13:00:00,142.31599,142.632,141.895,142.461
2025-04-17 17:00:00,142.461,142.718,142.347,142.388
2025-04-17 21:00:00,142.377,142.47,142.155,142.39301
2025-04-18 01:00:00,142.394,142.44299,142.252,142.334
2025-04-18 05:00:00,142.332,142.41499,142.27699,142.37801
2025-04-18 09:00:00,142.379,142.396,142.259,142.32001
2025-04-18 13:00:00,142.325,142.35699,142.105,142.20399
2025-04-18 17:00:00,142.202,142.29401,142.098007,142.14999
2025-04-20 21:00:00,141.73399,141.76601,141.13699,141.188
2025-04-21 01:00:00,141.189,141.203,140.61099,140.765
2025-04-21 05:00:00,140.765,140.90601,140.53799,140.57001
2025-04-21 09:00:00,140.57201,141.076004,140.467,140.783
2025-04-21 13:00:00,140.782,141.041,140.564,140.834
2025-04-21 17:00:00,140.832,140.98,140.547,140.825
2025-04-21 21:00:00,140.82401,141.172,140.647,140.851
2025-04-22 01:00:00,140.855,140.992,140.082001,140.192
2025-04-22 05:00:00,140.194,140.631,139.882,140.51401
2025-04-22 09:00:00,140.515,140.575,140.166,140.52901
2025-04-22 13:00:00,140.53,141.362,140.508,141.30299
2025-04-22 17:00:00,141.30099,141.67,141.035995,141.509
2025-04-22 21:00:00,141.564,143.218,141.44,142.082001
2025-04-23 01:00:00,142.082993,142.254,141.662,141.95599
2025-04-23 05:00:00,141.95599,142.147,141.524,141.73801
2025-04-23 09:00:00,141.737,142.188,141.57201,141.84
2025-04-23 13:00:00,141.84,143.074005,141.75,143.018997
2025-04-23 17:00:00,143.018997,143.57401,142.92799,143.48801
2025-04-23 21:00:00,143.439,143.446,142.85699,142.94299
2025-04-24 01:00:00,142.946,143.078995,142.597,142.752
2025-04-24 05:00:00,142.75,142.959,142.48399,142.634
2025-04-24 09:00:00,142.644,142.698,142.286,142.403
2025-04-24 13:00:00,142.39799,142.79201,142.274,142.646
2025-04-24 17:00:00,142.646,142.834,142.48399,142.64301
2025-04-24 21:00:00,142.60001,143.116,142.532,143.063004
2025-04-25 01:00:00,143.063995,143.80099,142.823,143.61501
2025-04-25 05:00:00,143.612,143.85001,143.22,143.416
2025-04-25 09:00:00,143.416,143.733,143.222,143.41499
2025-04-25 13:00:00,143.41299,144.029999,143.407,143.812
2025-04-25 17:00:00,143.811,143.849,143.437,143.623
2025-04-27 21:00:00,143.767,143.877,143.476,143.48399
2025-04-28 01:00:00,143.48801,143.85899,143.313,143.321
2025-04-28 05:00:00,143.321,143.894,143.284,143.549
2025-04-28 09:00:00,143.55099,143.578,143.14101,143.342
2025-04-28 13:00:00,143.342,143.437,142.26801,142.336
2025-04-28 17:00:00,142.334,142.38499,141.95399,141.95599
2025-04-28 21:00:00,141.968,142.315,141.957,142.243
2025-04-29 01:00:00,142.24001,142.577,142.112,142.52499
2025-04-29 05:00:00,142.524,142.61,142.299,142.588
2025-04-29 09:00:00,142.588,142.757,142.25,142.304
2025-04-29 13:00:00,142.30701,142.394,141.968,142.042999
2025-04-29 17:00:00,142.042999,142.44701,142.0070038,142.263
2025-04-29 21:00:00,142.265,142.50999,142.14799,142.429
2025-04-30 01:00:00,142.427,142.55499,142.22301,142.515
2025-04-30 05:00:00,142.515,142.946,142.448,142.90601
2025-04-30 09:00:00,142.90199,143.15401,142.68401,142.817
2025-04-30 13:00:00,142.81599,143.042007,142.491,142.67599
2025-04-30 17:00:00,142.673,143.19,142.59801,143.063004
2025-04-30 21:00:00,143.035004,143.078003,142.875,143.0039978
2025-05-01 01:00:00,143.0,143.89799,142.916,143.87399
2025-05-01 05:00:00,143.87801,144.743,143.866,144.217
2025-05-01 09:00:00,144.217,144.76601,144.12,144.701
2025-05-01 13:00:00,144.70799,145.66,144.535,145.39
2025-05-01 17:00:00,145.39799,145.741,145.323,145.34399
2025-05-01 21:00:00,145.42,145.924,145.248,145.867
2025-05-02 01:00:00,145.87,145.875,145.146,145.39
2025-05-02 05:00:00,145.388,145.414,144.814,144.83099
2025-05-02 09:00:00,144.825,144.96201,144.33099,144.64
2025-05-02 13:00:00,144.64101,144.79401,143.72501,144.672
2025-05-02 17:00:00,144.672,145.084,144.575,144.89999
2025-05-02 21:00:00,144.918,144.918,144.918,144.918
2025-05-04 21:00:00,144.752,144.86099,144.506,144.64
2025-05-05 01:00:00,144.638,144.64101,144.059998,144.144
2025-05-05 05:00:00,144.14999,144.423,143.89101,144.052994
2025-05-05 09:00:00,144.048996,144.070999,143.56799,143.636
2025-05-05 13:00:00,143.632,144.23399,143.535,144.16701
2025-05-05 17:00:00,144.166,144.174,143.64999,143.689
2025-05-05 21:00:00,143.683,144.020996,143.54201,143.99899
2025-05-06 01:00:00,143.99699,144.27499,143.618,143.709
2025-05-06 05:00:00,143.711,143.92799,142.89999,143.129
2025-05-06 09:00:00,143.129,143.35201,142.48599,142.511
2025-05-06 13:00:00,142.511,143.033997,142.349,142.72501
2025-05-06 17:00:00,142.724,142.737,142.347,142.414
2025-05-06 21:00:00,142.43401,143.31,142.38699,142.95
2025-05-07 01:00:00,142.94501,143.325,142.74001,143.28
2025-05-07 05:00:00,143.278,143.44099,142.82401,143.312
2025-05-07 09:00:00,143.317,143.45399,143.15401,143.353
2025-05-07 13:00:00,143.35201,143.58701,143.112,143.411
2025-05-07 17:00:00,143.412,143.99899,142.90199,143.811
2025-05-07 21:00:00,143.78799,143.955,143.562,143.85201
2025-05-08 01:00:00,143.85201,143.897,143.44,143.774
2025-05-08 05:00:00,143.77901,144.84801,143.763,144.808
2025-05-08 09:00:00,144.80701,145.0050049,144.508,144.685
2025-05-08 13:00:00,144.685,145.786,144.429,145.72099
2025-05-08 17:00:00,145.72301,146.177,145.61501,145.909
2025-05-08 21:00:00,145.89101,146.187,145.67,145.69501
2025-05-09 01:00:00,145.69501,145.97,145.444,145.50101
2025-05-09 05:00:00,145.5,145.63,145.070999,145.183
2025-05-09 09:00:00,145.18401,145.40401,144.927,145.248
2025-05-09 13:00:00,145.246,145.3,144.82001,145.27901
2025-05-09 17:00:00,145.27499,145.381,145.142,145.323
2025-05-11 21:00:00,145.838,146.080994,145.694,145.90601
2025-05-12 01:00:00,145.903,146.285,145.71201,145.92599
2025-05-12 05:00:00,145.92101,148.228,145.87,147.755
2025-05-12 09:00:00,147.752,148.591,147.662,148.046997
2025-05-12 13:00:00,148.048996,148.55701,147.808,148.511
2025-05-12 17:00:00,148.51199,148.651,148.257,148.444
2025-05-12 21:00:00,148.44901,148.45599,147.78799,147.814
2025-05-13 01:00:00,147.81,148.029999,147.687,147.701
2025-05-13 05:00:00,147.694,148.061005,147.64,147.91499
2025-05-13 09:00:00,147.91701,148.27499,147.84,147.989
2025-05-13 13:00:00,147.99001,148.063004,147.45,147.60699
2025-05-13 17:00:00,147.60699,147.772,147.369,147.46899
2025-05-13 21:00:00,147.465,147.67,147.27499,147.362
2025-05-14 01:00:00,147.362,147.412,146.875,146.94501
2025-05-14 05:00:00,146.944,147.215,146.123,146.24899
2025-05-14 09:00:00,146.25,146.394,145.601,146.19099
2025-05-14 13:00:00,146.19,147.121,145.757,146.696
2025-05-14 17:00:00,146.69501,146.89999,146.433,146.741
2025-05-14 21:00:00,146.739,146.752,146.15601,146.21201
2025-05-15 01:00:00,146.207,146.37801,145.948,146.089996
2025-05-15 05:00:00,146.087997,146.14101,145.478,145.746
2025-05-15 09:00:00,145.74899,146.254,145.62801,145.8
2025-05-15 13:00:00,145.797,146.041,145.409,145.616
2025-05-15 17:00:00,145.614,145.767,145.53799,145.653
2025-05-15 21:00:00,145.659,145.69501,144.99699,145.087006
2025-05-16 01:00:00,145.089005,145.464,144.96001,145.30499
2025-05-16 05:00:00,145.30299,145.41901,144.916,145.297
2025-05-16 09:00:00,145.299,145.69299,145.25999,145.511
2025-05-16 13:00:00,145.509,146.103,145.396,145.938
2025-05-16 17:00:00,145.93401,146.031998,145.51601,145.58099
2025-05-18 21:00:00,145.15601,145.446,144.83501,144.905
2025-05-19 01:00:00,144.90199,145.345,144.804,145.313
2025-05-19 05:00:00,145.312,145.31599,144.65601,144.883
2025-05-19 09:00:00,144.87801,145.042999,144.7,145.018005
2025-05-19 13:00:00,145.016998,145.216,144.78,144.98599
2025-05-19 17:00:00,144.98,145.112,144.76801,144.85001
2025-05-19 21:00:00,144.839,145.51401,144.789,145.271
2025-05-20 01:00:00,145.267,145.29601,144.70799,144.759
2025-05-20 05:00:00,144.75999,144.765,144.087997,144.48199
2025-05-20 09:00:00,144.485,144.83701,144.367,144.81
2025-05-20 13:00:00,144.80901,144.97701,144.509,144.811
2025-05-20 17:00:00,144.808,144.88499,144.427,144.493
2025-05-20 21:00:00,144.468,144.58299,144.10899,144.17101
2025-05-21 01:00:00,144.17,144.351,143.638,143.741
2025-05-21 05:00:00,143.742,144.192,143.45599,144.118
2025-05-21 09:00:00,144.114,144.181,143.461,143.689
2025-05-21 13:00:00,143.687,143.894,143.554,143.64799
2025-05-21 17:00:00,143.64799,143.765,143.278,143.662
2025-05-21 21:00:00,143.661,144.39799,143.284,143.468
2025-05-22 01:00:00,143.47,143.645,143.14101,143.299
2025-05-22 05:00:00,143.293,143.436,142.798,143.276
2025-05-22 09:00:00,143.272,143.78,143.255,143.552
2025-05-22 13:00:00,143.55099,144.117,143.429,144.018997
2025-05-22 17:00:00,144.018005,144.33099,143.895,144.003006
2025-05-22 21:00:00,143.976,144.11,143.748,143.86301
2025-05-23 01:00:00,143.862,143.968,143.356,143.46201
2025-05-23 05:00:00,143.465,143.582,143.229,143.311
2025-05-23 09:00:00,143.311,143.431,142.45,142.60201
2025-05-23 13:00:00,142.60699,142.895,142.517,142.642
2025-05-23 17:00:00,142.644,142.733,142.418,142.53799
2025-05-23 21:00:00,142.55,142.55,142.55,142.55
2025-05-25 21:00:00,142.785,142.935,142.532,142.564
2025-05-26 01:00:00,142.56599,142.683,142.222,142.565
2025-05-26 05:00:00,142.56599,142.92101,142.47099,142.89101
2025-05-26 09:00:00,142.894,143.033997,142.814,142.97501
2025-05-26 13:00:00,142.97099,142.98801,142.72,142.72501
2025-05-26 17:00:00,142.722,142.84399,142.702,142.828
2025-05-26 21:00:00,142.83099,142.97,142.244,142.27699
2025-05-27 01:00:00,142.27499,142.86099,142.11,142.855
2025-05-27 05:00:00,142.851,143.88699,142.851,143.869
2025-05-27 09:00:00,143.866,144.188,143.80299,144.024002
2025-05-27 13:00:00,144.020996,144.46001,143.871,144.375
2025-05-27 17:00:00,144.371,144.41299,144.23,144.313
2025-05-27 21:00:00,144.321,144.366,143.847,144.121
2025-05-28 01:00:00,144.123,144.767,144.076996,144.424
2025-05-28 05:00:00,144.422,144.772,143.991,144.037994
2025-05-28 09:00:00,144.037994,144.536,143.99699,144.51401
2025-05-28 13:00:00,144.513,145.076996,144.509,144.912
2025-05-28 17:00:00,144.91499,145.0079956,144.75,144.825
2025-05-28 21:00:00,144.825,146.10201,144.724,146.091995
2025-05-29 01:00:00,146.095993,146.276,145.59399,145.742
2025-05-29 05:00:00,145.743,146.093002,145.134,145.26801
2025-05-29 09:00:00,145.26401,145.28999,144.40401,144.433
2025-05-29 13:00:00,144.42999,144.539,144.042999,144.146
2025-05-29 17:00:00,144.142,144.256,143.95599,144.231
2025-05-29 21:00:00,144.228,144.228,143.582,143.77
2025-05-30 01:00:00,143.769,143.994,143.42999,143.772
2025-05-30 05:00:00,143.774,144.158,143.707,144.048996
2025-05-30 09:00:00,144.048996,144.22501,143.466,143.72501
2025-05-30 13:00:00,143.72,144.44299,143.70599,143.895
2025-05-30 17:00:00,143.894,144.087997,143.78799,144.020996
2025-06-01 21:00:00,143.83701,143.86501,143.524,143.535
2025-06-02 01:00:00,143.539,143.64301,143.321,143.534
2025-06-02 05:00:00,143.53999,143.558,142.789,142.92999
2025-06-02 09:00:00,142.931,142.974,142.618,142.827
2025-06-02 13:00:00,142.83,143.072006,142.535,142.92999
2025-06-02 17:00:00,142.931,143.0010071,142.662,142.683
2025-06-02 21:00:00,142.672,142.787,142.37199,142.707
2025-06-03 01:00:00,142.70799,143.261,142.702,142.94299
2025-06-03 05:00:00,142.94501,143.125,142.606,142.798
2025-06-03 09:00:00,142.79601,143.44701,142.767,143.42101
2025-06-03 13:00:00,143.41701,144.10899,143.326,143.97701
2025-06-03 17:00:00,143.98,144.10699,143.83501,143.96001
2025-06-03 21:00:00,143.95799,144.052002,143.67999,143.993
2025-06-04 01:00:00,143.99001,144.298,143.662,144.25301
2025-06-04 05:00:00,144.25101,144.395,143.78799,143.89101
2025-06-04 09:00:00,143.89101,144.314,143.502,143.554
2025-06-04 13:00:00,143.554,143.83099,142.60001,142.63499
2025-06-04 17:00:00,142.64,142.92599,142.62199,142.72099
2025-06-04 21:00:00,142.71899,142.85001,142.52,142.661
2025-06-05 01:00:00,142.66499,143.076004,142.56799,143.026993
2025-06-05 05:00:00,143.029007,143.40401,143.0,143.28101
2025-06-05 09:00:00,143.27699,143.687,142.771,143.36501
2025-06-05 13:00:00,143.366,143.97701,142.89301,143.532
2025-06-05 17:00:00,143.53,143.854,143.468,143.494
2025-06-05 21:00:00,143.52699,143.74899,143.345,143.718
2025-06-06 01:00:00,143.72701,143.89999,143.62,143.83701
2025-06-06 05:00:00,143.83299,144.13699,143.798,144.052002
2025-06-06 09:00:00,144.052994,144.743,143.995,144.618
2025-06-06 13:00:00,144.623,145.089005,144.55,144.964
2025-06-06 17:00:00,144.967,144.968,144.77,144.81599
2025-06-06 21:00:00,144.78799,144.78799,144.78799,144.78799
2025-06-08 21:00:00,144.69099,144.948,144.57401,144.93201
2025-06-09 01:00:00,144.938,144.939,144.345,144.377
2025-06-09 05:00:00,144.379,144.496,144.031998,144.155
2025-06-09 09:00:00,144.153,144.692,143.97,144.62801
2025-06-09 13:00:00,144.633,144.772,144.34399,144.397
2025-06-09 17:00:00,144.397,144.63499,144.38499,144.53999
2025-06-09 21:00:00,144.51801,144.657,144.394,144.521
2025-06-10 01:00:00,144.517,145.28999,144.424,144.933
2025-06-10 05:00:00,144.936,144.942,144.42101,144.646
2025-06-10 09:00:00,144.647,144.77299,144.453,144.63499
2025-06-10 13:00:00,144.64101,145.044006,144.438,144.96899
2025-06-10 17:00:00,144.967,145.033005,144.778,144.85001
2025-06-10 21:00:00,144.82899,145.16299,144.67799,144.91901
2025-06-11 01:00:00,144.924,145.14999,144.838,145.029999
2025-06-11 05:00:00,145.031998,145.246,144.964,145.065994
2025-06-11 09:00:00,145.065994,145.466,144.321,144.731
2025-06-11 13:00:00,144.728,145.18401,144.435,144.616
2025-06-11 17:00:00,144.614,144.69299,144.321,144.541
2025-06-11 21:00:00,144.52499,144.552,143.95,144.042007
2025-06-12 01:00:00,144.037994,144.117,143.72099,143.94299
2025-06-12 05:00:00,143.942,144.13901,143.631,143.795
2025-06-12 09:00:00,143.78999,143.873,143.17999,143.28799
2025-06-12 13:00:00,143.286,143.90401,143.19501,143.61099
2025-06-12 17:00:00,143.60699,143.73399,143.44501,143.44501
2025-06-12 21:00:00,143.43201,143.627,142.78999,143.037003
2025-06-13 01:00:00,143.039993,143.76801,142.91499,143.65199
2025-06-13 05:00:00,143.649,143.895,143.37601,143.791
2025-06-13 09:00:00,143.791,144.44501,143.746,144.289
2025-06-13 13:00:00,144.28999,144.48399,143.952,144.033005
2025-06-13 17:00:00,144.031006,144.196,143.849,144.067001
2025-06-15 21:00:00,144.47099,144.74899,144.347,144.36501
2025-06-16 01:00:00,144.369,144.48801,144.157,144.304
2025-06-16 05:00:00,144.298,144.39101,143.968,144.25999
2025-06-16 09:00:00,144.25999,144.339,143.972,144.093994
2025-06-16 13:00:00,144.098007,144.22501,143.649,144.17101
2025-06-16 17:00:00,144.166,144.87601,144.15199,144.72501
2025-06-16 21:00:00,144.705,145.112,144.571,145.061005
2025-06-17 01:00:00,145.061996,145.063995,144.39799,144.588
2025-06-17 05:00:00,144.588,145.024002,144.40199,144.899
2025-06-17 09:00:00,144.89999,144.942,144.36301,144.856
2025-06-17 13:00:00,144.84801,145.293,144.685,145.22301
2025-06-17 17:00:00,145.218,145.383,145.12399,145.25301
2025-06-17 21:00:00,145.252,145.44,145.17999,145.31599
2025-06-18 01:00:00,145.315,145.341,144.92,145.016006
2025-06-18 05:00:00,145.016998,145.12801,144.84801,144.965
2025-06-18 09:00:00,144.965,145.024994,144.73599,144.88901
2025-06-18 13:00:00,144.89101,144.967,144.52,144.67599
2025-06-18 17:00:00,144.696,145.224,144.32001,145.095001
2025-06-18 21:00:00,145.11,145.146,144.836,144.884
2025-06-19 01:00:00,144.884,145.22099,144.73199,145.035995
2025-06-19 05:00:00,145.033997,145.41,145.028,145.283
2025-06-19 09:00:00,145.27901,145.77,145.244,145.543
2025-06-19 13:00:00,145.54201,145.746,145.341,145.711
2025-06-19 17:00:00,145.713,145.731,145.34,145.444
2025-06-19 21:00:00,145.381,145.564,145.119,145.24699
2025-06-20 01:00:00,145.252,145.396,145.186,145.345
2025-06-20 05:00:00,145.347,145.485,145.26199,145.327
2025-06-20 09:00:00,145.32401,145.716,145.248,145.592
2025-06-20 13:00:00,145.588,145.95799,145.55499,145.839
2025-06-20 17:00:00,145.836,146.216,145.774,146.054001
2025-06-22 21:00:00,146.362,146.521,146.138,146.451
2025-06-23 01:00:00,146.448,147.031006,146.368,146.98199
2025-06-23 05:00:00,146.983,147.629,146.94299,147.604
2025-06-23 09:00:00,147.606,148.029007,147.34801,147.412
2025-06-23 13:00:00,147.416,147.505,146.228,146.362
2025-06-23 17:00:00,146.356,146.524,146.0050049,146.153
2025-06-23 21:00:00,146.106,146.177,145.56,145.59801
2025-06-24 01:00:00,145.603,145.733,145.285,145.41901
2025-06-24 05:00:00,145.41701,145.513,144.94099,145.091995
2025-06-24 09:00:00,145.089996,145.18201,144.84599,144.98801
2025-06-24 13:00:00,144.98801,145.196,144.509,144.703
2025-06-24 17:00:00,144.703,144.91701,144.558,144.884
2025-06-24 21:00:00,144.886,145.044998,144.759,144.881
2025-06-25 01:00:00,144.884,144.98801,144.604,144.936
2025-06-25 05:00:00,144.942,145.49699,144.938,145.47301
2025-06-25 09:00:00,145.476,145.923,145.452,145.86
2025-06-25 13:00:00,145.856,145.951,145.39,145.44701
2025-06-25 17:00:00,145.44701,145.508,145.098999,145.239
2025-06-25 21:00:00,145.186,145.263,144.67599,144.69
2025-06-26 01:00:00,144.688,144.965,144.567,144.77901
2025-06-26 05:00:00,144.783,144.92,143.74699,143.92599
2025-06-26 09:00:00,143.924,144.49699,143.894,144.306
2025-06-26 13:00:00,144.278,144.537,144.052002,144.246
2025-06-26 17:00:00,144.245,144.472,144.12801,144.35201
2025-06-26 21:00:00,144.368,144.808,144.259,144.64999
2025-06-27 01:00:00,144.64799,144.741,144.19099,144.54201
2025-06-27 05:00:00,144.54601,144.591,144.172,144.418
2025-06-27 09:00:00,144.422,144.681,144.342,144.44299
2025-06-27 13:00:00,144.44099,144.94501,144.375,144.645
2025-06-27 17:00:00,144.645,144.90401,144.578,144.614
2025-06-27 21:00:00,144.61501,144.61501,144.61501,144.61501
2025-06-29 21:00:00,144.474,144.76199,144.37801,144.616
2025-06-30 01:00:00,144.616,144.65199,143.907,143.944
2025-06-30 05:00:00,143.944,144.215,143.778,144.11
2025-06-30 09:00:00,144.11301,144.494,144.050003,144.459
2025-06-30 13:00:00,144.45599,144.511,144.136,144.224
2025-06-30 17:00:00,144.224,144.32401,143.94701,144.029007
2025-06-30 21:00:00,143.998,144.050995,143.55,143.564
2025-07-01 01:00:00,143.565,143.93401,143.43201,143.75101
2025-07-01 05:00:00,143.746,143.76199,142.886,143.035995
2025-07-01 09:00:00,143.039001,143.16701,142.67599,143.065994
2025-07-01 13:00:00,143.061996,143.78,142.93201,143.69299
2025-07-01 17:00:00,143.69099,143.802,143.37199,143.38699
2025-07-01 21:00:00,143.429,143.659,143.317,143.47301
2025-07-02 01:00:00,143.474,143.746,143.438,143.55299
2025-07-02 05:00:00,143.55099,144.050003,143.536,143.964
2025-07-02 09:00:00,143.965,144.244,143.48199,143.871
2025-07-02 13:00:00,143.87199,144.153,143.63,143.733
2025-07-02 17:00:00,143.73599,143.745,143.567,143.61
2025-07-02 21:00:00,143.659,143.75,143.442,143.582
2025-07-03 01:00:00,143.58701,143.88,143.483,143.83501
2025-07-03 05:00:00,143.838,143.931,143.668,143.871
2025-07-03 09:00:00,143.87601,145.23399,143.72501,145.0099945
2025-07-03 13:00:00,145.0079956,145.21201,144.603,145.048004
2025-07-03 17:00:00,145.052994,145.116,144.903,144.905
2025-07-03 21:00:00,144.91499,144.97099,144.569,144.599
2025-07-04 01:00:00,144.59801,144.791,144.32401,144.373
2025-07-04 05:00:00,144.375,144.429,144.17999,144.341
2025-07-04 09:00:00,144.338,144.446,144.271,144.423
2025-07-04 13:00:00,144.42,144.56799,144.383,144.498
2025-07-04 17:00:00,144.495,144.582,144.42599,144.44299
2025-07-06 21:00:00,144.483,144.58299,144.29201,144.35201
2025-07-07 01:00:00,144.35001,145.0010071,144.22,144.98399
2025-07-07 05:00:00,144.979,145.345,144.933,145.332
2025-07-07 09:00:00,145.33299,145.646,145.27,145.59
2025-07-07 13:00:00,145.586,146.146,145.56799,146.118
2025-07-07 17:00:00,146.11501,146.241,145.99699,146.0079956
2025-07-07 21:00:00,146.011993,146.21201,145.828,146.16
2025-07-08 01:00:00,146.15401,146.44299,145.877,145.992
2025-07-08 05:00:00,145.993,146.28,145.94299,146.188
2025-07-08 09:00:00,146.19099,146.689,146.052994,146.649
2025-07-08 13:00:00,146.64799,146.976,146.62601,146.744
2025-07-08 17:00:00,146.744,146.80701,146.508,146.595
2025-07-08 21:00:00,146.59599,146.91,146.49699,146.789
2025-07-09 01:00:00,146.791,147.18201,146.748,147.039001
2025-07-09 05:00:00,147.035004,147.067993,146.59,146.677
2025-07-09 09:00:00,146.677,146.78,146.463,146.481
2025-07-09 13:00:00,146.485,146.56599,146.267,146.409
2025-07-09 17:00:00,146.41299,146.48599,146.246,146.295
2025-07-09 21:00:00,146.323,146.39101,145.75,145.814
2025-07-10 01:00:00,145.812,146.411,145.758,146.218
2025-07-10 05:00:00,146.215,146.464,146.061996,146.355
2025-07-10 09:00:00,146.353,146.54401,146.080002,146.43401
2025-07-10 13:00:00,146.438,146.787,146.34399,146.46201
2025-07-10 17:00:00,146.463,146.479,146.164,146.239
2025-07-10 21:00:00,146.24001,146.64101,146.12601,146.55499
2025-07-11 01:00:00,146.548,147.18401,146.511,147.076004
2025-07-11 05:00:00,147.074005,147.11,146.716,146.98399
2025-07-11 09:00:00,146.985,147.093994,146.761,146.97099
2025-07-11 13:00:00,146.972,147.52299,146.90199,147.36301
2025-07-11 17:00:00,147.36301,147.479,147.313,147.382
2025-07-13 21:00:00,147.49699,147.56799,146.914,146.951
2025-07-14 01:00:00,146.94701,147.444,146.847,147.375
2025-07-14 05:00:00,147.37,147.48399,147.168,147.31799
2025-07-14 09:00:00,147.31799,147.464,147.147,147.38901
2025-07-14 13:00:00,147.39,147.759,147.30701,147.709
2025-07-14 17:00:00,147.71001,147.78,147.668,147.68401
2025-07-14 21:00:00,147.675,147.88699,147.55701,147.582
2025-07-15 01:00:00,147.58501,147.823,147.548,147.66299
2025-07-15 05:00:00,147.661,147.78799,147.548,147.67599
2025-07-15 09:00:00,147.67101,148.14799,147.606,147.894
2025-07-15 13:00:00,147.88699,149.022995,147.884,148.895
2025-07-15 17:00:00,148.894,148.996,148.80299,148.87801
2025-07-15 21:00:00,148.85899,149.037994,148.701,148.978
2025-07-16 01:00:00,148.97501,149.186,148.73399,148.92599
2025-07-16 05:00:00,148.931,148.94901,148.614,148.83701
2025-07-16 09:00:00,148.83299,148.88901,148.464,148.702
2025-07-16 13:00:00,148.705,148.929,146.90401,148.044006
2025-07-16 17:00:00,148.044006,148.059006,147.483,147.82401
2025-07-16 21:00:00,147.832,148.42599,147.717,148.37801
2025-07-17 01:00:00,148.37801,148.661,148.274,148.416
2025-07-17 05:00:00,148.41901,148.80499,148.364,148.58299
2025-07-17 09:00:00,148.586,149.087006,148.51801,148.714
2025-07-17 13:00:00,148.713,148.75301,148.377,148.625
2025-07-17 17:00:00,148.62,148.75301,148.533,148.564
2025-07-17 21:00:00,148.567,148.627,148.285,148.58
2025-07-18 01:00:00,148.58099,148.724,148.37801,148.66701
2025-07-18 05:00:00,148.664,148.884,148.49699,148.58501
2025-07-18 09:00:00,148.595,148.724,148.319,148.356
2025-07-18 13:00:00,148.35899,148.73199,148.17999,148.687
2025-07-18 17:00:00,148.68401,148.853,148.64999,148.74899
2025-07-20 21:00:00,148.58701,148.66499,148.23599,148.384
2025-07-21 01:00:00,148.38499,148.576,148.328,148.444
2025-07-21 05:00:00,148.44,148.485,147.688,147.895
2025-07-21 09:00:00,147.896,147.97701,147.328,147.489
2025-07-21 13:00:00,147.494,147.72301,147.078003,147.158
2025-07-21 17:00:00,147.16299,147.437,147.11,147.326
2025-07-21 21:00:00,147.313,147.713,147.19299,147.48801
2025-07-22 01:00:00,147.48199,147.672,147.407,147.63901
2025-07-22 05:00:00,147.638,147.94701,147.59801,147.614
2025-07-22 09:00:00,147.61501,147.61501,146.73801,146.80099
2025-07-22 13:00:00,146.798,146.89,146.302,146.422
2025-07-22 17:00:00,146.424,146.683,146.423,146.62199
2025-07-22 21:00:00,146.62,146.94501,146.194,146.435
2025-07-23 01:00:00,146.43401,147.20399,146.38499,146.944
2025-07-23 05:00:00,146.938,147.215,146.593,146.793
2025-07-23 09:00:00,146.789,146.799,146.104,146.414
2025-07-23 13:00:00,146.41499,146.729,146.23199,146.576
2025-07-23 17:00:00,146.577,146.623,146.367,146.49899
2025-07-23 21:00:00,146.513,146.543,146.23801,146.427
2025-07-24 01:00:00,146.431,146.437,145.85001,146.016998
2025-07-24 05:00:00,146.016006,146.56599,145.952,146.545
2025-07-24 09:00:00,146.54601,146.832,146.444,146.78999
2025-07-24 13:00:00,146.795,146.953,146.353,146.899
2025-07-24 17:00:00,146.90199,147.026001,146.748,147.0
2025-07-24 21:00:00,146.993,147.342,146.937,147.20399
2025-07-25 01:00:00,147.205,147.493,147.095993,147.134
2025-07-25 05:00:00,147.136,147.832,146.808,147.754
2025-07-25 09:00:00,147.755,147.94,147.60001,147.856
2025-07-25 13:00:00,147.855,147.92,147.52499,147.756
2025-07-25 17:00:00,147.761,147.78,147.52499,147.62199
2025-07-27 21:00:00,147.81,147.877,147.597,147.616
2025-07-28 01:00:00,147.61301,148.022003,147.51401,147.744
2025-07-28 05:00:00,147.745,148.37399,147.728,148.27
2025-07-28 09:00:00,148.26801,148.44701,148.026001,148.052002
2025-07-28 13:00:00,148.052002,148.52,147.93401,148.48599
2025-07-28 17:00:00,148.48399,148.57899,148.38901,148.49699
2025-07-28 21:00:00,148.42101,148.711,148.42101,148.68401
2025-07-29 01:00:00,148.68201,148.705,148.287,148.34801
2025-07-29 05:00:00,148.345,148.752,148.153,148.549
2025-07-29 09:00:00,148.549,148.772,148.381,148.692
2025-07-29 13:00:00,148.7,148.808,148.35001,148.562
2025-07-29 17:00:00,148.561,148.58501,148.33299,148.418
2025-07-29 21:00:00,148.431,148.52499,148.031998,148.056
2025-07-30 01:00:00,148.054993,148.17101,147.843,148.15401
2025-07-30 05:00:00,148.155,148.172,147.798,147.96001
2025-07-30 09:00:00,147.95599,148.88699,147.85201,148.847
2025-07-30 13:00:00,148.851,149.132,148.826,148.93401
2025-07-30 17:00:00,148.92999,149.554,148.51801,149.47701
2025-07-30 21:00:00,149.491,149.492,149.172,149.30299
2025-07-31 01:00:00,149.30099,149.34,148.582,148.886
2025-07-31 05:00:00,148.886,149.722,148.67999,149.62801
2025-07-31 09:00:00,149.634,150.259,149.618,150.187
2025-07-31 13:00:00,150.189,150.78999,150.173,150.685
2025-07-31 17:00:00,150.681,150.842,150.55499,150.729
2025-07-31 21:00:00,150.72099,150.894,150.59,150.737
2025-08-01 01:00:00,150.737,150.91901,150.54601,150.60699
2025-08-01 05:00:00,150.60201,150.66,150.41,150.61
2025-08-01 09:00:00,150.605,150.63,148.56,148.634
2025-08-01 13:00:00,148.634,148.661,147.478,147.828
2025-08-01 17:00:00,147.82201,147.95,147.28799,147.375
2025-08-03 21:00:00,147.242,147.69299,147.112,147.65199
2025-08-04 01:00:00,147.655,147.907,147.55,147.686
2025-08-04 05:00:00,147.681,148.087997,147.528,147.895
2025-08-04 09:00:00,147.894,147.94501,147.0019989,147.19
2025-08-04 13:00:00,147.187,147.355,146.86,147.037003
2025-08-04 17:00:00,147.035995,147.114,146.907,147.067993
2025-08-04 21:00:00,147.074005,147.166,146.616,146.92599
2025-08-05 01:00:00,146.92599,147.26199,146.87801,147.084
2025-08-05 05:00:00,147.084,147.63499,147.026993,147.584
2025-08-05 09:00:00,147.57899,147.78,147.44701,147.66
2025-08-05 13:00:00,147.662,147.83501,147.30299,147.54601
2025-08-05 17:00:00,147.54201,147.70399,147.483,147.601
2025-08-05 21:00:00,147.601,147.646,147.44501,147.584
2025-08-06 01:00:00,147.58501,147.74899,147.302,147.342
2025-08-06 05:00:00,147.342,147.845,147.33099,147.802
2025-08-06 09:00:00,147.81,147.886,147.40601,147.442
2025-08-06 13:00:00,147.439,147.66499,147.20799,147.342
2025-08-06 17:00:00,147.349,147.634,146.972,147.353
2025-08-06 21:00:00,147.36,147.60001,147.145,147.58299
2025-08-07 01:00:00,147.582,147.711,147.26401,147.3
2025-08-07 05:00:00,147.3,147.34599,146.688,147.12801
2025-08-07 09:00:00,147.131,147.494,147.014008,147.282
2025-08-07 13:00:00,147.285,147.58501,147.105,147.35899
2025-08-07 17:00:00,147.35899,147.56799,146.942,147.095001
2025-08-07 21:00:00,147.098007,147.194,146.716,147.14799
2025-08-08 01:00:00,147.144,147.37399,147.112,147.157
2025-08-08 05:00:00,147.159,147.69701,147.132,147.646
2025-08-08 09:00:00,147.647,147.892,147.53999,147.845
2025-08-08 13:00:00,147.838,147.90401,147.63,147.73399
2025-08-08 17:00:00,147.73399,147.819,147.627,147.69299
2025-08-10 21:00:00,147.726,147.771,147.56799,147.662
2025-08-11 01:00:00,147.659,147.716,147.422,147.48199
2025-08-11 05:00:00,147.481,147.662,147.347,147.506
2025-08-11 09:00:00,147.502,147.95,147.48199,147.806
2025-08-11 13:00:00,147.804,148.11301,147.782,147.989
2025-08-11 17:00:00,147.98801,148.252,147.967,148.13901
2025-08-11 21:00:00,148.14101,148.433,147.923,148.405
2025-08-12 01:00:00,148.40601,148.44501,148.20399,148.353
2025-08-12 05:00:00,148.349,148.466,148.146,148.423
2025-08-12 09:00:00,148.423,148.519,147.841,148.039001
2025-08-12 13:00:00,148.033005,148.44701,147.57401,147.713
2025-08-12 17:00:00,147.711,147.87601,147.685,147.83501
2025-08-12 21:00:00,147.819,147.894,147.69099,147.80499
2025-08-13 01:00:00,147.80099,148.16901,147.728,147.931
2025-08-13 05:00:00,147.92999,148.0090027,147.196,147.26801
2025-08-13 09:00:00,147.26401,147.56599,147.15199,147.41
2025-08-13 13:00:00,147.409,147.43401,147.087006,147.341
2025-08-13 17:00:00,147.345,147.513,147.314,147.355
2025-08-13 21:00:00,147.36099,147.39799,146.616,146.688
2025-08-14 01:00:00,146.688,146.75101,146.332,146.383
2025-08-14 05:00:00,146.384,146.633,146.21001,146.552
2025-08-14 09:00:00,146.55099,147.106,146.422,146.95
2025-08-14 13:00:00,146.95399,147.892,146.94501,147.845
2025-08-14 17:00:00,147.847,147.96201,147.718,147.75301
2025-08-14 21:00:00,147.739,147.868,147.46201,147.483
2025-08-15 01:00:00,147.476,147.515,147.11,147.134
2025-08-15 05:00:00,147.13901,147.22301,146.84801,146.85201
2025-08-15 09:00:00,146.855,147.28,146.73399,146.89
2025-08-15 13:00:00,146.882,147.26401,146.76401,147.201
2025-08-15 17:00:00,147.196,147.332,147.138,147.177
2025-08-17 21:00:00,147.17,147.463,147.161,147.42101
2025-08-18 01:00:00,147.42101,147.584,147.29401,147.373
2025-08-18 05:00:00,147.373,147.521,147.11301,147.336
2025-08-18 09:00:00,147.336,147.79401,147.27299,147.728
2025-08-18 13:00:00,147.728,147.985,147.674,147.78999
2025-08-18 17:00:00,147.78999,147.925,147.65401,147.869
2025-08-18 21:00:00,147.87,147.98199,147.71201,147.776
2025-08-19 01:00:00,147.771,148.11301,147.61501,147.754
2025-08-19 05:00:00,147.75999,147.778,147.52699,147.664
2025-08-19 09:00:00,147.659,147.853,147.59599,147.776
2025-08-19 13:00:00,147.776,147.903,147.547,147.619
2025-08-19 17:00:00,147.619,147.698,147.439,147.655
2025-08-19 21:00:00,147.662,147.817,147.49899,147.56799
2025-08-20 01:00:00,147.56799,147.666,147.416,147.575
2025-08-20 05:00:00,147.575,147.696,147.132,147.582
2025-08-20 09:00:00,147.58,147.591,147.235,147.27
2025-08-20 13:00:00,147.27,147.44,146.866,147.11099
2025-08-20 17:00:00,147.11301,147.493,146.993,147.30901
2025-08-20 21:00:00,147.311,147.46201,147.248,147.383
2025-08-21 01:00:00,147.381,147.507,147.25,147.381
2025-08-21 05:00:00,147.382,147.63901,147.33299,147.582
2025-08-21 09:00:00,147.58501,147.933,147.474,147.75
2025-08-21 13:00:00,147.74899,148.403,147.578,148.282
2025-08-21 17:00:00,148.282,148.407,148.16499,148.35201
2025-08-21 21:00:00,148.36301,148.506,148.215,148.46899
2025-08-22 01:00:00,148.47,148.763,148.405,148.745
2025-08-22 05:00:00,148.739,148.778,148.40601,148.634
2025-08-22 09:00:00,148.632,148.74001,148.592,148.70599
2025-08-22 13:00:00,148.69901,148.72,146.56799,146.70799
2025-08-22 17:00:00,146.702,147.0010071,146.57201,146.903
2025-08-24 21:00:00,147.063004,147.52699,147.039001,147.38499
2025-08-25 01:00:00,147.38499,147.515,147.2,147.228
2025-08-25 05:00:00,147.23,147.37601,147.091995,147.286
2025-08-25 09:00:00,147.28101,147.452,147.216,147.381
2025-08-25 13:00:00,147.375,147.673,147.285,147.533
2025-08-25 17:00:00,147.53101,147.937,147.495,147.763
2025-08-25 21:00:00,147.76401,147.882,146.981,147.105
2025-08-26 01:00:00,147.105,147.814,147.10201,147.76801
2025-08-26 05:00:00,147.771,147.908,147.487,147.57201
2025-08-26 09:00:00,147.564,147.66701,147.321,147.536
2025-08-26 13:00:00,147.54401,147.72099,147.093994,147.302
2025-08-26 17:00:00,147.302,147.54401,147.265,147.358
2025-08-26 21:00:00,147.35899,147.58299,147.22701,147.58299
2025-08-27 01:00:00,147.575,147.95799,147.508,147.938
2025-08-27 05:00:00,147.938,148.0039978,147.649,147.91
2025-08-27 09:00:00,147.91,148.183,147.858,148.069
2025-08-27 13:00:00,148.063995,148.12801,147.33299,147.353
2025-08-27 17:00:00,147.36099,147.521,147.287,147.379
2025-08-27 21:00:00,147.408,147.489,147.19501,147.28999
2025-08-28 01:00:00,147.29201,147.44701,147.076996,147.157
2025-08-28 05:00:00,147.15401,147.403,146.993,147.183
2025-08-28 09:00:00,147.189,147.189,146.802,147.098007
2025-08-28 13:00:00,147.103,147.23199,146.82401,146.842
2025-08-28 17:00:00,146.85001,146.99699,146.65401,146.918
2025-08-28 21:00:00,146.895,147.082001,146.754,146.819
2025-08-29 01:00:00,146.819,147.114,146.77699,146.89799
2025-08-29 05:00:00,146.899,147.198,146.86301,146.953
2025-08-29 09:00:00,146.94501,147.411,146.93201,147.32201
2025-08-29 13:00:00,147.315,147.39,146.761,146.908
2025-08-29 17:00:00,146.91,147.12199,146.87801,146.998
2025-08-29 21:00:00,146.993,146.993,146.993,146.993
2025-08-31 21:00:00,147.12,147.257,147.076004,147.22701
2025-09-01 01:00:00,147.22701,147.382,146.83501,147.041
2025-09-01 05:00:00,147.044998,147.203,146.78,146.98199
2025-09-01 09:00:00,146.98199,147.233,146.93401,147.196
2025-09-01 13:00:00,147.203,147.306,147.162,147.23199
2025-09-01 17:00:00,147.229,147.241,147.13699,147.16
2025-09-01 21:00:00,147.16299,147.35899,147.039993,147.30499
2025-09-02 01:00:00,147.297,147.86099,147.187,147.72
2025-09-02 05:00:00,147.717,148.793,147.69299,148.439
2025-09-02 09:00:00,148.435,148.94501,148.367,148.82401
2025-09-02 13:00:00,148.823,148.84801,147.92999,148.295
2025-09-02 17:00:00,148.29201,148.534,148.241,148.355
2025-09-02 21:00:00,148.35201,148.76601,148.25999,148.75101
2025-09-03 01:00:00,148.75301,148.923,148.548,148.582
2025-09-03 05:00:00,148.582,149.13699,148.48399,148.586
2025-09-03 09:00:00,148.58099,148.798,148.427,148.72099
2025-09-03 13:00:00,148.72099,148.797,147.903,147.935
2025-09-03 17:00:00,147.93401,148.16,147.875,148.072006
2025-09-03 21:00:00,148.046005,148.17,147.899,148.022995
2025-09-04 01:00:00,148.024002,148.284,147.784,148.239
2025-09-04 05:00:00,148.23399,148.414,148.106,148.211
2025-09-04 09:00:00,148.211,148.53,148.0019989,148.422
2025-09-04 13:00:00,148.422,148.778,148.345,148.621
2025-09-04 17:00:00,148.616,148.673,148.42599,148.466
2025-09-04 21:00:00,148.479,148.54201,148.097,148.168
2025-09-05 01:00:00,148.164,148.26401,148.076004,148.213
2025-09-05 05:00:00,148.214,148.274,148.108,148.15601
2025-09-05 09:00:00,148.158,148.25101,147.166,147.293
2025-09-05 13:00:00,147.297,147.467,146.812,147.142
2025-09-05 17:00:00,147.13901,147.506,147.12601,147.394
2025-09-07 21:00:00,148.42799,148.577,148.203,148.33299
2025-09-08 01:00:00,148.33299,148.38699,148.0,148.16901
2025-09-08 05:00:00,148.159,148.17999,147.46001,147.68201
2025-09-08 09:00:00,147.67999,147.881,147.64301,147.69501
2025-09-08 13:00:00,147.69,147.87399,147.533,147.687
2025-09-08 17:00:00,147.67999,147.76601,147.33099,147.448
2025-09-08 21:00:00,147.48,147.575,147.146,147.339
2025-09-09 01:00:00,147.343,147.40199,147.089005,147.123
2025-09-09 05:00:00,147.127,147.33299,146.55299,146.62199
2025-09-09 09:00:00,146.62,147.0070038,146.304,146.918
2025-09-09 13:00:00,146.918,147.349,146.51401,147.26801
2025-09-09 17:00:00,147.26601,147.47,147.231,147.395
2025-09-09 21:00:00,147.40401,147.476,147.241,147.418
2025-09-10 01:00:00,147.418,147.571,147.26401,147.326
2025-09-10 05:00:00,147.321,147.586,147.27499,147.517
2025-09-10 09:00:00,147.51199,147.647,147.084,147.52699
2025-09-10 13:00:00,147.52699,147.604,147.258,147.371
2025-09-10 17:00:00,147.371,147.467,147.242,147.44901
2025-09-10 21:00:00,147.46001,147.467,147.27699,147.455
2025-09-11 01:00:00,147.45399,147.479,147.315,147.43201
2025-09-11 05:00:00,147.429,147.86301,147.42101,147.84599
2025-09-11 09:00:00,147.843,148.17999,147.355,147.52499
2025-09-11 13:00:00,147.52299,147.62,146.98,147.054001
2025-09-11 17:00:00,147.052002,147.306,147.044998,147.19299
2025-09-11 21:00:00,147.201,147.338,147.11,147.22501
2025-09-12 01:00:00,147.22501,147.545,147.207,147.50101
2025-09-12 05:00:00,147.502,147.92599,147.23599,147.89
2025-09-12 09:00:00,147.896,148.072006,147.679,147.84399
2025-09-12 13:00:00,147.845,147.88699,147.584,147.679
2025-09-12 17:00:00,147.679,147.722,147.45799,147.645
2025-09-14 21:00:00,147.70399,147.726,147.53999,147.54601
2025-09-15 01:00:00,147.543,147.61,147.334,147.39799
2025-09-15 05:00:00,147.39799,147.60699,147.368,147.407
2025-09-15 09:00:00,147.407,147.478,147.23801,147.26601
2025-09-15 13:00:00,147.265,147.47,147.226,147.32899
2025-09-15 17:00:00,147.32899,147.42999,147.23599,147.37801
2025-09-15 21:00:00,147.37399,147.502,147.27299,147.437
2025-09-16 01:00:00,147.44,147.53799,146.967,147.0090027
2025-09-16 05:00:00,147.0090027,147.093002,146.686,146.994
2025-09-16 09:00:00,146.993,147.256,146.86,147.098007
2025-09-16 13:00:00,147.10001,147.13699,146.34599,146.35001
2025-09-16 17:00:00,146.356,146.506,146.274,146.47701
2025-09-16 21:00:00,146.47301,146.569,146.207,146.53101
2025-09-17 01:00:00,146.53,146.604,146.42599,146.453
2025-09-17 05:00:00,146.451,146.68201,146.36301,146.451
2025-09-17 09:00:00,146.446,146.478,146.2,146.377
2025-09-17 13:00:00,146.37399,146.401,146.205,146.286
2025-09-17 17:00:00,146.282,147.048004,145.476,146.939
2025-09-17 21:00:00,146.94099,147.028,146.76199,146.912
2025-09-18 01:00:00,146.909,147.22,146.841,147.202
2025-09-18 05:00:00,147.202,147.532,147.022003,147.42999
2025-09-18 09:00:00,147.42999,147.80099,147.155,147.784
2025-09-18 13:00:00,147.787,148.267,147.785,147.86099
2025-09-18 17:00:00,147.86,148.016998,147.8,147.976
2025-09-18 21:00:00,147.991,148.11301,147.862,148.0070038
2025-09-19 01:00:00,148.0019989,148.104,147.192,147.517
2025-09-19 05:00:00,147.517,148.033005,147.411,147.854
2025-09-19 09:00:00,147.849,148.283,147.748,148.15401
2025-09-19 13:00:00,148.15199,148.159,147.785,147.84399
2025-09-19 17:00:00,147.84399,147.995,147.839,147.912
2025-09-21 21:00:00,147.98599,148.257,147.96899,148.157
2025-09-22 01:00:00,148.16,148.37601,148.080002,148.283
2025-09-22 05:00:00,148.28101,148.30499,147.814,147.84399
2025-09-22 09:00:00,147.85201,147.944,147.737,147.836
2025-09-22 13:00:00,147.83501,147.983,147.724,147.741
2025-09-22 17:00:00,147.73599,147.78,147.651,147.702
2025-09-22 21:00:00,147.702,147.86,147.646,147.664
2025-09-23 01:00:00,147.66299,147.86501,147.59599,147.79601
2025-09-23 05:00:00,147.79401,147.84,147.53101,147.564
2025-09-23 09:00:00,147.55901,147.884,147.50301,147.76601
2025-09-23 13:00:00,147.76601,147.927,147.61099,147.76601
2025-09-23 17:00:00,147.767,147.774,147.45599,147.605
2025-09-23 21:00:00,147.61501,147.828,147.511,147.776
2025-09-24 01:00:00,147.771,147.961,147.709,147.903
2025-09-24 05:00:00,147.895,148.29201,147.80499,148.26401
2025-09-24 09:00:00,148.25999,148.716,148.203,148.66701
2025-09-24 13:00:00,148.66499,148.79201,148.58701,148.75999
2025-09-24 17:00:00,148.75999,148.91499,148.7,148.89
2025-09-24 21:00:00,148.892,148.892,148.55701,148.569
2025-09-25 01:00:00,148.569,148.85899,148.554,148.60001
2025-09-25 05:00:00,148.60201,148.86099,148.593,148.737
2025-09-25 09:00:00,148.737,149.355,148.67999,149.242
2025-09-25 13:00:00,149.237,149.866,149.132,149.806
2025-09-25 17:00:00,149.813,149.92799,149.72,149.784
2025-09-25 21:00:00,149.782,149.95599,149.632,149.679
2025-09-26 01:00:00,149.67799,149.84801,149.627,149.63901
2025-09-26 05:00:00,149.63901,149.88499,149.61099,149.744
2025-09-26 09:00:00,149.745,149.951,149.58099,149.623
2025-09-26 13:00:00,149.618,149.783,149.42,149.552
2025-09-26 17:00:00,149.54601,149.56,149.39999,149.45399
2025-09-28 21:00:00,149.464,149.474,149.106,149.172
2025-09-29 01:00:00,149.17101,149.27901,148.879,148.94299
2025-09-29 05:00:00,148.94299,148.979,148.467,148.522
2025-09-29 09:00:00,148.52299,148.812,148.467,148.59801
2025-09-29 13:00:00,148.59801,148.73801,148.47501,148.578
2025-09-29 17:00:00,148.575,148.696,148.53999,148.578
2025-09-29 21:00:00,148.58299,148.845,148.495,148.78999
2025-09-30 01:00:00,148.793,148.802,148.383,148.40199
2025-09-30 05:00:00,148.397,148.444,147.832,147.853
2025-09-30 09:00:00,147.85001,148.098007,147.826,147.951
2025-09-30 13:00:00,147.955,148.061996,147.647,147.73801
2025-09-30 17:00:00,147.73599,147.98,147.645,147.89301
2025-09-30 21:00:00,147.884,148.226,147.778,148.101
2025-10-01 01:00:00,148.10201,148.16701,147.54401,147.55
2025-10-01 05:00:00,147.55299,147.642,146.892,147.149
2025-10-01 09:00:00,147.144,147.26601,146.58,146.79401
2025-10-01 13:00:00,146.78999,147.254,146.612,147.15601
2025-10-01 17:00:00,147.157,147.229,147.016998,147.046005
2025-10-01 21:00:00,147.044006,147.32201,146.993,147.188
2025-10-02 01:00:00,147.188,147.22501,146.93201,147.168
2025-10-02 05:00:00,147.168,147.38,146.72099,146.789
2025-10-02 09:00:00,146.78799,147.19901,146.59399,147.157
2025-10-02 13:00:00,147.16,147.51401,147.052994,147.161
2025-10-02 17:00:00,147.16299,147.293,147.125,147.248
2025-10-02 21:00:00,147.24699,147.381,147.087997,147.347
2025-10-03 01:00:00,147.347,147.76601,147.174,147.71899
2025-10-03 05:00:00,147.71899,147.815,147.274,147.325
2025-10-03 09:00:00,147.325,147.43401,147.214,147.263
2025-10-03 13:00:00,147.258,147.536,147.018005,147.505
2025-10-03 17:00:00,147.49899,147.54401,147.377,147.399
2025-10-05 20:00:00,149.32401,149.657,149.22,149.577
2025-10-06 00:00:00,149.578,150.10001,149.446,150.057007
2025-10-06 04:00:00,150.057007,150.436,149.84,150.024994
2025-10-06 08:00:00,150.029007,150.476,149.992,150.368
2025-10-06 12:00:00,150.366,150.38901,149.746,150.020004
2025-10-06 16:00:00,150.024002,150.334,149.94901,150.317
2025-10-06 20:00:00,150.317,150.397,150.189,150.36
2025-10-07 00:00:00,150.35899,150.618,150.336,150.36099
2025-10-07 04:00:00,150.35699,150.711,150.243,150.619
2025-10-07 08:00:00,150.62199,150.95,150.52,150.89101
2025-10-07 12:00:00,150.897,151.205,150.729,151.175
2025-10-07 16:00:00,151.172,151.953,151.095001,151.89999
2025-10-07 20:00:00,151.903,152.093002,151.729,152.054993
2025-10-08 00:00:00,152.052002,152.647,152.052002,152.407
2025-10-08 04:00:00,152.407,152.554,152.24899,152.539
2025-10-08 08:00:00,152.539,152.998,152.371,152.687
2025-10-08 12:00:00,152.687,152.79201,152.369,152.72701
2025-10-08 16:00:00,152.72301,152.94501,152.63499,152.70599
2025-10-08 20:00:00,152.70799,152.73399,152.45799,152.709
2025-10-09 00:00:00,152.70799,152.765,152.39999,152.505
2025-10-09 04:00:00,152.505,153.217,152.448,153.063995
2025-10-09 08:00:00,153.067993,153.13699,152.464,152.79401
2025-10-09 12:00:00,152.791,153.23199,152.095993,153.050995
2025-10-09 16:00:00,153.044998,153.213,152.903,153.061996
2025-10-09 20:00:00,153.061996,153.27499,152.909,153.020004
2025-10-10 00:00:00,153.022995,153.16499,152.638,152.66
2025-10-10 04:00:00,152.66,152.95,152.377,152.843
2025-10-10 08:00:00,152.847,152.937,152.539,152.625
2025-10-10 12:00:00,152.625,152.713,151.5,151.942
2025-10-10 16:00:00,151.937,152.187,151.52299,151.593
2025-10-10 20:00:00,151.591,151.728,151.119,151.119
2025-10-12 20:00:00,151.92599,152.085007,151.73199,152.063995
2025-10-13 00:00:00,152.061005,152.074997,151.79201,151.924
2025-10-13 04:00:00,151.927,152.37601,151.71201,152.295
2025-10-13 08:00:00,152.29601,152.448,151.97301,152.10201
2025-10-13 12:00:00,152.10201,152.44701,152.046997,152.25999
2025-10-13 16:00:00,152.254,152.347,152.189,152.321
2025-10-13 20:00:00,152.32201,152.46001,152.15601,152.451
2025-10-14 00:00:00,152.451,152.61301,152.044006,152.14301
2025-10-14 04:00:00,152.146,152.14999,151.668,151.95599
2025-10-14 08:00:00,151.95599,152.153,151.909,152.085999
2025-10-14 12:00:00,152.085999,152.164,151.73599,151.776
2025-10-14 16:00:00,151.774,151.91701,151.59801,151.686
2025-10-14 20:00:00,151.683,151.87,151.67799,151.702
2025-10-15 00:00:00,151.7,151.832,150.998,151.132
2025-10-15 04:00:00,151.132,151.297,150.894,151.246
2025-10-15 08:00:00,151.246,151.511,151.12,151.49899
2025-10-15 12:00:00,151.49699,151.737,151.031998,151.21201
2025-10-15 16:00:00,151.217,151.39101,151.059998,151.248
2025-10-15 20:00:00,151.255,151.274,150.742,150.983
2025-10-16 00:00:00,150.983,151.091003,150.507,150.864
2025-10-16 04:00:00,150.864,151.382,150.86,151.23399
2025-10-16 08:00:00,151.24001,151.397,151.054001,151.237
2025-10-16 12:00:00,151.237,151.287,150.715,150.754
2025-10-16 16:00:00,150.75101,150.793,150.20399,150.399
2025-10-16 20:00:00,150.397,150.45,150.046005,150.149
2025-10-17 00:00:00,150.14799,150.38901,149.884,150.011993
2025-10-17 04:00:00,150.0070038,150.14,149.37,149.702
2025-10-17 08:00:00,149.698,150.33099,149.57899,150.23399
2025-10-17 12:00:00,150.23199,150.592,150.15601,150.325
2025-10-17 16:00:00,150.34399,150.534,150.32401,150.481
2025-10-17 20:00:00,150.468,150.64,150.457,150.584
2025-10-19 20:00:00,150.823,150.965,150.798,150.91701
2025-10-20 00:00:00,150.91299,151.2,150.634,150.722
2025-10-20 04:00:00,150.71899,150.83,150.487,150.74001
2025-10-20 08:00:00,150.737,150.856,150.26601,150.696
2025-10-20 12:00:00,150.698,150.85201,150.405,150.589
2025-10-20 16:00:00,150.584,150.827,150.52299,150.69299
2025-10-20 20:00:00,150.69099,150.82201,150.616,150.81799
2025-10-21 00:00:00,150.80701,151.149,150.463,151.042999
2025-10-21 04:00:00,151.041,151.60699,150.856,151.151
2025-10-21 08:00:00,151.14999,152.048004,151.061996,151.944
2025-10-21 12:00:00,151.94501,152.174,151.44901,151.722
2025-10-21 16:00:00,151.72301,151.972,151.646,151.91299
2025-10-21 20:00:00,151.908,151.959,151.849,151.873
2025-10-22 00:00:00,151.873,151.877,151.48399,151.79401
2025-10-22 04:00:00,151.79401,151.94901,151.61501,151.82201
2025-10-22 08:00:00,151.82201,151.909,151.625,151.782
2025-10-22 12:00:00,151.783,152.044998,151.745,151.79201
2025-10-22 16:00:00,151.782,152.0070038,151.49699,151.976
2025-10-22 20:00:00,151.976,152.011002,151.813,151.981
2025-10-23 00:00:00,151.976,152.50101,151.961,152.47099
2025-10-23 04:00:00,152.464,152.64799,152.311,152.496
2025-10-23 08:00:00,152.493,152.79201,152.44901,152.666
2025-10-23 12:00:00,152.666,152.76401,152.448,152.726
2025-10-23 16:00:00,152.722,152.797,152.48801,152.55299
2025-10-23 20:00:00,152.55901,152.674,152.49699,152.59801
2025-10-24 00:00:00,152.606,152.914,152.465,152.76199
2025-10-24 04:00:00,152.769,153.061996,152.746,152.827
2025-10-24 08:00:00,152.827,153.018997,152.804,152.935
2025-10-24 12:00:00,152.925,153.018997,152.217,152.821
2025-10-24 16:00:00,152.817,152.896,152.744,152.825
2025-10-24 20:00:00,152.821,152.89,152.744,152.81
2025-10-27 00:00:00,153.061005,153.153,152.64101,153.035995
2025-10-27 04:00:00,153.035995,153.255,152.827,153.014008
2025-10-27 08:00:00,153.0079956,153.076996,152.59,152.63499
2025-10-27 12:00:00,152.632,153.196,152.55901,153.084
2025-10-27 16:00:00,153.085007,153.093994,152.754,152.907
2025-10-27 20:00:00,152.899,152.911,152.62601,152.70399
2025-10-28 00:00:00,152.692,152.73599,152.16,152.27699
2025-10-28 04:00:00,152.269,152.353,151.75301,152.142
2025-10-28 08:00:00,152.138,152.162,151.82001,152.029999
2025-10-28 12:00:00,152.029007,152.371,151.84599,152.136
2025-10-28 16:00:00,152.136,152.306,151.94099,152.048996
2025-10-28 20:00:00,152.048004,152.19299,151.782,151.828
2025-10-29 00:00:00,151.73599,152.142,151.53,152.052002
2025-10-29 04:00:00,152.048996,152.543,151.95399,152.054001
2025-10-29 08:00:00,152.059998,152.46899,152.042007,152.241
2025-10-29 12:00:00,152.239,152.297,151.85899,151.912
2025-10-29 16:00:00,151.907,153.059998,151.892,152.814
2025-10-29 20:00:00,152.81599,152.87601,152.565,152.72501
2025-10-30 00:00:00,152.71899,153.138,152.155,152.95799
2025-10-30 04:00:00,152.957,153.54601,152.554,153.401
2025-10-30 08:00:00,153.39799,154.174,153.39799,154.11501
2025-10-30 12:00:00,154.112,154.444,154.039001,154.17
2025-10-30 16:00:00,154.168,154.229,154.014999,154.070007
2025-10-30 20:00:00,154.076996,154.164,153.83099,153.905
2025-10-31 00:00:00,153.89999,154.067993,153.645,154.035004
2025-10-31 04:00:00,154.031998,154.395,153.826,154.30499
2025-10-31 08:00:00,154.304,154.41299,154.039993,154.089005
2025-10-31 12:00:00,154.098999,154.252,153.879,154.039993
2025-10-31 16:00:00,154.035004,154.17599,153.963,154.108
2025-10-31 20:00:00,154.11,154.12,153.92799,153.94
2025-11-03 00:00:00,154.19901,154.216,154.029999,154.063004
2025-11-03 04:00:00,154.059998,154.284,153.98399,154.105
2025-11-03 08:00:00,154.10699,154.20599,154.044998,154.147
2025-11-03 12:00:00,154.147,154.29601,153.884,154.093994
2025-11-03 16:00:00,154.097,154.252,154.054993,154.185
2025-11-03 20:00:00,154.19,154.25,154.151,154.196
2025-11-04 00:00:00,154.20399,154.48199,154.048004,154.082993
2025-11-04 04:00:00,154.078995,154.101,153.327,153.575
2025-11-04 08:00:00,153.578,153.755,153.312,153.57001
2025-11-04 12:00:00,153.569,153.625,153.311,153.379
2025-11-04 16:00:00,153.381,153.661,153.334,153.627
2025-11-04 20:00:00,153.627,153.69299,153.504,153.58
2025-11-05 00:00:00,153.54401,153.74699,152.955,153.506
2025-11-05 04:00:00,153.506,153.74001,153.384,153.554
2025-11-05 08:00:00,153.55901,153.842,153.412,153.61
2025-11-05 12:00:00,153.61,154.311,153.55901,154.3
2025-11-05 16:00:00,154.30099,154.356,154.0019989,154.10899
2025-11-05 20:00:00,154.103,154.142,153.97301,154.076004
2025-11-06 00:00:00,154.082001,154.14,153.78999,153.86501
2025-11-06 04:00:00,153.867,154.024994,153.769,153.86301
2025-11-06 08:00:00,153.862,153.871,153.52699,153.645
2025-11-06 12:00:00,153.63901,153.74001,153.039001,153.044006
2025-11-06 16:00:00,153.044006,153.168,152.826,153.14301
2025-11-06 20:00:00,153.14,153.144,152.814,152.963
2025-11-07 00:00:00,152.95,153.30701,152.853,153.056
2025-11-07 04:00:00,153.054001,153.539,153.0099945,153.388
2025-11-07 08:00:00,153.38699,153.522,153.0059967,153.129
2025-11-07 12:00:00,153.12601,153.47501,153.0039978,153.13499
2025-11-07 16:00:00,153.134,153.58299,153.0090027,153.55701
2025-11-07 20:00:00,153.552,153.595,153.355,153.37801
2025-11-10 00:00:00,153.82401,154.026001,153.401,153.93201
2025-11-10 04:00:00,153.92999,154.15199,153.78101,154.039993
2025-11-10 08:00:00,154.042007,154.24899,153.944,154.12399
2025-11-10 12:00:00,154.127,154.16701,153.98,154.024002
2025-11-10 16:00:00,154.026001,154.074997,153.88499,154.052002
2025-11-10 20:00:00,154.048996,154.17,153.98801,154.138
2025-11-11 00:00:00,154.146,154.495,154.097,154.25999
2025-11-11 04:00:00,154.259,154.35201,154.082001,154.189
2025-11-11 08:00:00,154.19,154.44099,154.16299,154.25301
2025-11-11 12:00:00,154.246,154.26801,153.66,153.967
2025-11-11 16:00:00,153.96899,154.145,153.94,154.11501
2025-11-11 20:00:00,154.11501,154.17599,154.013,154.080002
2025-11-12 00:00:00,154.078003,154.41299,154.042007,154.342
2025-11-12 04:00:00,154.34,154.78999,154.33501,154.61501
2025-11-12 08:00:00,154.616,154.907,154.612,154.802
2025-11-12 12:00:00,154.80099,155.046005,154.69299,154.73399
2025-11-12 16:00:00,154.737,154.774,154.491,154.71201
2025-11-12 20:00:00,154.714,154.869,154.683,154.713
2025-11-13 00:00:00,154.701,155.014999,154.616,154.729
2025-11-13 04:00:00,154.729,155.0059967,154.63699,154.71001
2025-11-13 08:00:00,154.71001,154.774,154.32001,154.73599
2025-11-13 12:00:00,154.735,154.755,154.12199,154.194
2025-11-13 16:00:00,154.19299,154.48599,154.15401,154.465
2025-11-13 20:00:00,154.468,154.686,154.41701,154.63499
2025-11-14 00:00:00,154.63,154.745,154.304,154.537
2025-11-14 04:00:00,154.536,154.68201,154.36099,154.674
2025-11-14 08:00:00,154.67599,154.763,154.45,154.65199
2025-11-14 12:00:00,154.651,154.66299,153.61099,154.422
2025-11-14 16:00:00,154.422,154.743,154.34599,154.554
2025-11-14 20:00:00,154.55701,154.59801,154.459,154.493
2025-11-17 00:00:00,154.592,154.786,154.41,154.707
2025-11-17 04:00:00,154.707,154.813,154.584,154.688
2025-11-17 08:00:00,154.692,154.871,154.62,154.789
2025-11-17 12:00:00,154.789,155.304,154.73199,155.194
2025-11-17 16:00:00,155.19299,155.25101,155.052002,155.241
2025-11-17 20:00:00,155.242,155.287,155.14101,155.26601
2025-11-18 00:00:00,155.27299,155.379,155.106,155.17
2025-11-18 04:00:00,155.17,155.217,154.80901,154.99001
2025-11-18 08:00:00,154.99001,155.44099,154.905,155.42101
2025-11-18 12:00:00,155.423,155.438,155.046997,155.27299
2025-11-18 16:00:00,155.274,155.73399,155.25301,155.52
2025-11-18 20:00:00,155.521,155.592,155.396,155.53999
2025-11-19 00:00:00,155.524,155.57899,155.20599,155.286
2025-11-19 04:00:00,155.286,155.53,155.255,155.51601
2025-11-19 08:00:00,155.511,156.30099,155.474,156.101
2025-11-19 12:00:00,156.101,156.71899,156.033997,156.50101
2025-11-19 16:00:00,156.49899,157.039993,156.45799,157.024994
2025-11-19 20:00:00,157.020996,157.185,156.933,156.979
2025-11-20 00:00:00,156.99001,157.478,156.873,157.418
2025-11-20 04:00:00,157.411,157.782,157.256,157.455
2025-11-20 08:00:00,157.45,157.545,157.104,157.509
2025-11-20 12:00:00,157.504,157.892,157.211,157.674
2025-11-20 16:00:00,157.674,157.69701,157.257,157.534
2025-11-20 20:00:00,157.535,157.649,157.18401,157.382
2025-11-21 00:00:00,157.38,157.541,157.202,157.30299
2025-11-21 04:00:00,157.29401,157.30901,156.60699,156.73599
2025-11-21 08:00:00,156.733,156.953,156.55099,156.847
2025-11-21 12:00:00,156.847,156.97,156.192,156.53101
2025-11-21 16:00:00,156.533,156.759,156.257,156.32401
2025-11-21 20:00:00,156.325,156.504,156.295,156.37801
2025-11-24 00:00:00,156.67799,156.804,156.58299,156.645
2025-11-24 04:00:00,156.63499,156.894,156.495,156.83501
2025-11-24 08:00:00,156.843,156.939,156.64301,156.832
2025-11-24 12:00:00,156.83,157.19299,156.733,156.791
2025-11-24 16:00:00,156.79201,156.98859,156.73121,156.75587
2025-11-24 20:00:00,156.7542,156.95798,156.73911,156.94051
2025-11-25 00:00:00,156.93862,156.98488,156.56373,156.76858
2025-11-25 04:00:00,156.76888,156.84539,156.53405,156.66257
2025-11-25 08:00:00,156.66174,156.68994,156.16844,156.4517
2025-11-25 12:00:00,156.44916,156.50332,155.89719,156.14342
2025-11-25 16:00:00,156.14377,156.31066,155.81025,155.82374
2025-11-25 20:00:00,155.82547,156.22649,155.82259,156.22649
2025-11-26 00:00:00,156.22415,156.37292,155.67833,155.88846
2025-11-26 04:00:00,155.88668,156.48935,155.87583,156.41425
2025-11-26 08:00:00,156.41465,156.58204,156.32335,156.45653
2025-11-26 12:00:00,156.45166,156.73214,156.34155,156.47096
2025-11-26 16:00:00,156.46955,156.50871,156.30172,156.45151
2025-11-26 20:00:00,156.452,156.49483,156.23526,156.24092
2025-11-27 00:00:00,156.23986,156.24054,155.73537,156.08805
2025-11-27 04:00:00,156.0856,156.30376,155.80981,156.1548
2025-11-27 08:00:00,156.1545,156.40095,156.09,156.32279
2025-11-27 12:00:00,156.32041,156.39271,156.249,156.30129
2025-11-27 16:00:00,156.3017,156.37754,156.26614,156.34408
2025-11-27 20:00:00,156.34432,156.34708,156.20096,156.29701
2025-11-28 00:00:00,156.29774,156.6029,156.13725,156.27374
2025-11-28 04:00:00,156.27131,156.4286,156.20117,156.31043
2025-11-28 08:00:00,156.30605,156.37736,156.1732,156.17434
2025-11-28 12:00:00,156.1716,156.40536,155.9871,156.02366
2025-11-28 16:00:00,156.02566,156.27494,156.02341,156.11235
2025-11-28 20:00:00,156.11377,156.18998,156.07682,156.16955
2025-11-30 20:00:00,156.11176,156.17624,155.9018,155.93316
2025-12-01 00:00:00,155.93196,155.93412,155.41526,155.48441
2025-12-01 04:00:00,155.48387,155.71024,155.31474,155.35381
2025-12-01 08:00:00,155.34881,155.58546,155.10522,155.13022
2025-12-01 12:00:00,155.12951,155.19938,154.69117,155.07188
2025-12-01 16:00:00,155.07747,155.52651,155.07079,155.48377
2025-12-01 20:00:00,155.48497,155.57179,155.43211,155.56724
2025-12-02 00:00:00,155.56553,155.78874,155.47826,155.63103
2025-12-02 04:00:00,155.62723,155.84081,155.56155,155.74407
2025-12-02 08:00:00,155.73789,156.08633,155.73789,155.93009
2025-12-02 12:00:00,155.92897,156.17523,155.81458,155.90598
2025-12-02 16:00:00,155.9042,156.09323,155.7555,155.86852
2025-12-02 20:00:00,155.87025,155.90621,155.79286,155.8141
2025-12-03 00:00:00,155.81341,155.83155,155.61471,155.65234
2025-12-03 04:00:00,155.64833,155.75831,155.52263,155.70813
2025-12-03 08:00:00,155.70598,155.75358,155.42568,155.43261
2025-12-03 12:00:00,155.43275,155.59923,155.22454,155.23594
2025-12-03 16:00:00,155.23698,155.24382,155.02307,155.13038
2025-12-03 20:00:00,155.12966,155.32773,155.08487,155.11687
2025-12-04 00:00:00,155.11249,155.54206,155.04025,155.3999
2025-12-04 04:00:00,155.39614,155.50542,155.19454,155.2245
2025-12-04 08:00:00,155.22356,155.25303,154.54338,154.54531
2025-12-04 12:00:00,154.54819,155.03322,154.50351,154.63312
2025-12-04 16:00:00,154.63253,155.03263,154.627,155.02564
2025-12-04 20:00:00,155.02289,155.1673,155.00912,155.15249
2025-12-05 00:00:00,155.15143,155.23887,154.92338,155.12502
2025-12-05 04:00:00,155.12249,155.1282,154.3671,154.63673
2025-12-05 08:00:00,154.63693,155.22663,154.62958,155.15875
2025-12-05 12:00:00,155.15861,155.34604,155.09254,155.2799
2025-12-05 16:00:00,155.27652,155.47955,155.22342,155.30717
2025-12-05 20:00:00,155.30481,155.38447,155.27977,155.36587
2025-12-07 20:00:00,155.22528,155.38059,155.18965,155.33159
2025-12-08 00:00:00,155.33085,155.33481,154.8925,155.1122
2025-12-08 04:00:00,155.11104,155.35183,155.06203,155.33683
2025-12-08 08:00:00,155.33718,155.57988,155.28006,155.57559
2025-12-08 12:00:00,155.57624,155.98375,155.41224,155.86766
2025-12-08 16:00:00,155.86666,155.95112,155.71239,155.90669
2025-12-08 20:00:00,155.90523,155.98228,155.82572,155.86211
2025-12-09 00:00:00,155.86141,156.02475,155.75571,155.82571
2025-12-09 04:00:00,155.82293,156.19279,155.81535,156.19279
2025-12-09 08:00:00,156.18983,156.43597,155.99031,156.19491
2025-12-09 12:00:00,156.19601,156.91681,156.19535,156.88337
2025-12-09 16:00:00,156.88176,156.95985,156.82143,156.84183
2025-12-09 20:00:00,156.8415,156.94827,156.75506,156.83533
2025-12-10 00:00:00,156.83245,156.93346,156.56854,156.59713
2025-12-10 04:00:00,156.59412,156.76391,156.58794,156.66802
2025-12-10 08:00:00,156.66596,156.88862,156.58573,156.71635
2025-12-10 12:00:00,156.71653,156.75378,156.35377,156.4828
2025-12-10 16:00:00,156.48317,156.67641,156.16527,156.25682
2025-12-10 20:00:00,156.25949,156.30549,155.66063,155.77021
2025-12-11 00:00:00,155.76808,155.88794,155.49258,155.69293
2025-12-11 04:00:00,155.68981,156.15573,155.63232,156.01146
2025-12-11 08:00:00,156.00875,156.05818,155.7642,155.78366
2025-12-11 12:00:00,155.78376,155.81246,154.95782,155.16459
2025-12-11 16:00:00,155.16243,155.60006,155.08355,155.59638
2025-12-11 20:00:00,155.59359,155.67689,155.44961,155.52751
2025-12-12 00:00:00,155.52964,155.76247,155.46372,155.7189
2025-12-12 04:00:00,155.71618,155.81858,155.55705,155.64517
2025-12-12 08:00:00,155.64559,155.99399,155.64559,155.91575
2025-12-12 12:00:00,155.91661,156.14052,155.82877,155.89509
2025-12-12 16:00:00,155.893,155.93879,155.67341,155.90318
2025-12-12 20:00:00,155.90086,155.90399,155.78024,155.82964
2025-12-14 20:00:00,155.84916,155.94377,155.76166,155.87512
2025-12-15 00:00:00,155.87048,155.97852,155.3114,155.42323
2025-12-15 04:00:00,155.42322,155.42557,154.96877,155.24207
2025-12-15 08:00:00,155.24608,155.28232,154.85451,154.90895
2025-12-15 12:00:00,154.91007,155.22836,154.86292,155.1529
2025-12-15 16:00:00,155.1515,155.40426,155.1515,155.23734
2025-12-15 20:00:00,155.23162,155.26671,154.97493,155.02404
2025-12-16 00:00:00,155.02158,155.11193,154.70735,154.88787
2025-12-16 04:00:00,154.88798,154.97825,154.69231,154.89466
2025-12-16 08:00:00,154.89792,154.93956,154.7813,154.82289
2025-12-16 12:00:00,154.82154,154.95307,154.42618,154.69946
2025-12-16 16:00:00,154.69361,154.88986,154.62012,154.66518
2025-12-16 20:00:00,154.66233,154.84421,154.57619,154.79
2025-12-17 00:00:00,154.79188,155.0191,154.52906,154.87899
2025-12-17 04:00:00,154.88001,155.57438,154.87981,155.50944
2025-12-17 08:00:00,155.50795,155.60319,155.44016,155.54288
2025-12-17 12:00:00,155.54271,155.62951,155.34963,155.44228
2025-12-17 16:00:00,155.44043,155.68876,155.39616,155.63823
2025-12-17 20:00:00,155.63453,155.75114,155.48559,155.49766
2025-12-18 00:00:00,155.49268,155.81325,155.42805,155.76743
2025-12-18 04:00:00,155.76534,155.95728,155.70706,155.91248
2025-12-18 08:00:00,155.91358,155.97481,155.71451,155.79136
2025-12-18 12:00:00,155.79203,155.85859,155.30554,155.5495
2025-12-18 16:00:00,155.54657,155.71465,155.39654,155.52618
2025-12-18 20:00:00,155.52292,155.63668,155.46966,155.59066
2025-12-19 00:00:00,155.58721,156.10401,155.58721,155.92181
2025-12-19 04:00:00,155.9271,156.73435,155.7518,156.72842
2025-12-19 08:00:00,156.72511,157.39583,156.72511,157.3114
2025-12-19 12:00:00,157.31163,157.49365,157.01729,157.47915
2025-12-19 16:00:00,157.47861,157.63955,157.39994,157.54291
2025-12-19 20:00:00,157.53318,157.77465,157.48412,157.72328
2025-12-21 20:00:00,157.65967,157.74909,157.46385,157.66333
2025-12-22 00:00:00,157.66037,157.6643,157.23493,157.33073
2025-12-22 04:00:00,157.32484,157.53858,157.26284,157.5067
2025-12-22 08:00:00,157.50965,157.5625,157.34669,157.40606
2025-12-22 12:00:00,157.40678,157.42667,156.92224,156.94192
2025-12-22 16:00:00,156.94876,157.03284,156.72086,156.90322
2025-12-22 20:00:00,156.90293,157.06389,156.8192,156.89747
2025-12-23 00:00:00,156.8924,156.90559,156.17277,156.21308
2025-12-23 04:00:00,156.21677,156.21677,155.8912,156.07506
2025-12-23 08:00:00,156.07538,156.12251,155.67555,155.9668
2025-12-23 12:00:00,155.96762,156.52831,155.87223,156.41152
2025-12-23 16:00:00,156.4113,156.41937,156.18189,156.19895
2025-12-23 20:00:00,156.19616,156.30722,156.1076,156.16785
2025-12-24 00:00:00,156.1706,156.26197,155.5605,155.97446
2025-12-24 04:00:00,155.97403,156.05826,155.65613,155.83559
2025-12-24 08:00:00,155.82914,155.96873,155.70506,155.91238
2025-12-24 12:00:00,155.91267,156.04717,155.88608,156.03377
2025-12-25 12:00:00,155.99333,156.08931,155.80235,156.00311
2025-12-25 16:00:00,155.99948,156.18547,155.69663,155.71947
2025-12-25 20:00:00,155.71139,156.14374,155.60584,156.10564
2025-12-26 00:00:00,156.09501,156.49077,156.03883,156.0664
2025-12-26 04:00:00,156.06691,156.46162,156.00796,156.38627
2025-12-26 08:00:00,156.38549,156.48228,156.30435,156.38835
2025-12-26 12:00:00,156.39177,156.5307,156.24417,156.42603
2025-12-26 16:00:00,156.42539,156.72571,156.37804,156.533
2025-12-26 20:00:00,156.53244,156.61028,156.45137,156.58008
2025-12-28 20:00:00,156.59477,156.59635,156.41369,156.49451
2025-12-29 00:00:00,156.50433,156.52062,156.07563,156.39921
2025-12-29 04:00:00,156.39868,156.49018,156.06619,156.08792
2025-12-29 08:00:00,156.09092,156.42297,156.08714,156.39821
2025-12-29 12:00:00,156.40167,156.43031,155.92836,155.95717
2025-12-29 16:00:00,155.95443,156.26619,155.95443,156.03768
2025-12-29 20:00:00,156.03409,156.13508,155.98951,156.03399
2025-12-30 00:00:00,156.04003,156.34714,155.93756,156.27455
2025-12-30 04:00:00,156.27421,156.29576,155.94183,156.01253
2025-12-30 08:00:00,156.00658,156.06055,155.75008,155.89589
2025-12-30 12:00:00,155.89643,156.58008,155.89535,156.35268
2025-12-30 16:00:00,156.35037,156.53088,156.23609,156.5232
2025-12-30 20:00:00,156.52306,156.52591,156.32659,156.41926
2025-12-31 00:00:00,156.42071,156.50309,156.3402,156.49283
2025-12-31 04:00:00,156.49162,156.64996,156.49162,156.58085
2025-12-31 08:00:00,156.57937,156.68781,156.51318,156.61914
2025-12-31 12:00:00,156.61755,156.64613,156.57223,156.60804
2026-01-01 12:00:00,156.70491,156.74817,156.6554,156.69583
2026-01-01 16:00:00,156.69528,156.83476,156.18253,156.70872
2026-01-01 20:00:00,156.70622,156.87285,156.60725,156.74823
2026-01-02 00:00:00,156.74719,156.75612,156.52473,156.7196
2026-01-02 04:00:00,156.71906,157.0025,156.71779,156.86873
2026-01-02 08:00:00,156.86928,157.00078,156.77622,156.92708
2026-01-02 12:00:00,156.92589,157.00241,156.58146,156.58176
2026-01-02 16:00:00,156.58003,156.95717,156.56886,156.86247
2026-01-02 20:00:00,156.85919,156.92312,156.81656,156.85516
2026-01-04 20:00:00,156.74082,157.00706,156.72754,156.99275
2026-01-05 00:00:00,156.99248,157.24164,156.95564,157.22997
2026-01-05 04:00:00,157.22601,157.30132,156.98672,157.00478
2026-01-05 08:00:00,157.00431,157.01887,156.53644,156.61921
2026-01-05 12:00:00,156.61842,156.98114,156.48475,156.61958
2026-01-05 16:00:00,156.61708,156.62079,156.10383,156.23574
2026-01-05 20:00:00,156.23099,156.64929,156.18759,156.64458
2026-01-06 00:00:00,156.64748,156.79132,156.27785,156.36169
2026-01-06 04:00:00,156.3623,156.47903,156.22851,156.35334
2026-01-06 08:00:00,156.35138,156.54743,156.16767,156.46961
2026-01-06 12:00:00,156.4638,156.68335,156.30542,156.62282
2026-01-06 16:00:00,156.62112,156.75462,156.57585,156.62819
2026-01-06 20:00:00,156.62681,156.70932,156.57081,156.68694
2026-01-07 00:00:00,156.68986,156.79651,156.51296,156.5509
2026-01-07 04:00:00,156.55189,156.59083,156.30147,156.4879
2026-01-07 08:00:00,156.48771,156.58445,156.44023,156.52903
2026-01-07 12:00:00,156.52489,156.72158,156.36733,156.70668
2026-01-07 16:00:00,156.70403,156.80544,156.58231,156.75179
2026-01-07 20:00:00,156.74799,156.80592,156.66653,156.72315
2026-01-08 00:00:00,156.72219,156.96323,156.6496,156.72167
2026-01-08 04:00:00,156.72218,156.73941,156.48166,156.5126
2026-01-08 08:00:00,156.50667,156.78381,156.47348,156.76237
2026-01-08 12:00:00,156.76256,157.07172,156.66816,156.88338
2026-01-08 16:00:00,156.88086,156.99041,156.77746,156.9841
2026-01-08 20:00:00,156.98323,157.00185,156.79389,156.89414
2026-01-09 00:00:00,156.89055,157.26719,156.88326,157.23937
2026-01-09 04:00:00,157.2385,157.57287,157.2029,157.51169
2026-01-09 08:00:00,157.51052,157.74063,157.47501,157.57903
2026-01-09 12:00:00,157.58167,158.18768,157.41088,157.92754
2026-01-09 16:00:00,157.92189,158.1344,157.84128,157.90021
2026-01-09 20:00:00,157.89752,157.96363,157.70075,157.8664
2026-01-10 00:00:00,157.8605,157.92366,157.7678,157.9187
2026-01-10 04:00:00,157.91679,157.92661,157.79279,157.91311
2026-01-10 08:00:00,157.91361,157.92409,157.83685,157.91543
2026-01-10 12:00:00,157.91654,157.92384,157.87665,157.8833
2026-01-10 16:00:00,157.88265,157.92186,157.87594,157.90649
2026-01-10 20:00:00,157.90358,157.92274,157.88629,157.89633
2026-01-11 00:00:00,157.89289,157.92222,157.88378,157.89045
2026-01-11 04:00:00,157.88866,157.90141,157.87718,157.88565
2026-01-11 08:00:00,157.88627,157.96923,157.05631,157.48599
2026-01-11 12:00:00,157.48653,157.99108,156.98754,157.7501
2026-01-11 16:00:00,157.74895,158.15973,157.12591,157.9771
2026-01-11 20:00:00,157.9758,158.1938,157.89507,158.15385
2026-01-12 00:00:00,158.15254,158.20074,157.53492,158.11328
2026-01-12 04:00:00,158.10886,158.1882,157.8069,157.83303
2026-01-12 08:00:00,157.83318,157.9618,157.70059,157.89991
2026-01-12 12:00:00,157.90014,158.03506,157.72011,157.96396
2026-01-12 16:00:00,157.96379,158.16458,157.93831,158.14518
2026-01-12 20:00:00,158.14231,158.20315,157.95511,157.97926
2026-01-13 00:00:00,157.97033,158.83038,157.97033,158.82259
2026-01-13 04:00:00,158.81805,158.96002,158.67012,158.93531
2026-01-13 08:00:00,158.92988,159.03097,158.80368,158.85524
2026-01-13 12:00:00,158.85616,159.06625,158.62206,158.95399
2026-01-13 16:00:00,158.94967,159.1918,158.90399,159.1224
2026-01-13 20:00:00,159.12164,159.20601,159.02996,159.19957
2026-01-14 00:00:00,159.1966,159.4555,159.09482,159.16378
2026-01-14 04:00:00,159.16069,159.34598,159.11561,159.17548
2026-01-14 08:00:00,159.17531,159.19592,158.59302,158.71224
2026-01-14 12:00:00,158.70294,158.71922,158.13125,158.14235
2026-01-14 16:00:00,158.14176,158.51693,158.12168,158.5122
2026-01-14 20:00:00,158.50987,158.59834,158.18606,158.42814
2026-01-15 00:00:00,158.42103,158.64164,158.23832,158.52702
2026-01-15 04:00:00,158.52756,158.73208,158.3952,158.56687
2026-01-15 08:00:00,158.56649,158.72694,158.29453,158.55576
2026-01-15 12:00:00,158.55859,158.8751,158.49198,158.54038
2026-01-15 16:00:00,158.54147,158.56547,158.43481,158.53982
2026-01-15 20:00:00,158.53727,158.67339,158.51821,158.59413
2026-01-16 00:00:00,158.59097,158.6992,157.96953,158.14557
2026-01-16 04:00:00,158.1479,158.44786,158.09355,158.17188
2026-01-16 08:00:00,158.17164,158.24621,158.0251,158.08992
2026-01-16 12:00:00,158.09181,158.24712,157.82087,158.07342
2026-01-16 16:00:00,158.0704,158.24862,157.96258,158.12511
2026-01-16 20:00:00,158.1222,158.2044,158.05465,158.18796
2026-01-17 00:00:00,158.18426,158.20208,158.15392,158.19548
2026-01-17 04:00:00,158.19429,158.20208,158.15698,158.19431
2026-01-17 08:00:00,158.19512,158.25775,158.12192,158.19409
2026-01-17 12:00:00,158.19481,158.24645,158.17305,158.20499
2026-01-17 16:00:00,158.20376,158.22979,158.1121,158.15224
2026-01-17 20:00:00,158.14891,158.21225,158.09954,158.18607
2026-01-18 00:00:00,158.18292,158.22325,158.13744,158.1713
2026-01-18 04:00:00,158.17034,158.22232,158.17034,158.21454
2026-01-18 08:00:00,158.21548,158.27287,158.16397,158.26522
2026-01-18 12:00:00,158.26606,158.34255,158.1243,158.203
2026-01-18 16:00:00,158.20157,158.54218,157.74893,157.79748
2026-01-18 20:00:00,157.79304,157.97587,157.50206,157.57318
2026-01-19 00:00:00,157.57326,157.96159,157.44079,157.88303
2026-01-19 04:00:00,157.88323,158.11698,157.7563,158.07103
2026-01-19 08:00:00,158.07343,158.1466,157.83008,158.04023
2026-01-19 12:00:00,158.04009,158.07191,157.85723,158.06645
2026-01-19 16:00:00,158.06441,158.14443,158.0156,158.09673
2026-01-19 20:00:00,158.09406,158.23398,158.0678,158.18754
2026-01-20 00:00:00,158.18655,158.28271,157.88395,157.9737
2026-01-20 04:00:00,157.9733,158.61463,157.90793,158.36971
2026-01-20 08:00:00,158.36983,158.36983,157.58402,157.74217
2026-01-20 12:00:00,157.74291,158.09273,157.57264,157.93218
2026-01-20 16:00:00,157.92987,158.29623,157.86582,158.28901
2026-01-20 20:00:00,158.28572,158.29159,158.03836,158.17214
2026-01-21 00:00:00,158.16691,158.27387,157.8745,158.08828
2026-01-21 04:00:00,158.08818,158.2507,157.8882,157.93536
2026-01-21 08:00:00,157.93524,158.09095,157.82937,157.93693
2026-01-21 12:00:00,157.93367,158.29228,157.75575,158.2304
2026-01-21 16:00:00,158.22775,158.51673,158.04949,158.39435
2026-01-21 20:00:00,158.38913,158.49476,158.26627,158.48191
2026-01-22 00:00:00,158.48057,158.58225,158.20114,158.55802
2026-01-22 04:00:00,158.55579,158.88475,158.55579,158.78437
2026-01-22 08:00:00,158.78565,158.84634,158.56919,158.59089
2026-01-22 12:00:00,158.59265,158.84962,158.36567,158.42262
2026-01-22 16:00:00,158.41891,158.46791,158.2443,158.42676
2026-01-22 20:00:00,158.42506,158.52829,158.34342,158.50316
2026-01-23 00:00:00,158.49937,158.73735,158.4634,158.62435
2026-01-23 04:00:00,158.62248,159.22693,157.81169,158.35704
2026-01-23 08:00:00,158.3494,158.46572,157.85977,158.15409
2026-01-23 12:00:00,158.14975,158.33442,158.10457,158.11791
2026-01-23 16:00:00,158.11542,158.24078,155.63959,155.88371
2026-01-23 20:00:00,155.88469,156.75516,155.64377,155.65822
2026-01-24 00:00:00,155.66086,156.35321,155.59012,155.69452
2026-01-24 04:00:00,155.69352,156.2341,155.58571,155.69877
2026-01-24 08:00:00,155.69571,155.71242,155.69095,155.69742
2026-01-24 12:00:00,155.69428,155.72424,155.69153,155.7179
2026-01-24 16:00:00,155.71657,156.88189,155.63833,156.18662
2026-01-24 20:00:00,156.18662,156.92125,155.71427,156.01149
2026-01-25 00:00:00,156.01262,156.0194,155.72803,155.7312
2026-01-25 04:00:00,155.73012,155.73518,155.70418,155.70946
2026-01-25 08:00:00,155.70628,155.98647,155.70423,155.86093
2026-01-25 12:00:00,155.85759,156.04894,155.72558,155.72797
2026-01-25 16:00:00,155.72682,156.37998,154.79343,154.94662
2026-01-25 20:00:00,154.93608,155.2512,154.23197,155.18101
2026-01-26 00:00:00,155.18131,155.32874,153.92692,154.21011
2026-01-26 04:00:00,154.20549,154.41469,153.85961,154.24846
2026-01-26 08:00:00,154.2395,154.29955,153.22004,153.72359
2026-01-26 12:00:00,153.72721,154.29053,153.64222,153.7849
2026-01-26 16:00:00,153.79043,154.27731,153.76296,154.11371
2026-01-26 20:00:00,154.09592,154.41757,153.88629,154.38677
2026-01-27 00:00:00,154.38445,154.4427,154.09451,154.42745
2026-01-27 04:00:00,154.42324,154.75155,154.38234,154.74188
2026-01-27 08:00:00,154.74452,154.88564,152.9601,153.73272
2026-01-27 12:00:00,153.73325,153.78054,152.8985,153.23858
2026-01-27 16:00:00,153.24143,153.27096,152.61249,152.72302
2026-01-27 20:00:00,152.71846,152.75056,152.0463,152.47721
2026-01-28 00:00:00,152.46261,153.06535,152.46261,152.73612
2026-01-28 04:00:00,152.73463,152.82743,152.298,152.66038
2026-01-28 08:00:00,152.65848,152.79026,152.40597,152.603
2026-01-28 12:00:00,152.60425,153.72409,152.4147,153.48033
2026-01-28 16:00:00,153.47707,154.14157,153.45473,153.49186
2026-01-28 20:00:00,153.48917,153.5837,153.05221,153.12635
2026-01-29 00:00:00,153.12244,153.37502,152.8042,152.93209
2026-01-29 04:00:00,152.93198,153.40937,152.91465,153.32572
2026-01-29 08:00:00,153.32581,153.51743,153.15634,153.4699
2026-01-29 12:00:00,153.47061,153.49106,152.68866,152.82171
2026-01-29 16:00:00,152.82197,153.16463,152.76573,153.08511
2026-01-29 20:00:00,153.08162,153.21897,152.8982,153.16952
2026-01-30 00:00:00,153.16792,153.97022,153.08299,153.95277
2026-01-30 04:00:00,153.94814,154.10919,153.72033,153.79043
2026-01-30 08:00:00,153.79032,154.28549,153.73043,153.87707
2026-01-30 12:00:00,153.87665,154.75715,153.82141,154.25542
2026-01-30 16:00:00,154.25522,154.7128,154.1674,154.59254
2026-01-30 20:00:00,154.58504,154.95518,154.41563,154.72427
2026-01-31 00:00:00,154.72303,154.79636,154.53011,154.7912
2026-01-31 04:00:00,154.78775,154.82759,154.37681,154.7855
2026-01-31 08:00:00,154.78241,154.79599,154.73694,154.78784
2026-01-31 12:00:00,154.78752,154.79465,154.73154,154.75006
2026-01-31 16:00:00,154.7512,154.7816,154.58122,154.70656
2026-01-31 20:00:00,154.70665,154.72279,154.54561,154.71005
2026-02-01 00:00:00,154.7078,154.7716,154.70572,154.75994
2026-02-01 04:00:00,154.75646,154.76988,154.72993,154.73441
2026-02-01 08:00:00,154.73203,154.76517,154.5544,154.55619
2026-02-01 12:00:00,154.55649,154.85429,154.37385,154.75232
2026-02-01 16:00:00,154.75348,154.8993,154.20748,154.75101
2026-02-01 20:00:00,154.74954,155.49892,154.72683,155.22393
2026-02-02 00:00:00,155.21509,155.38477,154.85465,154.98978
2026-02-02 04:00:00,154.98913,154.99253,154.57316,154.91413
2026-02-02 08:00:00,154.91295,155.04976,154.73847,154.77523
2026-02-02 12:00:00,154.77543,155.69975,154.72581,155.6822
2026-02-02 16:00:00,155.68243,155.78403,155.43798,155.63349
2026-02-02 20:00:00,155.63738,155.665,155.44272,155.48536
2026-02-03 00:00:00,155.48588,155.62405,155.3836,155.46373
2026-02-03 04:00:00,155.45978,155.51189,155.31268,155.38154
2026-02-03 08:00:00,155.37397,155.98199,155.37397,155.95449
2026-02-03 12:00:00,155.95329,156.08412,155.71729,155.72427
2026-02-03 16:00:00,155.72465,155.80787,155.55384,155.7719
2026-02-03 20:00:00,155.77714,155.8556,155.66448,155.8039
2026-02-04 00:00:00,155.80548,156.38707,155.80311,156.3249
2026-02-04 04:00:00,156.32386,156.46528,156.23155,156.42772
2026-02-04 08:00:00,156.42381,156.86038,156.40701,156.81194
2026-02-04 12:00:00,156.80691,156.81585,156.38116,156.67625
2026-02-04 16:00:00,156.67574,156.89705,156.47994,156.8204
2026-02-04 20:00:00,156.82096,156.9447,156.77594,156.91131
2026-02-05 00:00:00,156.91156,156.98674,156.71669,156.80432
2026-02-05 04:00:00,156.80398,157.21314,156.80374,157.13847
2026-02-05 08:00:00,157.13599,157.34558,157.0117,157.15112
2026-02-05 12:00:00,157.14256,157.27428,156.56579,156.82658
2026-02-05 16:00:00,156.82546,157.01318,156.78026,156.89781
2026-02-05 20:00:00,156.8986,157.10103,156.73507,156.80157
2026-02-06 00:00:00,156.79858,156.84062,156.56636,156.75244
2026-02-06 04:00:00,156.74971,156.91568,156.60002,156.87918
2026-02-06 08:00:00,156.87598,157.14626,156.80585,157.06299
2026-02-06 12:00:00,157.06026,157.14241,156.79559,156.85304
2026-02-06 16:00:00,156.85085,157.1355,156.85085,157.11466
2026-02-06 20:00:00,157.11483,157.25351,157.07027,157.21054
2026-02-07 00:00:00,157.21117,157.21716,157.07188,157.19855
2026-02-07 04:00:00,157.1984,157.24216,157.10265,157.20101
2026-02-07 08:00:00,157.19849,157.21345,157.19465,157.20276
2026-02-07 12:00:00,157.19933,157.21717,157.1925,157.20936
2026-02-07 16:00:00,157.20722,157.21638,156.99398,157.11847
2026-02-07 20:00:00,157.11608,157.20673,157.02999,157.11912
2026-02-09 00:00:00,157.24699,157.29201,156.20399,156.85899
2026-02-09 04:00:00,156.869,156.88499,156.28,156.592
2026-02-09 08:00:00,156.588,156.782,156.39,156.45799
2026-02-09 12:00:00,156.461,156.55701,155.51401,155.84599
2026-02-09 16:00:00,155.84599,156.144,155.65036,155.71697
2026-02-09 20:00:00,155.72106,156.14871,155.71581,156.1419
2026-02-10 00:00:00,156.14075,156.28961,155.15811,155.31952
2026-02-10 04:00:00,155.31524,155.58806,155.08704,155.57152
2026-02-10 08:00:00,155.56577,155.63277,155.05511,155.28014
2026-02-10 12:00:00,155.28034,155.29878,154.0673,154.20089
2026-02-10 16:00:00,154.20378,154.58471,154.07441,154.31976
2026-02-10 20:00:00,154.31724,154.51422,154.25234,154.5034
2026-02-11 00:00:00,154.49805,154.5203,153.56467,153.57814
2026-02-11 04:00:00,153.57834,153.5987,152.81382,153.12558
2026-02-11 08:00:00,153.11834,153.51174,153.05878,153.49777
2026-02-11 12:00:00,153.49657,154.69772,153.22012,153.63041
2026-02-11 16:00:00,153.62839,153.66556,152.57989,152.94196
2026-02-11 20:00:00,152.93822,153.31599,152.93822,153.27986
2026-02-12 00:00:00,153.28147,153.44511,152.29766,152.57509
2026-02-12 04:00:00,152.57358,153.54182,152.41206,153.06176
2026-02-12 08:00:00,153.05546,153.32475,152.82658,153.32475
2026-02-12 12:00:00,153.32309,153.75684,152.63939,152.6724
2026-02-12 16:00:00,152.6684,152.98817,152.37011,152.91449
2026-02-12 20:00:00,152.91234,152.92767,152.67068,152.79731
2026-02-13 00:00:00,152.79709,153.33683,152.7403,152.93763
2026-02-13 04:00:00,152.93809,153.58207,152.8597,153.40579
2026-02-13 08:00:00,153.40571,153.65688,153.23711,153.35199
2026-02-13 12:00:00,153.35335,153.39992,152.83633,153.10004
2026-02-13 16:00:00,153.09408,153.20654,152.61754,152.77224
2026-02-13 20:00:00,152.76143,152.92995,152.59029,152.67195
2026-02-14 00:00:00,152.67114,152.929,152.66403,152.73334
2026-02-14 04:00:00,152.74755,152.94768,152.71449,152.73281
2026-02-14 08:00:00,152.73345,152.7536,152.72112,152.73792
2026-02-14 12:00:00,152.73587,153.00678,152.68824,152.78632
2026-02-14 16:00:00,152.7829,152.88415,152.67333,152.7612
2026-02-14 20:00:00,152.74395,153.78135,152.70512,152.76392
2026-02-15 00:00:00,152.76373,152.83093,152.6927,152.70761
2026-02-15 04:00:00,152.70875,152.71453,152.69611,152.70038
2026-02-15 08:00:00,152.70039,152.86947,152.67673,152.86478
2026-02-15 12:00:00,152.8628,153.05542,152.76348,152.78803
2026-02-15 16:00:00,152.78459,152.92881,152.50679,152.70238
2026-02-15 20:00:00,152.6993,152.97177,152.57063,152.807
2026-02-16 00:00:00,152.80705,153.16317,152.778,153.06583
2026-02-16 04:00:00,153.06746,153.38676,153.00547,153.34518
2026-02-16 08:00:00,153.34837,153.63236,153.23334,153.38044
2026-02-16 12:00:00,153.37832,153.47577,153.25776,153.45968
2026-02-16 16:00:00,153.45635,153.56134,153.41358,153.48916
2026-02-16 20:00:00,153.48621,153.71244,153.42343,153.56919
2026-02-17 00:00:00,153.56755,153.57205,153.04017,153.17452
2026-02-17 04:00:00,153.1745,153.2114,152.82757,153.08527
2026-02-17 08:00:00,153.08611,153.19016,152.71693,153.15313
2026-02-17 12:00:00,153.1516,153.90662,153.03023,153.80731
2026-02-17 16:00:00,153.80481,153.84522,153.26343,153.26343
2026-02-17 20:00:00,153.26093,153.31752,153.14311,153.1432
2026-02-18 00:00:00,153.14382,153.70043,153.08782,153.60148
2026-02-18 04:00:00,153.60254,153.70398,153.38571,153.66244
2026-02-18 08:00:00,153.66501,153.84885,153.57903,153.70935
2026-02-18 12:00:00,153.70653,154.42838,153.54608,154.30448
2026-02-18 16:00:00,154.30199,154.86713,154.24146,154.72215
2026-02-18 20:00:00,154.71865,154.85023,154.68222,154.7038
2026-02-19 00:00:00,154.7016,155.26139,154.63934,155.15212
2026-02-19 04:00:00,155.15458,155.34008,154.94833,154.96516
2026-02-19 08:00:00,154.96558,155.0047,154.58496,154.63273
2026-02-19 12:00:00,154.63233,155.29219,154.55547,155.02092
2026-02-19 16:00:00,155.01862,155.12626,154.83726,155.0986
2026-02-19 20:00:00,155.0961,155.20998,154.9,155.18648
2026-02-20 00:00:00,155.18209,155.29732,154.95852,155.14946
2026-02-20 04:00:00,155.14934,155.51536,154.97361,155.48837
2026-02-20 08:00:00,155.48836,155.6442,155.15611,155.21798
2026-02-20 12:00:00,155.22115,155.51279,154.8143,154.86647
2026-02-20 16:00:00,154.86521,155.19738,154.73896,155.14229
2026-02-20 20:00:00,155.13977,155.17729,154.96343,155.01463
2026-02-21 00:00:00,155.00871,155.24598,155.00871,155.07013
2026-02-21 04:00:00,155.06811,155.2283,155.01619,155.07324
2026-02-21 08:00:00,155.07367,155.08615,155.03365,155.07755
2026-02-21 12:00:00,155.07865,155.08497,155.04144,155.069
2026-02-21 16:00:00,155.0685,155.07694,154.93477,154.93986
2026-02-21 20:00:00,154.93687,154.94362,154.90251,154.91253
2026-02-22 00:00:00,154.90925,155.01681,154.8986,155.01166
2026-02-22 04:00:00,155.01006,155.01681,155.00796,155.00944
2026-02-22 08:00:00,155.01006,155.01681,155.00796,155.00905
2026-02-22 12:00:00,155.01006,155.05161,155.00796,155.03623
2026-02-22 16:00:00,155.03547,155.10208,154.83983,154.99889
2026-02-22 20:00:00,154.99652,155.08494,154.3429,154.34992
2026-02-23 00:00:00,154.34685,154.47552,154.00613,154.25919
2026-02-23 04:00:00,154.25939,154.60118,154.22145,154.49208
2026-02-23 08:00:00,154.49061,154.94339,154.47034,154.92005
2026-02-23 12:00:00,154.92713,155.04244,154.38201,154.42023
2026-02-23 16:00:00,154.41825,154.67096,154.23991,154.63567
2026-02-23 20:00:00,154.63327,154.7679,154.52984,154.67637
2026-02-24 00:00:00,154.67603,155.12818,154.64839,155.11226
2026-02-24 04:00:00,155.11054,156.14001,154.96405,156.12654
2026-02-24 08:00:00,156.12889,156.28277,155.68519,155.8467
2026-02-24 12:00:00,155.85077,156.18922,155.75925,155.93666
2026-02-24 16:00:00,155.93321,155.93955,155.60292,155.79374
2026-02-24 20:00:00,155.79096,155.93061,155.75519,155.90477
2026-02-25 00:00:00,155.89958,156.03767,155.4034,155.82484
2026-02-25 04:00:00,155.8202,156.03937,155.53716,155.91629
2026-02-25 08:00:00,155.91501,156.8192,155.89046,156.81083
2026-02-25 12:00:00,156.81134,156.81254,156.35409,156.39659
2026-02-25 16:00:00,156.39238,156.53173,156.23747,156.43993
2026-02-25 20:00:00,156.44047,156.47189,156.12776,156.18976
2026-02-26 00:00:00,156.18845,156.23862,155.76068,155.93646
2026-02-26 04:00:00,155.93163,156.16391,155.76663,156.07326
2026-02-26 08:00:00,156.07453,156.16358,155.92488,156.07048
2026-02-26 12:00:00,156.07179,156.23264,155.86169,156.02894
2026-02-26 16:00:00,156.033,156.43763,156.02778,156.14242
2026-02-26 20:00:00,156.13962,156.16593,155.83037,155.87528
2026-02-27 00:00:00,155.87049,156.00056,155.69207,155.76966
2026-02-27 04:00:00,155.76603,156.1297,155.54832,156.10285
2026-02-27 08:00:00,156.10226,156.23524,155.87172,155.92012
2026-02-27 12:00:00,155.91927,156.22954,155.83549,156.11604
2026-02-27 16:00:00,156.11114,156.145,155.89655,156.01661
2026-02-27 20:00:00,156.01467,156.19824,155.95877,156.03168
2026-02-28 00:00:00,156.02606,156.09776,156.02606,156.05504
2026-02-28 04:00:00,156.05231,156.07287,156.05013,156.0545
2026-02-28 08:00:00,156.05406,156.10168,156.05041,156.0928
2026-02-28 12:00:00,156.0939,156.10097,156.052,156.05481
2026-02-28 16:00:00,156.05516,156.06196,156.04103,156.0458
2026-02-28 20:00:00,156.04379,156.06937,156.03192,156.04802
2026-03-01 00:00:00,156.04453,156.06937,156.04251,156.05139
2026-03-01 04:00:00,156.04879,156.05683,156.03984,156.0492
2026-03-01 08:00:00,156.04894,156.08335,155.56356,155.76615
2026-03-01 12:00:00,155.76728,155.91338,155.35555,155.81471
2026-03-01 16:00:00,155.81441,156.3965,155.36125,156.13278
2026-03-01 20:00:00,156.13256,156.71334,155.74819,156.63345
2026-03-02 00:00:00,156.63053,156.77717,156.16449,156.34054
2026-03-02 04:00:00,156.33888,157.03312,156.28741,156.96953
2026-03-02 08:00:00,156.96679,157.26446,156.81533,156.95918
2026-03-02 12:00:00,156.95926,157.75706,156.95773,157.73894
2026-03-02 16:00:00,157.73878,157.75401,157.11343,157.14934
2026-03-02 20:00:00,157.15008,157.47974,157.11427,157.25793
2026-03-03 00:00:00,157.25674,157.58575,157.20329,157.26741
2026-03-03 04:00:00,157.26143,157.47043,157.14769,157.37733
2026-03-03 08:00:00,157.36511,157.97376,157.31992,157.71064
2026-03-03 12:00:00,157.71014,157.96508,157.51963,157.78346
2026-03-03 16:00:00,157.78377,157.92714,157.50004,157.65061
2026-03-03 20:00:00,157.65382,157.80212,157.31151,157.78314
2026-03-04 00:00:00,157.78231,157.86588,157.36849,157.40549
2026-03-04 04:00:00,157.40234,157.64973,157.1811,157.475
2026-03-04 08:00:00,157.47646,157.53555,156.91129,157.22783
2026-03-04 12:00:00,157.22785,157.44295,157.05059,157.13292
2026-03-04 16:00:00,157.13066,157.1677,156.89413,156.98788
2026-03-04 20:00:00,156.99013,157.12613,156.96794,156.99393
2026-03-05 00:00:00,156.99161,157.07411,156.46795,157.03736
2026-03-05 04:00:00,157.03701,157.28449,156.97953,157.25145
2026-03-05 08:00:00,157.24635,157.38447,156.90845,157.35408
2026-03-05 12:00:00,157.35389,157.78069,157.31485,157.58898
2026-03-05 16:00:00,157.59393,157.84597,157.55693,157.82476
2026-03-05 20:00:00,157.82489,157.84671,157.43862,157.56158
2026-03-06 00:00:00,157.55855,157.59034,157.4206,157.50115
2026-03-06 04:00:00,157.49775,157.89964,157.4958,157.54979
2026-03-06 08:00:00,157.54864,157.98573,157.50677,157.96116
2026-03-06 12:00:00,157.96094,158.10873,157.50455,157.57955
2026-03-06 16:00:00,157.5831,157.86646,157.52185,157.85333
2026-03-06 20:00:00,157.85829,157.96049,157.69411,157.75769
2026-03-07 00:00:00,157.75445,157.76995,157.6887,157.75438
2026-03-07 04:00:00,157.75096,157.7701,157.69111,157.76067
2026-03-07 08:00:00,157.75805,157.78592,157.74864,157.75144
2026-03-07 12:00:00,157.75084,157.78916,157.74917,157.78134
2026-03-07 16:00:00,157.78243,157.79097,157.64956,157.75664
2026-03-07 20:00:00,157.75712,157.78277,157.64107,157.75804
2026-03-08 00:00:00,157.7562,157.79312,157.75406,157.78949
2026-03-08 04:00:00,157.78602,157.79265,157.78303,157.78806
2026-03-08 08:00:00,157.78523,157.79313,157.75363,157.76161
2026-03-08 12:00:00,157.76117,157.78392,157.74383,157.77592
2026-03-08 16:00:00,157.77705,158.21768,157.64264,157.95017
2026-03-08 20:00:00,157.95554,158.46229,157.94853,158.4214
2026-03-09 00:00:00,158.4187,158.9018,158.35055,158.86584
2026-03-09 04:00:00,158.86377,158.86796,158.33478,158.47835
2026-03-09 08:00:00,158.48085,158.68341,158.23996,158.49601
2026-03-09 12:00:00,158.49605,158.59332,158.00905,158.01505
2026-03-09 16:00:00,158.01756,158.41913,157.66014,157.82202
2026-03-09 20:00:00,157.83189,157.94861,157.64248,157.87635
2026-03-10 00:00:00,157.87433,157.99515,157.55869,157.89285
2026-03-10 04:00:00,157.88776,157.93347,157.27956,157.33275
2026-03-10 08:00:00,157.33186,157.88345,157.32237,157.80707
2026-03-10 12:00:00,157.80681,157.97142,157.56662,157.62424
2026-03-10 16:00:00,157.62248,158.12456,157.40702,158.03915
2026-03-10 20:00:00,158.03458,158.1823,157.97933,158.12673
2026-03-11 00:00:00,158.12246,158.39349,157.93522,158.20638
2026-03-11 04:00:00,158.20251,158.26913,157.8803,158.24609
2026-03-11 08:00:00,158.24406,158.50399,158.20325,158.50023
2026-03-11 12:00:00,158.49942,158.8545,158.37155,158.80584
2026-03-11 16:00:00,158.80565,158.99584,158.77955,158.95257
2026-03-11 20:00:00,158.95424,159.1407,158.83989,159.09098
2026-03-12 00:00:00,159.0939,159.23179,158.80921,159.0381
2026-03-12 04:00:00,159.0356,159.15879,158.79652,158.80972
2026-03-12 08:00:00,158.80936,158.95472,158.57921,158.69702
2026-03-12 12:00:00,158.69424,159.28809,158.69068,159.14798
2026-03-12 16:00:00,159.14749,159.43597,159.12844,159.37604
2026-03-12 20:00:00,159.37701,159.42552,159.19547,159.22057
2026-03-13 00:00:00,159.21864,159.41396,159.01718,159.36568
2026-03-13 04:00:00,159.3639,159.63426,159.32684,159.4582
2026-03-13 08:00:00,159.45622,159.54149,159.25988,159.31363
2026-03-13 12:00:00,159.31184,159.59241,159.02766,159.56393
2026-03-13 16:00:00,159.56224,159.69998,159.50585,159.6762
2026-03-13 20:00:00,159.67674,159.89661,159.55551,159.73522
2026-03-14 00:00:00,159.73597,159.7454,159.60728,159.73115
2026-03-14 04:00:00,159.73028,159.74977,159.47851,159.71747
2026-03-14 08:00:00,159.71442,159.72678,159.65796,159.71613
2026-03-14 12:00:00,159.71281,159.73438,159.66067,159.69375
2026-03-14 16:00:00,159.69239,159.70987,159.59914,159.67808
2026-03-14 20:00:00,159.67891,159.6987,159.58009,159.68722
2026-03-15 00:00:00,159.68814,159.72185,159.61845,159.70297
2026-03-15 04:00:00,159.70185,159.72017,159.64862,159.65406
2026-03-15 08:00:00,159.65075,159.71402,159.59756,159.65295
2026-03-15 12:00:00,159.64973,160.08751,159.64412,159.71875
2026-03-15 16:00:00,159.71753,159.92071,159.14647,159.66239
2026-03-15 20:00:00,159.66393,159.75177,159.50926,159.57635
2026-03-16 00:00:00,159.56688,159.63455,159.24859,159.50382
2026-03-16 04:00:00,159.50221,159.62408,159.19849,159.32682
2026-03-16 08:00:00,159.33158,159.3859,159.11356,159.13107
2026-03-16 12:00:00,159.12935,159.3155,158.86823,159.30504
2026-03-16 16:00:00,159.30496,159.36997,158.91537,159.15555
2026-03-16 20:00:00,159.15398,159.22026,159.02301,159.12851
2026-03-17 00:00:00,159.1302,159.44715,159.11576,159.35749
2026-03-17 04:00:00,159.35498,159.49601,159.19674,159.27445
2026-03-17 08:00:00,159.27845,159.27863,158.99059,159.10403
2026-03-17 12:00:00,159.09955,159.15345,158.74144,159.04465
2026-03-17 16:00:00,159.04526,159.11733,158.89208,159.05207
2026-03-17 20:00:00,159.05173,159.05524,158.88926,158.91573
2026-03-18 00:00:00,158.91316,159.11709,158.80647,158.94964
2026-03-18 04:00:00,158.94748,158.95167,158.57484,158.76948
2026-03-18 08:00:00,158.76381,159.1133,158.76381,158.9731
2026-03-18 12:00:00,158.97137,159.57683,158.96951,159.45341
2026-03-18 16:00:00,159.45274,159.83079,159.32029,159.83079
2026-03-18 20:00:00,159.83224,159.90793,159.73699,159.81242
2026-03-19 00:00:00,159.81426,159.84339,159.56765,159.6234
2026-03-19 04:00:00,159.62191,159.79722,159.28255,159.28255
2026-03-19 08:00:00,159.28449,159.37993,159.05324,159.07956
2026-03-19 12:00:00,159.07938,159.28818,158.09813,158.47823
2026-03-19 16:00:00,158.48332,158.54009,157.53377,157.66298
2026-03-19 20:00:00,157.66153,157.99083,157.60766,157.93196
2026-03-20 00:00:00,157.92881,158.40213,157.76147,158.40191
2026-03-20 04:00:00,158.39862,158.44898,158.29906,158.29906
2026-03-20 08:00:00,158.29623,158.88606,158.26091,158.59741
2026-03-20 12:00:00,158.59765,159.24588,158.54002,159.24463
2026-03-20 16:00:00,159.2457,159.38131,159.1591,159.30315
2026-03-20 20:00:00,159.30376,159.32045,158.91569,159.09538
2026-03-21 00:00:00,159.09196,159.24912,159.05879,159.24444
2026-03-21 04:00:00,159.24132,159.24971,159.21993,159.24513
2026-03-21 08:00:00,159.24167,159.25013,159.23261,159.24241
2026-03-21 12:00:00,159.24087,159.2495,159.23586,159.23807
2026-03-21 16:00:00,159.23882,159.24845,159.22989,159.23625
2026-03-21 20:00:00,159.23721,159.24734,159.22998,159.24121
2026-03-22 00:00:00,159.24017,159.24759,159.23101,159.24019
2026-03-22 04:00:00,159.23699,159.27298,159.23128,159.25669
2026-03-22 08:00:00,159.25336,159.26028,159.07517,159.09307
2026-03-22 12:00:00,159.09217,159.2475,159.0882,159.21559
2026-03-22 16:00:00,159.21648,159.58573,159.04925,159.35902
2026-03-22 20:00:00,159.35824,159.47401,159.09859,159.21302
2026-03-23 00:00:00,159.20691,159.61824,159.04137,159.46527
2026-03-23 04:00:00,159.46331,159.64837,159.353,159.61739
2026-03-23 08:00:00,159.61813,159.64409,158.37331,158.92423
2026-03-23 12:00:00,158.92345,159.02177,158.23195,158.72701
2026-03-23 16:00:00,158.72519,158.83466,158.04248,158.39381
2026-03-23 20:00:00,158.39813,158.50759,158.2799,158.50154
2026-03-24 00:00:00,158.49833,158.74132,158.44848,158.73686
2026-03-24 04:00:00,158.73309,158.78949,158.39303,158.49942
2026-03-24 08:00:00,158.49791,158.81489,158.46094,158.76426
2026-03-24 12:00:00,158.76445,158.95393,158.47579,158.83192
2026-03-24 16:00:00,158.83407,159.17526,158.80977,158.98917
2026-03-24 20:00:00,158.99116,159.03701,158.3977,158.71787
2026-03-25 00:00:00,158.71514,158.83376,158.56972,158.81196
2026-03-25 04:00:00,158.80744,159.14474,158.80014,159.14474
2026-03-25 08:00:00,159.13984,159.17574,158.72863,158.87517
2026-03-25 12:00:00,158.87525,159.24976,158.78566,159.22867
2026-03-25 16:00:00,159.2265,159.50784,159.14695,159.47871
2026-03-25 20:00:00,159.47843,159.49925,159.34167,159.39884
2026-03-26 00:00:00,159.39789,159.54038,159.34245,159.46545
2026-03-26 04:00:00,159.46234,159.51143,159.2904,159.50136
2026-03-26 08:00:00,159.49912,159.66102,159.43699,159.65857
2026-03-26 12:00:00,159.65583,159.70657,159.4375,159.66292
2026-03-26 16:00:00,159.66352,159.84154,159.62461,159.82895
2026-03-26 20:00:00,159.83106,159.88615,159.29525,159.72877
2026-03-27 00:00:00,159.72751,159.75731,159.4577,159.6301
2026-03-27 04:00:00,159.62714,159.97488,159.56282,159.96671
2026-03-27 08:00:00,159.96552,159.97008,159.77011,159.86173
2026-03-27 12:00:00,159.86016,160.14225,159.70916,160.11464
2026-03-27 16:00:00,160.11361,160.39895,160.07416,160.15533
2026-03-27 20:00:00,160.15671,160.34908,160.12232,160.2083
2026-03-28 00:00:00,160.21237,160.32841,160.16339,160.32166
2026-03-28 04:00:00,160.31952,160.32937,160.21005,160.32132
2026-03-28 08:00:00,160.31763,160.34378,160.25217,160.32232
2026-03-28 12:00:00,160.31971,160.334,159.56794,160.12895
2026-03-28 16:00:00,160.12917,160.27934,160.12701,160.27038
2026-03-28 20:00:00,160.2711,160.27615,160.23576,160.25166
2026-03-29 00:00:00,160.25163,160.29719,160.22114,160.26951
2026-03-29 04:00:00,160.26715,160.30696,159.6873,160.20914
2026-03-29 08:00:00,160.20555,160.26523,159.96357,160.0395
2026-03-29 12:00:00,160.0377,160.17311,159.5448,159.58267
2026-03-29 16:00:00,159.58375,160.42009,159.47791,160.22639
2026-03-29 20:00:00,160.23505,160.56062,160.12569,160.25752
2026-03-30 00:00:00,160.25467,160.28694,159.73859,159.79584
2026-03-30 04:00:00,159.79437,159.85473,159.59192,159.77735
2026-03-30 08:00:00,159.7725,159.8083,159.46238,159.52228
2026-03-30 12:00:00,159.52232,159.63341,159.332,159.48092
2026-03-30 16:00:00,159.48178,159.70574,159.41429,159.70574
2026-03-30 20:00:00,159.70568,159.86776,159.65115,159.85487
2026-03-31 00:00:00,159.85065,159.97571,159.60269,159.72647
2026-03-31 04:00:00,159.72305,159.79551,159.50433,159.66831
2026-03-31 08:00:00,159.66849,159.79273,159.38892,159.45138
2026-03-31 12:00:00,159.45188,159.54882,158.91228,159.09545
2026-03-31 16:00:00,159.09563,159.20173,158.69822,158.71263
2026-03-31 20:00:00,158.71143,158.89677,158.54476,158.56868
2026-04-01 00:00:00,158.56165,159.00787,158.46368,158.84209
2026-04-01 04:00:00,158.83565,158.92348,158.28981,158.76606
2026-04-01 08:00:00,158.76517,158.83695,158.35133,158.35375
2026-04-01 12:00:00,158.35146,158.73074,158.32238,158.61305
2026-04-01 16:00:00,158.61438,158.94323,158.45527,158.90565
2026-04-01 20:00:00,158.90262,158.92324,158.5425,158.7081
2026-04-02 00:00:00,158.70314,159.46616,158.58287,159.37939
2026-04-02 04:00:00,159.37826,159.6938,159.30851,159.56596
2026-04-02 08:00:00,159.56219,159.7509,159.5199,159.69412
2026-04-02 12:00:00,159.69363,159.70739,159.24699,159.35155
2026-04-02 16:00:00,159.34999,159.70616,159.31597,159.66839
2026-04-02 20:00:00,159.66917,159.67876,159.48528,159.49353
2026-04-03 00:00:00,159.49087,159.69783,159.42241,159.59227
2026-04-03 04:00:00,159.58875,159.69566,159.53178,159.58173
2026-04-03 08:00:00,159.57834,159.63556,159.54289,159.55944
2026-04-03 12:00:00,159.55966,159.67696,159.48459,159.63839
2026-04-03 16:00:00,159.63938,159.66106,159.61266,159.64147
2026-04-03 20:00:00,159.64107,159.70204,159.50888,159.63875
2026-04-04 00:00:00,159.6363,159.67964,159.63282,159.67641
2026-04-04 04:00:00,159.6728,159.67962,159.56849,159.58401
2026-04-04 08:00:00,159.58275,159.60756,159.56852,159.58448
2026-04-04 12:00:00,159.5848,159.64758,159.58057,159.61175
2026-04-04 17:00:00,159.61275,159.66112,159.56425,159.64177
2026-04-04 21:00:00,159.64088,159.64633,159.56687,159.62141
2026-04-05 01:00:00,159.61825,159.66092,159.61479,159.65736
2026-04-05 05:00:00,159.65397,159.6621,159.65181,159.65617
2026-04-05 09:00:00,159.65474,159.66155,159.59827,159.5996
2026-04-05 13:00:00,159.60044,159.67685,159.51706,159.54883
2026-04-05 17:00:00,159.54966,160.11121,159.21327,159.70628
2026-04-05 21:00:00,159.70247,159.80706,159.51968,159.76174
2026-04-06 01:00:00,159.75963,159.76364,159.53838,159.57951
2026-04-06 05:00:00,159.5765,159.70845,159.32448,159.38695
2026-04-06 09:00:00,159.38607,159.59086,159.37033,159.40826
2026-04-06 13:00:00,159.40917,159.805,159.40697,159.6852
2026-04-06 17:00:00,159.6879,159.79651,159.59979,159.68838
2026-04-06 21:00:00,159.68691,159.837,159.57695,159.82736
2026-04-07 01:00:00,159.82355,159.92841,159.73859,159.74385
2026-04-07 05:00:00,159.74019,159.88359,159.49971,159.49971
2026-04-07 09:00:00,159.49921,159.87515,159.48216,159.77623
2026-04-07 13:00:00,159.77715,160.03641,159.73217,159.90455
2026-04-07 17:00:00,159.90421,159.95188,159.51306,159.62133
2026-04-07 21:00:00,159.61984,159.64843,158.55887,158.67361
2026-04-08 01:00:00,158.66626,158.69362,158.31614,158.36696
2026-04-08 05:00:00,158.36707,158.47681,158.05846,158.37147
2026-04-08 09:00:00,158.37333,158.52975,157.98166,158.00326
2026-04-08 13:00:00,158.00385,158.49457,157.87451,158.43228
2026-04-08 17:00:00,158.42977,158.7816,158.38033,158.58407
2026-04-08 21:00:00,158.58094,158.86001,158.49751,158.85578
2026-04-09 01:00:00,158.85423,158.95465,158.64827,158.73854
2026-04-09 05:00:00,158.73758,159.10617,158.73343,158.99692
2026-04-09 09:00:00,158.99852,159.10446,158.83743,159.014
2026-04-09 13:00:00,159.01371,159.28977,158.64552,158.76043
2026-04-09 17:00:00,158.75926,159.12887,158.68784,159.00167
2026-04-09 21:00:00,158.99896,159.23891,158.95141,159.19596
2026-04-10 01:00:00,159.18999,159.23157,159.02496,159.1908
2026-04-10 05:00:00,159.18834,159.36528,159.18705,159.321
2026-04-10 09:00:00,159.32121,159.34418,158.97622,159.16632
2026-04-10 13:00:00,159.16874,159.34861,159.05049,159.27434
2026-04-10 17:00:00,159.27427,159.33813,159.24523,159.30185
2026-04-10 21:00:00,159.29938,159.30328,159.18869,159.19653
2026-04-11 01:00:00,159.19308,159.3014,159.18126,159.19629
2026-04-11 05:00:00,159.19152,159.24845,159.18754,159.19197
2026-04-11 09:00:00,159.19258,159.24991,159.18612,159.23984
2026-04-11 13:00:00,159.24093,159.2744,159.22578,159.24716
2026-04-11 17:00:00,159.2465,159.26422,159.21443,159.25309
2026-04-11 21:00:00,159.25013,159.2726,159.21759,159.26929
2026-04-12 01:00:00,159.26582,159.27276,159.23742,159.25086
2026-04-12 05:00:00,159.24922,159.26544,159.22631,159.25359
2026-04-12 09:00:00,159.25422,159.26531,159.19872,159.19875
2026-04-12 13:00:00,159.19974,159.30261,159.13881,159.20292
2026-04-12 17:00:00,159.20196,159.77498,158.80777,159.57218
2026-04-12 21:00:00,159.56978,159.84973,159.52436,159.73064
2026-04-13 01:00:00,159.72947,159.78516,159.6502,159.73051
2026-04-13 05:00:00,159.72724,159.75476,159.57033,159.71719
2026-04-13 09:00:00,159.71722,159.85746,159.6679,159.7376
2026-04-13 13:00:00,159.74028,159.79623,159.47285,159.51515
2026-04-13 17:00:00,159.51578,159.5272,159.30192,159.45216
2026-04-13 21:00:00,159.44894,159.46702,159.15208,159.17955
2026-04-14 01:00:00,159.17472,159.26527,159.02021,159.03189
2026-04-14 05:00:00,159.03092,159.28357,158.95533,159.07943
2026-04-14 09:00:00,159.0796,159.08857,158.69456,158.72366
2026-04-14 13:00:00,158.72291,158.93267,158.61529,158.83314
2026-04-14 17:00:00,158.83127,158.91191,158.69482,158.81164
2026-04-14 21:00:00,158.81055,158.89618,158.76604,158.80832
2026-04-15 01:00:00,158.79824,159.06449,158.79824,158.99085
2026-04-15 05:00:00,158.99042,159.02355,158.66119,158.78032
2026-04-15 09:00:00,158.77918,159.15384,158.7247,159.10583
2026-04-15 13:00:00,159.10785,159.12193,158.72334,158.8937
2026-04-15 17:00:00,158.89139,159.11634,158.88827,158.98396
2026-04-15 21:00:00,158.9796,159.01874,158.72169,158.74377
2026-04-16 01:00:00,158.74216,158.82804,158.24595,158.71447
2026-04-16 05:00:00,158.71483,159.05347,158.69806,158.98083
2026-04-16 09:00:00,158.9841,159.14637,158.89059,159.10451
2026-04-16 13:00:00,159.10624,159.32576,158.99027,159.1959
2026-04-16 17:00:00,159.19347,159.28988,159.10695,159.15489
2026-04-16 21:00:00,159.15039,159.35409,159.02401,159.34005
2026-04-17 01:00:00,159.33336,159.47927,159.30555,159.4707
2026-04-17 05:00:00,159.46886,159.52353,159.14486,159.15262
2026-04-17 09:00:00,159.15248,159.22766,158.44397,158.47993
2026-04-17 13:00:00,158.47546,158.4843,157.62772,158.05827
2026-04-17 17:00:00,158.05227,158.64148,158.02259,158.62356
2026-04-17 21:00:00,158.62299,158.77952,157.9924,158.65841
2026-04-18 01:00:00,158.65667,158.90472,158.35953,158.62479
2026-04-18 05:00:00,158.62944,158.75998,158.61432,158.62435
2026-04-18 09:00:00,158.62534,158.65319,158.61625,158.63138
2026-04-18 13:00:00,158.63042,158.63886,158.46423,158.58469
2026-04-18 17:00:00,158.58148,158.63448,158.43646,158.56643
2026-04-18 21:00:00,158.58659,158.61106,158.31737,158.60544
2026-04-19 01:00:00,158.60418,158.61663,158.57047,158.59797
2026-04-19 05:00:00,158.59883,158.61893,158.57206,158.61118
2026-04-19 09:00:00,158.61207,158.65197,158.61001,158.64475
2026-04-19 13:00:00,158.64363,158.68479,158.5076,158.59195
2026-04-19 17:00:00,158.58865,159.02361,157.89609,158.79069
2026-04-19 21:00:00,158.79025,159.20385,158.75139,158.99595
2026-04-20 01:00:00,158.99177,159.01154,158.78389,158.90171
2026-04-20 05:00:00,158.90253,159.07485,158.73473,158.984
2026-04-20 09:00:00,158.98375,158.99732,158.78873,158.89398
2026-04-20 13:00:00,158.8956,158.9336,158.56339,158.67682
2026-04-20 17:00:00,158.67546,158.91704,158.62942,158.82886
2026-04-20 21:00:00,158.82693,158.98946,158.71324,158.9633
2026-04-21 01:00:00,158.96114,158.99893,158.9223,158.95861
2026-04-21 05:00:00,158.95899,159.21328,158.80817,159.19137
2026-04-21 09:00:00,159.19177,159.25794,159.03233,159.19987
2026-04-21 13:00:00,159.19626,159.50044,159.03191,159.46246
2026-04-21 17:00:00,159.46126,159.64373,159.21129,159.3956
2026-04-21 21:00:00,159.39437,159.46044,159.15153,159.29293
2026-04-22 01:00:00,159.29499,159.40389,159.23718,159.34913
2026-04-22 05:00:00,159.34925,159.36759,159.11969,159.36049
2026-04-22 09:00:00,159.36071,159.3653,159.18974,159.35493
2026-04-22 13:00:00,159.35546,159.52317,159.1363,159.51174
2026-04-22 17:00:00,159.50989,159.58194,159.41598,159.47784
2026-04-22 21:00:00,159.47465,159.66577,159.30214,159.3321
2026-04-23 01:00:00,159.33125,159.58078,159.31503,159.54909
2026-04-23 05:00:00,159.54883,159.70239,159.52912,159.69383
2026-04-23 09:00:00,159.6952,159.78465,159.44819,159.52229
2026-04-23 13:00:00,159.52093,159.61552,159.32294,159.47352
2026-04-23 17:00:00,159.47091,159.84777,159.45769,159.74873
2026-04-23 21:00:00,159.74743,159.81065,159.61482,159.79466
2026-04-24 01:00:00,159.79102,159.84609,159.7326,159.77834
2026-04-24 05:00:00,159.77758,159.81821,159.61163,159.72765
2026-04-24 09:00:00,159.72733,159.77007,159.35607,159.54504
2026-04-24 13:00:00,159.54533,159.66312,159.32904,159.35306
2026-04-24 17:00:00,159.35024,159.48166,159.33891,159.3729
2026-04-24 21:00:00,159.36632,159.56306,159.25889,159.34344
2026-04-25 01:00:00,159.33368,159.47427,159.33158,159.34992
2026-04-25 05:00:00,159.35147,159.42761,159.34423,159.34891
2026-04-25 09:00:00,159.35057,159.36395,159.34787,159.35918
2026-04-25 13:00:00,159.3586,159.38405,159.35498,159.36172
2026-04-25 17:00:00,159.35881,159.41779,159.3529,159.37383
2026-04-25 21:00:00,159.37033,159.42144,159.35658,159.36938
2026-04-26 01:00:00,159.36765,159.37421,159.34264,159.35657
2026-04-26 05:00:00,159.35716,159.37091,159.34254,159.36027
2026-04-26 09:00:00,159.36134,159.40648,158.95503,159.16784
2026-04-26 13:00:00,159.16662,159.35424,158.89383,158.89949
2026-04-26 17:00:00,158.88246,159.72755,158.88246,159.57647
2026-04-26 21:00:00,159.56689,159.6184,159.45211,159.47752
2026-04-27 01:00:00,159.47788,159.49051,159.16525,159.24547
2026-04-27 05:00:00,159.24621,159.50205,159.12145,159.1444
2026-04-27 09:00:00,159.14543,159.27131,159.10308,159.22108
2026-04-27 13:00:00,159.22008,159.39516,159.12649,159.38088
2026-04-27 17:00:00,159.37704,159.45977,159.35775,159.42995
2026-04-27 21:00:00,159.42717,159.47467,159.31456,159.47214
2026-04-28 01:00:00,159.46909,159.56422,158.97791,159.07517
2026-04-28 05:00:00,159.07725,159.68484,159.05312,159.49435
2026-04-28 09:00:00,159.49631,159.79317,159.41965,159.46147
2026-04-28 13:00:00,159.4624,159.74637,159.44515,159.56736
2026-04-28 17:00:00,159.56447,159.68463,159.51808,159.62029
2026-04-28 21:00:00,159.61774,159.63323,159.52506,159.53617
2026-04-29 01:00:00,159.53399,159.65473,159.53298,159.62625
2026-04-29 05:00:00,159.62686,159.7817,159.61546,159.77084
2026-04-29 09:00:00,159.77304,159.97314,159.74821,159.96664
2026-04-29 13:00:00,159.96748,160.31239,159.95429,160.31239
2026-04-29 17:00:00,160.31049,160.46707,160.21492,160.44656
2026-04-29 21:00:00,160.44565,160.4529,160.08296,160.30341
2026-04-30 01:00:00,160.2992,160.60448,160.22748,160.55132
2026-04-30 05:00:00,160.55177,160.7163,159.49569,159.55025
2026-04-30 09:00:00,159.55774,159.62096,155.66172,156.81339
2026-04-30 13:00:00,156.81321,157.08623,156.41863,156.57008
2026-04-30 17:00:00,156.57063,156.68643,156.31606,156.62545
2026-04-30 21:00:00,156.61448,157.29151,156.53061,157.08517
2026-05-01 01:00:00,157.08722,157.3281,157.0666,157.27716
2026-05-01 05:00:00,157.24404,157.60746,155.60039,156.53252
2026-05-01 09:00:00,156.48949,156.76146,156.41535,156.59635
2026-05-01 13:00:00,156.6099,156.92582,156.39736,156.92004
2026-05-01 17:00:00,156.94053,157.10887,156.89139,157.06932
2026-05-01 21:00:00,157.06721,157.16633,156.95158,157.07987
2026-05-02 01:00:00,157.08686,157.11093,156.97131,157.08224
2026-05-02 05:00:00,157.08118,157.12556,156.97444,157.08323
2026-05-02 09:00:00,157.0797,157.11452,157.02223,157.08
2026-05-02 13:00:00,157.02999,157.16408,156.99722,157.09016
2026-05-02 17:00:00,157.08408,157.12713,157.00049,157.07765
2026-05-02 21:00:00,157.02204,157.1394,157.00497,157.08219
2026-05-03 01:00:00,157.08217,157.0892,157.06703,157.08193
2026-05-03 05:00:00,157.07981,157.09174,157.06417,157.08185
2026-05-03 09:00:00,157.07831,157.30408,156.76032,156.76185
2026-05-03 13:00:00,156.76032,157.22226,156.68808,157.07969
2026-05-03 17:00:00,157.07993,157.18416,156.62196,156.87838
2026-05-03 21:00:00,156.89551,156.99204,156.68562,156.92066
2026-05-04 01:00:00,156.91445,157.69254,155.82019,156.76782
2026-05-04 05:00:00,156.75282,156.98014,156.70313,156.96437
2026-05-04 09:00:00,156.96549,157.20167,156.9337,157.12661
2026-05-04 13:00:00,157.16527,157.30625,156.91779,157.28761
2026-05-04 17:00:00,157.28106,157.28863,156.86702,157.25649
2026-05-04 21:00:00,157.25077,157.27024,157.15068,157.21665
2026-05-05 01:00:00,157.22152,157.30491,157.19902,157.30262
2026-05-05 05:00:00,157.29436,157.30697,157.13534,157.28161
2026-05-05 09:00:00,157.5045,157.84005,157.10483,157.78427
2026-05-05 13:00:00,157.78109,157.81072,157.62047,157.79874
2026-05-05 17:00:00,157.79282,157.92168,157.77908,157.88797
2026-05-05 21:00:00,157.8909,157.93649,157.56549,157.5871
2026-05-06 01:00:00,157.59292,157.90551,155.08038,155.70078
2026-05-06 05:00:00,155.6155,156.55423,155.27303,156.03293
2026-05-06 09:00:00,156.02722,156.27355,155.62756,156.26497
2026-05-06 13:00:00,156.25033,156.49083,156.06993,156.42055
2026-05-06 17:00:00,156.41616,156.51927,156.3078,156.38812
2026-05-06 21:00:00,156.38824,156.52555,156.21181,156.34242
2026-05-07 01:00:00,156.33928,156.4403,156.04493,156.38111
2026-05-07 05:00:00,156.37794,156.40352,156.04746,156.3403
2026-05-07 09:00:00,156.33714,156.47102,156.25278,156.27221
2026-05-07 13:00:00,156.28145,156.64783,156.22897,156.64351
2026-05-07 17:00:00,156.63662,156.94958,156.61698,156.94741
2026-05-07 21:00:00,156.94679,156.9877,156.77893,156.97571
2026-05-08 01:00:00,156.96286,156.97201,156.78417,156.86054
2026-05-08 05:00:00,156.86807,156.88607,156.65099,156.72662
2026-05-08 09:00:00,156.722,156.78853,156.55947,156.60778
2026-05-08 13:00:00,156.58184,156.7066,156.45615,156.67914
2026-05-08 17:00:00,156.68316,156.79601,156.59348,156.69034
2026-05-08 21:00:00,156.6931,156.70422,156.63319,156.68154
2026-05-09 01:00:00,156.68,156.71595,156.66766,156.68289
2026-05-09 05:00:00,156.68001,156.70715,156.66435,156.68322
2026-05-09 09:00:00,156.6798,156.69631,156.65725,156.68943
2026-05-09 13:00:00,156.68064,156.75458,156.64933,156.67932
2026-05-09 17:00:00,156.67992,156.69666,156.66755,156.67892
2026-05-09 21:00:00,156.67996,156.69593,156.66345,156.68121
2026-05-10 01:00:00,156.67985,156.69193,156.66315,156.683
2026-05-10 05:00:00,156.67999,156.68844,156.66321,156.68214
2026-05-10 09:00:00,156.67878,156.68609,156.65461,156.65917
2026-05-10 13:00:00,156.65651,156.69357,156.65418,156.68013
2026-05-10 17:00:00,156.68084,156.85968,156.47235,156.61929
2026-05-10 21:00:00,156.59976,157.03825,156.44527,156.95867
2026-05-11 01:00:00,156.96112,157.17632,156.92772,157.13713
2026-05-11 05:00:00,157.13445,157.15656,156.95807,157.09093
2026-05-11 09:00:00,157.08636,157.1611,157.074,157.13355
2026-05-11 13:00:00,157.12969,157.16572,156.99787,157.16238
2026-05-11 17:00:00,157.15658,157.27449,157.09508,157.22577
2026-05-11 21:00:00,157.22704,157.41736,157.12547,157.38548
2026-05-12 01:00:00,157.39456,157.64351,157.38907,157.57964
2026-05-12 05:00:00,157.57806,157.76464,157.1174,157.61111
2026-05-12 09:00:00,157.61732,157.65608,157.50778,157.55022
2026-05-12 13:00:00,157.54392,157.76515,157.51596,157.76354
2026-05-12 17:00:00,157.75943,157.76195,157.52693,157.61982
2026-05-12 21:00:00,157.61545,157.76094,157.57002,157.73552
2026-05-13 01:00:00,157.74145,157.77861,157.56987,157.72255
2026-05-13 05:00:00,157.72106,157.83671,157.68742,157.81693
2026-05-13 09:00:00,157.8137,157.89892,157.74892,157.86142
2026-05-13 13:00:00,157.85846,157.88034,157.75897,157.85952
2026-05-13 17:00:00,157.85515,157.92931,157.83751,157.88909
2026-05-13 21:00:00,157.88999,157.91128,157.7473,157.85083
2026-05-14 01:00:00,157.84811,158.00083,157.76157,157.8638
2026-05-14 05:00:00,157.86346,157.95138,157.80485,157.89743
2026-05-14 09:00:00,157.89461,157.9777,157.8802,157.97462
2026-05-14 13:00:00,157.97114,158.3338,157.60812,158.18146
2026-05-14 17:00:00,158.18014,158.42548,158.1436,158.40024
2026-05-14 21:00:00,158.40183,158.50539,158.31256,158.46702
2026-05-15 01:00:00,158.46727,158.57601,158.43028,158.52033
2026-05-15 05:00:00,158.51825,158.66514,158.35952,158.56814
2026-05-15 09:00:00,158.56187,158.60266,158.33586,158.57473
2026-05-15 13:00:00,158.57127,158.7481,158.54844,158.70309
2026-05-15 17:00:00,158.70028,158.84713,158.65631,158.77675
2026-05-15 21:00:00,158.77636,158.78011,158.65631,158.76386
2026-05-16 01:00:00,158.765,158.809,158.6986,158.76467
2026-05-16 05:00:00,158.76502,158.78495,158.69618,158.76702
2026-05-16 09:00:00,158.765,158.77998,158.74257,158.7551
2026-05-16 13:00:00,158.75289,158.81028,158.67217,158.76775
2026-05-16 17:00:00,158.76509,158.80347,158.63356,158.71026
2026-05-16 21:00:00,158.70652,158.79656,158.63324,158.76183
2026-05-17 01:00:00,158.76301,158.77956,158.72768,158.76684
2026-05-17 05:00:00,158.76426,158.80127,158.72871,158.74733
2026-05-17 09:00:00,158.74508,158.8058,158.62753,158.63347
2026-05-17 13:00:00,158.62991,158.86306,158.6096,158.76743
2026-05-17 17:00:00,158.76493,158.81155,158.51892,158.68471
2026-05-17 21:00:00,158.68791,158.95093,158.5656,158.93847
2026-05-18 01:00:00,158.93928,159.06798,158.87739,158.98439
2026-05-18 05:00:00,158.9767,159.00325,158.79597,158.82813
2026-05-18 09:00:00,158.82497,158.97513,158.6303,158.71289
2026-05-18 13:00:00,158.70857,158.94628,158.66339,158.92457
2026-05-18 17:00:00,158.92449,159.12201,158.79136,158.85335
2026-05-18 21:00:00,158.85515,159.01459,158.75689,159.00429
2026-05-19 01:00:00,159.00434,159.02975,158.89975,159.00017
2026-05-19 05:00:00,158.99658,159.14759,158.96222,159.1385
2026-05-19 09:00:00,159.13214,159.17946,158.82527,159.0461
2026-05-19 13:00:00,159.03195,159.24221,158.78877,158.81564
2026-05-19 17:00:00,158.81568,159.10011,158.7855,159.08635
2026-05-19 21:00:00,159.08527,159.10707,158.96838,159.01709
2026-05-20 01:00:00,159.01837,159.09298,158.84045,158.97794
2026-05-20 05:00:00,158.98136,159.10933,158.8778,159.05868
2026-05-20 09:00:00,159.05576,159.0807,158.9728,159.01202
2026-05-20 13:00:00,159.01136,159.17332,158.58506,158.85812
2026-05-20 17:00:00,158.85095,158.96085,158.79687,158.93592
2026-05-20 21:00:00,158.93237,158.93441,158.8268,158.86963
2026-05-21 01:00:00,158.87023,159.00208,158.82895,159.00081
2026-05-21 05:00:00,158.9989,159.0894,158.91711,158.98791
2026-05-21 09:00:00,158.98541,159.18702,158.92473,159.16079
2026-05-21 13:00:00,159.15598,159.3454,159.12924,159.15809
2026-05-21 17:00:00,159.15595,159.18344,158.82485,158.99722
2026-05-21 21:00:00,158.99769,159.12089,158.9086,159.07505
2026-05-22 01:00:00,159.08105,159.1251,159.00964,159.0742
2026-05-22 05:00:00,159.07052,159.14727,159.05812,159.09351
2026-05-22 09:00:00,159.09135,159.16232,159.08226,159.11233
2026-05-22 13:00:00,159.10759,159.23742,159.00778,159.18918
2026-05-22 17:00:00,159.18678,159.21602,159.06162,159.20212
2026-05-22 21:00:00,159.20363,159.21713,159.13494,159.2088
2026-05-23 01:00:00,159.20999,159.21721,159.18476,159.20988
2026-05-23 05:00:00,159.21,159.22009,159.18829,159.21228
2026-05-23 09:00:00,159.20999,159.21716,159.19983,159.21276
2026-05-23 13:00:00,159.20917,159.21734,159.19525,159.21241
2026-05-23 17:00:00,159.20999,159.22028,159.1993,159.2087
2026-05-23 21:00:00,159.2087,159.2201,159.19795,159.20793
2026-05-24 01:00:00,159.20912,159.21716,159.19798,159.21199
2026-05-24 05:00:00,159.20979,159.21748,159.1998,159.21236
2026-05-24 09:00:00,159.20989,159.21662,159.19738,159.20367
2026-05-24 13:00:00,159.20009,159.23569,159.1737,159.20328
2026-05-24 17:00:00,159.20105,159.46915,158.71121,158.94744
2026-05-24 21:00:00,158.92922,159.00939,158.79468,158.91619
2026-05-25 01:00:00,158.90488,158.93739,158.7515,158.86524
2026-05-25 05:00:00,158.86236,159.04201,158.84629,158.93197
2026-05-25 09:00:00,158.92743,158.96387,158.8802,158.90935
2026-05-25 13:00:00,158.90577,158.94804,158.88491,158.90631
2026-05-25 17:00:00,158.90498,158.94644,158.88509,158.93242
2026-05-25 21:00:00,158.92832,158.99699,158.86608,158.96799
2026-05-26 01:00:00,158.97027,159.00697,158.91542,159.00384
2026-05-26 05:00:00,158.99737,159.24324,158.97792,159.21739
2026-05-26 09:00:00,159.21442,159.22667,159.11687,159.22458
2026-05-26 13:00:00,159.22016,159.37679,159.2171,159.31091
2026-05-26 17:00:00,159.31213,159.38223,159.28548,159.31182
2026-05-26 21:00:00,159.30989,159.32364,159.17856,159.27024
2026-05-27 01:00:00,159.27368,159.30714,159.19178,159.24779
2026-05-27 05:00:00,159.24382,159.44657,159.24382,159.39373
2026-05-27 09:00:00,159.39406,159.45405,159.27413,159.40333
2026-05-27 13:00:00,159.39605,159.53563,159.37161,159.50803
2026-05-27 17:00:00,159.5062,159.58495,159.49763,159.52655
2026-05-27 21:00:00,159.52548,159.60454,159.4514,159.57017
2026-05-28 01:00:00,159.57278,159.65575,159.53097,159.5829
2026-05-28 05:00:00,159.58371,159.58559,159.44337,159.4729
2026-05-28 09:00:00,159.46962,159.47739,159.32423,159.3636
2026-05-28 13:00:00,159.35051,159.49419,159.14464,159.17185
2026-05-28 17:00:00,159.16846,159.2902,159.1626,159.24842
2026-05-28 21:00:00,159.24988,159.32681,159.18267,159.30866
2026-05-29 01:00:00,159.30886,159.38362,159.26064,159.30696
2026-05-29 05:00:00,159.30756,159.33425,159.20425,159.30953
2026-05-29 09:00:00,159.30554,159.32346,159.241,159.27442
2026-05-29 13:00:00,159.27141,159.36233,159.10164,159.21362
2026-05-29 17:00:00,159.21237,159.30339,159.19152,159.25836
2026-05-29 21:00:00,159.26462,159.3079,159.25641,159.28407
2026-05-30 01:00:00,159.28505,159.29706,159.2792,159.28626
2026-05-30 05:00:00,159.28506,159.29764,159.27899,159.28821
2026-05-30 09:00:00,159.28504,159.29654,159.27928,159.29224
2026-05-30 13:00:00,159.28916,159.29601,159.27307,159.28782
2026-05-30 17:00:00,159.28501,159.29623,159.27307,159.28482
2026-05-30 21:00:00,159.28561,159.29688,159.27312,159.2841
2026-05-31 01:00:00,159.285,159.29514,159.28134,159.2866
2026-05-31 05:00:00,159.28542,159.29598,159.27976,159.28827
2026-05-31 09:00:00,159.285,159.32705,159.27996,159.28824
2026-05-31 13:00:00,159.285,159.33433,159.2568,159.28802
2026-05-31 17:00:00,159.28503,159.46132,159.24928,159.34671
2026-05-31 21:00:00,159.3415,159.46879,159.31992,159.46319
2026-06-01 01:00:00,159.46073,159.50153,159.44825,159.4699
2026-06-01 05:00:00,159.46889,159.50408,159.42316,159.46761
2026-06-01 09:00:00,159.46227,159.49658,159.44289,159.49389
2026-06-01 13:00:00,159.49099,159.75138,159.48592,159.6093
2026-06-01 17:00:00,159.60653,159.75893,159.58997,159.67768
2026-06-01 21:00:00,159.67565,159.72947,159.60003,159.6819
2026-06-02 01:00:00,159.68455,159.7314,159.64708,159.72276
2026-06-02 05:00:00,159.71949,159.75107,159.65427,159.74681
2026-06-02 09:00:00,159.74384,159.79184,159.70819,159.78974
2026-06-02 13:00:00,159.78622,159.95136,159.77095,159.91992
2026-06-02 17:00:00,159.91826,159.99437,159.8905,159.93617
2026-06-02 21:00:00,159.93628,160.00159,159.88041,159.93857
2026-06-03 01:00:00,159.94098,159.94692,159.81908,159.89156
2026-06-03 05:00:00,159.89192,159.99733,159.39599,159.76081
2026-06-03 09:00:00,159.75825,159.93148,159.68526,159.92591
2026-06-03 13:00:00,159.92303,160.05293,159.90349,159.99932
2026-06-03 17:00:00,159.9974,160.09706,159.95563,160.09467
2026-06-03 21:00:00,160.09094,160.09704,159.85638,159.9303
2026-06-04 01:00:00,159.92812,159.99621,159.78587,159.87412
2026-06-04 05:00:00,159.8701,159.93964,159.8305,159.88065
2026-06-04 09:00:00,159.87753,159.89773,159.75555,159.86011
2026-06-04 13:00:00,159.8526,160.0282,159.8526,159.96705
2026-06-04 17:00:00,159.96413,160.04653,159.95897,160.02686
2026-06-04 21:00:00,160.02733,160.06166,159.94059,159.96839
2026-06-05 01:00:00,159.96561,159.99526,159.90308,159.9572
2026-06-05 05:00:00,159.95764,159.97422,159.9155,159.95182
2026-06-05 09:00:00,159.94895,160.19963,159.83782,160.19607
2026-06-05 13:00:00,160.1827,160.34647,159.83251,160.2713
2026-06-05 17:00:00,160.27616,160.34415,160.10206,160.32998
2026-06-05 21:00:00,160.32301,160.33796,160.20901,160.32878
2026-06-06 01:00:00,160.32998,160.37149,160.24156,160.32991
2026-06-06 05:00:00,160.33,160.61992,160.24002,160.33234
2026-06-06 09:00:00,160.32999,160.4877,160.20288,160.3239
2026-06-06 13:00:00,160.32407,160.39072,160.24814,160.33155
2026-06-06 17:00:00,160.32911,160.33981,160.24792,160.33319
2026-06-06 21:00:00,160.3291,160.35325,160.24754,160.32779
2026-06-07 01:00:00,160.33053,160.34329,160.32065,160.33191
2026-06-07 05:00:00,160.32978,160.3412,160.32512,160.33252
2026-06-07 09:00:00,160.33,160.78891,159.58652,160.3336
2026-06-07 13:00:00,160.33,161.00122,159.41905,160.33161
2026-06-07 17:00:00,160.32936,160.59007,159.58218,160.24402
2026-06-07 21:00:00,160.23747,160.37076,160.20366,160.32263
2026-06-08 01:00:00,160.32438,160.39791,160.27702,160.3478
2026-06-08 05:00:00,160.34874,160.3528,159.95336,160.03857
2026-06-08 09:00:00,160.02677,160.08116,159.91543,159.96891
2026-06-08 13:00:00,159.96611,160.19373,159.94249,160.15884
2026-06-08 17:00:00,160.15199,160.25712,160.1309,160.17861
2026-06-08 21:00:00,160.17897,160.27023,160.11811,160.24813
2026-06-09 01:00:00,160.24928,160.26438,160.184,160.1907
2026-06-09 05:00:00,160.19098,160.22255,160.04099,160.17843
2026-06-09 09:00:00,160.17492,160.21252,160.14596,160.19968
2026-06-09 13:00:00,160.19621,160.4525,160.16634,160.40702
2026-06-09 17:00:00,160.4081,160.42433,160.29382,160.3675
2026-06-09 21:00:00,160.36908,160.43379,160.33963,160.37429
2026-06-10 01:00:00,160.38093,160.40887,160.25724,160.37125
2026-06-10 05:00:00,160.36955,160.42673,160.32965,160.4248
2026-06-10 09:00:00,160.41853,160.52946,160.35063,160.42878
2026-06-10 13:00:00,160.42136,160.52757,160.33634,160.48913
2026-06-10 17:00:00,160.48747,160.58471,160.45836,160.56903
2026-06-10 21:00:00,160.57197,160.57197,160.4854,160.51786
2026-06-11 01:00:00,160.52169,160.5448,160.43443,160.51037
2026-06-11 05:00:00,160.50715,160.59022,160.49464,160.53541
2026-06-11 09:00:00,160.53257,160.59951,160.51544,160.54403
2026-06-11 13:00:00,160.54099,160.56498,160.46766,160.54107
2026-06-11 17:00:00,160.53828,160.54901,159.61629,159.97194
2026-06-11 21:00:00,159.96491,160.22312,159.90666,160.17805
2026-06-12 01:00:00,160.17339,160.30385,160.15117,160.25946
2026-06-12 05:00:00,160.25673,160.38958,159.98256,160.10108
2026-06-12 09:00:00,160.09974,160.30192,159.9801,160.25752
2026-06-12 13:00:00,160.26462,160.33992,160.18508,160.23751
2026-06-12 17:00:00,160.23561,160.24539,160.18075,160.21923
2026-06-12 21:00:00,160.22267,160.25034,160.17959,160.22079
2026-06-13 01:00:00,160.22153,160.238,160.21157,160.22221
2026-06-13 05:00:00,160.22074,160.2426,160.21439,160.22491
2026-06-13 09:00:00,160.22149,160.23718,160.21365,160.22582
2026-06-13 13:00:00,160.22279,160.23347,160.21629,160.22491
2026-06-13 17:00:00,160.22171,160.23306,160.21772,160.22124
2026-06-13 21:00:00,160.22229,160.40348,160.21538,160.32089
2026-06-14 01:00:00,160.32167,160.33963,160.21799,160.22321
2026-06-14 05:00:00,160.22155,160.23397,160.21912,160.22521
2026-06-14 09:00:00,160.22173,160.63581,159.67616,159.9906
2026-06-14 13:00:00,159.98806,160.49042,159.45215,160.22471
2026-06-14 17:00:00,160.22126,160.35431,159.67405,160.29854
2026-06-14 21:00:00,160.24642,160.25933,159.75319,160.11634
2026-06-15 01:00:00,160.11752,160.23054,160.01869,160.04916
2026-06-15 05:00:00,160.04643,160.16859,159.99054,160.14548
2026-06-15 09:00:00,160.14253,160.20432,160.09295,160.14232
2026-06-15 13:00:00,160.13864,160.24701,160.03135,160.22082
2026-06-15 17:00:00,160.22263,160.39618,160.21652,160.35588
2026-06-15 21:00:00,160.35774,160.37768,160.16147,160.21435
2026-06-16 01:00:00,160.21096,160.34931,160.0648,160.2696
2026-06-16 05:00:00,160.26645,160.35616,160.16695,160.32401
2026-06-16 09:00:00,160.31594,160.38098,160.28337,160.32846
2026-06-16 13:00:00,160.32879,160.46625,160.32709,160.40104
2026-06-16 17:00:00,160.39648,160.48942,160.39628,160.47411
2026-06-16 21:00:00,160.47372,160.4876,160.34961,160.36243
2026-06-17 01:00:00,160.36295,160.37774,160.26412,160.27101
2026-06-17 05:00:00,160.26881,160.33511,160.12285,160.21872
2026-06-17 09:00:00,160.21536,160.33467,160.16828,160.26142
2026-06-17 13:00:00,160.25935,160.33927,160.19346,160.2137
2026-06-17 17:00:00,160.21095,160.79635,160.15446,160.65742
2026-06-17 21:00:00,160.66112,160.74139,160.53657,160.69292
2026-06-18 01:00:00,160.69731,160.70117,160.56061,160.59789
2026-06-18 05:00:00,160.59578,160.76251,160.58448,160.75879
2026-06-18 09:00:00,160.74581,160.9588,160.55546,160.88451
2026-06-18 13:00:00,160.88122,161.45125,160.80745,161.43087
2026-06-18 17:00:00,161.43826,161.81296,161.29985,161.40745
2026-06-18 21:00:00,161.40205,161.44079,161.04079,161.05163
2026-06-19 01:00:00,161.06598,161.41351,161.00302,161.3804
2026-06-19 05:00:00,161.37586,161.45796,161.2447,161.30059
2026-06-19 09:00:00,161.29805,161.33689,161.17403,161.17705
2026-06-19 13:00:00,161.17972,161.34519,161.14283,161.33677
2026-06-19 17:00:00,161.33471,161.34007,161.2247,161.31364
2026-06-19 21:00:00,161.30908,161.32564,161.28524,161.28783
2026-06-20 01:00:00,161.28902,161.3013,161.28351,161.28838
2026-06-20 05:00:00,161.28846,161.30343,161.28549,161.29173
2026-06-20 09:00:00,161.28901,161.30392,161.28203,161.29615
2026-06-20 13:00:00,161.29255,161.3921,161.28352,161.29113
2026-06-20 17:00:00,161.28895,161.3092,161.28638,161.29952
2026-06-20 21:00:00,161.29988,161.30415,161.28645,161.29424
2026-06-21 01:00:00,161.2954,161.30905,161.27944,161.29323
2026-06-21 05:00:00,161.2915,161.30409,161.28156,161.29187
2026-06-21 09:00:00,161.289,161.31356,161.2531,161.29256
2026-06-21 13:00:00,161.289,161.32775,161.24358,161.25866
2026-06-21 17:00:00,161.25623,161.58909,161.08392,161.26628
2026-06-21 21:00:00,161.25598,161.56454,161.2332,161.51308
2026-06-22 01:00:00,161.51523,161.69404,161.44515,161.67124
2026-06-22 05:00:00,161.6726,161.79122,161.61965,161.78773
2026-06-22 09:00:00,161.78516,161.79222,161.6464,161.77222
2026-06-22 13:00:00,161.76715,162.00732,161.07385,161.55788
2026-06-22 17:00:00,161.55541,161.68995,161.38006,161.61051
2026-06-22 21:00:00,161.61113,161.63607,161.49958,161.5991
2026-06-23 01:00:00,161.60036,161.61771,161.5347,161.61625
2026-06-23 05:00:00,161.61351,161.73966,161.32181,161.44317
2026-06-23 09:00:00,161.44031,161.62029,161.34143,161.5624
2026-06-23 13:00:00,161.55796,161.60238,161.47259,161.60181
2026-06-23 17:00:00,161.5984,161.62504,161.51344,161.58459
2026-06-23 21:00:00,161.58135,161.63286,161.49775,161.62924
2026-06-24 01:00:00,161.62481,161.63454,161.53525,161.55923
2026-06-24 05:00:00,161.55707,161.75426,161.54113,161.74533
2026-06-24 09:00:00,161.74465,161.79235,161.63061,161.74775
2026-06-24 13:00:00,161.74341,161.81367,161.69008,161.76066
2026-06-24 17:00:00,161.75768,161.84583,161.74744,161.81499
2026-06-24 21:00:00,161.8119,161.81743,161.70425,161.73703
2026-06-25 01:00:00,161.73705,161.77862,161.58859,161.76478
2026-06-25 05:00:00,161.76633,161.90166,161.73532,161.82106
2026-06-25 09:00:00,161.82986,161.9891,161.78372,161.85075
2026-06-25 13:00:00,161.84576,161.85555,161.60219,161.76193
2026-06-25 17:00:00,161.75867,161.84386,161.73317,161.80653
2026-06-25 21:00:00,161.80706,161.84111,161.70344,161.82384
2026-06-26 01:00:00,161.82625,161.85427,161.57391,161.62677
2026-06-26 05:00:00,161.62969,161.74857,161.53792,161.60286
2026-06-26 09:00:00,161.60015,161.70554,161.54041,161.66346
2026-06-26 13:00:00,161.67365,161.77005,161.58712,161.76338
2026-06-26 17:00:00,161.76006,161.78675,161.70659,161.75395
2026-06-26 21:00:00,161.75381,161.76488,161.6835,161.74986
2026-06-27 01:00:00,161.75101,161.76492,161.72203,161.75269
2026-06-27 05:00:00,161.75102,161.76968,161.70867,161.75395
2026-06-27 09:00:00,161.75103,161.75857,161.74668,161.7552
2026-06-27 13:00:00,161.7517,161.77028,161.73858,161.75343
2026-06-27 17:00:00,161.751,161.77044,161.74381,161.75055
2026-06-27 21:00:00,161.7511,161.77846,161.7457,161.7499
2026-06-28 01:00:00,161.751,161.7615,161.74723,161.75264
2026-06-28 05:00:00,161.75116,161.76292,161.7472,161.75529
2026-06-28 09:00:00,161.75224,161.76017,161.7456,161.75048
2026-06-28 13:00:00,161.747,161.78664,161.70313,161.75361
2026-06-28 17:00:00,161.751,162.09366,161.56258,161.75157
2026-06-28 21:00:00,161.73738,161.81985,161.71748,161.76687
2026-06-29 01:00:00,161.76125,161.82002,161.73824,161.81741
2026-06-29 05:00:00,161.81555,161.86713,161.7805,161.85782
2026-06-29 09:00:00,161.85459,161.90471,161.82241,161.90065
2026-06-29 13:00:00,161.8971,161.97581,161.86907,161.94622
2026-06-29 17:00:00,161.94322,161.97982,161.91418,161.94455
2026-06-29 21:00:00,161.94729,162.31747,161.84716,162.13033
2026-06-30 01:00:00,162.14073,162.29584,162.06459,162.19896
2026-06-30 05:00:00,162.19646,162.41885,162.12511,162.34735
2026-06-30 09:00:00,162.33925,162.60044,162.24384,162.40419
2026-06-30 13:00:00,162.40053,162.67306,162.3238,162.66061
2026-06-30 17:00:00,162.65774,162.65774,162.55544,162.5857
2026-06-30 21:00:00,162.58723,162.76925,162.53387,162.68762
2026-07-01 01:00:00,162.68498,162.8446,162.60812,162.7092
2026-07-01 05:00:00,162.7143,162.76453,162.6161,162.6666
2026-07-01 09:00:00,162.66149,162.75855,162.66149,162.70408
2026-07-01 13:00:00,162.70431,162.7328,162.30689,162.45655
2026-07-01 17:00:00,162.44718,162.62053,162.43509,162.6076
2026-07-01 21:00:00,162.60795,162.61215,162.48636,162.5711
2026-07-02 01:00:00,162.57202,162.58127,162.37988,162.43321
2026-07-02 05:00:00,162.424,162.44149,160.98168,161.07015
2026-07-02 09:00:00,161.08598,161.63848,160.68874,160.95005
2026-07-02 13:00:00,160.92881,161.12967,160.76525,160.94222
2026-07-02 17:00:00,160.96305,161.17644,160.96305,161.12277
2026-07-02 21:00:00,161.12324,161.49972,161.04114,161.22581
2026-07-03 01:00:00,161.24652,161.27055,160.94481,161.15498
2026-07-03 05:00:00,161.16806,161.18336,160.60117,161.03173
2026-07-03 09:00:00,161.02292,161.16974,160.96683,161.16701
2026-07-03 13:00:00,161.15989,161.40102,161.15989,161.34675
2026-07-03 17:00:00,161.34842,161.41108,161.28008,161.37136
2026-07-03 21:00:00,161.37352,161.50409,161.1917,161.38495
2026-07-04 01:00:00,161.38298,161.44433,161.20534,161.3852
2026-07-04 05:00:00,161.38251,161.48473,161.20245,161.38658
2026-07-04 09:00:00,161.38297,161.44451,161.30035,161.38099
2026-07-04 13:00:00,161.38083,161.44062,161.29938,161.38255
2026-07-04 17:00:00,161.3829,161.39354,161.2991,161.38096
2026-07-04 21:00:00,161.38212,161.39776,161.2995,161.38456
2026-07-05 01:00:00,161.38272,161.3899,161.33579,161.34943
2026-07-05 05:00:00,161.34653,161.37254,161.33228,161.35198
2026-07-05 09:00:00,161.34843,161.73362,160.74303,160.92912
2026-07-05 13:00:00,160.92581,161.47077,160.64436,161.38223
2026-07-05 17:00:00,161.38273,161.57722,160.85304,161.33928
2026-07-05 21:00:00,161.33359,161.62826,161.29918,161.50554
2026-07-06 01:00:00,161.50923,161.94677,161.50923,161.93556
2026-07-06 05:00:00,161.93163,162.30664,161.90305,162.25036
2026-07-06 09:00:00,162.25437,162.42872,162.24066,162.42592
2026-07-06 13:00:00,162.41826,162.41826,162.24313,162.29005
2026-07-06 17:00:00,162.284,162.284,162.02352,162.09849
2026-07-06 21:00:00,162.09629,162.19954,162.00462,162.10972
2026-07-07 01:00:00,162.11714,162.1514,161.69447,161.77366
2026-07-07 05:00:00,161.75175,162.09051,161.75175,161.90302
2026-07-07 09:00:00,161.89838,161.97068,161.76701,161.84495
2026-07-07 13:00:00,161.84578,162.01404,161.81874,161.93497
2026-07-07 17:00:00,161.93596,162.1377,161.86281,162.11907
2026-07-07 21:00:00,162.12009,162.40696,161.99043,162.33912
2026-07-08 01:00:00,162.32733,162.4583,162.28896,162.37711
2026-07-08 05:00:00,162.37865,162.495,162.08712,162.4912
2026-07-08 09:00:00,162.48695,162.55442,162.39946,162.51784
2026-07-08 13:00:00,162.51272,162.71291,162.49377,162.54306
2026-07-08 17:00:00,162.54162,162.64235,162.42541,162.64135
2026-07-08 21:00:00,162.6393,162.65599,162.36486,162.44913
2026-07-09 01:00:00,162.44264,162.57504,162.41114,162.43647
2026-07-09 05:00:00,162.43233,162.44173,162.25252,162.38273
2026-07-09 09:00:00,162.37703,162.50892,162.36748,162.44592
2026-07-09 13:00:00,162.44221,162.45542,162.25668,162.30902
2026-07-09 17:00:00,162.30465,162.41956,162.27519,162.39925
2026-07-09 21:00:00,162.39699,162.43045,161.8984,161.99834
2026-07-10 01:00:00,161.9695,162.09927,161.31232,161.65258
2026-07-10 05:00:00,161.66685,161.78387,161.42552,161.69003
2026-07-10 09:00:00,161.68373,161.92466,161.64697,161.80862
2026-07-10 13:00:00,161.81392,161.8768,161.30183,161.46825
2026-07-10 17:00:00,161.48349,161.76336,161.48349,161.69838
2026-07-10 21:00:00,161.70332,161.82535,161.6008,161.73844
2026-07-11 01:00:00,161.73696,161.76919,161.68843,161.73904
2026-07-11 05:00:00,161.73597,161.74809,161.68715,161.74035
2026-07-11 09:00:00,161.73686,161.74581,161.69748,161.72204
2026-07-11 13:00:00,161.72517,161.76149,161.69732,161.72635
2026-07-11 17:00:00,161.72946,161.84718,161.68182,161.68319
2026-07-11 21:00:00,161.68416,161.79856,161.6818,161.73828
2026-07-12 01:00:00,161.737,161.76287,161.69732,161.73967
2026-07-12 05:00:00,161.73645,161.75454,161.6972,161.74041
2026-07-12 09:00:00,161.737,162.23815,161.62536,161.77887
2026-07-12 13:00:00,161.78854,162.33901,161.6018,161.73639
2026-07-12 17:00:00,161.73719,162.22739,161.46613,161.7181
2026-07-12 21:00:00,161.71571,162.10129,161.66109,162.05703
2026-07-13 01:00:00,162.06427,162.15205,161.96032,161.97539
2026-07-13 05:00:00,161.97659,162.37167,161.91924,162.08899
2026-07-13 09:00:00,162.08569,162.18957,161.98363,162.12864
2026-07-13 13:00:00,162.12706,162.46561,162.08935,162.46218
2026-07-13 17:00:00,162.45774,162.48761,162.35836,162.45909
2026-07-13 21:00:00,162.46078,162.48638,162.29851,162.37056
2026-07-14 01:00:00,162.36445,162.43651,162.23907,162.32341
2026-07-14 05:00:00,162.32118,162.38458,162.17924,162.27914
2026-07-14 09:00:00,162.27361,162.33167,161.64103,161.94982
2026-07-14 13:00:00,161.94444,162.19751,161.84998,162.1224
2026-07-14 17:00:00,162.12448,162.27741,162.10786,162.27224
2026-07-14 21:00:00,162.26797,162.28939,162.08477,162.08751
2026-07-15 01:00:00,162.09213,162.2267,161.96551,162.21492
2026-07-15 05:00:00,162.21208,162.35027,162.12035,162.30298
2026-07-15 09:00:00,162.31,162.42334,162.16311,162.17078
2026-07-15 13:00:00,162.18432,162.27678,162.07725,162.17789
2026-07-15 17:00:00,162.17742,162.27793,161.89685,162.19604
2026-07-15 21:00:00,162.19713,162.22009,162.02679,162.09351
2026-07-16 01:00:00,162.09601,162.16952,162.03657,162.09501
2026-07-16 05:00:00,162.09174,162.18352,162.00506,162.15045
2026-07-16 09:00:00,162.15652,162.3021,162.11841,162.29961
2026-07-16 13:00:00,162.29264,162.54807,162.21434,162.48824
2026-07-16 17:00:00,162.4793,162.51387,162.36691,162.37882
2026-07-16 21:00:00,162.37441,162.4602,162.31654,162.42566
2026-07-17 01:00:00,162.42587,162.47638,162.34089,162.41935
2026-07-17 05:00:00,162.41617,162.44864,162.16633,162.37584
2026-07-17 09:00:00,162.37939,162.45399,162.31297,162.41575
2026-07-17 13:00:00,162.41212,162.52465,162.33446,162.46876
2026-07-17 17:00:00,162.47131,162.49578,162.37305,162.41068
2026-07-17 21:00:00,162.411,162.46649,162.36334,162.41074
2026-07-18 01:00:00,162.40903,162.42706,162.37229,162.4102
2026-07-18 05:00:00,162.40729,162.45545,162.38066,162.41259
2026-07-18 09:00:00,162.40902,162.45795,162.39587,162.41759
2026-07-18 13:00:00,162.41513,162.43455,162.39207,162.40848
2026-07-18 17:00:00,162.40902,162.44628,162.39171,162.42568
2026-07-18 21:00:00,162.4268,162.43404,162.39229,162.41053
2026-07-19 01:00:00,162.409,162.4341,162.39089,162.41269
2026-07-19 05:00:00,162.40968,162.4341,162.40244,162.41304
2026-07-19 09:00:00,162.40952,162.4758,162.40812,162.41223
2026-07-19 13:00:00,162.41228,162.48652,162.36274,162.40836
2026-07-19 17:00:00,162.40903,162.74514,162.33032,162.44271
2026-07-19 21:00:00,162.43392,162.61312,162.33561,162.34707
2026-07-20 01:00:00,162.34291,162.41333,162.31768,162.34521
2026-07-20 05:00:00,162.3422,162.45606,162.32411,162.37301
2026-07-20 09:00:00,162.36981,162.43802,162.26786,162.41171
2026-07-20 13:00:00,162.40861,162.60294,162.3941,162.53814
2026-07-20 17:00:00,162.53824,162.54942,162.41767,162.50821
2026-07-20 21:00:00,162.50647,162.54244,162.45251,162.52762
2026-07-21 01:00:00,162.52316,162.53397,162.45613,162.49862
2026-07-21 05:00:00,162.49566,162.70547,162.4744,162.69206
2026-07-21 09:00:00,162.68868,162.80526,162.65165,162.73871
2026-07-21 13:00:00,162.73688,163.04183,162.73231,163.01281
2026-07-21 17:00:00,163.00837,163.24554,162.97942,163.20868
2026-07-21 21:00:00,163.20844,163.22784,163.03844,163.15233
2026-07-22 01:00:00,163.15766,163.20614,163.08194,163.17793
2026-07-22 05:00:00,163.1737,163.31261,162.83745,162.96586
2026-07-22 09:00:00,162.97347,163.13397,162.95174,163.10297
2026-07-22 13:00:00,163.10642,163.13409,163.0187,163.10684
2026-07-22 17:00:00,163.10064,163.17707,163.10064,163.16135
2026-07-22 21:00:00,163.16343,163.18655,163.06683,163.07458
2026-07-23 01:00:00,163.08634,163.09387,163.00538,163.07855
2026-07-23 05:00:00,163.08217,163.43519,163.07292,163.35531
2026-07-23 09:00:00,163.3626,163.75213,163.2989,163.67799
2026-07-23 13:00:00,163.66941,163.98013,163.66941,163.77465
2026-07-23 17:00:00,163.77241,163.88485,163.72493,163.87039
2026-07-23 21:00:00,163.8666,163.94069,163.7955,163.85523
2026-07-24 01:00:00,163.86441,163.87329,163.72959,163.83019
2026-07-24 05:00:00,163.83265,163.85335,163.6624,163.74568
2026-07-24 09:00:00,163.75459,163.86481,163.68636,163.86312
2026-07-24 13:00:00,163.85987,163.89053,163.65129,163.78019
2026-07-24 17:00:00,163.77642,163.87761,163.77642,163.85393
2026-07-24 21:00:00,163.85468,163.88329,163.80288,163.85289
2026-07-25 01:00:00,163.85393,163.87164,163.83036,163.8553
2026-07-25 05:00:00,163.854,163.86146,163.82433,163.85723
2026-07-25 09:00:00,163.854,163.8632,163.83513,163.85145
2026-07-25 13:00:00,163.848,163.86549,163.80895,163.85681
2026-07-25 17:00:00,163.85395,163.86427,163.787,163.8532
2026-07-25 21:00:00,163.85403,163.8843,163.80889,163.85577
2026-07-26 01:00:00,163.85673,163.86403,163.83848,163.85516
2026-07-26 05:00:00,163.85401,163.86549,163.83789,163.85798
2026-07-26 09:00:00,163.85464,164.08805,163.5269,163.63728
2026-07-26 13:00:00,163.63424,163.99761,163.50063,163.85737
2026-07-26 17:00:00,163.85445,163.94872,163.48807,163.64056
2026-07-26 21:00:00,163.67026,163.73459,163.5278,163.63762
2026-07-27 01:00:00,163.63896,163.65334,163.46107,163.58214
2026-07-27 05:00:00,163.58026,163.61268,163.32908,163.52277
2026-07-27 09:00:00,163.51914,163.70589,163.49783,163.69313
2026-07-27 13:00:00,163.6903,163.76717,163.59513,163.64772
2026-07-27 17:00:00,163.64941,163.7978,163.64941,163.74729
2026-07-27 21:00:00,163.7486,163.83514,163.65696,163.76852
2026-07-28 01:00:00,163.77202,163.79303,163.67996,163.75621
2026-07-28 05:00:00,163.75449,163.85365,163.67269,163.83081
2026-07-28 09:00:00,163.82702,163.95369,163.81369,163.88954
2026-07-28 13:00:00,163.88676,163.88996,163.65255,163.75031
2026-07-28 17:00:00,163.7473,163.88595,163.71953,163.86954
2026-07-28 21:00:00,163.86113,163.88915,163.6863,163.69888
2026-07-29 01:00:00,163.70284,163.78284,163.28612,163.43335
2026-07-29 05:00:00,163.44746,163.69695,163.34466,163.59767
2026-07-29 09:00:00,163.59351,163.81859,163.50542,163.81835
2026-07-29 13:00:00,163.8154,163.91096,163.73076,163.89778
2026-07-29 17:00:00,163.89113,163.90116,163.2246,163.43712
2026-07-29 21:00:00,163.43786,163.51362,163.21507,163.48769
2026-07-30 01:00:00,163.47807,163.556,163.41489,163.51193
2026-07-30 05:00:00,163.50952,163.74131,163.46217,163.66031
2026-07-30 09:00:00,163.65652,163.65941,162.61708,162.94796
2026-07-30 13:00:00,162.93635,162.99952,157.94708,159.61022
2026-07-30 17:00:00,159.62128,160.01557,158.33974,159.54396
2026-07-30 21:00:00,159.57659,160.67171,159.43987,160.50827
2026-07-31 01:00:00,160.48955,160.89204,160.43455,160.67352
2026-07-31 05:00:00,160.67917,160.74025,158.59166,158.64483
2026-07-31 09:00:00,158.74774,160.45267,158.4852,160.35264
2026-07-31 13:00:00,160.36054,160.51318,158.79344,159.34269
2026-07-31 17:00:00,159.33448,159.50774,157.42088,157.46124
2026-07-31 21:00:00,157.51272,158.2862,156.94215,157.655
2026-08-01 01:00:00,157.65532,158.33771,157.2712,157.65754
2026-08-01 05:00:00,157.6555,158.27532,157.53077,157.65902
2026-08-01 09:00:00,157.65549,157.68685,157.51226,157.60887
2026-08-01 13:00:00,157.61812,158.03992,157.5091,157.65905
2026-08-01 17:00:00,157.65538,158.03318,157.48575,157.62017
2026-08-01 21:00:00,157.62134,158.06968,157.32143,157.65723
2026-08-02 01:00:00,157.65485,157.76438,157.47774,157.63244
2026-08-02 05:00:00,157.62702,157.74516,157.51289,157.64756
2026-08-02 09:00:00,157.64402,157.85673,157.43463,157.74662
2026-08-02 13:00:00,157.74399,158.15371,157.32949,157.65562
2026-08-02 17:00:00,157.65562,158.03909,157.02617,157.22446
2026-08-02 21:00:00,157.22112,157.87141,155.25118,156.16913
2026-08-03 01:00:00,156.12187,156.64626,155.46131,156.4713
2026-08-03 05:00:00,156.47615,156.98531,156.36,156.98219
2026-08-03 09:00:00,156.97375,157.12803,156.62267,156.77241
2026-08-03 13:00:00,156.77956,157.04153,156.32609,156.87284
2026-08-03 17:00:00,156.87891,157.20625,156.71349,157.20071
2026-08-03 21:00:00,157.19512,157.65677,157.14772,157.48717
2026-08-04 01:00:00,157.48383,157.74476,157.40133,157.54897
2026-08-04 05:00:00,157.54647,157.83884,157.50811,157.81162
2026-08-04 09:00:00,157.80793,157.96897,157.31527,157.50078
2026-08-04 13:00:00,157.48943,157.63572,157.2254,157.59078
2026-08-04 17:00:00,157.59398,157.83475,157.53573,157.73525
2026-08-04 21:00:00,157.74145,157.81379,157.47374,157.55209
2026-08-05 01:00:00,157.53798,157.70926,157.31747,157.65052
2026-08-05 05:00:00,157.63661,157.8688,157.57576,157.81931
2026-08-05 09:00:00,157.81406,157.86593,157.43783,157.62138
2026-08-05 13:00:00,157.62197,157.7562,157.33173,157.75174
2026-08-05 17:00:00,157.74444,157.81657,157.6288,157.77151
2026-08-05 21:00:00,157.77244,157.78215,157.55979,157.72292
2026-08-06 01:00:00,157.72455,157.75516,157.60372,157.7419
2026-08-06 05:00:00,157.7392,157.9,157.71481,157.8428
2026-08-06 09:00:00,157.83912,157.93951,157.82519,157.9008
2026-08-06 13:00:00,157.90022,158.54377,157.82789,158.52501
2026-08-06 17:00:00,158.52294,158.52294,158.30487,158.47131
2026-08-06 21:00:00,158.4738,158.57867,158.39071,158.52738
2026-08-07 01:00:00,158.52343,158.54275,158.23823,158.38588
2026-08-07 05:00:00,158.38686,158.48347,158.29566,158.39303
2026-08-07 09:00:00,158.38843,158.41744,156.75879,157.37301
2026-08-07 13:00:00,157.35421,157.9725,157.25671,157.46425
2026-08-07 17:00:00,157.45893,157.87852,157.38923,157.79433
2026-08-07 21:00:00,157.79916,157.98248,157.70482,157.82514
2026-08-08 01:00:00,157.82349,157.9628,157.79921,157.82838
2026-08-08 05:00:00,157.82565,157.95753,157.79073,157.82702
2026-08-08 09:00:00,157.82356,157.83111,157.80726,157.82008
2026-08-08 13:00:00,157.82017,157.86561,157.80329,157.82321
2026-08-08 17:00:00,157.82373,157.86766,157.79418,157.8219
2026-08-08 21:00:00,157.82301,157.86052,157.79555,157.82496
2026-08-09 01:00:00,157.8235,157.83957,157.80031,157.82634
2026-08-09 05:00:00,157.82337,157.83318,157.80403,157.82691
2026-08-09 09:00:00,157.8235,157.84359,157.81829,157.82603
2026-08-09 13:00:00,157.8235,157.87033,157.81711,157.8453
2026-08-09 17:00:00,157.84593,157.94834,157.55408,157.7481
2026-08-09 21:00:00,157.74836,157.95619,157.67157,157.9397
2026-08-10 01:00:00,157.9421,158.32831,157.93753,158.31896
2026-08-10 05:00:00,158.29695,158.68877,158.29695,158.68654
2026-08-10 09:00:00,158.68265,158.94728,158.52965,158.94575
2026-08-10 13:00:00,158.94232,159.06215,158.86592,159.04848
2026-08-10 17:00:00,159.04156,159.3653,159.01368,159.31691
2026-08-10 21:00:00,159.31153,159.3192,158.96128,159.14637
2026-08-11 01:00:00,159.1367,159.309,159.07386,159.20654
2026-08-11 05:00:00,159.20928,159.38026,159.16015,159.35821
2026-08-11 09:00:00,159.34466,159.39136,159.07129,159.26963
2026-08-11 13:00:00,159.26571,159.32882,159.17772,159.26911
2026-08-11 17:00:00,159.26425,159.37008,159.25093,159.30255
2026-08-11 21:00:00,159.30271,159.35986,159.20298,159.33874
2026-08-12 01:00:00,159.34113,159.46446,159.29569,159.41851
2026-08-12 05:00:00,159.41451,159.44427,159.30729,159.3282
2026-08-12 09:00:00,159.34612,159.34612,158.76633,158.88032
2026-08-12 13:00:00,158.91599,159.40632,158.73433,159.39207
2026-08-12 17:00:00,159.3932,159.54195,159.36186,159.43154
2026-08-12 21:00:00,159.43219,159.46003,159.25167,159.34366
2026-08-13 01:00:00,159.34054,159.48779,159.19134,159.20066
2026-08-13 05:00:00,159.21751,159.44748,159.21751,159.40775
2026-08-13 09:00:00,159.40318,159.43747,159.18774,159.19377
2026-08-13 13:00:00,159.20256,159.49587,159.03591,159.49355
2026-08-13 17:00:00,159.48638,159.56954,159.4369,159.52336
2026-08-13 21:00:00,159.51949,159.54679,159.36151,159.37603
2026-08-14 01:00:00,159.37841,159.46034,159.3317,159.3599
2026-08-14 05:00:00,159.35806,159.36089,159.07352,159.17421
2026-08-14 09:00:00,159.17117,159.19901,158.63325,158.91857
2026-08-14 13:00:00,158.93008,159.37679,158.8126,159.3693
2026-08-14 17:00:00,159.36928,159.40518,159.31901,159.3206
2026-08-14 21:00:00,159.32164,159.3552,159.23765,159.32459
2026-08-15 01:00:00,159.32827,159.33321,159.28738,159.32187
2026-08-15 05:00:00,159.3205,159.37599,159.26538,159.32357
2026-08-15 09:00:00,159.32049,159.34632,159.2715,159.32122
2026-08-15 13:00:00,159.31764,159.35885,159.23933,159.32304
2026-08-15 17:00:00,159.32037,159.32765,159.2245,159.32258
2026-08-15 21:00:00,159.31783,159.33175,159.23874,159.31953
2026-08-16 01:00:00,159.3205,159.35466,159.26724,159.32294
2026-08-16 05:00:00,159.32302,159.35337,159.27598,159.31931
